<akomaNtoso xmlns:xsi="http://www.w3.org/2001/XMLSchema-instance" xmlns="http://docs.oasis-open.org/legaldocml/ns/akn/3.0" xsi:schemaLocation="http://docs.oasis-open.org/legaldocml/ns/akn/3.0 http://docs.oasis-open.org/legaldocml/akn-core/v1.0/cos01/part2-specs/schemas/akomantoso30.xsd"><act name="NorthernIrelandStatutoryRule"><meta><identification source="#source"><FRBRWork><FRBRthis value="http://www.legislation.gov.uk/id/nisr/1996/17"/><FRBRuri value="http://www.legislation.gov.uk/id/nisr/1996/17"/><FRBRdate date="1996-01-24" name="made"/><FRBRauthor href="http://www.legislation.gov.uk/id/government/northern-ireland"/><FRBRcountry value="GB-NIR"/><FRBRsubtype value="order"/><FRBRnumber value="17"/><FRBRname value="S.R. 1996/17"/><FRBRprescriptive value="true"/></FRBRWork><FRBRExpression><FRBRthis value="http://www.legislation.gov.uk/nisr/1996/17/made"/><FRBRuri value="http://www.legislation.gov.uk/nisr/1996/17/made"/><FRBRdate date="1996-01-24" name="made"/><FRBRauthor href="#source"/><FRBRlanguage language="eng"/></FRBRExpression><FRBRManifestation><FRBRthis value="http://www.legislation.gov.uk/nisr/1996/17/made/data.akn"/><FRBRuri value="http://www.legislation.gov.uk/nisr/1996/17/made/data.akn"/><FRBRdate date="2021-07-26+01:00" name="transform"/><FRBRauthor href="http://www.legislation.gov.uk"/><FRBRformat value="application/akn+xml"/></FRBRManifestation></identification><classification source="#source"><keyword value="consumer protection" showAs="Consumer protection" dictionary="http://www.legislation.gov.uk"/><keyword value="price marking" showAs="Price marking" dictionary="http://www.legislation.gov.uk"/><keyword value="pricing" showAs="Pricing" dictionary="http://www.legislation.gov.uk"/><keyword value="consumer protection" showAs="CONSUMER PROTECTION" dictionary="http://www.legislation.gov.uk"/></classification><lifecycle source="#source"><eventRef date="1996-01-24" type="generation" eId="made-date" source="#source"/><eventRef date="1996-02-21" eId="coming-into-force-date-1" source="#source"/></lifecycle><references source="#source"><TLCOrganization eId="source" href="http://www.legislation.gov.uk/id/publisher/GovernmentPrinterForNorthernIreland" showAs="Government Printer for Northern Ireland"/><TLCRole eId="ref-d4e130" href="/ontology/role/uk.Assistant Secretary" showAs="Assistant Secretary"/><TLCPerson eId="ref-d4e128" href="/ontology/persons/uk.A.L.Brown" showAs="A. L. Brown"/><TLCConcept href="/uk/subject/consumer-protection" showAs="CONSUMER PROTECTION" eId="d4e60"/></references><notes source="#source"><note class="footnote" eId="f00001"><p><ref href="http://www.legislation.gov.uk/id/ukpga/1974/24">1974 c. 24</ref>; section 4 was amended by the Price Commission Act <ref href="http://www.legislation.gov.uk/id/ukpga/1977/33">1977 (c. 33)</ref>, section 16(1) to (3)</p></note><note class="footnote" eId="f00002"><p>By <ref href="http://www.legislation.gov.uk/id/nisi/1982/846">S.I. 1982/846 (N.I. 11)</ref> Art 4</p></note><note class="footnote" eId="f00003"><p><ref href="http://www.legislation.gov.uk/id/ukpga/1974/24">1974 c. 24</ref><em>see</em> sections 2(6) and 4(3)</p></note><note class="footnote" eId="f00004"><p><ref href="http://www.legislation.gov.uk/id/apni/1954/33">1954 c. 33 (N.I.)</ref></p></note><note class="footnote" eId="f00005"><p><ref href="http://www.legislation.gov.uk/id/nisr/1992/59">S.R. 1992 No. 59</ref> as amended by <ref href="http://www.legislation.gov.uk/id/nisr/1995/231">S.R. 1995 No. 231</ref></p></note></notes><proprietary xmlns:ukl="http://www.legislation.gov.uk/namespaces/legislation" xmlns:ukm="http://www.legislation.gov.uk/namespaces/metadata" xmlns:dc="http://purl.org/dc/elements/1.1/" xmlns:dct="http://purl.org/dc/terms/" xmlns:atom="http://www.w3.org/2005/Atom" source="#source"><dc:identifier>http://www.legislation.gov.uk/nisr/1996/17/made</dc:identifier><dc:title>Price Marking (Amendment) Order (Northern Ireland) 1996</dc:title><dc:subject>Consumer protection</dc:subject><dc:subject>Price marking</dc:subject><dc:subject>Pricing</dc:subject><dc:publisher>Government Printer for Northern Ireland</dc:publisher><dc:modified>2018-01-17</dc:modified><dc:subject scheme="SIheading">CONSUMER PROTECTION</dc:subject><dc:description>This Order amends the Price Marking Order (Northern Ireland) 1992 (“the 1992 Order”) which implemented Council Directive 79/581/EEC (O.J. No. L158, 26.6.79, p. 19) (“the 1979 Directive”) as amended by Council Directive 88/315/EEC (O.J. No. L142, 9.6.88, p. 23) and Council Directive 88/314/EEC (O.J. No. L142, 9.6.88, p. 19) (“the 1988 Directive”) on consumer protection in the indication of the prices of foodstuffs and non-food products, respectively.</dc:description><atom:link rel="self" href="http://www.legislation.gov.uk/nisr/1996/17/made/data.xml" type="application/xml"/><atom:link rel="http://www.legislation.gov.uk/def/navigation/resources" href="http://www.legislation.gov.uk/nisr/1996/17/resources" title="More Resources"/><atom:link rel="http://www.legislation.gov.uk/def/navigation/act" href="http://www.legislation.gov.uk/nisr/1996/17/made" title="whole act"/><atom:link rel="http://www.legislation.gov.uk/def/navigation/introduction" href="http://www.legislation.gov.uk/nisr/1996/17/introduction/made" title="introduction"/><atom:link rel="http://www.legislation.gov.uk/def/navigation/signature" href="http://www.legislation.gov.uk/nisr/1996/17/signature/made" title="signature"/><atom:link rel="http://www.legislation.gov.uk/def/navigation/note" href="http://www.legislation.gov.uk/nisr/1996/17/note/made" title="note"/><atom:link rel="http://www.legislation.gov.uk/def/navigation/body" href="http://www.legislation.gov.uk/nisr/1996/17/body/made" title="body"/><atom:link rel="alternate" type="application/rdf+xml" href="http://www.legislation.gov.uk/nisr/1996/17/made/data.rdf" title="RDF/XML"/><atom:link rel="alternate" type="application/akn+xml" href="http://www.legislation.gov.uk/nisr/1996/17/made/data.akn" title="AKN"/><atom:link rel="alternate" type="application/xhtml+xml" href="http://www.legislation.gov.uk/nisr/1996/17/made/data.xht" title="HTML snippet"/><atom:link rel="alternate" type="application/pdf" href="http://www.legislation.gov.uk/nisr/1996/17/made/data.pdf" title="PDF"/><atom:link rel="alternate" type="application/akn+xhtml" href="http://www.legislation.gov.uk/nisr/1996/17/made/data.html" title="HTML5 snippet"/><atom:link rel="http://purl.org/dc/terms/tableOfContents" hreflang="en" href="http://www.legislation.gov.uk/nisr/1996/17/contents/made" title="Table of Contents"/><ukm:SecondaryMetadata><ukm:DocumentClassification><ukm:DocumentCategory Value="secondary"/><ukm:DocumentMainType Value="NorthernIrelandStatutoryRule"/><ukm:DocumentStatus Value="final"/><ukm:DocumentMinorType Value="order"/></ukm:DocumentClassification><ukm:Year Value="1996"/><ukm:Number Value="17"/><ukm:Made Date="1996-01-24"/><ukm:ComingIntoForce><ukm:DateTime Date="1996-02-21"/></ukm:ComingIntoForce><ukm:ISBN Value="0337915172"/></ukm:SecondaryMetadata><ukm:Statistics><ukm:TotalParagraphs Value="2"/><ukm:BodyParagraphs Value="2"/><ukm:ScheduleParagraphs Value="0"/><ukm:AttachmentParagraphs Value="0"/><ukm:TotalImages Value="0"/></ukm:Statistics></proprietary></meta><preface><p class="number"><docNumber>1996 No. 17</docNumber></p><block name="subject"><concept class="title" refersTo="#d4e60">CONSUMER PROTECTION</concept></block><p class="title"><shortTitle>Price Marking (Amendment) Order (Northern Ireland) 1996</shortTitle></p><p class="MadeDate"><span>Made</span><docDate date="1996-01-24">24th January 1996</docDate></p><p class="ComingIntoForce"><span>Coming into operation</span><docDate date="1996-02-21">21st February 1996</docDate></p></preface><preamble><formula name="EnactingText"><p>The Department of Economic Development, in exercise of the powers conferred by section 4 of the Prices Act 1974<noteRef href="#f00001" class="footnote" marker="1"/> and now vested in it<noteRef href="#f00002" class="footnote" marker="2"/> and of every other power enabling it in that behalf, having consulted<noteRef href="#f00003" class="footnote" marker="3"/>, in such manner as appeared to it to be appropriate having regard to the subject-matter and urgency of the Order, with such organisations representative of interests substantially affected by the Order as appeared to it, having regard to those matters, to be appropriate, hereby makes the following Order:—</p></formula></preamble><body><article eId="article-1"><num>1</num><heading>Citation, commencement and interpretation</heading><paragraph eId="article-1-1"><num>1</num><content><p>This Order may be cited as the Price Marking (Amendment) Order (Northern Ireland) 1996 and shall come into operation on 21st February 1996.</p></content></paragraph><paragraph eId="article-1-2"><num>2</num><content><p>The Interpretation Act (Northern Ireland) 1954<noteRef href="#f00004" class="footnote" marker="4"/> shall apply to this Order as it applies to a Measure of the Northern Ireland Assembly.</p></content></paragraph></article><article eId="article-2"><num>2</num><heading>Amendment of the Price Marking Order (Northern Ireland) 1992</heading><content><p>In Article 5(2)(<em>c</em>) of the Price Marking Order (Northern Ireland) 1992<noteRef href="#f00005" class="footnote" marker="5"/>, for the words “7th June 1995” there shall be substituted the words “7th June 1997”.</p></content></article><hcontainer name="signatures"><content><p>Sealed with the Official Seal of the Department of Economic Development on</p><block name="signature"><signature><marker name="seal"/><person refersTo="#ref-d4e128">A. L. Brown</person><role refersTo="#ref-d4e130">Assistant Secretary</role><date date="1996-01-24">24th January 1996.</date></signature></block></content></hcontainer></body><conclusions><blockContainer class="ExplanatoryNotes"><intro><p>(This note is not part of the Order.)</p></intro><p><authorialNote><p>This Order amends the Price Marking Order (Northern Ireland) 1992 (“the <abbr title="Price Marking Order (Northern Ireland) 1992 (S.R. 1992/59)" xml:lang="">1992 Order</abbr>”) which implemented Council Directive <ref href="http://www.legislation.gov.uk/european/directive/1979/0581">79/581/<abbr class="Acronym" title="European Economic Community">EEC</abbr></ref> (O.J. <abbr title="Number" xml:lang="">No.</abbr> L158, 26.6.79, p. 19) (“the <abbr title="Council Directive 79/581/EEC (O.J. No. L158, 26.6.79, p. 19)" xml:lang="">1979 Directive</abbr>”) as amended by Council Directive <ref href="http://www.legislation.gov.uk/european/directive/1988/0315">88/315/<abbr class="Acronym" title="European Economic Community">EEC</abbr></ref> (O.J. <abbr title="Number" xml:lang="">No.</abbr> L142, 9.6.88, p. 23) and Council Directive <ref href="http://www.legislation.gov.uk/european/directive/1988/0314">88/314/<abbr class="Acronym" title="European Economic Community">EEC</abbr></ref> (O.J. <abbr title="Number" xml:lang="">No.</abbr> L142, 9.6.88, p. 19) (“the <abbr title="Council Directive 88/315/EEC (O.J. No. L142, 9.6.88, p. 23) and Council Directive 88/314/EEC (O.J. No. L142, 9.6.88, p. 19) on consumer protection in the indication of the prices of foodstuffs and non-food products, respectively" xml:lang="">1988 Directive</abbr>”) on consumer protection in the indication of the prices of foodstuffs and non-food products, respectively.</p><p>Article 5(2)(<em>c</em>) of the <abbr title="Price Marking Order (Northern Ireland) 1992 (S.R. 1992/59)" xml:lang="">1992 Order</abbr> required the indication of the unit price of certain goods pre-packed in pre-established quantities from 7th June 1995. This Order substitutes the date of 7th June 1997 for the date of 7th June 1995 pursuant to the adoption of European Parliament and Council Directive <ref href="http://www.legislation.gov.uk/european/directive/1995/0058">95/58/<abbr class="Acronym" title="European Community">EC</abbr></ref> (O.J. <abbr title="Number" xml:lang="">No.</abbr> L299, 12.12.95, p. 11) which so amended the 1979 and <abbr title="Council Directive 88/315/EEC (O.J. No. L142, 9.6.88, p. 23) and Council Directive 88/314/EEC (O.J. No. L142, 9.6.88, p. 19) on consumer protection in the indication of the prices of foodstuffs and non-food products, respectively" xml:lang="">1988 Directives</abbr>.</p></authorialNote></p></blockContainer></conclusions></act></akomaNtoso>