<akomaNtoso xmlns:xsi="http://www.w3.org/2001/XMLSchema-instance" xmlns="http://docs.oasis-open.org/legaldocml/ns/akn/3.0" xsi:schemaLocation="http://docs.oasis-open.org/legaldocml/ns/akn/3.0 http://docs.oasis-open.org/legaldocml/akn-core/v1.0/cos01/part2-specs/schemas/akomantoso30.xsd"><act name="NorthernIrelandStatutoryRule"><meta><identification source="#source"><FRBRWork><FRBRthis value="http://www.legislation.gov.uk/id/nisr/1996/101"/><FRBRuri value="http://www.legislation.gov.uk/id/nisr/1996/101"/><FRBRdate date="1996-03-14" name="made"/><FRBRauthor href="http://www.legislation.gov.uk/id/government/northern-ireland"/><FRBRcountry value="GB-NIR"/><FRBRsubtype value="order"/><FRBRnumber value="101"/><FRBRname value="S.R. 1996/101"/><FRBRprescriptive value="true"/></FRBRWork><FRBRExpression><FRBRthis value="http://www.legislation.gov.uk/nisr/1996/101/made"/><FRBRuri value="http://www.legislation.gov.uk/nisr/1996/101/made"/><FRBRdate date="1996-03-14" name="made"/><FRBRauthor href="#source"/><FRBRlanguage language="eng"/></FRBRExpression><FRBRManifestation><FRBRthis value="http://www.legislation.gov.uk/nisr/1996/101/made/data.akn"/><FRBRuri value="http://www.legislation.gov.uk/nisr/1996/101/made/data.akn"/><FRBRdate date="2021-07-26+01:00" name="transform"/><FRBRauthor href="http://www.legislation.gov.uk"/><FRBRformat value="application/akn+xml"/></FRBRManifestation></identification><classification source="#source"><keyword value="credit control" showAs="Credit control" dictionary="http://www.legislation.gov.uk"/><keyword value="judgments (enforcement)" showAs="JUDGMENTS (ENFORCEMENT)" dictionary="http://www.legislation.gov.uk"/></classification><lifecycle source="#source"><eventRef date="1996-03-14" type="generation" eId="made-date" source="#source"/><eventRef date="1996-04-01" eId="coming-into-force-date-1" source="#source"/></lifecycle><references source="#source"><TLCOrganization eId="source" href="http://www.legislation.gov.uk/id/publisher/GovernmentPrinterForNorthernIreland" showAs="Government Printer for Northern Ireland"/><passiveRef href="http://www.legislation.gov.uk/id/nisr/2017/12" showAs="The Judgment Enforcement Fees (Amendment) Order (Northern Ireland) 2017"/><passiveRef href="http://www.legislation.gov.uk/id/nisr/2019/176" showAs="The Judgment Enforcement Fees (Amendment) Order (Northern Ireland) 2019"/><passiveRef href="http://www.legislation.gov.uk/id/uksi/2019/1514" showAs="The Marriage (Same-sex Couples) and Civil Partnership (Opposite-sex Couples) (Northern Ireland) Regulations 2019"/><TLCRole eId="ref-d4e375" href="/ontology/role/uk.Two of the Lords Commissioners of Her Majesty’s Treasury" showAs="Two of the Lords Commissioners of Her Majesty’s Treasury"/><TLCPerson eId="ref-d4e361" href="/ontology/persons/uk.MackayofClashfern,C" showAs="Mackay of Clashfern, C"/><TLCPerson eId="ref-d4e371" href="/ontology/persons/uk.DerekConway" showAs="Derek Conway"/><TLCPerson eId="ref-d4e373" href="/ontology/persons/uk.SimonBurns" showAs="Simon Burns"/><TLCConcept href="/uk/subject/judgments-(enforcement)" showAs="JUDGMENTS (ENFORCEMENT)" eId="d4e195"/></references><notes source="#source"><note class="footnote" eId="f00001"><p><ref href="http://www.legislation.gov.uk/id/ukpga/1978/23">1978 c. 23</ref></p></note><note class="footnote" eId="f00002"><p><abbr class="Acronym" title="Statutory Instrument">S.I.</abbr><ref href="http://www.legislation.gov.uk/id/nisi/1981/226">1981/226 (N.I. 6)</ref></p></note><note class="footnote" eId="f00003"><p><ref href="http://www.legislation.gov.uk/id/nisr/1992/19">S.R. 1992 No. 19</ref></p></note><note class="footnote" eId="f00004"><p><ref href="http://www.legislation.gov.uk/id/nisr/1994/278">S.R. 1994 No. 278</ref></p></note><note class="footnote" eId="f00005"><p><ref href="http://www.legislation.gov.uk/id/nisr/1995/217">S.R. 1995 No. 217</ref></p></note></notes><proprietary xmlns:ukl="http://www.legislation.gov.uk/namespaces/legislation" xmlns:ukm="http://www.legislation.gov.uk/namespaces/metadata" xmlns:dc="http://purl.org/dc/elements/1.1/" xmlns:dct="http://purl.org/dc/terms/" xmlns:atom="http://www.w3.org/2005/Atom" source="#source"><dc:identifier>http://www.legislation.gov.uk/nisr/1996/101/made</dc:identifier><dc:title>The Judgment Enforcement Fees Order (Northern Ireland) 1996</dc:title><dc:subject>Credit control</dc:subject><dc:publisher>Government Printer for Northern Ireland</dc:publisher><dc:modified>2016-09-06</dc:modified><dc:subject scheme="SIheading">JUDGMENTS (ENFORCEMENT)</dc:subject><dc:description>This Order revokes and replaces the Judgment Enforcement Fees Order (Northern Ireland) 1992 (as amended) to increase the majority of fees to be taken in respect of the enforcement of judgments under the Judgments Enforcement (Northern Ireland) Order 1981.</dc:description><atom:link rel="self" href="http://www.legislation.gov.uk/nisr/1996/101/made/data.xml" type="application/xml"/><atom:link rel="http://www.legislation.gov.uk/def/navigation/resources" href="http://www.legislation.gov.uk/nisr/1996/101/resources" title="More Resources"/><atom:link rel="http://www.legislation.gov.uk/def/navigation/act" href="http://www.legislation.gov.uk/nisr/1996/101/made" title="whole act"/><atom:link rel="http://www.legislation.gov.uk/def/navigation/introduction" href="http://www.legislation.gov.uk/nisr/1996/101/introduction/made" title="introduction"/><atom:link rel="http://www.legislation.gov.uk/def/navigation/signature" href="http://www.legislation.gov.uk/nisr/1996/101/signature/made" title="signature"/><atom:link rel="http://www.legislation.gov.uk/def/navigation/note" href="http://www.legislation.gov.uk/nisr/1996/101/note/made" title="note"/><atom:link rel="http://www.legislation.gov.uk/def/navigation/body" href="http://www.legislation.gov.uk/nisr/1996/101/body/made" title="body"/><atom:link rel="http://www.legislation.gov.uk/def/navigation/schedules" href="http://www.legislation.gov.uk/nisr/1996/101/schedules/made" title="schedules"/><atom:link rel="alternate" type="application/rdf+xml" href="http://www.legislation.gov.uk/nisr/1996/101/made/data.rdf" title="RDF/XML"/><atom:link rel="alternate" type="application/akn+xml" href="http://www.legislation.gov.uk/nisr/1996/101/made/data.akn" title="AKN"/><atom:link rel="alternate" type="application/xhtml+xml" href="http://www.legislation.gov.uk/nisr/1996/101/made/data.xht" title="HTML snippet"/><atom:link rel="alternate" type="application/pdf" href="http://www.legislation.gov.uk/nisr/1996/101/made/data.pdf" title="PDF"/><atom:link rel="alternate" type="application/akn+xhtml" href="http://www.legislation.gov.uk/nisr/1996/101/made/data.html" title="HTML5 snippet"/><atom:link rel="http://purl.org/dc/terms/tableOfContents" hreflang="en" href="http://www.legislation.gov.uk/nisr/1996/101/contents/made" title="Table of Contents"/><ukm:SecondaryMetadata><ukm:DocumentClassification><ukm:DocumentCategory Value="secondary"/><ukm:DocumentMainType Value="NorthernIrelandStatutoryRule"/><ukm:DocumentStatus Value="final"/><ukm:DocumentMinorType Value="order"/></ukm:DocumentClassification><ukm:Year Value="1996"/><ukm:Number Value="101"/><ukm:Made Date="1996-03-14"/><ukm:ComingIntoForce><ukm:DateTime Date="1996-04-01"/></ukm:ComingIntoForce><ukm:ISBN Value="033792001X"/><ukm:UnappliedEffects><ukm:UnappliedEffect EffectId="key-ffc5384441dfe18077c37408c335688a" AffectedURI="http://www.legislation.gov.uk/id/nisr/1996/101" AffectedClass="NorthernIrelandStatutoryRule" AffectingURI="http://www.legislation.gov.uk/id/nisr/2019/176" AffectingClass="NorthernIrelandStatutoryRule" URI="http://www.legislation.gov.uk/id/effect/nisr-2019-176-ijwha3w3-5" Row="5" Type="words inserted" RequiresApplied="true" AffectedProvisions="art. 7" AffectingEffectsExtent="NI" AffectingYear="2019" AffectingNumber="176" AffectingProvisions="art. 3" AffectedYear="1996" AffectedNumber="101" Created="2019-09-24T17:00:00" Modified="2019-09-24T17:00:00"><ukm:AffectedTitle>The Judgment Enforcement Fees Order (Northern Ireland) 1996</ukm:AffectedTitle><ukm:AffectedProvisions><ukm:Section Ref="article-7" URI="http://www.legislation.gov.uk/id/nisr/1996/101/article/7">art. 7</ukm:Section></ukm:AffectedProvisions><ukm:AffectingTitle>The Judgment Enforcement Fees (Amendment) Order (Northern Ireland) 2019</ukm:AffectingTitle><ukm:AffectingProvisions><ukm:Section Ref="article-3" URI="http://www.legislation.gov.uk/id/nisr/2019/176/article/3">art. 3</ukm:Section></ukm:AffectingProvisions><ukm:CommencementAuthority><ukm:Section Ref="article-1" URI="http://www.legislation.gov.uk/id/nisr/2019/176/article/1">art. 1</ukm:Section></ukm:CommencementAuthority><ukm:InForceDates><ukm:InForce Applied="false" Date="2019-10-01" Qualification="wholly in force"/></ukm:InForceDates></ukm:UnappliedEffect><ukm:UnappliedEffect EffectId="key-345aed273fd7717156fbc41bbdda8701" AffectedURI="http://www.legislation.gov.uk/id/nisr/1996/101" AffectedClass="NorthernIrelandStatutoryRule" AffectingURI="http://www.legislation.gov.uk/id/nisr/2019/176" AffectingClass="NorthernIrelandStatutoryRule" URI="http://www.legislation.gov.uk/id/effect/nisr-2019-176-ijwha3w3-6" Row="6" Type="words inserted" RequiresApplied="true" AffectedProvisions="art. 9(1)" AffectingEffectsExtent="NI" AffectingYear="2019" AffectingNumber="176" AffectingProvisions="art. 4" AffectedYear="1996" AffectedNumber="101" Created="2019-09-24T17:00:00" Modified="2019-09-24T17:00:00"><ukm:AffectedTitle>The Judgment Enforcement Fees Order (Northern Ireland) 1996</ukm:AffectedTitle><ukm:AffectedProvisions><ukm:Section xmlns:err="http://www.legislation.gov.uk/namespaces/error" Ref="article-9-1" URI="http://www.legislation.gov.uk/id/nisr/1996/101/article/9/1" err:Ref="Section missing in legislation" Missing="true">art. 9(1)</ukm:Section></ukm:AffectedProvisions><ukm:AffectingTitle>The Judgment Enforcement Fees (Amendment) Order (Northern Ireland) 2019</ukm:AffectingTitle><ukm:AffectingProvisions><ukm:Section Ref="article-4" URI="http://www.legislation.gov.uk/id/nisr/2019/176/article/4">art. 4</ukm:Section></ukm:AffectingProvisions><ukm:CommencementAuthority><ukm:Section Ref="article-1" URI="http://www.legislation.gov.uk/id/nisr/2019/176/article/1">art. 1</ukm:Section></ukm:CommencementAuthority><ukm:InForceDates><ukm:InForce Applied="false" Date="2019-10-01" Qualification="wholly in force"/></ukm:InForceDates></ukm:UnappliedEffect><ukm:UnappliedEffect EffectId="key-25f7e31807762b97e15e1553886d1a36" AffectedURI="http://www.legislation.gov.uk/id/nisr/1996/101" AffectedClass="NorthernIrelandStatutoryRule" AffectingURI="http://www.legislation.gov.uk/id/nisr/2019/176" AffectingClass="NorthernIrelandStatutoryRule" URI="http://www.legislation.gov.uk/id/effect/nisr-2019-176-ijwha3w3-7" Row="7" Type="inserted" RequiresApplied="true" AffectedProvisions="art. 11" AffectingEffectsExtent="NI" AffectingYear="2019" AffectingNumber="176" AffectingProvisions="art. 5" AffectedYear="1996" AffectedNumber="101" Created="2019-09-24T17:00:00" Modified="2019-09-24T17:00:00"><ukm:AffectedTitle>The Judgment Enforcement Fees Order (Northern Ireland) 1996</ukm:AffectedTitle><ukm:AffectedProvisions><ukm:Section xmlns:err="http://www.legislation.gov.uk/namespaces/error" Ref="article-11" URI="http://www.legislation.gov.uk/id/nisr/1996/101/article/11" err:Ref="Section missing in legislation" Missing="true">art. 11</ukm:Section></ukm:AffectedProvisions><ukm:AffectingTitle>The Judgment Enforcement Fees (Amendment) Order (Northern Ireland) 2019</ukm:AffectingTitle><ukm:AffectingProvisions><ukm:Section Ref="article-5" URI="http://www.legislation.gov.uk/id/nisr/2019/176/article/5">art. 5</ukm:Section></ukm:AffectingProvisions><ukm:CommencementAuthority><ukm:Section Ref="article-1" URI="http://www.legislation.gov.uk/id/nisr/2019/176/article/1">art. 1</ukm:Section></ukm:CommencementAuthority><ukm:InForceDates><ukm:InForce Applied="false" Date="2019-10-01" Qualification="wholly in force"/></ukm:InForceDates></ukm:UnappliedEffect><ukm:UnappliedEffect EffectId="key-9c41a3629dbbb795b8ba0f9249fc0b31" AffectedURI="http://www.legislation.gov.uk/id/nisr/1996/101" AffectedClass="NorthernIrelandStatutoryRule" AffectingURI="http://www.legislation.gov.uk/id/nisr/2019/176" AffectingClass="NorthernIrelandStatutoryRule" URI="http://www.legislation.gov.uk/id/effect/nisr-2019-176-ijwha3w3-8" Row="8" Type="substituted" RequiresApplied="true" AffectedProvisions="Sch." AffectingEffectsExtent="NI" AffectingYear="2019" AffectingNumber="176" AffectingProvisions="Sch." AffectedYear="1996" AffectedNumber="101" Created="2019-09-24T17:00:00" Modified="2019-09-24T17:00:00"><ukm:AffectedTitle>The Judgment Enforcement Fees Order (Northern Ireland) 1996</ukm:AffectedTitle><ukm:AffectedProvisions><ukm:Section Ref="schedule" URI="http://www.legislation.gov.uk/id/nisr/1996/101/schedule">Sch.</ukm:Section></ukm:AffectedProvisions><ukm:AffectingTitle>The Judgment Enforcement Fees (Amendment) Order (Northern Ireland) 2019</ukm:AffectingTitle><ukm:AffectingProvisions><ukm:Section Ref="schedule" URI="http://www.legislation.gov.uk/id/nisr/2019/176/schedule">Sch.</ukm:Section></ukm:AffectingProvisions><ukm:CommencementAuthority><ukm:Section Ref="article-1" URI="http://www.legislation.gov.uk/id/nisr/2019/176/article/1">art. 1</ukm:Section></ukm:CommencementAuthority><ukm:InForceDates><ukm:InForce Applied="false" Date="2019-10-01" Qualification="wholly in force"/></ukm:InForceDates></ukm:UnappliedEffect><ukm:UnappliedEffect EffectId="key-9402e805a0ba173ecc9aa29a2caca1a6" AffectedURI="http://www.legislation.gov.uk/id/nisr/1996/101" AffectedClass="NorthernIrelandStatutoryRule" AffectingURI="http://www.legislation.gov.uk/id/uksi/2019/1514" AffectingClass="UnitedKingdomStatutoryInstrument" URI="http://www.legislation.gov.uk/id/effect/uksi-2019-1514-nlqxeas3-687" Row="687" Type="words substituted" RequiresApplied="true" AffectedProvisions="art. 9(2)(d)(i)" AffectingEffectsExtent="NI" AffectingYear="2019" AffectingNumber="1514" AffectingProvisions="reg. 151(b)" AffectedYear="1996" AffectedNumber="101" Created="2020-01-14T14:52:31Z" Modified="2020-01-14T14:52:31Z"><ukm:AffectedTitle>The Judgment Enforcement Fees Order (Northern Ireland) 1996</ukm:AffectedTitle><ukm:AffectedProvisions><ukm:Section xmlns:err="http://www.legislation.gov.uk/namespaces/error" Ref="article-9-2-d-i" URI="http://www.legislation.gov.uk/id/nisr/1996/101/article/9/2/d/i" err:Ref="Section missing in legislation" Missing="true">art. 9(2)(d)(i)</ukm:Section></ukm:AffectedProvisions><ukm:AffectingTitle>The Marriage (Same-sex Couples) and Civil Partnership (Opposite-sex Couples) (Northern Ireland) Regulations 2019</ukm:AffectingTitle><ukm:AffectingProvisions><ukm:Section Ref="regulation-151-b" URI="http://www.legislation.gov.uk/id/uksi/2019/1514/regulation/151/b">reg. 151(b)</ukm:Section></ukm:AffectingProvisions><ukm:Savings><ukm:SectionRange Start="regulation-6" URI="http://www.legislation.gov.uk/id/uksi/2019/1514/regulation/6" End="regulation-9" UpTo="http://www.legislation.gov.uk/id/uksi/2019/1514/regulation/9"><ukm:Section Ref="regulation-6" URI="http://www.legislation.gov.uk/id/uksi/2019/1514/regulation/6">reg. 6</ukm:Section>-<ukm:Section Ref="regulation-9" URI="http://www.legislation.gov.uk/id/uksi/2019/1514/regulation/9">9</ukm:Section></ukm:SectionRange></ukm:Savings><ukm:CommencementAuthority><ukm:Section Ref="regulation-1-2" URI="http://www.legislation.gov.uk/id/uksi/2019/1514/regulation/1/2">reg. 1(2)</ukm:Section></ukm:CommencementAuthority><ukm:InForceDates><ukm:InForce Applied="false" Date="2020-01-13" Qualification="wholly in force"/></ukm:InForceDates></ukm:UnappliedEffect><ukm:UnappliedEffect EffectId="key-40bd2177154721b926dbb99582214697" AffectedClass="NorthernIrelandStatutoryRule" AffectedURI="http://www.legislation.gov.uk/id/nisr/1996/101" AffectingURI="http://www.legislation.gov.uk/id/nisr/2017/12" AffectingClass="NorthernIrelandStatutoryRule" URI="http://www.legislation.gov.uk/id/effect/key-4aee229e01ccbbb413f7d36ed3126a9f" Row="5" Type="word substituted" RequiresApplied="true" AffectedProvisions="art. 9(2)(d)" Notes="The amendment comes into operation on the day the Universal Credit Regs. SR 2016 No. 216 does." Comments="Research date of Coming Into Operation for Universal Credit Regulations SR 2016 No. 216 which brings in art. 2 on the same day." AffectingEffectsExtent="NI" AffectingYear="2017" AffectingNumber="12" AffectingProvisions="art. 2(a)" AffectedYear="1996" AffectedNumber="101" Modified="2018-02-19T13:19:44Z"><ukm:AffectedTitle>The Judgment Enforcement Fees Order (Northern Ireland) 1996</ukm:AffectedTitle><ukm:AffectedProvisions><ukm:Section xmlns:err="http://www.legislation.gov.uk/namespaces/error" Ref="article-9-2-d" URI="http://www.legislation.gov.uk/id/nisr/1996/101/article/9/2/d" err:Ref="Section missing in legislation" Missing="true">art. 9(2)(d)</ukm:Section></ukm:AffectedProvisions><ukm:AffectingTitle>The Judgment Enforcement Fees (Amendment) Order (Northern Ireland) 2017</ukm:AffectingTitle><ukm:AffectingProvisions><ukm:Section Ref="article-2-a" URI="http://www.legislation.gov.uk/id/nisr/2017/12/article/2/a">art. 2(a)</ukm:Section></ukm:AffectingProvisions><ukm:CommencementAuthority><ukm:Section Ref="article-1-3" URI="http://www.legislation.gov.uk/id/nisr/2017/12/article/1/3">art. 1(3)</ukm:Section></ukm:CommencementAuthority><ukm:InForceDates><ukm:InForce Applied="false" Date="2017-09-27" Qualification="coming into force in accordance with" OtherQualification="reg. 1(3)"/></ukm:InForceDates></ukm:UnappliedEffect><ukm:UnappliedEffect EffectId="key-9f7e10732057b21d530dacde0e6a629d" AffectedClass="NorthernIrelandStatutoryRule" AffectedURI="http://www.legislation.gov.uk/id/nisr/1996/101" AffectingURI="http://www.legislation.gov.uk/id/nisr/2017/12" AffectingClass="NorthernIrelandStatutoryRule" URI="http://www.legislation.gov.uk/id/effect/key-42ffb850ac3efaaa3d95d7d3260d6996" Row="6" Type="inserted" RequiresApplied="true" AffectedProvisions="art. 9(2)(e)" Notes="The amendment comes into operation on the day the Universal Credit Regs. SR 2016 No. 216 does." Comments="Research date of Coming Into Operation for Universal Credit Regulations SR 2016 No. 216 which brings in art. 2 on the same day." AffectingEffectsExtent="NI" AffectingYear="2017" AffectingNumber="12" AffectingProvisions="art. 2(b)" AffectedYear="1996" AffectedNumber="101" Modified="2018-02-19T13:19:44Z"><ukm:AffectedTitle>The Judgment Enforcement Fees Order (Northern Ireland) 1996</ukm:AffectedTitle><ukm:AffectedProvisions><ukm:Section xmlns:err="http://www.legislation.gov.uk/namespaces/error" Ref="article-9-2-e" URI="http://www.legislation.gov.uk/id/nisr/1996/101/article/9/2/e" err:Ref="Section missing in legislation" Missing="true">art. 9(2)(e)</ukm:Section></ukm:AffectedProvisions><ukm:AffectingTitle>The Judgment Enforcement Fees (Amendment) Order (Northern Ireland) 2017</ukm:AffectingTitle><ukm:AffectingProvisions><ukm:Section Ref="article-2-b" URI="http://www.legislation.gov.uk/id/nisr/2017/12/article/2/b">art. 2(b)</ukm:Section></ukm:AffectingProvisions><ukm:CommencementAuthority><ukm:Section Ref="article-1-3" URI="http://www.legislation.gov.uk/id/nisr/2017/12/article/1/3">art. 1(3)</ukm:Section></ukm:CommencementAuthority><ukm:InForceDates><ukm:InForce Applied="false" Date="2017-09-27" Qualification="coming into force in accordance with" OtherQualification="reg. 1(3)"/></ukm:InForceDates></ukm:UnappliedEffect><ukm:UnappliedEffect EffectId="key-269db2ccc2205dbb891a441279df32e1" AffectedClass="NorthernIrelandStatutoryRule" AffectedURI="http://www.legislation.gov.uk/id/nisr/1996/101" AffectingURI="http://www.legislation.gov.uk/id/nisr/2017/12" AffectingClass="NorthernIrelandStatutoryRule" URI="http://www.legislation.gov.uk/id/effect/key-269db2ccc2205dbb891a441279df32e1" Row="7" Type="substituted" RequiresApplied="true" AffectedProvisions="Sch." AffectingEffectsExtent="NI" AffectingYear="2017" AffectingNumber="12" AffectingProvisions="art. 3 Sch." AffectedYear="1996" AffectedNumber="101" Modified="2017-02-15T08:54:25Z"><ukm:AffectedTitle>The Judgment Enforcement Fees Order (Northern Ireland) 1996</ukm:AffectedTitle><ukm:AffectedProvisions><ukm:Section Ref="schedule" URI="http://www.legislation.gov.uk/id/nisr/1996/101/schedule">Sch.</ukm:Section></ukm:AffectedProvisions><ukm:AffectingTitle>The Judgment Enforcement Fees (Amendment) Order (Northern Ireland) 2017</ukm:AffectingTitle><ukm:AffectingProvisions><ukm:Section Ref="article-3" URI="http://www.legislation.gov.uk/id/nisr/2017/12/article/3">art. 3</ukm:Section><ukm:Section Ref="schedule" URI="http://www.legislation.gov.uk/id/nisr/2017/12/schedule">Sch.</ukm:Section></ukm:AffectingProvisions><ukm:CommencementAuthority><ukm:Section Ref="article-1-2" URI="http://www.legislation.gov.uk/id/nisr/2017/12/article/1/2">art. 1(2)</ukm:Section></ukm:CommencementAuthority><ukm:InForceDates><ukm:InForce Applied="false" Date="2017-04-01" Qualification="wholly in force"/></ukm:InForceDates></ukm:UnappliedEffect></ukm:UnappliedEffects></ukm:SecondaryMetadata><ukm:Statistics><ukm:TotalParagraphs Value="8"/><ukm:BodyParagraphs Value="8"/><ukm:ScheduleParagraphs Value="0"/><ukm:AttachmentParagraphs Value="0"/><ukm:TotalImages Value="0"/></ukm:Statistics></proprietary></meta><preface><p class="number"><docNumber>1996 No. 101</docNumber></p><block name="subject"><concept class="title" refersTo="#d4e195">JUDGMENTS (ENFORCEMENT)</concept></block><p class="title"><shortTitle>The Judgment Enforcement Fees Order (Northern Ireland) 1996</shortTitle></p><p class="MadeDate"><span>Made</span><docDate date="1996-03-14">14th March 1996</docDate></p><p class="ComingIntoForce"><span>Coming into operation</span><docDate date="1996-04-01">1st April 1996</docDate></p></preface><preamble><formula name="EnactingText"><p>The Lord Chancellor, in exercise of the powers conferred on him by section 116(1) and (4) of the Judicature (Northern Ireland) Act 1978<noteRef href="#f00001" class="footnote" marker="1"/>, after consultation with the Lord Chief Justice and with the concurrence of the Treasury, hereby makes the following Order:—</p></formula></preamble><body><article eId="article-1"><num>1</num><heading>Citation and commencement</heading><content><p>This Order may be cited as the Judgment Enforcement Fees Order (Northern Ireland) 1996 and shall come into operation on 1st April 1996.</p></content></article><article eId="article-2"><num>2</num><heading>Interpretation</heading><intro><p>In this Order, unless the context otherwise requires—</p></intro><subparagraph eId="article-2-a"><num>a</num><content><p>“<abbr title="Judgments Enforcement (Northern Ireland) Order 1981 (S.I. 1981/226 (N.I. 6))" xml:lang="">the Order</abbr>” means the Judgments Enforcement (Northern Ireland) Order 1981<noteRef href="#f00002" class="footnote" marker="2"/>;</p></content></subparagraph><subparagraph eId="article-2-b"><num>b</num><content><p>“the <abbr title="the Rules for the time being in force under Article 141 of the Judgments Enforcement (Northern Ireland) Order 1981 (S.I. 1981/226 (N.I. 6))" xml:lang="">Judgment Enforcement Rules</abbr>” means the Rules for the time being in force under Article 141 of <abbr title="Judgments Enforcement (Northern Ireland) Order 1981 (S.I. 1981/226 (N.I. 6))" xml:lang="">the Order</abbr>;</p></content></subparagraph><subparagraph eId="article-2-c"><num>c</num><content><p>“<abbr title="the Enforcement of Judgments Office" xml:lang="">the Office</abbr>” means the Enforcement of Judgments Office;</p></content></subparagraph><subparagraph eId="article-2-d"><num>d</num><content><p>a rule or form referred to by number means the rule or form as numbered in the <abbr title="the Rules for the time being in force under Article 141 of the Judgments Enforcement (Northern Ireland) Order 1981 (S.I. 1981/226 (N.I. 6))" xml:lang="">Judgment Enforcement Rules</abbr>;</p></content></subparagraph><subparagraph eId="article-2-e"><num>e</num><content><p>a fee or column referred to by number means the fee or column so numbered in the Schedule to this Order.</p></content></subparagraph></article><article eId="article-3"><num>3</num><heading>Revocation</heading><content><p>The Judgment Enforcement Fees Order (Northern Ireland) 1992<noteRef href="#f00003" class="footnote" marker="3"/>, the Judgment Enforcement Fees (Amendment) Order (Northern Ireland) 1994<noteRef href="#f00004" class="footnote" marker="4"/> and the Judgment Enforcement Fees (Amendment) Order (Northern Ireland) 1995<noteRef href="#f00005" class="footnote" marker="5"/> are hereby revoked.</p></content></article><article eId="article-4"><num>4</num><heading>Fees to be taken in the Enforcement of Judgments Office</heading><paragraph eId="article-4-1"><num>1</num><content><p>The fees set out in column 3 shall be taken in <abbr title="the Enforcement of Judgments Office" xml:lang="">the Office</abbr> in respect of the matters provided for in column 2.</p></content></paragraph><paragraph eId="article-4-2"><num>2</num><content><p>Subject to any provision to the contrary in the Schedule to this Order the fees prescribed by this Order shall be payable by the party at whose instance the action for which the fee is prescribed is undertaken, and shall be payable before the action is undertaken.</p></content></paragraph></article><article eId="article-5"><num>5</num><heading>Manner in which fees are to be taken</heading><content><p>The fees prescribed by this Order shall be taken in cash.</p></content></article><article eId="article-6"><num>6</num><heading>Question over payment of any fee</heading><content><p>Where any question arises with regard to the payment of any fee <abbr title="the Enforcement of Judgments Office" xml:lang="">the Office</abbr> may report the matter to the Lord Chancellor and obtain his directions thereon.</p></content></article><article eId="article-7"><num>7</num><heading>Payment of fee causing hardship</heading><content><p>Where it appears to the Lord Chancellor that the payment of any fee specified in the Schedule to this Order would, owing to the exceptional circumstances of the particular case, involve hardship, he may reduce or remit the fee in that case.</p></content></article><article eId="article-8"><num>8</num><heading>Application of fees</heading><content><p>All fees received by virtue of the Schedule to this Order shall, unless otherwise appropriated in aid, be paid into the Consolidated Fund.</p></content></article><hcontainer name="signatures"><content><block name="signature"><signature><person refersTo="#ref-d4e361">Mackay of Clashfern, C</person><date date="1996-03-11">Dated 11th March 1996</date></signature></block><p>We concur,</p><block name="signature"><signature><person refersTo="#ref-d4e371">Derek Conway</person><person refersTo="#ref-d4e373">Simon Burns</person><role refersTo="#ref-d4e375">Two of the Lords Commissioners of Her Majesty’s Treasury</role><date date="1996-03-14">Dated 14th March 1996</date></signature></block></content></hcontainer><hcontainer name="schedules" eId="d4e380"><hcontainer name="schedule" eId="schedule"><num>SCHEDULE<authorialNote class="referenceNote" placement="right"><p>Article 4</p></authorialNote></num><heading>Fees</heading><part eId="schedule-part-I"><num>Part I</num><content><tblock class="tabular"><table><tr><th colspan="1" rowspan="1"><p><em>Column 1</em></p></th><th colspan="1" rowspan="1"><p><em>Column 2</em></p></th><th colspan="1" rowspan="1"><p><em>Column 3</em></p></th></tr><tr><th colspan="1" rowspan="1"><p><em><abbr title="Number" xml:lang="">No.</abbr> of fee</em></p></th><th colspan="1" rowspan="1"><p><em>Item</em></p></th><th colspan="1" rowspan="1"><p><em>Amount of Fee</em></p></th></tr><tr><td colspan="1" rowspan="1"><p>1</p></td><td colspan="1" rowspan="1"><p>On lodging notice of intent to apply for enforcement under rule 6; in respect of each person to be served</p></td><td colspan="1" rowspan="1"><p>£15</p></td></tr><tr><td colspan="1" rowspan="7"><p>2</p></td><td colspan="1" rowspan="1"><p>On lodging an application for enforcement under Article 22 of <abbr title="Judgments Enforcement (Northern Ireland) Order 1981 (S.I. 1981/226 (N.I. 6))" xml:lang="">the Order</abbr>; in respect of each respondent</p></td><td colspan="1" rowspan="1"><p/></td></tr><tr><td colspan="1" rowspan="1"><p>Where the sum due on foot of the judgment</p></td><td colspan="1" rowspan="1"><p/></td></tr><tr><td colspan="1" rowspan="1"><blockList class="ordered"><item><num>1</num><p>does not exceed £300</p></item></blockList></td><td colspan="1" rowspan="1"><p>30p in the £1 Minimum fee £15</p></td></tr><tr><td colspan="1" rowspan="1"><blockList class="ordered"><item><num>1</num><p>exceeds £300 but does not exceed £1,000</p></item></blockList></td><td colspan="1" rowspan="1"><p>£97 plus £12 per additional £100 or part thereof of the sum due in excess of £300</p></td></tr><tr><td colspan="1" rowspan="1"><blockList class="ordered"><item><num>1</num><p>exceeds £1,000 but does not exceed £3,000</p></item></blockList></td><td colspan="1" rowspan="1"><p>£210 plus £8·50 per additional £100 or part thereof of the sum due in excess of £1,000</p></td></tr><tr><td colspan="1" rowspan="1"><blockList class="ordered"><item><num>1</num><p>exceeds £3,000 but does not exceed £10,000</p></item></blockList></td><td colspan="1" rowspan="1"><p>£435 plus £2·30 per additional £100 or part thereof of the sum due in excess of £3,000</p></td></tr><tr><td colspan="1" rowspan="1"><blockList class="ordered"><item><num>1</num><p>exceeds £10,000</p></item></blockList></td><td colspan="1" rowspan="1"><p>£645 plus £1·80 per additional £100 or part thereof of the sum due in excess of £10,000</p></td></tr><tr><td colspan="1" rowspan="1"><p>3</p></td><td colspan="1" rowspan="1"><p>On lodging an application under Article 23(1) of <abbr title="Judgments Enforcement (Northern Ireland) Order 1981 (S.I. 1981/226 (N.I. 6))" xml:lang="">the Order</abbr>, including one copy of the report: for each respondent</p><blockList class="unordered"><item><p>Where an application is made  under Article 22 of <abbr title="Judgments Enforcement (Northern Ireland) Order 1981 (S.I. 1981/226 (N.I. 6))" xml:lang="">the Order</abbr>  subsequent to an application  under Article 23(1) of <abbr title="Judgments Enforcement (Northern Ireland) Order 1981 (S.I. 1981/226 (N.I. 6))" xml:lang="">the Order</abbr>  the fee paid under Fee <abbr title="Number" xml:lang="">No.</abbr> 2 shall  be reduced by the amount of the  fee paid under Fee <abbr title="Number" xml:lang="">No.</abbr> 3</p></item></blockList></td><td colspan="1" rowspan="1"><p>£120</p></td></tr><tr><td colspan="1" rowspan="1"><p>4</p></td><td colspan="1" rowspan="1"><p>On lodging an application for repossession of land</p></td><td colspan="1" rowspan="1"><p>£500</p></td></tr><tr><td colspan="1" rowspan="1"><p>5</p></td><td colspan="1" rowspan="1"><p>On lodging an application for restitution of goods</p></td><td colspan="1" rowspan="1"><p>£165</p></td></tr><tr><td colspan="1" rowspan="3"><p>6</p></td><td colspan="1" rowspan="1"><p>On lodging an application under rule 104 where the sum due on foot of the judgment—</p></td></tr><tr><td colspan="1" rowspan="1"><blockList class="unordered"><item><p>does not exceed £300</p></item></blockList></td><td colspan="1" rowspan="1"><p>£14</p></td></tr><tr><td colspan="1" rowspan="1"><blockList class="unordered"><item><p>exceeds £300</p></item></blockList></td><td colspan="1" rowspan="1"><p>£20</p></td></tr><tr><td colspan="1" rowspan="1"><p>7</p></td><td colspan="1" rowspan="1"><p>On an application for a search in the register of judgments, per name</p><blockList class="unordered"><item><p>This fee includes the provision  (where requested) of one  uncertified copy of each entry in  the register or the provision of a  report that there are no entries in  the register</p></item></blockList></td><td colspan="1" rowspan="1"><p>£5</p></td></tr><tr><td colspan="1" rowspan="1"><p/></td><td colspan="1" rowspan="1"><p/></td></tr><tr><td colspan="1" rowspan="1"><p>8</p></td><td colspan="1" rowspan="1"><p>For a copy of any document, or for examining a plain copy and marking it as an office copy</p></td><td colspan="1" rowspan="1"><p>£1 per page</p></td></tr><tr><td colspan="1" rowspan="1"><p>9</p></td><td colspan="1" rowspan="1"><p>For a Certificate of Satisfaction</p></td><td colspan="1" rowspan="1"><p>£5</p></td></tr><tr><td colspan="1" rowspan="1"><p>10</p></td><td colspan="1" rowspan="1"><p>On an Administration Order made under Article 80 of <abbr title="Judgments Enforcement (Northern Ireland) Order 1981 (S.I. 1981/226 (N.I. 6))" xml:lang="">the Order</abbr></p></td><td colspan="1" rowspan="1"><p>For every £1 of the money paid into <abbr title="the Enforcement of Judgments Office" xml:lang="">the Office</abbr> in respect of debts due to creditors, 10p</p></td></tr><tr><td colspan="1" rowspan="1"><p/></td><td colspan="1" rowspan="1"><p>This fee is payable out of the money paid into <abbr title="the Enforcement of Judgments Office" xml:lang="">the Office</abbr></p></td><td colspan="1" rowspan="1"><p/></td></tr><tr><td colspan="1" rowspan="3"><p>11</p></td><td colspan="1" rowspan="1"><blockList class="ordered"><item><num>i</num><p>For the removal, in accordance with a seizure order under Article 31 of <abbr title="Judgments Enforcement (Northern Ireland) Order 1981 (S.I. 1981/226 (N.I. 6))" xml:lang="">the Order</abbr>, of goods, or taking steps to remove such goods to a place of deposit. This fee includes the reasonable expenses of feeding and caring for animals</p></item></blockList></td><td colspan="1" rowspan="1"><p>The reasonable expenses thereof</p></td></tr><tr><td colspan="1" rowspan="1"><blockList class="ordered"><item><num>i</num><p>For any sale by auction of property seized (to cover all the expenses of sale or incurred in connection therewith including valuation, advertisement, auctioneers' fees)</p></item></blockList></td><td colspan="1" rowspan="1"><p>The reasonable expenses thereof</p></td></tr><tr><td colspan="1" rowspan="1"><blockList class="ordered"><item><num>i</num><p>Where goods are sold otherwise than at auction, for the valuation of the goods</p></item></blockList></td><td colspan="1" rowspan="1"><p>The reasonable expenses thereof</p></td></tr></table></tblock></content></part><part eId="schedule-part-II"><num>Part II</num><heading>Judgment Enforcement (Recovery of Admitted Debts) Rules (Northern Ireland) 1985</heading><content><tblock class="tabular"><heading><strong>Recovery of Certain Debts Without Judgment</strong></heading><table><tr><th colspan="1" rowspan="1"><p><em>Column 1</em></p></th><th colspan="1" rowspan="1"><p><em>Column 2</em></p></th><th colspan="1" rowspan="1"><p><em>Column 3</em></p></th></tr><tr><th colspan="1" rowspan="1"><p><em><abbr title="Number" xml:lang="">No.</abbr> of Fee</em></p></th><th colspan="1" rowspan="1"><p><em>Item</em></p></th><th colspan="1" rowspan="1"><p><em>Amount of Fee</em></p></th></tr><tr><td colspan="1" rowspan="1"><p>12</p></td><td colspan="1" rowspan="1"><p>On lodging notice of intention to apply for recovery of debt under rule 8; in respect of each person to be served</p></td><td colspan="1" rowspan="1"><p>£15</p></td></tr><tr><td colspan="1" rowspan="1"><p>13</p></td><td colspan="1" rowspan="1"><p>On lodging an application for recovery of debt under Article 95(1) of <abbr title="Judgments Enforcement (Northern Ireland) Order 1981 (S.I. 1981/226 (N.I. 6))" xml:lang="">the Order</abbr>; in respect of each debtor</p></td><td colspan="1" rowspan="1"><p>£15</p></td></tr><tr><td colspan="1" rowspan="5"><p>14</p></td><td colspan="1" rowspan="1"><p>On the Chief Enforcement Officer’s direction for recovery of an admitted debt under rule 16(1): in respect of each debtor</p></td></tr><tr><td colspan="1" rowspan="1"><p>Where the admitted debt—</p></td><td colspan="1" rowspan="1"><p/></td></tr><tr><td colspan="1" rowspan="1"><blockList class="ordered"><item><num>1</num><p>does not exceed £300</p></item></blockList></td><td colspan="1" rowspan="1"><p>30p in the £1 less £15 Minimum fee £10</p></td></tr><tr><td colspan="1" rowspan="1"><blockList class="ordered"><item><num>1</num><p>exceeds £300 but does not exceed £1,000</p></item></blockList></td><td colspan="1" rowspan="1"><p>£82 plus £12 per additional £100 or part thereof of the debt in excess of £300</p></td></tr><tr><td colspan="1" rowspan="1"><blockList class="ordered"><item><num>1</num><p>exceeds £1,000 but does not exceed £3,000</p></item></blockList></td><td colspan="1" rowspan="1"><p>£195 plus £8·50 per additional £100 or part thereof of the debt in excess of £1,000</p></td></tr><tr><td colspan="1" rowspan="1"><p>15</p></td><td colspan="1" rowspan="1"><p>On lodging a certificate of corresponding debt under rule 18: in respect of each debtor</p></td><td colspan="1" rowspan="1"><p>£15</p></td></tr><tr><td colspan="1" rowspan="5"><p>16</p></td><td colspan="1" rowspan="1"><p>On the Master’s direction for enforcement of corresponding debt under rule 20(1): in respect of each debtor</p></td></tr><tr><td colspan="1" rowspan="1"><p>Where the sum certified as corresponding debt—</p></td><td colspan="1" rowspan="1"><p/></td></tr><tr><td colspan="1" rowspan="1"><blockList class="ordered"><item><num>1</num><p>does not exceed £300</p></item></blockList></td><td colspan="1" rowspan="1"><p>30p in the £1 less £15 Minimum fee £10</p></td></tr><tr><td colspan="1" rowspan="1"><blockList class="ordered"><item><num>1</num><p>exceeds £300 but does not exceed £1,000</p></item></blockList></td><td colspan="1" rowspan="1"><p>£82 plus £12 per additional £100 or part thereof of the debt in excess of £300</p></td></tr><tr><td colspan="1" rowspan="1"><blockList class="ordered"><item><num>1</num><p>exceeds £1,000 but does not exceed £3,000</p></item></blockList></td><td colspan="1" rowspan="1"><p>£195 plus £8·50 per additional £100 or part thereof of the debt in excess of £1,000</p></td></tr></table></tblock></content></part></hcontainer></hcontainer></body><conclusions><blockContainer class="ExplanatoryNotes"><intro><p>(This note is not part of the Order.)</p></intro><p><authorialNote><p>This Order revokes and replaces the Judgment Enforcement Fees Order (Northern Ireland) 1992 (as amended) to increase the majority of fees to be taken in respect of the enforcement of judgments under the Judgments Enforcement (Northern Ireland) Order 1981.</p></authorialNote></p></blockContainer></conclusions></act></akomaNtoso>