<akomaNtoso xmlns:xsi="http://www.w3.org/2001/XMLSchema-instance" xmlns="http://docs.oasis-open.org/legaldocml/ns/akn/3.0" xsi:schemaLocation="http://docs.oasis-open.org/legaldocml/ns/akn/3.0 http://docs.oasis-open.org/legaldocml/akn-core/v1.0/cos01/part2-specs/schemas/akomantoso30.xsd"><act name="NorthernIrelandStatutoryRule"><meta><identification source="#source"><FRBRWork><FRBRthis value="http://www.legislation.gov.uk/id/nisr/1996/494"/><FRBRuri value="http://www.legislation.gov.uk/id/nisr/1996/494"/><FRBRdate date="1996-10-15" name="made"/><FRBRauthor href="http://www.legislation.gov.uk/id/government/northern-ireland"/><FRBRcountry value="GB-NIR"/><FRBRsubtype value="order"/><FRBRnumber value="494"/><FRBRname value="S.R. 1996/494"/><FRBRprescriptive value="true"/></FRBRWork><FRBRExpression><FRBRthis value="http://www.legislation.gov.uk/nisr/1996/494/made"/><FRBRuri value="http://www.legislation.gov.uk/nisr/1996/494/made"/><FRBRdate date="1996-10-15" name="made"/><FRBRauthor href="#source"/><FRBRlanguage language="eng"/></FRBRExpression><FRBRManifestation><FRBRthis value="http://www.legislation.gov.uk/nisr/1996/494/made/data.akn"/><FRBRuri value="http://www.legislation.gov.uk/nisr/1996/494/made/data.akn"/><FRBRdate date="2021-07-26+01:00" name="transform"/><FRBRauthor href="http://www.legislation.gov.uk"/><FRBRformat value="application/akn+xml"/></FRBRManifestation></identification><classification source="#source"><keyword value="children in care" showAs="Children in care" dictionary="http://www.legislation.gov.uk"/><keyword value="magistrates' courts" showAs="MAGISTRATES' COURTS" dictionary="http://www.legislation.gov.uk"/></classification><lifecycle source="#source"><eventRef date="1996-10-15" type="generation" eId="made-date" source="#source"/><eventRef date="1996-11-04" eId="coming-into-force-date-1" source="#source"/></lifecycle><references source="#source"><TLCOrganization eId="source" href="http://www.legislation.gov.uk/id/publisher/GovernmentPrinterForNorthernIreland" showAs="Government Printer for Northern Ireland"/><TLCRole eId="ref-d4e190" href="/ontology/role/uk.Two of the Lords Commissioners of Her Majesty’s Treasury" showAs="Two of the Lords Commissioners of Her Majesty’s Treasury"/><TLCPerson eId="ref-d4e174" href="/ontology/persons/uk.MackayofClashfern,C." showAs="Mackay of Clashfern, C."/><TLCPerson eId="ref-d4e186" href="/ontology/persons/uk.PatrickMcLoughlin" showAs="Patrick McLoughlin"/><TLCPerson eId="ref-d4e188" href="/ontology/persons/uk.RogerM.Knapman" showAs="Roger M. Knapman"/><TLCConcept href="/uk/subject/magistrates'-courts" showAs="MAGISTRATES' COURTS" eId="d4e55"/></references><notes source="#source"><note class="footnote" eId="f00001"><p><ref href="http://www.legislation.gov.uk/id/ukpga/1978/23">1978 c. 23</ref></p></note><note class="footnote" eId="f00002"><p><ref href="http://www.legislation.gov.uk/id/nisr/1996/102">S.R. 1996 No. 102</ref></p></note></notes><proprietary xmlns:ukl="http://www.legislation.gov.uk/namespaces/legislation" xmlns:ukm="http://www.legislation.gov.uk/namespaces/metadata" xmlns:dc="http://purl.org/dc/elements/1.1/" xmlns:dct="http://purl.org/dc/terms/" xmlns:atom="http://www.w3.org/2005/Atom" source="#source"><dc:identifier>http://www.legislation.gov.uk/nisr/1996/494/made</dc:identifier><dc:title>The Magistrates' Courts Fees (Amendment) Order (Northern Ireland) 1996</dc:title><dc:subject>Children in care</dc:subject><dc:publisher>Government Printer for Northern Ireland</dc:publisher><dc:modified>2016-09-06</dc:modified><dc:subject scheme="SIheading">MAGISTRATES' COURTS</dc:subject><dc:description>This Order amends the Magistrates' Courts Fees Order (Northern Ireland) 1996 to prescribe the fees to be taken in respect of certain applications and appeals under the Children (Northern Ireland) Order 1995.</dc:description><atom:link rel="self" href="http://www.legislation.gov.uk/nisr/1996/494/made/data.xml" type="application/xml"/><atom:link rel="http://www.legislation.gov.uk/def/navigation/resources" href="http://www.legislation.gov.uk/nisr/1996/494/resources" title="More Resources"/><atom:link rel="http://www.legislation.gov.uk/def/navigation/act" href="http://www.legislation.gov.uk/nisr/1996/494/made" title="whole act"/><atom:link rel="http://www.legislation.gov.uk/def/navigation/introduction" href="http://www.legislation.gov.uk/nisr/1996/494/introduction/made" title="introduction"/><atom:link rel="http://www.legislation.gov.uk/def/navigation/signature" href="http://www.legislation.gov.uk/nisr/1996/494/signature/made" title="signature"/><atom:link rel="http://www.legislation.gov.uk/def/navigation/note" href="http://www.legislation.gov.uk/nisr/1996/494/note/made" title="note"/><atom:link rel="http://www.legislation.gov.uk/def/navigation/body" href="http://www.legislation.gov.uk/nisr/1996/494/body/made" title="body"/><atom:link rel="alternate" type="application/rdf+xml" href="http://www.legislation.gov.uk/nisr/1996/494/made/data.rdf" title="RDF/XML"/><atom:link rel="alternate" type="application/akn+xml" href="http://www.legislation.gov.uk/nisr/1996/494/made/data.akn" title="AKN"/><atom:link rel="alternate" type="application/xhtml+xml" href="http://www.legislation.gov.uk/nisr/1996/494/made/data.xht" title="HTML snippet"/><atom:link rel="alternate" type="application/pdf" href="http://www.legislation.gov.uk/nisr/1996/494/made/data.pdf" title="PDF"/><atom:link rel="alternate" type="application/akn+xhtml" href="http://www.legislation.gov.uk/nisr/1996/494/made/data.html" title="HTML5 snippet"/><atom:link rel="http://purl.org/dc/terms/tableOfContents" hreflang="en" href="http://www.legislation.gov.uk/nisr/1996/494/contents/made" title="Table of Contents"/><ukm:SecondaryMetadata><ukm:DocumentClassification><ukm:DocumentCategory Value="secondary"/><ukm:DocumentMainType Value="NorthernIrelandStatutoryRule"/><ukm:DocumentStatus Value="final"/><ukm:DocumentMinorType Value="order"/></ukm:DocumentClassification><ukm:Year Value="1996"/><ukm:Number Value="494"/><ukm:Made Date="1996-10-15"/><ukm:ComingIntoForce><ukm:DateTime Date="1996-11-04"/></ukm:ComingIntoForce><ukm:ISBN Value="0337924546"/></ukm:SecondaryMetadata><ukm:Statistics><ukm:TotalParagraphs Value="3"/><ukm:BodyParagraphs Value="3"/><ukm:ScheduleParagraphs Value="0"/><ukm:AttachmentParagraphs Value="0"/><ukm:TotalImages Value="0"/></ukm:Statistics></proprietary></meta><preface><p class="number"><docNumber>1996 No. 494</docNumber></p><block name="subject"><concept class="title" refersTo="#d4e55">MAGISTRATES' COURTS</concept></block><p class="title"><shortTitle>The Magistrates' Courts Fees (Amendment) Order (Northern Ireland) 1996</shortTitle></p><p class="MadeDate"><span>Made</span><docDate date="1996-10-15">15th October 1996</docDate></p><p class="ComingIntoForce"><span>Coming into operation</span><docDate date="1996-11-04">4th November 1996</docDate></p></preface><preamble><formula name="EnactingText"><p>The Lord Chancellor, in exercise of the powers conferred on him by section 116(1) and (4) of the Judicature (Northern Ireland) Act 1978<noteRef href="#f00001" class="footnote" marker="1"/>, after consultation with the Lord Chief Justice, and with the concurrence of the Treasury, hereby makes the following Order:—</p></formula></preamble><body><hcontainer name="P1group" eId="d4e77"><heading>Citation and commencement</heading><article eId="article-1"><num>1</num><content><p>This Order may be cited as the Magistrates' Courts Fees (Amendment) Order (Northern Ireland) 1996 and shall come into operation on 4th November 1996.</p></content></article><article eId="article-2"><num>2</num><content><p>After Section <strong>H</strong> in Schedule 1 to the Magistrates' Courts Fees Order (Northern Ireland) 1996<noteRef href="#f00002" class="footnote" marker="2"/>, there shall be inserted the following section:</p><p class="BlockAmendment"><mod><quotedStructure class="unknown unknown schedule default" startQuote="“" endQuote="”"><paragraph eId="d4e98"><num>I</num><content><p>Applications under the Children (Northern Ireland) Order 1995</p><tblock class="tabular"><table><tr><td colspan="1" rowspan="1"><p>56.</p></td><td colspan="1" rowspan="1"><p>An application for an order under Parts II or <abbr class="Acronym" title="3">III</abbr> not otherwise provided for</p></td><td colspan="1" rowspan="1"><p>£30·00</p></td></tr><tr><td colspan="1" rowspan="1"><p>57.</p></td><td colspan="1" rowspan="1"><p>An application for an order under Article 50, (care or supervision order) 55, (education supervision order) or 62 (child assessment order)</p></td><td colspan="1" rowspan="1"><p>£50·00</p></td></tr><tr><td colspan="1" rowspan="1"><p>58.</p></td><td colspan="1" rowspan="1"><p>An application for an order under Article 53 (contact or refusal of contact with a child in care) or 13 (change of child’s surname or removal from the jurisdiction)</p></td><td colspan="1" rowspan="1"><p>£20·00</p></td></tr><tr><td colspan="1" rowspan="1"><p>59.</p></td><td colspan="1" rowspan="1"><p>An application for a financial provision order under Schedule 1</p></td><td colspan="1" rowspan="1"><p>£30·00</p></td></tr><tr><td colspan="1" rowspan="1"><p>60. </p></td><td colspan="1" rowspan="1"><p>An application to vary, extend or discharge an order made under any of the provisions of the Order mentioned at items 56 to 59 above</p></td><td colspan="1" rowspan="1"><p>£20·00</p></td></tr><tr><td colspan="1" rowspan="1"><p>61.</p></td><td colspan="1" rowspan="1"><p>An application under Article 129 (affecting the registration of a child minder) or an appeal under Article 131 (appeal in relation to registration of child minder)</p></td><td colspan="1" rowspan="1"><p>£50·00</p></td></tr><tr><td colspan="1" rowspan="1"><p>62.</p></td><td colspan="1" rowspan="1"><p>An appeal under Article 113 (appeal in relation to foster parenting)</p></td><td colspan="1" rowspan="1"><p>£50·00</p></td></tr><tr><td colspan="1" rowspan="1"><p>63.</p></td><td colspan="1" rowspan="1"><p>An appeal under Article 145 (appeal in relation to licence to take part in public performance)</p></td><td colspan="1" rowspan="1"><p>£50·00</p></td></tr></table></tblock><p>Note: Where an application under the Children (Northern Ireland) Order 1995 requires the leave of the Court the relevant fee applies where leave is sought but no further fee may be charged if leave is granted and the application is made.</p></content></paragraph></quotedStructure></mod><inline name="AppendText">.</inline></p></content></article></hcontainer><hcontainer name="signatures"><content><block name="signature"><signature><person refersTo="#ref-d4e174">Mackay of Clashfern, <em>C.</em></person><date date="1996-10-10">Dated 10th October 1996</date></signature></block><p>We concur</p><block name="signature"><signature><person refersTo="#ref-d4e186">Patrick McLoughlin</person><person refersTo="#ref-d4e188">Roger M. Knapman</person><role refersTo="#ref-d4e190">Two of the Lords Commissioners of Her Majesty’s Treasury</role><date date="1996-10-15">Dated 15th October 1996</date></signature></block></content></hcontainer></body><conclusions><blockContainer class="ExplanatoryNotes"><intro><p>(This note is not part of the Order.)</p></intro><p><authorialNote><p>This Order amends the Magistrates' Courts Fees Order (Northern Ireland) 1996 to prescribe the fees to be taken in respect of certain applications and appeals under the Children (Northern Ireland) Order 1995.</p></authorialNote></p></blockContainer></conclusions></act></akomaNtoso>