<akomaNtoso xmlns:xsi="http://www.w3.org/2001/XMLSchema-instance" xmlns="http://docs.oasis-open.org/legaldocml/ns/akn/3.0" xsi:schemaLocation="http://docs.oasis-open.org/legaldocml/ns/akn/3.0 http://docs.oasis-open.org/legaldocml/akn-core/v1.0/cos01/part2-specs/schemas/akomantoso30.xsd"><act name="UnitedKingdomChurchMeasure"><meta><identification source="#source"><FRBRWork><FRBRthis value="http://www.legislation.gov.uk/id/ukcm/2006/2"/><FRBRuri value="http://www.legislation.gov.uk/id/ukcm/2006/2"/><FRBRdate date="2006-07-11" name="enacted"/><FRBRauthor href="http://www.legislation.gov.uk/id/legislature/GeneralSynod"/><FRBRcountry value="GB-UKM"/><FRBRnumber value="2"/><FRBRname value="2006 No. 2"/><FRBRprescriptive value="true"/></FRBRWork><FRBRExpression><FRBRthis value="http://www.legislation.gov.uk/ukcm/2006/2/made"/><FRBRuri value="http://www.legislation.gov.uk/ukcm/2006/2/made"/><FRBRdate date="2006-07-11" name="enacted"/><FRBRauthor href="#source"/><FRBRlanguage language="eng"/></FRBRExpression><FRBRManifestation><FRBRthis value="http://www.legislation.gov.uk/ukcm/2006/2/made/data.akn"/><FRBRuri value="http://www.legislation.gov.uk/ukcm/2006/2/made/data.akn"/><FRBRdate date="2021-07-25+01:00" name="transform"/><FRBRauthor href="http://www.legislation.gov.uk"/><FRBRformat value="application/akn+xml"/></FRBRManifestation></identification><classification source="#source"><keyword value="church of england" showAs="Church Of England" dictionary="http://www.legislation.gov.uk"/><keyword value="employment terms and conditions" showAs="Employment terms and conditions" dictionary="http://www.legislation.gov.uk"/></classification><lifecycle source="#source"><eventRef date="2006-07-11" type="generation" eId="enacted-date" source="#source"/><eventRef date="2007-01-01" type="amendment" source="#source"/><eventRef date="2012-07-01" type="amendment" source="#source"/></lifecycle><references source="#source"><TLCOrganization eId="source" href="http://www.legislation.gov.uk/id/publisher/KingsOrQueensPrinterOfActsOfParliament" showAs="Queen's Printer of Acts of Parliament"/></references><proprietary xmlns:ukl="http://www.legislation.gov.uk/namespaces/legislation" xmlns:ukm="http://www.legislation.gov.uk/namespaces/metadata" xmlns:dc="http://purl.org/dc/elements/1.1/" xmlns:dct="http://purl.org/dc/terms/" xmlns:atom="http://www.w3.org/2005/Atom" source="#source"><dc:identifier>http://www.legislation.gov.uk/ukcm/2006/2/made</dc:identifier><dc:title>Pastoral (Amendment) Measure 2006</dc:title><dc:subject>Church Of England</dc:subject><dc:subject>Employment terms and conditions</dc:subject><dc:publisher>Queen's Printer of Acts of Parliament</dc:publisher><dc:modified>2011-07-04</dc:modified><atom:link rel="self" href="http://www.legislation.gov.uk/ukcm/2006/2/made/data.xml" type="application/xml"/><atom:link rel="http://www.legislation.gov.uk/def/navigation/resources" href="http://www.legislation.gov.uk/ukcm/2006/2/resources" title="More Resources"/><atom:link rel="http://www.legislation.gov.uk/def/navigation/act" href="http://www.legislation.gov.uk/ukcm/2006/2/made" title="whole act"/><atom:link rel="http://www.legislation.gov.uk/def/navigation/introduction" href="http://www.legislation.gov.uk/ukcm/2006/2/introduction/made" title="introduction"/><atom:link rel="http://www.legislation.gov.uk/def/navigation/body" href="http://www.legislation.gov.uk/ukcm/2006/2/body/made" title="body"/><atom:link rel="alternate" type="application/rdf+xml" href="http://www.legislation.gov.uk/ukcm/2006/2/made/data.rdf" title="RDF/XML"/><atom:link rel="alternate" type="application/akn+xml" href="http://www.legislation.gov.uk/ukcm/2006/2/made/data.akn" title="AKN"/><atom:link rel="alternate" type="application/xhtml+xml" href="http://www.legislation.gov.uk/ukcm/2006/2/made/data.xht" title="HTML snippet"/><atom:link rel="alternate" type="application/pdf" href="http://www.legislation.gov.uk/ukcm/2006/2/made/data.pdf" title="PDF"/><atom:link rel="alternate" type="application/akn+xhtml" href="http://www.legislation.gov.uk/ukcm/2006/2/made/data.html" title="HTML5 snippet"/><atom:link rel="alternate" href="http://www.legislation.gov.uk/ukcm/2006/2/pdfs/ukcm_20060002_en.pdf" type="application/pdf" title="Print Version"/><atom:link rel="http://purl.org/dc/terms/tableOfContents" hreflang="en" href="http://www.legislation.gov.uk/ukcm/2006/2/contents/made" title="Table of Contents"/><atom:link rel="http://purl.org/dc/terms/hasVersion" href="http://www.legislation.gov.uk/ukcm/2006/2/2007-01-01" title="2007-01-01"/><atom:link rel="http://purl.org/dc/terms/hasVersion" href="http://www.legislation.gov.uk/ukcm/2006/2/2012-07-01" title="2012-07-01"/><atom:link rel="http://purl.org/dc/terms/hasVersion" href="http://www.legislation.gov.uk/ukcm/2006/2" title="current"/><ukm:PrimaryMetadata><ukm:DocumentClassification><ukm:DocumentCategory Value="primary"/><ukm:DocumentMainType Value="UnitedKingdomChurchMeasure"/><ukm:DocumentStatus Value="final"/></ukm:DocumentClassification><ukm:Year Value="2006"/><ukm:Number Value="2"/><ukm:EnactmentDate Date="2006-07-11"/><ukm:ISBN Value="0105309060"/></ukm:PrimaryMetadata><ukm:Alternatives><ukm:Alternative Date="2008-03-03" URI="http://www.legislation.gov.uk/ukcm/2006/2/pdfs/ukcm_20060002_en.pdf" Title="Print Version"/></ukm:Alternatives><ukm:Statistics><ukm:TotalParagraphs Value="2"/><ukm:BodyParagraphs Value="2"/><ukm:ScheduleParagraphs Value="0"/><ukm:AttachmentParagraphs Value="0"/><ukm:TotalImages Value="0"/></ukm:Statistics></proprietary></meta><preface><p class="title"><shortTitle>Pastoral (Amendment) Measure 2006</shortTitle></p><p class="number"><docNumber>2006 No. 2</docNumber></p><longTitle><p>A Measure passed by the General Synod of the Church of England to enable leases to be granted of parts of churches and of land belonging or annexed to a church and for connected purposes.</p></longTitle><p class="DateOfEnactment"><docDate date="2006-07-11">[11th July 2006]</docDate></p></preface><body><section eId="section-1"><num>1</num><heading>Amendment of section 56 of Pastoral Measure 1983</heading><intro><p>Section 56 of the Pastoral Measure 1983 shall be amended as follows—</p></intro><paragraph eId="section-1-a"><num>a</num><content><p>in subsection (2), there shall be inserted at the beginning the words “Subject to subsections (2A) and (2B),”; and</p></content></paragraph><paragraph eId="section-1-b"><num>b</num><content><p>after subsection (2) there shall be inserted the following subsections—</p><p class="BlockAmendment"><mod><quotedStructure class="primary unknown main default" startQuote="“" endQuote="”"><subsection eId="d4e85"><num>2A</num><content><p>Without prejudice to subsection (3)(a), on an application by the incumbent of the benefice comprising or including the parish in which the church is situated or, where the benefice is vacant, the bishop in the name and on behalf of the incumbent in the corporate capacity of the incumbent, the court may grant a faculty for a lease to be granted by the incumbent or, as the case may be, the bishop, of part of a church, provided that the court shall ensure that the premises remaining unlet, together with the premises let, under any lease or leases granted under this subsection, are, taken as a whole, used primarily as a place of worship.</p></content></subsection><subsection eId="d4e91"><num>2B</num><content><p>On an application by any person referred to in subsection (2A) the court may, whether or not it grants a faculty under that subsection, grant a faculty for the lease of any land belonging to or annexed to a church.</p></content></subsection><subsection eId="d4e97"><num>2C</num><content><p>The parochial church council for the parish in which the church or land is situated shall be a party to any lease granted under subsection (2A) or (2B) and, without prejudice to the rights and obligations of the lessor, shall have the same rights as the lessor to enforce any term of the lease which may be binding on the lessee, including any rights to forfeit the lease or to distrain on the property of the lessee.</p></content></subsection><subsection eId="d4e103"><num>2D</num><content><p>Subject to any directions of the court, any rent or other payment payable under any lease granted under subsection (2A) or (2B) shall be paid to the parochial church council.</p></content></subsection><subsection eId="d4e109"><num>2E</num><content><p>Subject to subsections (2D) and (2F), any such lease shall be for such period, and may contain such terms, as the court may determine and the lease or any terms contained therein may be varied at any time by the court on application by any party to the lease or otherwise as authorised by the court.</p></content></subsection><subsection eId="d4e115"><num>2F</num><intro><p>Any such lease shall be deemed to contain the following terms—</p></intro><paragraph eId="d4e121"><num>a</num><content><p>in the case of a lease of part of a church granted under subsection (2A), the premises which are the subject of the lease shall not be used for purposes which are, or in a way which is, inconsistent with the use specified in that subsection, and</p></content></paragraph><paragraph eId="d4e127"><num>b</num><content><p>in the case of a lease granted under subsection (2A) or (2B), no use shall be permitted for residential purposes except by a person who, as an employee of the lessor or otherwise, is required, as a condition of the employment or contract, to reside in the premises or part thereof,</p></content></paragraph><wrapUp><p>and the lease shall be deemed to contain a covenant on the part of the lessee to perform the said terms.</p></wrapUp></subsection><subsection eId="d4e135"><num>2G</num><intro><p>Where any lease is granted under subsection (2A) or (2B) —</p></intro><paragraph eId="d4e141"><num>a</num><content><p>in the case of a lease of premises to trustees to be held on trust to be used for the purposes of a place of worship, the trustees shall not be entitled to exercise the right conferred by the Places of Worship (Enfranchisement) Act 1920 (10 &amp; 11 <abbr title="George" xml:lang="">Geo.</abbr> 5 c. 56) to enlarge the leasehold interest by acquiring the freehold;</p></content></paragraph><paragraph eId="d4e150"><num>b</num><content><p>in the case of a lease consisting of a tenancy of premises occupied or to be occupied wholly or partly for the purposes of a business, the tenancy shall not be subject to any provision of Part II of the Landlord and Tenant Act 1954 (2 &amp; 3 <abbr title="Elizabeth" xml:lang="">Eliz.</abbr> 2 c. 56) under which the lease is continued until determined, or under which the tenant is entitled to apply to the court for the grant of a new tenancy, in accordance with the provisions of that Part; and</p></content></paragraph><paragraph eId="d4e159"><num>c</num><content><p>in the case of a lease of land consisting of a tenancy which would, but for this subsection, be a farm business tenancy to which the Agricultural Tenancies Act 1995 (<ref href="http://www.legislation.gov.uk/id/ukpga/1995/8">1995 c. 8)</ref> applied, that Act shall not apply to the tenancy and, accordingly, the tenant shall not be entitled to exercise any of the rights conferred by Part I, <abbr class="Acronym" title="2">II</abbr> or <abbr class="Acronym" title="3">III</abbr> of that Act.</p></content></paragraph></subsection><subsection eId="d4e174"><num>2H</num><content><p>Without prejudice to section 84, where at any time, there is no parochial church council, the foregoing provisions of this section shall have effect and any lease granted under subsection (2A) or (2B) shall be construed as if, for any reference therein to the council, there were substituted a reference to the churchwardens.</p></content></subsection><subsection eId="d4e180"><num>2I</num><content><p>Where a lease has been granted under subsection (2A) or (2B) and, at any time, the benefice is vacant, the bishop in the name and on behalf of the incumbent in the incumbent’s corporate capacity may exercise the power conferred on the lessor by subsection (2E) to apply to the court for a variation of the lease or any terms therein and the lease shall be construed as if any reference therein to the incumbent were a reference to the bishop acting in the name and on behalf of the incumbent as aforesaid.</p></content></subsection><subsection eId="d4e186"><num>2J</num><content><p>Any question relating to the interpretation or enforcement of any term of any lease granted under subsection (2A) or (2B) shall be determined by the court and section 11 of the <ref href="http://www.legislation.gov.uk/id/ukcm/1964/5">Faculty Jurisdiction Measure 1964 (1964 <abbr title="Number" xml:lang="">No.</abbr> 5)</ref> shall apply in relation to proceedings under subsection (2E) and this subsection as it applies to the proceedings mentioned in that section.</p></content></subsection><subsection eId="d4e198"><num>2K</num><content><p>Section 16(2), so far only as it applies to the archdeacon, (3) and (4) of the <ref href="http://www.legislation.gov.uk/id/ukcm/1991/1">Care of Churches and Ecclesiastical Jurisdiction Measure 1991 (1991 <abbr title="Number" xml:lang="">No.</abbr> 1)</ref>, shall apply to proceedings under subsections (2A), (2B), (2E) and (2J) as they apply to other proceedings for a faculty.</p></content></subsection><subsection eId="d4e211"><num>2L</num><content><p>In this section, except subsection (2G)(b), “the court” means the consistory court of the diocese in which the building is situated or, in the case of the diocese of Canterbury, the commissary court thereof and section 14 of the <ref href="http://www.legislation.gov.uk/id/ukcm/1991/1">Care of Churches and Ecclesiastical Jurisdiction Measure 1991 (1991 <abbr title="Number" xml:lang="">No.</abbr> 1)</ref> shall not apply to the jurisdiction of the court conferred by the foregoing provisions of this section.</p></content></subsection></quotedStructure></mod><inline name="AppendText">.</inline></p></content></paragraph></section><section eId="section-2"><num>2</num><heading>Citation, commencement and extent</heading><subsection eId="section-2-1"><num>1</num><content><p>This Measure may be cited as the Pastoral (Amendment) Measure 2006.</p></content></subsection><subsection eId="section-2-2"><num>2</num><content><p>This Measure shall come into force on such day as the Archbishops of Canterbury and York may jointly appoint, and different days may be appointed for different purposes.</p></content></subsection><subsection eId="section-2-3"><num>3</num><intro><p>This Measure shall extend to the whole of the Provinces of Canterbury and York except the Channel Islands and the Isle of Man except that—</p></intro><paragraph eId="section-2-3-a"><num>a</num><content><p>it may be applied to the Channel Islands as defined in the Channel Islands (Church Legislation) Measures 1931 and 1957, or either of them, in accordance with those Measures, and</p></content></paragraph><paragraph eId="section-2-3-b"><num>b</num><content><p>if an Act of Tynwald or an instrument made in pursuance of an Act of Tynwald so provides, it shall extend to the Isle of Man subject to such exceptions, adaptations or modifications as may be specified in the Act of Tynwald or instrument.</p></content></paragraph></subsection></section></body></act></akomaNtoso>