<akomaNtoso xmlns:xsi="http://www.w3.org/2001/XMLSchema-instance" xmlns="http://docs.oasis-open.org/legaldocml/ns/akn/3.0" xsi:schemaLocation="http://docs.oasis-open.org/legaldocml/ns/akn/3.0 http://docs.oasis-open.org/legaldocml/akn-core/v1.0/cos01/part2-specs/schemas/akomantoso30.xsd"><act name="UnitedKingdomLocalAct"><meta><identification source="#source"><FRBRWork><FRBRthis value="http://www.legislation.gov.uk/id/ukla/2010/3"/><FRBRuri value="http://www.legislation.gov.uk/id/ukla/2010/3"/><FRBRdate date="2010-04-08" name="enacted"/><FRBRauthor href="http://www.legislation.gov.uk/id/legislature/UnitedKingdomParliament"/><FRBRcountry value="GB-UKM"/><FRBRnumber value="3"/><FRBRname value="2010 c. iii"/><FRBRprescriptive value="true"/></FRBRWork><FRBRExpression><FRBRthis value="http://www.legislation.gov.uk/ukla/2010/3/made"/><FRBRuri value="http://www.legislation.gov.uk/ukla/2010/3/made"/><FRBRdate date="2010-04-08" name="enacted"/><FRBRauthor href="#source"/><FRBRlanguage language="eng"/></FRBRExpression><FRBRManifestation><FRBRthis value="http://www.legislation.gov.uk/ukla/2010/3/made/data.akn"/><FRBRuri value="http://www.legislation.gov.uk/ukla/2010/3/made/data.akn"/><FRBRdate date="2021-07-26+01:00" name="transform"/><FRBRauthor href="http://www.legislation.gov.uk"/><FRBRformat value="application/akn+xml"/></FRBRManifestation></identification><classification source="#source"><keyword value="city councils" showAs="City councils" dictionary="http://www.legislation.gov.uk"/><keyword value="compensation" showAs="Compensation" dictionary="http://www.legislation.gov.uk"/></classification><lifecycle source="#source"><eventRef date="2010-04-08" type="generation" eId="enacted-date" source="#source"/></lifecycle><references source="#source"><TLCOrganization eId="source" href="http://www.legislation.gov.uk/id/publisher/KingsOrQueensPrinterOfActsOfParliament" showAs="Queen's Printer of Acts of Parliament"/></references><proprietary xmlns:ukl="http://www.legislation.gov.uk/namespaces/legislation" xmlns:ukm="http://www.legislation.gov.uk/namespaces/metadata" xmlns:dc="http://purl.org/dc/elements/1.1/" xmlns:dct="http://purl.org/dc/terms/" xmlns:atom="http://www.w3.org/2005/Atom" source="#source"><dc:identifier>http://www.legislation.gov.uk/ukla/2010/3/made</dc:identifier><dc:title>Manchester City Council Act 2010</dc:title><dc:subject>City councils</dc:subject><dc:subject>Compensation</dc:subject><dc:publisher>Queen's Printer of Acts of Parliament</dc:publisher><dc:modified>2017-10-04</dc:modified><atom:link rel="self" href="http://www.legislation.gov.uk/ukla/2010/3/made/data.xml" type="application/xml"/><atom:link rel="http://www.legislation.gov.uk/def/navigation/resources" href="http://www.legislation.gov.uk/ukla/2010/3/resources" title="More Resources"/><atom:link rel="http://www.legislation.gov.uk/def/navigation/act" href="http://www.legislation.gov.uk/ukla/2010/3/made" title="whole act"/><atom:link rel="http://www.legislation.gov.uk/def/navigation/introduction" href="http://www.legislation.gov.uk/ukla/2010/3/introduction/made" title="introduction"/><atom:link rel="http://www.legislation.gov.uk/def/navigation/body" href="http://www.legislation.gov.uk/ukla/2010/3/body/made" title="body"/><atom:link rel="alternate" type="application/rdf+xml" href="http://www.legislation.gov.uk/ukla/2010/3/made/data.rdf" title="RDF/XML"/><atom:link rel="alternate" type="application/akn+xml" href="http://www.legislation.gov.uk/ukla/2010/3/made/data.akn" title="AKN"/><atom:link rel="alternate" type="application/xhtml+xml" href="http://www.legislation.gov.uk/ukla/2010/3/made/data.xht" title="HTML snippet"/><atom:link rel="alternate" type="application/pdf" href="http://www.legislation.gov.uk/ukla/2010/3/made/data.pdf" title="PDF"/><atom:link rel="alternate" type="application/akn+xhtml" href="http://www.legislation.gov.uk/ukla/2010/3/made/data.html" title="HTML5 snippet"/><atom:link rel="alternate" href="http://www.legislation.gov.uk/ukla/2010/3/pdfs/ukla_20100003_en.pdf" type="application/pdf" title="Original PDF"/><atom:link rel="http://purl.org/dc/terms/tableOfContents" hreflang="en" href="http://www.legislation.gov.uk/ukla/2010/3/contents/made" title="Table of Contents"/><ukm:PrimaryMetadata><ukm:DocumentClassification><ukm:DocumentCategory Value="primary"/><ukm:DocumentMainType Value="UnitedKingdomLocalAct"/><ukm:DocumentStatus Value="final"/></ukm:DocumentClassification><ukm:Year Value="2010"/><ukm:Number Value="3"/><ukm:EnactmentDate Date="2010-04-08"/><ukm:ISBN Value="9780105452188"/></ukm:PrimaryMetadata><ukm:Alternatives><ukm:Alternative URI="http://www.legislation.gov.uk/ukla/2010/3/pdfs/ukla_20100003_en.pdf" Date="2010-08-05"/></ukm:Alternatives><ukm:Statistics><ukm:TotalParagraphs Value="9"/><ukm:BodyParagraphs Value="9"/><ukm:ScheduleParagraphs Value="0"/><ukm:AttachmentParagraphs Value="0"/><ukm:TotalImages Value="0"/></ukm:Statistics></proprietary></meta><preface><p class="title"><shortTitle>Manchester City Council Act 2010</shortTitle></p><p class="number"><docNumber>2010 c. iii</docNumber></p><longTitle><p>An Act to confer powers on Manchester City Council for the better control of street trading in the city of Manchester.</p></longTitle><p class="DateOfEnactment"><docDate date="2010-04-08">[8th April 2010]</docDate></p></preface><preamble><p><inline name="smallCaps" style="font-variant:small-caps">Whereas</inline>—</p><blockList class="ordered"><item><num>1</num><p>The city of Manchester (hereinafter called “<abbr title="the city of Manchester" xml:lang="">the city</abbr>”) is a district under the management and local government of Manchester City Council (hereinafter called “<abbr title="Manchester City Council" xml:lang="">the council</abbr>”):</p></item><item><num>2</num><p>Certain powers relating to street trading in <abbr title="the city of Manchester" xml:lang="">the city</abbr> are exercisable by <abbr title="Manchester City Council" xml:lang="">the council</abbr> under the Local Government (Miscellaneous Provisions) Act <ref href="http://www.legislation.gov.uk/id/ukpga/1982/30">1982 (c. 30)</ref> and for their better enforcement it is expedient to amend that Act in its application to Manchester and supplement those powers:</p></item><item><num>3</num><p>The objects of this Act cannot be attained without the authority of Parliament:</p></item><item><num>4</num><p>In relation to the promotion of the Bill for this Act the requirements of section 239 of the Local Government Act <ref href="http://www.legislation.gov.uk/id/ukpga/1972/70">1972 (c. 70)</ref> have been observed:</p></item></blockList><formula name="EnactingText"><p>May it therefore please your Majesty that it may be enacted, and be it enacted, by the Queen’s Most Excellent Majesty, by and with the advice and consent of the Lords Spiritual and Temporal, and Commons, in this present Parliament assembled, and by the authority of the same, as follows:—</p></formula></preamble><body><hcontainer name="crossheading" eId="crossheading-introductory"><heading>Introductory</heading><section eId="section-1"><num>1</num><heading>Citation</heading><content><p>This Act may be cited as the Manchester City Council Act 2010.</p></content></section><section eId="section-2"><num>2</num><heading>Interpretation</heading><content><p>In this Act—</p><blockList class="unordered"><item><p>“the <abbr title="Local Government (Miscellaneous Provisions) Act 1982 c. 30" xml:lang="">1982 Act</abbr>” means the Local Government (Miscellaneous Provisions) Act <ref href="http://www.legislation.gov.uk/id/ukpga/1982/30">1982 (c. 30)</ref>;</p></item><item><p>“authorised officer” means an officer of <abbr title="Manchester City Council" xml:lang="">the council</abbr> authorised by <abbr title="Manchester City Council" xml:lang="">the council</abbr> in writing to act for the purposes of this Act;</p></item><item><p>“<abbr title="the Chief Constable of the Greater Manchester police force" xml:lang="">the chief constable</abbr>” means the Chief Constable of the Greater Manchester police force;</p></item><item><p>“<abbr title="the city of Manchester" xml:lang="">the city</abbr>” means the city of Manchester;</p></item><item><p>“<abbr title="Manchester City Council" xml:lang="">the council</abbr>” means the Manchester City Council;</p></item><item><p>“equipment” means equipment used for the purposes of street trading;</p></item><item><p>“proper officer” has the same meaning as in section 270(3) of the Local Government Act <ref href="http://www.legislation.gov.uk/id/ukpga/1972/70">1972 (c. 70)</ref>;</p></item><item><p>“receptacle” includes—</p><blockList class="ordered"><item><num>a</num><p>any vehicle, trailer or barrow; and</p></item><item><num>b</num><p>any basket, bag, box, vessel, stall, stand, easel, board, tray or other thing,</p></item></blockList><p>which is used (whether or not constructed or adapted for such use) as a container for or for the display of any article;</p></item><item><p>“a relevant offence” means an offence—</p><blockList class="ordered"><item><num>a</num><p>under paragraph 10 of Schedule 4 to the <abbr title="Local Government (Miscellaneous Provisions) Act 1982 c. 30" xml:lang="">1982 Act</abbr>; or</p></item><item><num>b</num><p>of aiding, abetting, counselling or procuring the commission of an offence under that paragraph,</p></item></blockList><p>committed on or after the day on which this Act came into force.</p></item></blockList></content></section><section eId="section-3"><num>3</num><heading>Application</heading><content><p>This Act applies so long as any resolution by <abbr title="Manchester City Council" xml:lang="">the council</abbr> under section 3 of the <abbr title="Local Government (Miscellaneous Provisions) Act 1982 c. 30" xml:lang="">1982 Act</abbr> remains in force.</p></content></section></hcontainer><hcontainer name="crossheading" eId="crossheading-application-of-1982-act"><heading>Application of <abbr title="Local Government (Miscellaneous Provisions) Act 1982 c. 30" xml:lang="">1982 Act</abbr></heading><section eId="section-4"><num>4</num><heading>Provision of services</heading><subsection eId="section-4-1"><num>1</num><content><p>In their application to <abbr title="the city of Manchester" xml:lang="">the city</abbr>, the provisions of Schedule 4 to the <abbr title="Local Government (Miscellaneous Provisions) Act 1982 c. 30" xml:lang="">1982 Act</abbr> shall apply with the following modifications.</p></content></subsection><subsection eId="section-4-2"><num>2</num><content><p>In paragraph 1(1), for the definition of “street trading”, there is substituted—</p><p class="BlockAmendment"><mod><quotedStructure class="primary unknown schedule default" startQuote="“" endQuote="”"><p>“street trading” means, subject to sub-paragraph (2) below—</p><subparagraph eId="d4e259"><num>a</num><content><p>the selling or exposing or offering for sale of any article (including a living thing) in a street; or</p></content></subparagraph><subparagraph eId="d4e265"><num>b</num><content><p>the supplying of or offering to supply any service in a street for gain or reward; and</p></content></subparagraph></quotedStructure></mod><inline name="AppendText">.</inline></p></content></subsection><subsection eId="section-4-3"><num>3</num><content><p>In paragraph 3(2)(c) after “articles” in both places where it appears there is inserted “or services”.</p></content></subsection><subsection eId="section-4-4"><num>4</num><content><p>In paragraph 3(6)(b) after “goods” there is inserted “or services”.</p></content></subsection><subsection eId="section-4-5"><num>5</num><content><p>In paragraph 4(1)(b) after “articles” there is inserted “or services”.</p></content></subsection></section><section eId="section-5"><num>5</num><heading>Pedlars</heading><subsection eId="section-5-1"><num>1</num><intro><p>Subject to subsection (2), in their application to <abbr title="the city of Manchester" xml:lang="">the city</abbr>, the provisions of Schedule 4 to the <abbr title="Local Government (Miscellaneous Provisions) Act 1982 c. 30" xml:lang="">1982 Act</abbr> shall apply as if—</p></intro><paragraph eId="section-5-1-a"><num>a</num><content><p>in paragraph 1(2)(a) of that schedule there were inserted, after the reference to the Pedlars Act <ref href="http://www.legislation.gov.uk/id/ukpga/1871/96">1871 (c. 96)</ref>, the words</p><p class="BlockAmendment"><mod><quotedStructure class="primary unknown schedule default" startQuote="“" endQuote="”"><p class="run-on">, if the trading is carried out only—</p><subparagraph eId="d4e322"><num>i</num><content><p>by means of visits from house to house,</p></content></subparagraph><subparagraph eId="d4e328"><num>ii</num><content><p>with any goods or handicraft equipment carried on his person as a pedestrian, or</p></content></subparagraph><subparagraph eId="d4e334"><num>iii</num><content><p>with any goods or handicraft equipment carried in a wheeled vehicle (with a carrying capacity no greater than one cubic metre) pushed or pulled by him,</p></content></subparagraph><p>and (in so far as sub-paragraph (ii) or (iii) of this paragraph applies), he complies with the essential requirements referred to in sub-paragraph (2A) below, as read with sub-paragraphs (2B) and (2C) below</p></quotedStructure></mod><inline name="AppendText">, and</inline></p></content></paragraph><paragraph eId="section-5-1-b"><num>b</num><content><p>after paragraph 1(2) of that schedule there were inserted the following sub-paragraphs:</p><p class="BlockAmendment"><mod><quotedStructure class="primary unknown schedule default" startQuote="“" endQuote="”"><subparagraph eId="d4e351"><num>2A</num><intro><p>Subject to sub-paragraph (2B) a person complies with the essential requirements as follows—</p></intro><paragraph eId="d4e357"><num>a</num><intro><p>he must leave any location that he is occupying with a view to trading no later than five minutes after arrival there, unless he begins trading on arrival there, in which case he must leave no later than—</p></intro><subparagraph eId="d4e363"><num>i</num><content><p>at the end of the five minute period, or</p></content></subparagraph><subparagraph eId="d4e369"><num>ii</num><content><p>as soon as he is able after trading ceases,</p></content></subparagraph><wrapUp><p>whichever comes later;</p></wrapUp></paragraph><paragraph eId="d4e377"><num>b</num><content><p>each location he occupies with a view to trading must be at a minimum distance of 200 metres from his previous one;</p></content></paragraph><paragraph eId="d4e383"><num>c</num><content><p>each location he occupies in any 12 hour period with a view to trading must be at a minimum distance of 5 metres away from any other one that he has so occupied at any time in that period;</p></content></paragraph><paragraph eId="d4e389"><num>d</num><content><p>he must not begin so to occupy a location any part of which is nearer than a minimum distance of 50 metres from any part of a location for the time being so occupied by another person;</p></content></paragraph><paragraph eId="d4e395"><num>e</num><intro><p>at all times while—</p></intro><subparagraph eId="d4e401"><num>i</num><content><p>trading,</p></content></subparagraph><subparagraph eId="d4e407"><num>ii</num><content><p>otherwise occupying any location with a view to trading, or</p></content></subparagraph><subparagraph eId="d4e413"><num>iii</num><content><p>moving between locations occupied or to be occupied with a view to trading,</p></content></subparagraph><wrapUp><p>he must display prominently his certificate granted under the Pedlars Act 1871.</p></wrapUp></paragraph></subparagraph><subparagraph eId="d4e421"><num>2B</num><intro><p>Nothing in sub-paragraph (2A)(b) to (d) above disqualifies any person from occupying a location within a minimum distance for the purpose of trading if—</p></intro><paragraph eId="d4e427"><num>a</num><content><p>he so occupies it on the request of a bona fide customer,</p></content></paragraph><paragraph eId="d4e433"><num>b</num><content><p>he begins trading on arrival there, and</p></content></paragraph><paragraph eId="d4e439"><num>c</num><content><p>he leaves as soon as he is able after trading ceases.</p></content></paragraph></subparagraph><subparagraph eId="d4e445"><num>2C</num><intro><p>For the purposes of sub-paragraphs (2A) and (2B) above—</p></intro><paragraph eId="d4e451"><num>a</num><intro><p>a person is trading from such time as, while falling within sub-paragraph (2)(a)(ii) or (iii), he commences the transaction—</p></intro><subparagraph eId="d4e457"><num>i</num><content><p>of selling goods to a bona fide customer, or</p></content></subparagraph><subparagraph eId="d4e463"><num>ii</num><content><p>of supplying a service for payment by a bona fide customer,</p></content></subparagraph><wrapUp><p>up to the moment when the transaction is completed or aborted but, if another bona fide customer is waiting to trade with him at that moment, time shall not be treated as elapsing in any gap between that moment and the commencement of the transaction with the other customer; and</p></wrapUp></paragraph><paragraph eId="d4e471"><num>b</num><intro><p>measurement of minimum distance operates in a straight line except to the extent that—</p></intro><subparagraph eId="d4e477"><num>i</num><content><p>the ground is not level, or</p></content></subparagraph><subparagraph eId="d4e483"><num>ii</num><content><p>passage along the line is obstructed by buildings, fixed structures or private property</p></content></subparagraph></paragraph></subparagraph></quotedStructure></mod><inline name="AppendText">.</inline></p></content></paragraph></subsection><subsection eId="section-5-2"><num>2</num><content><p>Nothing in subsection (1) shall be taken to extend the range of activities that comprise acting as a pedlar.</p></content></subsection></section></hcontainer><hcontainer name="crossheading" eId="crossheading-seizure-and-forfeiture"><heading>Seizure and forfeiture</heading><section eId="section-6"><num>6</num><heading>Seizure</heading><subsection eId="section-6-1"><num>1</num><intro><p>Subject to the following provisions of this section, if an authorised officer or a constable has reasonable grounds for believing that a person has committed a relevant offence, the authorised officer or constable may seize—</p></intro><paragraph eId="section-6-1-a"><num>a</num><content><p>any article in relation to which he believes an offence has been committed and which is being offered or exposed for sale or displayed; or</p></content></paragraph><paragraph eId="section-6-1-b"><num>b</num><intro><p>any other article which—</p></intro><subparagraph eId="section-6-1-b-i"><num>i</num><content><p>is in the possession of or under the control of any person who is offering or exposing for sale or displaying an article; and</p></content></subparagraph><subparagraph eId="section-6-1-b-ii"><num>ii</num><content><p>is of a similar nature to the article being offered or exposed for sale or displayed, as the case may be; or</p></content></subparagraph></paragraph><paragraph eId="section-6-1-c"><num>c</num><content><p>any receptacle or equipment being used by that person.</p></content></paragraph></subsection><subsection eId="section-6-2"><num>2</num><content><p>No article, receptacle or equipment shall be seized under subsection (1) unless the conditions of subsection (3) apply.</p></content></subsection><subsection eId="section-6-3"><num>3</num><intro><p>The conditions are that the article, receptacle or equipment—</p></intro><paragraph eId="section-6-3-a"><num>a</num><intro><p>may be—</p></intro><subparagraph eId="section-6-3-a-i"><num>i</num><content><p>required to be used in evidence in any proceedings in respect of the suspected offence; or</p></content></subparagraph><subparagraph eId="section-6-3-a-ii"><num>ii</num><content><p>the subject of forfeiture under section 8; and</p></content></subparagraph></paragraph><paragraph eId="section-6-3-b"><num>b</num><content><p>in the case of an article is not of a perishable nature.</p></content></paragraph></subsection><subsection eId="section-6-4"><num>4</num><content><p>An authorised officer shall produce his authority if required to do so by the person having care or control of anything seized in pursuance of the powers in subsection (1).</p></content></subsection><subsection eId="section-6-5"><num>5</num><intro><p>An authorised officer or a constable shall, forthwith after seizing any article, receptacle or equipment under subsection (1), give to the person from whom the article, receptacle or equipment was seized a document containing the following information—</p></intro><paragraph eId="section-6-5-a"><num>a</num><content><p>the name and address of the person who the authorised officer or constable believes has committed the offence;</p></content></paragraph><paragraph eId="section-6-5-b"><num>b</num><content><p>if different from the name and address of the person mentioned in paragraph (a), the name and address of the owner of the article, receptacle or equipment;</p></content></paragraph><paragraph eId="section-6-5-c"><num>c</num><content><p>the type of article, receptacle or equipment seized; and</p></content></paragraph><paragraph eId="section-6-5-d"><num>d</num><content><p>information about section 8(2).</p></content></paragraph></subsection><subsection eId="section-6-6"><num>6</num><intro><p>If an authorised officer or constable is unable, after reasonable enquiry of the person who he believes has committed the offence, to ascertain the name or address of—</p></intro><paragraph eId="section-6-6-a"><num>a</num><content><p>that person; or</p></content></paragraph><paragraph eId="section-6-6-b"><num>b</num><content><p>the owner of the article, receptacle or equipment,</p></content></paragraph><wrapUp><p>or has reasonable cause to believe that a name or address provided to him is incorrect, he need not comply with paragraph (a) or (b), as the case may be, of subsection (5).</p></wrapUp></subsection><subsection eId="section-6-7"><num>7</num><content><p>The authorised officer or constable shall, before the end of the period of 14 days beginning with the date of seizure, give or serve a copy of the document to or on any person who is named on the document under subsection (5)(b) at the address shown on the document.</p></content></subsection></section><section eId="section-7"><num>7</num><heading>Return and disposal of seized items</heading><subsection eId="section-7-1"><num>1</num><content><p>The following provisions of this section shall have effect where any article, receptacle or equipment is seized under section 6(1) and references in those provisions to proceedings are to proceedings in respect of the alleged offence in relation to which the article, receptacle or equipment is seized.</p></content></subsection><subsection eId="section-7-2"><num>2</num><intro><p>Subject to subsections (3) to (6), following the conclusion of the proceedings the article, receptacle or equipment shall be returned to the person from whom it was seized unless—</p></intro><paragraph eId="section-7-2-a"><num>a</num><content><p>the court orders it to be forfeited under section 8; or</p></content></paragraph><paragraph eId="section-7-2-b"><num>b</num><content><p>any award of costs to <abbr title="Manchester City Council" xml:lang="">the council</abbr> by the court have not been paid within 28 days of the making of the order.</p></content></paragraph></subsection><subsection eId="section-7-3"><num>3</num><intro><p>If—</p></intro><paragraph eId="section-7-3-a"><num>a</num><intro><p>at the end of the period of 56 days beginning with the date of seizure—</p></intro><subparagraph eId="section-7-3-a-i"><num>i</num><content><p>no proceedings have been instituted; or</p></content></subparagraph><subparagraph eId="section-7-3-a-ii"><num>ii</num><content><p>any proceedings instituted within that period have been discontinued; or</p></content></subparagraph></paragraph><paragraph eId="section-7-3-b"><num>b</num><content><p>at any time after the end of that period any such proceedings are discontinued,</p></content></paragraph><wrapUp><p>the article, receptacle or equipment shall, at the appropriate time, be returned to the person from whom it was seized unless it has not proved possible, after reasonable enquiry, to identify that person and ascertain his address.</p></wrapUp></subsection><subsection eId="section-7-4"><num>4</num><intro><p>In subsection (3), “the appropriate time” means—</p></intro><paragraph eId="section-7-4-a"><num>a</num><content><p>in the case of paragraph (a), the end of the period of 56 days mentioned in that paragraph;</p></content></paragraph><paragraph eId="section-7-4-b"><num>b</num><content><p>in the case of paragraph (b), the time when proceedings are discontinued.</p></content></paragraph></subsection><subsection eId="section-7-5"><num>5</num><content><p>Where the article, receptacle or equipment is not returned because it has not proved possible to identify the person from whom it was seized and ascertain his address, <abbr title="Manchester City Council" xml:lang="">the council</abbr> or <abbr title="the Chief Constable of the Greater Manchester police force" xml:lang="">the chief constable</abbr> (whether the article or thing was seized by an authorised officer or a constable) may apply to a magistrates' court for an order as to the manner in which it should be dealt with.</p></content></subsection><subsection eId="section-7-6"><num>6</num><intro><p>Where after the expiry of the period of 28 days mentioned in subsection (2)(b), any costs awarded by the court to <abbr title="Manchester City Council" xml:lang="">the council</abbr> have not been paid to <abbr title="Manchester City Council" xml:lang="">the council</abbr> in full—</p></intro><paragraph eId="section-7-6-a"><num>a</num><content><p>the article, receptacle or equipment may be disposed of in any way <abbr title="Manchester City Council" xml:lang="">the council</abbr> thinks fit; and</p></content></paragraph><paragraph eId="section-7-6-b"><num>b</num><content><p>any sum obtained by <abbr title="Manchester City Council" xml:lang="">the council</abbr> in excess of the costs awarded by the court shall be paid to the person to whom the article, receptacle or equipment belongs.</p></content></paragraph></subsection><subsection eId="section-7-7"><num>7</num><content><p>When any article, receptacle or equipment is disposed of by <abbr title="Manchester City Council" xml:lang="">the council</abbr> under subsection (6) <abbr title="Manchester City Council" xml:lang="">the council</abbr> shall secure the best possible price which can reasonably be obtained for it.</p></content></subsection></section><section eId="section-8"><num>8</num><heading>Forfeiture of seized items</heading><subsection eId="section-8-1"><num>1</num><intro><p>Subject to subsection (2), the court by or before which a person is convicted of a relevant offence may order any article, receptacle or equipment—</p></intro><paragraph eId="section-8-1-a"><num>a</num><content><p>produced to the court; and</p></content></paragraph><paragraph eId="section-8-1-b"><num>b</num><content><p>shown to the satisfaction of the court to relate to the offence,</p></content></paragraph><wrapUp><p>to be forfeited and dealt with in such a manner as the court may order.</p></wrapUp></subsection><subsection eId="section-8-2"><num>2</num><content><p>The court shall not order any article, receptacle or equipment to be forfeited under subsection (1) where a person claiming to be the owner of or otherwise interested in it applies to be heard by the court, unless an opportunity has been given to him to show cause why the order should not be made.</p></content></subsection><subsection eId="section-8-3"><num>3</num><intro><p>In considering whether to make an order under subsection (1) a court shall have regard—</p></intro><paragraph eId="section-8-3-a"><num>a</num><content><p>to the value of the article, receptacle or equipment; and</p></content></paragraph><paragraph eId="section-8-3-b"><num>b</num><intro><p>to the likely financial and other effects on—</p></intro><subparagraph eId="section-8-3-b-i"><num>i</num><content><p>the offender; or</p></content></subparagraph><subparagraph eId="section-8-3-b-ii"><num>ii</num><content><p>the owner of the article, receptacle or equipment,</p></content></subparagraph><wrapUp><p>of the making of the order (taken together with any other order that the court contemplates making).</p></wrapUp></paragraph></subsection></section><section eId="section-9"><num>9</num><heading>Compensation where seizure unlawful</heading><subsection eId="section-9-1"><num>1</num><intro><p>Subsection (2) shall have effect where—</p></intro><paragraph eId="section-9-1-a"><num>a</num><content><p>any article, receptacle or equipment is seized under section 6(1); and</p></content></paragraph><paragraph eId="section-9-1-b"><num>b</num><intro><p>any of the following applies—</p></intro><subparagraph eId="section-9-1-b-i"><num>i</num><content><p>not less than six months have passed since the date of the seizure and no information has been laid against any person for a relevant offence in respect of the act or circumstances which occasioned the seizure;</p></content></subparagraph><subparagraph eId="section-9-1-b-ii"><num>ii</num><content><p>proceedings for a relevant offence have been brought and the person charged has been acquitted (whether or not on appeal);</p></content></subparagraph><subparagraph eId="section-9-1-b-iii"><num>iii</num><content><p>proceedings for a relevant offence have been brought and the proceedings (including any appeal) have been withdrawn by, or have failed for want of prosecution by, the person by whom the proceedings were brought.</p></content></subparagraph></paragraph></subsection><subsection eId="section-9-2"><num>2</num><content><p>Where this subsection has effect a person who has or at the time of seizure had a legal interest in the article, receptacle or equipment seized may recover compensation from <abbr title="Manchester City Council" xml:lang="">the council</abbr> or (where it is seized by a constable) <abbr title="the Chief Constable of the Greater Manchester police force" xml:lang="">the chief constable</abbr> by civil action in the county court in respect of any loss suffered by him as a result of the seizure.</p></content></subsection><subsection eId="section-9-3"><num>3</num><content><p>The court may only make an order for compensation under subsection (2) if satisfied that seizure was not lawful under section 6.</p></content></subsection></section></hcontainer></body></act></akomaNtoso>