<akomaNtoso xmlns:xsi="http://www.w3.org/2001/XMLSchema-instance" xmlns="http://docs.oasis-open.org/legaldocml/ns/akn/3.0" xsi:schemaLocation="http://docs.oasis-open.org/legaldocml/ns/akn/3.0 http://docs.oasis-open.org/legaldocml/akn-core/v1.0/cos01/part2-specs/schemas/akomantoso30.xsd"><act name="UnitedKingdomStatutoryInstrument"><meta><identification source="#source"><FRBRWork><FRBRthis value="http://www.legislation.gov.uk/id/uksi/1996/384"/><FRBRuri value="http://www.legislation.gov.uk/id/uksi/1996/384"/><FRBRdate date="1996-02-21" name="made"/><FRBRauthor href="http://www.legislation.gov.uk/id/government/uk"/><FRBRcountry value="GB-UKM"/><FRBRsubtype value="order"/><FRBRnumber value="384"/><FRBRname value="S.I. 1996/384"/><FRBRprescriptive value="true"/></FRBRWork><FRBRExpression><FRBRthis value="http://www.legislation.gov.uk/uksi/1996/384/made"/><FRBRuri value="http://www.legislation.gov.uk/uksi/1996/384/made"/><FRBRdate date="1996-02-21" name="made"/><FRBRauthor href="#source"/><FRBRlanguage language="eng"/></FRBRExpression><FRBRManifestation><FRBRthis value="http://www.legislation.gov.uk/uksi/1996/384/made/data.akn"/><FRBRuri value="http://www.legislation.gov.uk/uksi/1996/384/made/data.akn"/><FRBRdate date="2021-07-26+01:00" name="transform"/><FRBRauthor href="http://www.legislation.gov.uk"/><FRBRformat value="application/akn+xml"/></FRBRManifestation></identification><classification source="#source"><keyword value="district councils" showAs="District councils" dictionary="http://www.legislation.gov.uk"/><keyword value="borough councils" showAs="Borough councils" dictionary="http://www.legislation.gov.uk"/><keyword value="local government structure" showAs="Local government structure" dictionary="http://www.legislation.gov.uk"/><keyword value="employment terms and conditions" showAs="Employment terms and conditions" dictionary="http://www.legislation.gov.uk"/><keyword value="councils" showAs="Councils" dictionary="http://www.legislation.gov.uk"/><keyword value="local government, england and wales" showAs="LOCAL GOVERNMENT, ENGLAND AND WALES" dictionary="http://www.legislation.gov.uk"/></classification><lifecycle source="#source"><eventRef date="1996-02-21" type="generation" eId="made-date" source="#source"/><eventRef date="1996-03-01" eId="laid-date-1" source="#source"/><eventRef date="1996-04-01" eId="coming-into-force-date-1" source="#source"/></lifecycle><references source="#source"><TLCOrganization eId="source" href="http://www.legislation.gov.uk/id/publisher/KingsOrQueensPrinterOfActsOfParliament" showAs="Queen's Printer of Acts of Parliament"/><TLCLocation eId="departmentoftheenvironment" href="/ontology/location/uk.DepartmentoftheEnvironment" showAs="Department of the Environment"/><TLCRole eId="ref-d4e691" href="/ontology/role/uk.Parliamentary Under Secretary of State," showAs="Parliamentary Under Secretary of State,"/><TLCPerson eId="ref-d4e689" href="/ontology/persons/uk.PaulBeresford," showAs="Paul Beresford,"/><TLCConcept href="/uk/subject/local-government-england-and-wales" showAs="LOCAL GOVERNMENT, ENGLAND AND WALES" eId="d4e66"/></references><notes source="#source"><note class="footnote" eId="f00001"><p><ref href="http://www.legislation.gov.uk/id/ukpga/1992/19">1992 c. 19</ref>.</p></note><note class="footnote" eId="f00002"><p><abbr class="Acronym" title="Statutory Instrument">S.I.</abbr><ref href="http://www.legislation.gov.uk/id/uksi/1995/600">1995/600</ref>.</p></note><note class="footnote" eId="f00003"><p><ref href="http://www.legislation.gov.uk/id/ukpga/1978/44">1978 c. 44</ref> to which there are amendments not relevant to these regulations.</p></note><note class="footnote" eId="f00004"><p><abbr class="Acronym" title="Statutory Instrument">S.I.</abbr><ref href="http://www.legislation.gov.uk/id/uksi/1981/1974">1981/1974</ref> as amended by section 33 of the Trade Union Reform and Employment Rights Act <ref href="http://www.legislation.gov.uk/id/ukpga/1993/19">1993 c. 19</ref>.</p></note></notes><proprietary xmlns:ukl="http://www.legislation.gov.uk/namespaces/legislation" xmlns:ukm="http://www.legislation.gov.uk/namespaces/metadata" xmlns:dc="http://purl.org/dc/elements/1.1/" xmlns:dct="http://purl.org/dc/terms/" xmlns:atom="http://www.w3.org/2005/Atom" source="#source"><dc:identifier>http://www.legislation.gov.uk/uksi/1996/384/made</dc:identifier><dc:title>The North Lincolnshire District Council (Staff Transfer) Order 1996</dc:title><dc:subject>District councils</dc:subject><dc:subject>Borough councils</dc:subject><dc:subject>Local government structure</dc:subject><dc:subject>Employment terms and conditions</dc:subject><dc:subject>Councils</dc:subject><dc:publisher>Queen's Printer of Acts of Parliament</dc:publisher><dc:modified>2012-09-06</dc:modified><dc:subject scheme="SIheading">LOCAL GOVERNMENT, ENGLAND AND WALES</dc:subject><dc:description>This Order is supplemental to the Humberside (Structural Change) Order 1995 which alters the structure of local government in the county of Humberside. This Order specifies the staff employed by the Glanford and Scunthorpe Borough Councils whose employment is to be transferred to the North Lincolnshire District Council.</dc:description><atom:link rel="self" href="http://www.legislation.gov.uk/uksi/1996/384/made/data.xml" type="application/xml"/><atom:link rel="http://www.legislation.gov.uk/def/navigation/resources" href="http://www.legislation.gov.uk/uksi/1996/384/resources" title="More Resources"/><atom:link rel="http://www.legislation.gov.uk/def/navigation/act" href="http://www.legislation.gov.uk/uksi/1996/384/made" title="whole act"/><atom:link rel="http://www.legislation.gov.uk/def/navigation/introduction" href="http://www.legislation.gov.uk/uksi/1996/384/introduction/made" title="introduction"/><atom:link rel="http://www.legislation.gov.uk/def/navigation/note" href="http://www.legislation.gov.uk/uksi/1996/384/note/made" title="note"/><atom:link rel="http://www.legislation.gov.uk/def/navigation/body" href="http://www.legislation.gov.uk/uksi/1996/384/body/made" title="body"/><atom:link rel="http://www.legislation.gov.uk/def/navigation/schedules" href="http://www.legislation.gov.uk/uksi/1996/384/schedules/made" title="schedules"/><atom:link rel="alternate" type="application/rdf+xml" href="http://www.legislation.gov.uk/uksi/1996/384/made/data.rdf" title="RDF/XML"/><atom:link rel="alternate" type="application/akn+xml" href="http://www.legislation.gov.uk/uksi/1996/384/made/data.akn" title="AKN"/><atom:link rel="alternate" type="application/xhtml+xml" href="http://www.legislation.gov.uk/uksi/1996/384/made/data.xht" title="HTML snippet"/><atom:link rel="alternate" type="application/pdf" href="http://www.legislation.gov.uk/uksi/1996/384/made/data.pdf" title="PDF"/><atom:link rel="alternate" type="application/akn+xhtml" href="http://www.legislation.gov.uk/uksi/1996/384/made/data.html" title="HTML5 snippet"/><atom:link rel="http://purl.org/dc/terms/tableOfContents" hreflang="en" href="http://www.legislation.gov.uk/uksi/1996/384/contents/made" title="Table of Contents"/><ukm:SecondaryMetadata><ukm:DocumentClassification><ukm:DocumentCategory Value="secondary"/><ukm:DocumentMainType Value="UnitedKingdomStatutoryInstrument"/><ukm:DocumentStatus Value="final"/><ukm:DocumentMinorType Value="order"/></ukm:DocumentClassification><ukm:Year Value="1996"/><ukm:Number Value="384"/><ukm:DepartmentCode Value="DOE0500"/><ukm:Made Date="1996-02-21"/><ukm:Laid Date="1996-03-01" Class="UnitedKingdomParliament"/><ukm:ComingIntoForce><ukm:DateTime Date="1996-04-01"/></ukm:ComingIntoForce><ukm:ISBN Value="0110541294"/></ukm:SecondaryMetadata><ukm:Statistics><ukm:TotalParagraphs Value="5"/><ukm:BodyParagraphs Value="3"/><ukm:ScheduleParagraphs Value="2"/><ukm:AttachmentParagraphs Value="0"/><ukm:TotalImages Value="0"/></ukm:Statistics></proprietary></meta><preface><p class="number"><docNumber>1996 No. 384</docNumber></p><block name="subject"><concept class="title" refersTo="#d4e66">LOCAL GOVERNMENT, ENGLAND AND WALES</concept></block><p class="title"><shortTitle>The North Lincolnshire District Council (Staff Transfer) Order 1996</shortTitle></p><p class="MadeDate"><span>Made</span><docDate date="1996-02-21">21st February 1996</docDate></p><p class="LaidDate"><span>Laid before Parliament</span><docDate date="1996-03-01">1st March 1996</docDate></p><p class="ComingIntoForce"><span>Coming into force</span><docDate date="1996-04-01">1st April 1996</docDate></p></preface><preamble><formula name="EnactingText"><p>The Secretary of State, in exercise of his powers under sections 17(1) and 26(5)(b) of the Local Government Act 1992<noteRef href="#f00001" class="footnote" marker="1"/>, and of all other powers enabling him in that behalf, hereby makes the following Order:—</p></formula></preamble><body><article eId="article-1"><num>1</num><heading>Citation, Commencement and Application</heading><paragraph eId="article-1-1"><num>1</num><content><p>This Order may be cited as the North Lincolnshire District Council (Staff Transfer) Order 1996 and shall come into force on 1st April 1996.</p></content></paragraph><paragraph eId="article-1-2"><num>2</num><content><p>This Order makes provisions which are consequential or supplementary to the Humberside (Structural Change) Order 1995<noteRef href="#f00002" class="footnote" marker="2"/>.</p></content></paragraph></article><article eId="article-2"><num>2</num><heading>Interpretation</heading><content><p>In this Order—</p><blockList class="unordered"><item><p>“contract of employment” means a contract under which a person works for another person whether under a contract of service or apprenticeship or otherwise but does not include a contract for services;</p></item><item><p>“employee” means a person employed under a contract of employment including a person employed under a fixed term contract the expiry date for which is after 31st March 1996, but does not include a person whose employment is on a temporary basis and who on 31st March 1996 has had a continuous period of employment (when calculated in accordance with section 151 of, and Schedule 13 to, the Employment Protection (Consolidation) Act 1978<noteRef href="#f00003" class="footnote" marker="3"/>) of less than two years.</p></item></blockList></content></article><article eId="article-3"><num>3</num><heading>Transfer of Staff</heading><paragraph eId="article-3-1"><num>1</num><intro><p>This article shall apply to any employee (a “designated employee”) who—</p></intro><subparagraph eId="article-3-1-a"><num>a</num><content><p>immediately before 1st April 1996 (“the reorganisation date”) was employed by the Glanford Borough Council or the Scunthorpe Borough Council;</p></content></subparagraph><subparagraph eId="article-3-1-b"><num>b</num><content><p>whose employment would continue but for the abolition of those two councils; and</p></content></subparagraph><subparagraph eId="article-3-1-c"><num>c</num><content><p>whose name is not mentioned in the Schedule to this Order.</p></content></subparagraph></paragraph><paragraph eId="article-3-2"><num>2</num><content><p>The contract of employment of a designated employee shall not be terminated on the reorganisation date but shall have effect as if originally made between that employee and the North Lincolnshire District Council.</p></content></paragraph><paragraph eId="article-3-3"><num>3</num><content><p>This article is without prejudice to any provision of the Transfer of Undertakings (Protection of Employment) Regulations 1981<noteRef href="#f00004" class="footnote" marker="4"/>.</p></content></paragraph></article><hcontainer name="schedules" eId="d4e179"><hcontainer name="schedule" eId="schedule"><num>SCHEDULE</num><part eId="schedule-part-I"><num>Part I</num><heading>(Employees of the Glanford Borough Council not transferring to the North Lincolnshire District Council)</heading><content><blockList class="unordered"><item><p>Abbott M E Mrs</p></item><item><p>Bell W S</p></item><item><p>Birchett R</p></item><item><p>Bonner D J</p></item><item><p>Cameron D D H</p></item><item><p>Coyle K</p></item><item><p>Currey J Miss</p></item><item><p>Dawson B</p></item><item><p>Dodson J A Mrs</p></item><item><p>Doherty M H</p></item><item><p>Earlam D R</p></item><item><p>Ellerby C F</p></item><item><p>Evans J L Mrs</p></item><item><p>Ferraby R J</p></item><item><p>Foster N</p></item><item><p>Franklin J Mrs</p></item><item><p>Garbutt M</p></item><item><p>Gray M Mrs</p></item><item><p>Grimbleby V Mrs</p></item><item><p>Hall J A Mrs</p></item><item><p>Hammond D Mrs</p></item><item><p>Hogg T</p></item><item><p>Howson K Miss</p></item><item><p>Jenkinson P</p></item><item><p>Kay D A</p></item><item><p>Kitching M S</p></item><item><p>Lawty H Miss</p></item><item><p>Leithes D</p></item><item><p>Lyman A L</p></item><item><p>McGuire C Mrs</p></item><item><p>McIntyre R Mrs</p></item><item><p>Maggs A</p></item><item><p>Manderson H Mrs</p></item><item><p>Mason V Mrs</p></item><item><p>Mendrek R Mrs</p></item><item><p>Milburn S Miss</p></item><item><p>Mills C S Mrs</p></item><item><p>Montgomery P</p></item><item><p>Morris J Mrs</p></item><item><p>Pearson S Mrs</p></item><item><p>Robinson R</p></item><item><p>Saint Clair N Mrs</p></item><item><p>Sanderson S V Miss</p></item><item><p>Scott P M Miss</p></item><item><p>Simpson A G</p></item><item><p>Smith J C</p></item><item><p>Surfleet A J Miss</p></item><item><p>Swinburn G Mrs</p></item><item><p>Taylor M Mrs</p></item><item><p>Todd F R Mrs</p></item><item><p>Trickett J P</p></item><item><p>Wainwright P</p></item><item><p>Walters R</p></item></blockList></content></part><part eId="schedule-part-II"><num>Part II</num><heading>(Employees of the Scunthorpe Borough Council not transferring to the North Lincolnshire District Council)</heading><content><blockList class="unordered"><item><p>Austin N Mr</p></item><item><p>Babski S M Mr</p></item><item><p>Barley L J Miss</p></item><item><p>Beaumont L Miss</p></item><item><p>Bell J M Mr</p></item><item><p>Birkitt J Mrs</p></item><item><p>Blackbourne G Mrs</p></item><item><p>Brooman M J Mr</p></item><item><p>Cameron I J Mr</p></item><item><p>Coburn T Mr</p></item><item><p>Comerford E C Mrs</p></item><item><p>Convery G Mr</p></item><item><p>Coulbeck D N Mr</p></item><item><p>Coxon D Mr</p></item><item><p>Dale J Miss</p></item><item><p>Dent D S Mrs</p></item><item><p>Doust N K Mr</p></item><item><p>Edwards C R Mrs</p></item><item><p>Edwards P R Mr</p></item><item><p>Farmer H D Mrs</p></item><item><p>Ford K Mr</p></item><item><p>Foston S G Mr</p></item><item><p>Franklin B C Mr</p></item><item><p>Goodwin L Y Miss</p></item><item><p>Green S T Mrs</p></item><item><p>Grieve D Miss</p></item><item><p>Hand L A Mrs</p></item><item><p>Harding D L Mr</p></item><item><p>Hollingsworth L M Mrs</p></item><item><p>Hollingsworth R Mr</p></item><item><p>Holmes L C Mrs</p></item><item><p>Hopkins J Mrs</p></item><item><p>Ivens L E Miss</p></item><item><p>Jenks S Mrs</p></item><item><p>Johnstone J Mrs</p></item><item><p>Kelly T A Mr</p></item><item><p>Kelsey M Mr</p></item><item><p>Lunniss A Mrs</p></item><item><p>McCrea T Mrs</p></item><item><p>Manders N Mr</p></item><item><p>Mills T Mr</p></item><item><p>Mitchell R Mr</p></item><item><p>Needham V J Mrs</p></item><item><p>Nightingale B A Mr</p></item><item><p>Nightingale C T Mrs</p></item><item><p>O'Donnell J A Mrs</p></item><item><p>Parnham S Mrs</p></item><item><p>Peach M A Mrs</p></item><item><p>Pearson T J Mrs</p></item><item><p>Prescott R A Mr</p></item><item><p>Reed A Mr</p></item><item><p>Reeder P E Mr</p></item><item><p>Reekie I D Mr</p></item><item><p>Smith E Mrs</p></item><item><p>Snowley P J Mr</p></item><item><p>Taylor P R Mr</p></item><item><p>Toyne J Mrs</p></item><item><p>Twilley W Mr</p></item><item><p>Vessey M E Mrs</p></item><item><p>Vessey P F Mr</p></item><item><p>Walker G R Mrs</p></item><item><p>Ward S Mrs</p></item><item><p>Westby D K Mr</p></item><item><p>Westfield T P Mr</p></item><item><p>Withers C D Mrs</p></item><item><p>Wood M Mr</p></item></blockList></content></part></hcontainer><wrapUp><blockContainer class="signatures"><p>Signed by authority of the Secretary of State</p><block name="signature"><signature><person refersTo="#ref-d4e689">Paul Beresford,</person><role refersTo="#ref-d4e691">Parliamentary Under Secretary of State,</role><location refersTo="#departmentoftheenvironment">Department of the Environment</location><date date="1996-02-21">21st February 1996</date></signature></block></blockContainer></wrapUp></hcontainer></body><conclusions><blockContainer class="ExplanatoryNotes"><intro><p>(This note is not part of the Order)</p></intro><p><authorialNote><p>This Order is supplemental to the Humberside (Structural Change) Order 1995 which alters the structure of local government in the county of Humberside. This Order specifies the staff employed by the Glanford and Scunthorpe Borough Councils whose employment is to be transferred to the North Lincolnshire District Council.</p></authorialNote></p></blockContainer></conclusions></act></akomaNtoso>