<akomaNtoso xmlns:xsi="http://www.w3.org/2001/XMLSchema-instance" xmlns="http://docs.oasis-open.org/legaldocml/ns/akn/3.0" xsi:schemaLocation="http://docs.oasis-open.org/legaldocml/ns/akn/3.0 http://docs.oasis-open.org/legaldocml/akn-core/v1.0/cos01/part2-specs/schemas/akomantoso30.xsd"><act name="UnitedKingdomStatutoryInstrument"><meta><identification source="#source"><FRBRWork><FRBRthis value="http://www.legislation.gov.uk/id/uksi/1996/311"/><FRBRuri value="http://www.legislation.gov.uk/id/uksi/1996/311"/><FRBRdate date="1996-02-15" name="made"/><FRBRauthor href="http://www.legislation.gov.uk/id/government/uk"/><FRBRcountry value="GB-UKM"/><FRBRsubtype value="regulation"/><FRBRnumber value="311"/><FRBRname value="S.I. 1996/311"/><FRBRprescriptive value="true"/></FRBRWork><FRBRExpression><FRBRthis value="http://www.legislation.gov.uk/uksi/1996/311/made"/><FRBRuri value="http://www.legislation.gov.uk/uksi/1996/311/made"/><FRBRdate date="1996-02-15" name="made"/><FRBRauthor href="#source"/><FRBRlanguage language="eng"/></FRBRExpression><FRBRManifestation><FRBRthis value="http://www.legislation.gov.uk/uksi/1996/311/made/data.akn"/><FRBRuri value="http://www.legislation.gov.uk/uksi/1996/311/made/data.akn"/><FRBRdate date="2021-07-26+01:00" name="transform"/><FRBRauthor href="http://www.legislation.gov.uk"/><FRBRformat value="application/akn+xml"/></FRBRManifestation></identification><classification source="#source"><keyword value="reorganisation" showAs="Reorganisation" dictionary="http://www.legislation.gov.uk"/><keyword value="rating and valuation;wales" showAs="RATING AND VALUATION;WALES" dictionary="http://www.legislation.gov.uk"/></classification><lifecycle source="#source"><eventRef date="1996-02-15" type="generation" eId="made-date" source="#source"/><eventRef date="1996-02-19" eId="laid-date-1" source="#source"/><eventRef date="1996-03-11" eId="coming-into-force-date-1" source="#source"/></lifecycle><references source="#source"><TLCOrganization eId="source" href="http://www.legislation.gov.uk/id/publisher/KingsOrQueensPrinterOfActsOfParliament" showAs="Queen's Printer of Acts of Parliament"/><passiveRef href="http://www.legislation.gov.uk/id/wsi/2017/113" showAs="The Non-Domestic Rating (Demand Notices) (Wales) Regulations 2017"/><TLCRole eId="ref-d4e339" href="/ontology/role/uk.Parliamentary Under Secretary of State, Welsh Office" showAs="Parliamentary Under Secretary of State, Welsh Office"/><TLCPerson eId="ref-d4e337" href="/ontology/persons/uk.GwilymJones" showAs="Gwilym Jones"/><TLCConcept href="/uk/subject/rating-and-valuation" showAs="RATING AND VALUATION" eId="d4e77"/><TLCConcept href="/uk/subject/wales" showAs="WALES" eId="d4e79"/></references><notes source="#source"><note class="footnote" eId="f00001"><p><ref href="http://www.legislation.gov.uk/id/ukpga/1988/41">1988 c. 41</ref>. Paragraph 2(2) was amended by the Local Government and Housing Act 1989, Schedule 5, paragraph 44, and paragraph 6A of Schedule 9 was inserted by the Local Government Finance Act 1992, Schedule 13, paragraph 87.</p></note><note class="footnote" eId="f00002"><p><ref href="http://www.legislation.gov.uk/id/ukpga/1993/38">1993 c. 38</ref>.</p></note><note class="footnote" eId="f00003"><p><abbr class="Acronym" title="Statutory Instrument">S.I.</abbr><ref href="http://www.legislation.gov.uk/id/uksi/1993/252">1993/252</ref>, amended by <abbr class="Acronym" title="Statutory Instrument">S.I.</abbr><ref href="http://www.legislation.gov.uk/id/uksi/1993/1506">1993/1506</ref>, <ref href="http://www.legislation.gov.uk/id/uksi/1994/415">1994/415</ref> and <ref href="http://www.legislation.gov.uk/id/uksi/1995/284">1995/284</ref>.</p></note></notes><proprietary xmlns:ukl="http://www.legislation.gov.uk/namespaces/legislation" xmlns:ukm="http://www.legislation.gov.uk/namespaces/metadata" xmlns:dc="http://purl.org/dc/elements/1.1/" xmlns:dct="http://purl.org/dc/terms/" xmlns:atom="http://www.w3.org/2005/Atom" source="#source"><dc:identifier>http://www.legislation.gov.uk/uksi/1996/311/made</dc:identifier><dc:title>The Non-Domestic Rating (Demand Notices) (Wales) (Amendment) Regulations 1996</dc:title><dc:subject>Reorganisation</dc:subject><dc:publisher>Queen's Printer of Acts of Parliament</dc:publisher><dc:modified>2016-07-07</dc:modified><dc:subject scheme="SIheading">RATING AND VALUATION;WALES</dc:subject><dc:description>The Local Government (Wales) Act 1994 makes provision for local government reorganisation in Wales. These regulations amend the Non-Domestic Rating (Demand Notices) (Wales) Regulations 1993 to take account of the changes resulting from local government reorganisation. In particular, they take account of the fact that from 1st April 1996 the only major precepting authorities in Wales will be police authorities, and that the requirements to supply, with demand notices, certain information relating to the previous year, will be inappropriate in the new authorities' first year.</dc:description><atom:link rel="self" href="http://www.legislation.gov.uk/uksi/1996/311/made/data.xml" type="application/xml"/><atom:link rel="http://www.legislation.gov.uk/def/navigation/resources" href="http://www.legislation.gov.uk/uksi/1996/311/resources" title="More Resources"/><atom:link rel="http://www.legislation.gov.uk/def/navigation/act" href="http://www.legislation.gov.uk/uksi/1996/311/made" title="whole act"/><atom:link rel="http://www.legislation.gov.uk/def/navigation/introduction" href="http://www.legislation.gov.uk/uksi/1996/311/introduction/made" title="introduction"/><atom:link rel="http://www.legislation.gov.uk/def/navigation/signature" href="http://www.legislation.gov.uk/uksi/1996/311/signature/made" title="signature"/><atom:link rel="http://www.legislation.gov.uk/def/navigation/note" href="http://www.legislation.gov.uk/uksi/1996/311/note/made" title="note"/><atom:link rel="http://www.legislation.gov.uk/def/navigation/body" href="http://www.legislation.gov.uk/uksi/1996/311/body/made" title="body"/><atom:link rel="alternate" type="application/rdf+xml" href="http://www.legislation.gov.uk/uksi/1996/311/made/data.rdf" title="RDF/XML"/><atom:link rel="alternate" type="application/akn+xml" href="http://www.legislation.gov.uk/uksi/1996/311/made/data.akn" title="AKN"/><atom:link rel="alternate" type="application/xhtml+xml" href="http://www.legislation.gov.uk/uksi/1996/311/made/data.xht" title="HTML snippet"/><atom:link rel="alternate" type="application/pdf" href="http://www.legislation.gov.uk/uksi/1996/311/made/data.pdf" title="PDF"/><atom:link rel="alternate" type="application/akn+xhtml" href="http://www.legislation.gov.uk/uksi/1996/311/made/data.html" title="HTML5 snippet"/><atom:link rel="http://purl.org/dc/terms/tableOfContents" hreflang="en" href="http://www.legislation.gov.uk/uksi/1996/311/contents/made" title="Table of Contents"/><ukm:SecondaryMetadata><ukm:DocumentClassification><ukm:DocumentCategory Value="secondary"/><ukm:DocumentMainType Value="UnitedKingdomStatutoryInstrument"/><ukm:DocumentStatus Value="final"/><ukm:DocumentMinorType Value="regulation"/></ukm:DocumentClassification><ukm:Year Value="1996"/><ukm:Number Value="311"/><ukm:Made Date="1996-02-15"/><ukm:Laid Date="1996-02-19" Class="UnitedKingdomParliament"/><ukm:ComingIntoForce><ukm:DateTime Date="1996-03-11"/></ukm:ComingIntoForce><ukm:ISBN Value="0110541553"/><ukm:UnappliedEffects><ukm:UnappliedEffect EffectId="key-8e25388c3fb20c73a3e1370f5cac760e" AffectedURI="http://www.legislation.gov.uk/id/uksi/1996/311" AffectedClass="UnitedKingdomStatutoryInstrument" AffectingURI="http://www.legislation.gov.uk/id/wsi/2017/113" AffectingClass="WelshStatutoryInstrument" URI="http://www.legislation.gov.uk/id/effect/wsi-2017-113-i8plfa42-18" Row="18" Type="revoked" RequiresApplied="true" AffectedProvisions="Regulations" AffectingEffectsExtent="E+W+S" AffectingTerritorialApplication="W" AffectingYear="2017" AffectingNumber="113" AffectingProvisions="Sch. 4" AffectedYear="1996" AffectedNumber="311" Created="2017-03-21T16:05:47Z" Modified="2017-03-21T16:05:47Z"><ukm:AffectedTitle>The Non-Domestic Rating (Demand Notices) (Wales) (Amendment) Regulations 1996</ukm:AffectedTitle><ukm:AffectedProvisions>Regulations</ukm:AffectedProvisions><ukm:AffectingTitle>The Non-Domestic Rating (Demand Notices) (Wales) Regulations 2017</ukm:AffectingTitle><ukm:AffectingTitle xml:lang="cy">Rheoliadau Ardrethu Annomestig (Hysbysiadau Galw am Dalu) (Cymru) 2017</ukm:AffectingTitle><ukm:AffectingProvisions><ukm:Section Ref="schedule-4" URI="http://www.legislation.gov.uk/id/wsi/2017/113/schedule/4">Sch. 4</ukm:Section></ukm:AffectingProvisions><ukm:Savings><ukm:Section Ref="regulation-7" URI="http://www.legislation.gov.uk/id/wsi/2017/113/regulation/7">reg. 7</ukm:Section></ukm:Savings><ukm:CommencementAuthority><ukm:Section Ref="regulation-1-2" URI="http://www.legislation.gov.uk/id/wsi/2017/113/regulation/1/2">reg. 1(2)</ukm:Section></ukm:CommencementAuthority><ukm:InForceDates><ukm:InForce Applied="false" Date="2017-03-13" Qualification="with application in accordance with" OtherQualification="reg. 1(3)"/></ukm:InForceDates></ukm:UnappliedEffect></ukm:UnappliedEffects></ukm:SecondaryMetadata><ukm:Statistics><ukm:TotalParagraphs Value="3"/><ukm:BodyParagraphs Value="3"/><ukm:ScheduleParagraphs Value="0"/><ukm:AttachmentParagraphs Value="0"/><ukm:TotalImages Value="0"/></ukm:Statistics></proprietary></meta><preface><p class="number"><docNumber>1996 No. 311</docNumber></p><block name="subject"><concept class="title" refersTo="#d4e77">RATING AND VALUATION</concept><concept class="subtitle" refersTo="#d4e79">WALES</concept></block><p class="title"><shortTitle>The Non-Domestic Rating (Demand Notices) (Wales) (Amendment) Regulations 1996</shortTitle></p><p class="MadeDate"><span>Made</span><docDate date="1996-02-15">15th February 1996</docDate></p><p class="LaidDate"><span>Laid before Parliament</span><docDate date="1996-02-19">19th February 1996</docDate></p><p class="ComingIntoForce"><span>Coming into force</span><docDate date="1996-03-11">11th March 1996</docDate></p></preface><preamble><formula name="EnactingText"><p>The Secretary of State for Wales, in exercise of the powers conferred upon him by sections 140(4), 143(1) and (2) and 146(6) of, and paragraphs 1, 2(2) and 6A(1) of Schedule 9 to, the Local Government Finance Act 1988<noteRef href="#f00001" class="footnote" marker="1"/>, and section 26(3) of the Welsh Language Act 1993<noteRef href="#f00002" class="footnote" marker="2"/> and of all other powers enabling him in that behalf, hereby makes the following Regulations:</p></formula></preamble><body><hcontainer name="regulation" eId="regulation-1"><num>1</num><heading>Citation, commencement and interpretation</heading><paragraph eId="regulation-1-1"><num>1</num><content><p>These Regulations may be cited as the Non-Domestic Rating (Demand Notices) (Wales) (Amendment) Regulations 1996 and shall come into force on 11th March 1996.</p></content></paragraph><paragraph eId="regulation-1-2"><num>2</num><content><p>In these Regulations—</p><blockList class="unordered"><item><p>“the <abbr title="Non-Domestic Rating (Demand Notices) (Wales) Regulations 1993 (S.I. 1993/252)" xml:lang="">principal Regulations</abbr>” mean the Non-Domestic Rating (Demand Notices) (Wales) Regulations 1993<noteRef href="#f00003" class="footnote" marker="3"/>; and</p></item><item><p>“demand notice” and “the relevant year” have the same meaning as in the <abbr title="Non-Domestic Rating (Demand Notices) (Wales) Regulations 1993 (S.I. 1993/252)" xml:lang="">principal Regulations</abbr>.</p></item></blockList></content></paragraph></hcontainer><hcontainer name="regulation" eId="regulation-2"><num>2</num><heading>Amendments to the <abbr title="Non-Domestic Rating (Demand Notices) (Wales) Regulations 1993 (S.I. 1993/252)" xml:lang="">principal Regulations</abbr></heading><paragraph eId="regulation-2-1"><num>1</num><content><p>The <abbr title="Non-Domestic Rating (Demand Notices) (Wales) Regulations 1993 (S.I. 1993/252)" xml:lang="">principal Regulations</abbr> shall be amended in accordance with the following paragraphs.</p></content></paragraph><paragraph eId="regulation-2-2"><num>2</num><content><p>In regulation 2 (interpretation), in the definition of “the major precepting authority”, the words “(a) the county council, and (b)” shall be deleted.</p></content></paragraph><paragraph eId="regulation-2-3"><num>3</num><content><p>In regulation 9(2), for “7, 8, 9 and 12” there shall be substituted “7 and 9”.</p></content></paragraph><paragraph eId="regulation-2-4"><num>4</num><intro><p>In paragraph 1 of Part I of Schedule 2—</p></intro><subparagraph eId="regulation-2-4-a"><num>a</num><content><p>in the note headed “Non-Domestic Rates”, for the words after “redistributed to” to the end of that note there shall be substituted “county and county borough councils and police authorities. Your council and police authority use their shares of redistributed rate income, together with income from their council tax payers, revenue support grant provided by the Government and certain other sums, to pay for the services they provide.”;</p></content></subparagraph><subparagraph eId="regulation-2-4-b"><num>b</num><content><p>in the note headed “Alteration of Rateable Value”, for “6 months” there shall be substituted “3 months”.</p></content></subparagraph></paragraph><paragraph eId="regulation-2-5"><num>5</num><intro><p>In paragraph 1 of Part II of Schedule 2—</p></intro><subparagraph eId="regulation-2-5-a"><num>a</num><content><p>in the note headed “Trethi Annomestig”, for the words after “gynghorau” to the end of that note there shall be substituted “sir a bwrdeistref sirol ac awdurdodau heddlu. Defnyddia eich cyngor a'ch awdurdod heddlu eu cyfran o'r incwm trethi a ailddosberthir, ynghyd â'r incwm o'u trethdalwyr, y grant cynnal refeniw a ddarperir gan y Llywodraeth a rhai symiau eraill, i dalu am y gwasanaethau a ddarperir ganddynt hwy.”;</p></content></subparagraph><subparagraph eId="regulation-2-5-b"><num>b</num><content><p>in the note headed “Newid y Gwerth Trethiannol”, for “6 mis” there shall be substituted “3 mis”.</p></content></subparagraph></paragraph><paragraph eId="regulation-2-6"><num>6</num><content><p>For paragraph 8(c) of Part I of Schedule 3 there shall be substituted—</p><p class="BlockAmendment"><mod><quotedStructure class="unknown unknown unknown default" startQuote="“" endQuote="”"><subparagraph eId="d4e217"><num>c</num><content><p>where a body has issued a levy or special levy to the billing authority that was taken into account for the relevant year by the authority in making its estimate under section 32(2)(a) of the 1992 Act, of the amount of the levy or special levy together with information as to whether any of it was treated as special expenses of the authority.</p></content></subparagraph></quotedStructure></mod><inline name="AppendText">.</inline></p></content></paragraph><paragraph eId="regulation-2-7"><num>7</num><content><p>For paragraph 12(b) of Part I of Schedule 3 there shall be substituted—</p><p class="BlockAmendment"><mod><quotedStructure class="unknown unknown unknown default" startQuote="“" endQuote="”"><subparagraph eId="d4e232"><num>b</num><content><p>where a body has issued a levy or special levy to the billing authority that was taken into account for the preceding year by the authority in making its estimate under section 32(2)(a) of the 1992 Act, of the amount of the levy or special levy.</p></content></subparagraph></quotedStructure></mod><inline name="AppendText">.</inline></p></content></paragraph><paragraph eId="regulation-2-8"><num>8</num><content><p>Nothing in paragraphs (4)(b) and (5)(b) above shall affect the operation of the <abbr title="Non-Domestic Rating (Demand Notices) (Wales) Regulations 1993 (S.I. 1993/252)" xml:lang="">principal Regulations</abbr> in relation to demand notices issued by a billing authority which relate to a financial year beginning on or before 1st April 1994.</p></content></paragraph><paragraph eId="regulation-2-9"><num>9</num><content><p>Nothing in paragraphs (2), (6) and (7) above shall affect the operation of the <abbr title="Non-Domestic Rating (Demand Notices) (Wales) Regulations 1993 (S.I. 1993/252)" xml:lang="">principal Regulations</abbr> in relation to demand notices issued by a billing authority which relate to a financial year beginning on or before 1st April 1995.</p></content></paragraph></hcontainer><hcontainer name="regulation" eId="regulation-3"><num>3</num><heading>Transitional provision for financial year beginning in 1996</heading><paragraph eId="regulation-3-1"><num>1</num><content><p>This regulation applies where the relevant year is the financial year beginning on 1st April 1996.</p></content></paragraph><paragraph eId="regulation-3-2"><num>2</num><intro><p>In paragraph 2 of Schedule 1 to the <abbr title="Non-Domestic Rating (Demand Notices) (Wales) Regulations 1993 (S.I. 1993/252)" xml:lang="">principal Regulations</abbr>, the reference to the authority’s local non-domestic rating list shall, if no such list is in force, be taken to be a reference to—</p></intro><subparagraph eId="regulation-3-2-a"><num>a</num><content><p>the information received by the authority from its valuation officer under section 41A(8) of the Local Government Finance Act 1988, or</p></content></subparagraph><subparagraph eId="regulation-3-2-b"><num>b</num><content><p>in a case to which paragraph (3) applies, the relevant information.</p></content></subparagraph></paragraph><paragraph eId="regulation-3-3"><num>3</num><intro><p>This paragraph applies where the authority’s valuation officer supplies the authority with information relating to the rateable value of the hereditament concerned which—</p></intro><subparagraph eId="regulation-3-3-a"><num>a</num><content><p>is contained in a local non-domestic rating list after 30th September 1995, and</p></content></subparagraph><subparagraph eId="regulation-3-3-b"><num>b</num><content><p>differs from the information referred to in paragraph (2)(a) above; and such information is relevant information for the purposes of paragraph (2)(b) above.</p></content></subparagraph></paragraph><paragraph eId="regulation-3-4"><num>4</num><intro><p>Part I of Schedule 3 to the <abbr title="Non-Domestic Rating (Demand Notices) (Wales) Regulations 1993 (S.I. 1993/252)" xml:lang="">principal Regulations</abbr> shall have effect as if—</p></intro><subparagraph eId="regulation-3-4-a"><num>a</num><content><p>the words “of the billing authority and” were omitted from paragraphs 10 and 11; and</p></content></subparagraph><subparagraph eId="regulation-3-4-b"><num>b</num><content><p>paragraph 12 were omitted.</p></content></subparagraph></paragraph></hcontainer><hcontainer name="signatures"><content><p>Signed by authority of the Secretary of State for Wales</p><block name="signature"><signature><person refersTo="#ref-d4e337">Gwilym Jones</person><role refersTo="#ref-d4e339">Parliamentary Under Secretary of State, Welsh Office</role><date date="1996-02-15">15th February 1996</date></signature></block></content></hcontainer></body><conclusions><blockContainer class="ExplanatoryNotes"><intro><p>(This note is not part of the Regulations)</p></intro><p><authorialNote><p>The Local Government (Wales) Act 1994 makes provision for local government reorganisation in Wales. These regulations amend the Non-Domestic Rating (Demand Notices) (Wales) Regulations 1993 to take account of the changes resulting from local government reorganisation. In particular, they take account of the fact that from 1st April 1996 the only major precepting authorities in Wales will be police authorities, and that the requirements to supply, with demand notices, certain information relating to the previous year, will be inappropriate in the new authorities' first year.</p></authorialNote></p></blockContainer></conclusions></act></akomaNtoso>