<akomaNtoso xmlns:xsi="http://www.w3.org/2001/XMLSchema-instance" xmlns="http://docs.oasis-open.org/legaldocml/ns/akn/3.0" xsi:schemaLocation="http://docs.oasis-open.org/legaldocml/ns/akn/3.0 http://docs.oasis-open.org/legaldocml/akn-core/v1.0/cos01/part2-specs/schemas/akomantoso30.xsd"><act name="UnitedKingdomStatutoryInstrument"><meta><identification source="#source"><FRBRWork><FRBRthis value="http://www.legislation.gov.uk/id/uksi/1996/103"/><FRBRuri value="http://www.legislation.gov.uk/id/uksi/1996/103"/><FRBRdate date="1996-01-17" name="made"/><FRBRauthor href="http://www.legislation.gov.uk/id/government/uk"/><FRBRcountry value="GB-UKM"/><FRBRsubtype value="regulation"/><FRBRnumber value="103"/><FRBRname value="S.I. 1996/103 (S. 6)"/><FRBRprescriptive value="true"/></FRBRWork><FRBRExpression><FRBRthis value="http://www.legislation.gov.uk/uksi/1996/103/made"/><FRBRuri value="http://www.legislation.gov.uk/uksi/1996/103/made"/><FRBRdate date="1996-01-17" name="made"/><FRBRauthor href="#source"/><FRBRlanguage language="eng"/></FRBRExpression><FRBRManifestation><FRBRthis value="http://www.legislation.gov.uk/uksi/1996/103/made/data.akn"/><FRBRuri value="http://www.legislation.gov.uk/uksi/1996/103/made/data.akn"/><FRBRdate date="2021-07-26+01:00" name="transform"/><FRBRauthor href="http://www.legislation.gov.uk"/><FRBRformat value="application/akn+xml"/></FRBRManifestation></identification><classification source="#source"><keyword value="business rates" showAs="Business rates" dictionary="http://www.legislation.gov.uk"/><keyword value="rating and valuation" showAs="RATING AND VALUATION" dictionary="http://www.legislation.gov.uk"/></classification><lifecycle source="#source"><eventRef date="1996-01-17" type="generation" eId="made-date" source="#source"/><eventRef date="1996-01-31" eId="laid-date-1" source="#source"/><eventRef date="1996-04-01" eId="coming-into-force-date-1" source="#source"/></lifecycle><references source="#source"><TLCOrganization eId="source" href="http://www.legislation.gov.uk/id/publisher/KingsOrQueensPrinterOfActsOfParliament" showAs="Queen's Printer of Acts of Parliament"/><passiveRef href="http://www.legislation.gov.uk/id/uksi/1997/452" showAs="The Non-Domestic Rates (Levying) (Scotland) Regulations 1997"/><TLCLocation eId="standrew’shouse" href="/ontology/location/uk.StAndrew’sHouse" showAs="St Andrew’s House,"/><TLCLocation eId="edinburgh" href="/ontology/location/uk.Edinburgh" showAs="Edinburgh"/><TLCRole eId="ref-d4e1924" href="/ontology/role/uk.Parliamentary Under Secretary of State, Scottish Office" showAs="Parliamentary Under Secretary of State, Scottish Office"/><TLCPerson eId="ref-d4e1922" href="/ontology/persons/uk.GeorgeKynoch" showAs="George Kynoch"/><TLCConcept href="/uk/subject/rating-and-valuation" showAs="RATING AND VALUATION" eId="d4e84"/></references><notes source="#source"><note class="footnote" eId="f00001"><p><ref href="http://www.legislation.gov.uk/id/ukpga/1994/39">1994 c. 39</ref>.</p></note><note class="footnote" eId="f00002"><p><ref href="http://www.legislation.gov.uk/id/ukpga/1962/9">1962 c. 9</ref>.</p></note><note class="footnote" eId="f00003"><p><ref href="http://www.legislation.gov.uk/id/ukpga/1966/51">1966 c. 51</ref>.</p></note><note class="footnote" eId="f00004"><p><ref href="http://www.legislation.gov.uk/id/ukpga/1975/30">1975 c. 30</ref>.</p></note><note class="footnote" eId="f00005"><p><ref href="http://www.legislation.gov.uk/id/ukpga/1992/14">1992 c. 14</ref>.</p></note><note class="footnote" eId="f00006"><p><abbr class="Acronym" title="Statutory Instrument">S.I.</abbr><ref href="http://www.legislation.gov.uk/id/uksi/1995/548">1995/548</ref>.</p></note><note class="footnote" eId="f00007"><p>Section 7B was inserted by the <abbr title="Local Government Finance Act 1992 c. 14" xml:lang="">1992 Act</abbr>, section 110(2) and was amended by the Local Government <abbr title="et cetera" xml:lang="la">etc.</abbr> (Scotland) Act <ref href="http://www.legislation.gov.uk/id/ukpga/1994/39">1994 (c. 39)</ref>, Schedule 13, paragraph 100(4).</p></note><note class="footnote" eId="f00008"><p>Section 6(1) to (7) was substituted by the Local Government (Scotland) Act <ref href="http://www.legislation.gov.uk/id/ukpga/1978/4">1978 (c. 4)</ref>, section 1, and section 6(1) subsequently substituted by the Local Government Finance Act <ref href="http://www.legislation.gov.uk/id/ukpga/1988/41">1988 (c. 41)</ref>, Schedule 12, paragraph 11 and amended by the Local Government Finance Act <ref href="http://www.legislation.gov.uk/id/ukpga/1992/14">1992 (c. 14)</ref>, Schedule 13, paragraph 42; section 6(1A) was inserted by the Local Government and Housing Act <ref href="http://www.legislation.gov.uk/id/ukpga/1989/42">1989 (c. 42)</ref>, Schedule 6, paragraph 18; section 6(5A) and (8) was inserted by the Local Government <abbr title="et cetera" xml:lang="la">etc.</abbr> (Scotland) Act 1994, sections 160 and 157.</p></note><note class="footnote" eId="f00009"><p><abbr class="Acronym" title="Statutory Instrument">S.I.</abbr><ref href="http://www.legislation.gov.uk/id/uksi/1995/366">1995/366</ref>.</p></note><note class="footnote" eId="f00010"><p><abbr class="Acronym" title="Statutory Instrument">S.I.</abbr><ref href="http://www.legislation.gov.uk/id/uksi/1995/371">1995/371</ref>.</p></note><note class="footnote" eId="f00011"><p><abbr class="Acronym" title="Statutory Instrument">S.I.</abbr><ref href="http://www.legislation.gov.uk/id/uksi/1995/372">1995/372</ref>.</p></note><note class="footnote" eId="f00012"><p><abbr class="Acronym" title="Statutory Instrument">S.I.</abbr><ref href="http://www.legislation.gov.uk/id/uksi/1990/817">1990/817</ref>, amended by <abbr class="Acronym" title="Statutory Instrument">S.I.</abbr><ref href="http://www.legislation.gov.uk/id/uksi/1995/375">1995/375</ref> and <ref href="http://www.legislation.gov.uk/id/uksi/1995/3253">3253</ref>.</p></note><note class="footnote" eId="f00013"><p>The relevant definition in section 37(1) was amended by the Rating and Valuation (Amendment) (Scotland) Act <ref href="http://www.legislation.gov.uk/id/ukpga/1984/31">1984 (c. 31)</ref>, section 20 and Schedule 2, paragraph 17, by the Abolition of Domestic Rates Etc. (Scotland) Act <ref href="http://www.legislation.gov.uk/id/ukpga/1987/47">1987 (c. 47)</ref>, Schedule 6, and (prospectively) by the Local Government <abbr title="et cetera" xml:lang="la">etc.</abbr> (Scotland) Act 1994, Schedule 13, paragraph 100(8).</p></note><note class="footnote" eId="f00014"><p><abbr class="Acronym" title="Statutory Instrument">S.I.</abbr><ref href="http://www.legislation.gov.uk/id/uksi/1995/929">1995/929</ref>.</p></note><note class="footnote" eId="f00015"><p><abbr class="Acronym" title="Statutory Instrument">S.I.</abbr><ref href="http://www.legislation.gov.uk/id/uksi/1995/373">1995/373</ref>.</p></note><note class="footnote" eId="f00016"><p><abbr class="Acronym" title="Statutory Instrument">S.I.</abbr><ref href="http://www.legislation.gov.uk/id/uksi/1995/370">1995/370</ref>.</p></note><note class="footnote" eId="f00017"><p><abbr class="Acronym" title="Statutory Instrument">S.I.</abbr><ref href="http://www.legislation.gov.uk/id/uksi/1995/369">1995/369</ref>.</p></note><note class="footnote" eId="f00018"><p><abbr class="Acronym" title="Statutory Instrument">S.I.</abbr><ref href="http://www.legislation.gov.uk/id/uksi/1995/368">1995/368</ref>.</p></note><note class="footnote" eId="f00019"><p><abbr class="Acronym" title="Statutory Instrument">S.I.</abbr><ref href="http://www.legislation.gov.uk/id/uksi/1995/930">1995/930</ref>.</p></note><note class="footnote" eId="f00020"><p><abbr class="Acronym" title="Statutory Instrument">S.I.</abbr><ref href="http://www.legislation.gov.uk/id/uksi/1995/3252">1995/3252</ref>.</p></note><note class="footnote" eId="f00021"><p>Section 4(2) was amended by the Local Government (Miscellaneous Provisions) (Scotland) Act <ref href="http://www.legislation.gov.uk/id/ukpga/1981/23">1981 (c. 23)</ref>, section 5(a) and Schedule 4, the Local Government and Planning (Scotland) Act <ref href="http://www.legislation.gov.uk/id/ukpga/1982/43">1982 (c. 43)</ref>, section 5(1)(a) and the Local Government Finance Act <ref href="http://www.legislation.gov.uk/id/ukpga/1988/41">1988 (c. 41)</ref>, Schedule 12, paragraph 7.</p></note><note class="footnote" eId="f00022"><p>Section 24 was substituted by the Local Government <abbr title="et cetera" xml:lang="la">etc.</abbr> (Scotland) Act 1994, section 154.</p></note><note class="footnote" eId="f00023"><p><ref href="http://www.legislation.gov.uk/id/ukpga/1978/40">1978 c. 40</ref>.</p></note><note class="footnote" eId="f00024"><p>Section 24A was inserted by the Local Government <abbr title="et cetera" xml:lang="la">etc.</abbr> (Scotland) Act 1994, section 155.</p></note><note class="footnote" eId="f00025"><p>Section 4(5) was amended by the Local Government and Planning (Scotland) Act 1982, section 5(1)(b) and the Local Government <abbr title="et cetera" xml:lang="la">etc.</abbr> (Scotland) Act 1994, Schedule 13, paragraph 57.</p></note><note class="footnote" eId="f00026"><p>Section 25A was inserted by the Local Government <abbr title="et cetera" xml:lang="la">etc.</abbr> (Scotland) Act 1994, section 156.</p></note></notes><proprietary xmlns:ukl="http://www.legislation.gov.uk/namespaces/legislation" xmlns:ukm="http://www.legislation.gov.uk/namespaces/metadata" xmlns:dc="http://purl.org/dc/elements/1.1/" xmlns:dct="http://purl.org/dc/terms/" xmlns:atom="http://www.w3.org/2005/Atom" source="#source"><dc:identifier>http://www.legislation.gov.uk/uksi/1996/103/made</dc:identifier><dc:title>The Non-Domestic Rates (Levying) (Scotland) Regulations 1996</dc:title><dc:subject>Business rates</dc:subject><dc:publisher>Queen's Printer of Acts of Parliament</dc:publisher><dc:modified>2015-03-10</dc:modified><dc:subject scheme="SIheading">RATING AND VALUATION</dc:subject><dc:description>These Regulations make provision as to the amount payable in certain circumstances as non-domestic rates in respect of property in Scotland. They apply only to financial year 1996-97 (“the relevant year”).</dc:description><atom:link rel="self" href="http://www.legislation.gov.uk/uksi/1996/103/made/data.xml" type="application/xml"/><atom:link rel="http://www.legislation.gov.uk/def/navigation/resources" href="http://www.legislation.gov.uk/uksi/1996/103/resources" title="More Resources"/><atom:link rel="http://www.legislation.gov.uk/def/navigation/act" href="http://www.legislation.gov.uk/uksi/1996/103/made" title="whole act"/><atom:link rel="http://www.legislation.gov.uk/def/navigation/introduction" href="http://www.legislation.gov.uk/uksi/1996/103/introduction/made" title="introduction"/><atom:link rel="http://www.legislation.gov.uk/def/navigation/signature" href="http://www.legislation.gov.uk/uksi/1996/103/signature/made" title="signature"/><atom:link rel="http://www.legislation.gov.uk/def/navigation/note" href="http://www.legislation.gov.uk/uksi/1996/103/note/made" title="note"/><atom:link rel="http://www.legislation.gov.uk/def/navigation/body" href="http://www.legislation.gov.uk/uksi/1996/103/body/made" title="body"/><atom:link rel="http://www.legislation.gov.uk/def/navigation/schedules" href="http://www.legislation.gov.uk/uksi/1996/103/schedules/made" title="schedules"/><atom:link rel="alternate" type="application/rdf+xml" href="http://www.legislation.gov.uk/uksi/1996/103/made/data.rdf" title="RDF/XML"/><atom:link rel="alternate" type="application/akn+xml" href="http://www.legislation.gov.uk/uksi/1996/103/made/data.akn" title="AKN"/><atom:link rel="alternate" type="application/xhtml+xml" href="http://www.legislation.gov.uk/uksi/1996/103/made/data.xht" title="HTML snippet"/><atom:link rel="alternate" type="application/pdf" href="http://www.legislation.gov.uk/uksi/1996/103/made/data.pdf" title="PDF"/><atom:link rel="alternate" type="application/akn+xhtml" href="http://www.legislation.gov.uk/uksi/1996/103/made/data.html" title="HTML5 snippet"/><atom:link rel="http://purl.org/dc/terms/tableOfContents" hreflang="en" href="http://www.legislation.gov.uk/uksi/1996/103/contents/made" title="Table of Contents"/><ukm:SecondaryMetadata><ukm:DocumentClassification><ukm:DocumentCategory Value="secondary"/><ukm:DocumentMainType Value="UnitedKingdomStatutoryInstrument"/><ukm:DocumentStatus Value="final"/><ukm:DocumentMinorType Value="regulation"/></ukm:DocumentClassification><ukm:Year Value="1996"/><ukm:Number Value="103"/><ukm:AlternativeNumber Category="S" Value="6"/><ukm:Made Date="1996-01-17"/><ukm:Laid Date="1996-01-31" Class="UnitedKingdomParliament"/><ukm:ComingIntoForce><ukm:DateTime Date="1996-04-01"/></ukm:ComingIntoForce><ukm:ISBN Value="0110551567"/><ukm:UnappliedEffects><ukm:UnappliedEffect EffectId="key-8a60080e926ccc8eb9e336588a53bb3c" AffectedURI="http://www.legislation.gov.uk/id/uksi/1996/103" AffectedClass="UnitedKingdomStatutoryInstrument" AffectingURI="http://www.legislation.gov.uk/id/uksi/1997/452" AffectingClass="UnitedKingdomStatutoryInstrument" URI="http://www.legislation.gov.uk/id/effect/key-8a60080e926ccc8eb9e336588a53bb3c" Row="3191" Type="revoked" RequiresApplied="true" AffectedProvisions="Act" Comments="revoked" AffectingYear="1997" AffectingNumber="452" AffectingProvisions="reg.26" AffectedYear="1996" AffectedNumber="103" Created="2019-05-02T00:00:00" Modified="2019-05-02T00:00:00"><ukm:AffectedTitle>The Non-Domestic Rates (Levying) (Scotland) Regulations 1996</ukm:AffectedTitle><ukm:AffectedProvisions>Act</ukm:AffectedProvisions><ukm:AffectingTitle>The Non-Domestic Rates (Levying) (Scotland) Regulations 1997</ukm:AffectingTitle><ukm:AffectingProvisions><ukm:Section Ref="regulation-26" URI="http://www.legislation.gov.uk/id/uksi/1997/452/regulation/26">reg.26</ukm:Section></ukm:AffectingProvisions><ukm:InForceDates><ukm:InForce Applied="false" Prospective="true" Qualification=""/></ukm:InForceDates></ukm:UnappliedEffect><ukm:UnappliedEffect EffectId="key-a789b4138529bd430599a2e72db3e45a" AffectedURI="http://www.legislation.gov.uk/id/uksi/1996/103" AffectedClass="UnitedKingdomStatutoryInstrument" AffectingURI="http://www.legislation.gov.uk/id/uksi/1997/452" AffectingClass="UnitedKingdomStatutoryInstrument" URI="http://www.legislation.gov.uk/id/effect/upload-b4yrers3--3889" Row="3894" Type="revoked" RequiresApplied="true" AffectedProvisions="Instrument" Comments="revoked" AffectingYear="1997" AffectingNumber="452" AffectingProvisions="reg.26" AffectedYear="1996" AffectedNumber="103" Created="2019-07-11T00:00:00" Modified="2019-07-11T00:00:00"><ukm:AffectedTitle>The Non-Domestic Rates (Levying) (Scotland) Regulations 1996</ukm:AffectedTitle><ukm:AffectedProvisions>Instrument</ukm:AffectedProvisions><ukm:AffectingTitle>The Non-Domestic Rates (Levying) (Scotland) Regulations 1997</ukm:AffectingTitle><ukm:AffectingProvisions><ukm:Section Ref="regulation-26" URI="http://www.legislation.gov.uk/id/uksi/1997/452/regulation/26">reg.26</ukm:Section></ukm:AffectingProvisions><ukm:InForceDates><ukm:InForce Applied="false" Prospective="true" Qualification=""/></ukm:InForceDates></ukm:UnappliedEffect></ukm:UnappliedEffects></ukm:SecondaryMetadata><ukm:Statistics><ukm:TotalParagraphs Value="30"/><ukm:BodyParagraphs Value="30"/><ukm:ScheduleParagraphs Value="0"/><ukm:AttachmentParagraphs Value="0"/><ukm:TotalImages Value="16"/></ukm:Statistics></proprietary></meta><preface><p class="number"><docNumber>1996 No. 103 (S.6)</docNumber></p><block name="subject"><concept class="title" refersTo="#d4e84">RATING AND VALUATION</concept></block><p class="title"><shortTitle>The Non-Domestic Rates (Levying) (Scotland) Regulations 1996</shortTitle></p><p class="MadeDate"><span>Made</span><docDate date="1996-01-17">17th January 1996</docDate></p><p class="LaidDate"><span>Laid before Parliament</span><docDate date="1996-01-31">31st January 1996</docDate></p><p class="ComingIntoForce"><span>Coming into force</span><docDate date="1996-04-01">1st April 1996</docDate></p></preface><preamble><formula name="EnactingText"><p>The Secretary of State, in exercise of the powers conferred upon him by section 153 of the Local Government <abbr title="et cetera" xml:lang="la">etc.</abbr> (Scotland) Act 1994<noteRef href="#f00001" class="footnote" marker="1"/> and of all other powers enabling him in that behalf, hereby makes the following Regulations</p></formula></preamble><body><part eId="part-I"><num>PART I</num><heading>INTRODUCTORY</heading><hcontainer name="regulation" eId="regulation-1"><num>1</num><heading>Citation and commencement</heading><content><p>These Regulations may be cited as the Non-Domestic Rates (Levying) (Scotland) Regulations 1996 and shall come into force on 1st April 1996.</p></content></hcontainer><hcontainer name="regulation" eId="regulation-2"><num>2</num><heading>Interpretation—general</heading><content><p>In these Regulations, except where the context otherwise requires—</p><blockList class="unordered"><item><p>“the <abbr title="Local Government (Financial Provisions etc.) (Scotland) Act 1962 c. 9" xml:lang="">1962 Act</abbr>” means the Local Government (Financial Provisions <abbr title="et cetera" xml:lang="la">etc.</abbr>) (Scotland) Act 1962<noteRef href="#f00002" class="footnote" marker="2"/>;</p></item><item><p>“the <abbr title="Local Government (Scotland) Act 1966 c. 51" xml:lang="">1966 Act</abbr>” means the Local Government (Scotland) Act 1966<noteRef href="#f00003" class="footnote" marker="3"/>;</p></item><item><p>“the <abbr title="Local Government (Scotland) Act 1975 c. 30" xml:lang="">1975 Act</abbr>” means the Local Government (Scotland) Act 1975<noteRef href="#f00004" class="footnote" marker="4"/>;</p></item><item><p>“the <abbr title="Local Government Finance Act 1992 c. 14" xml:lang="">1992 Act</abbr>” means the Local Government Finance Act 1992<noteRef href="#f00005" class="footnote" marker="5"/>;</p></item><item><p>“the <abbr title="Non-Domestic Rates (Levying) (Scotland) Regulations 1995 (S.I. 1995/548)" xml:lang="">1995 Regulations</abbr>” means the Non-Domestic Rates (Levying) (Scotland) Regulations 1995<noteRef href="#f00006" class="footnote" marker="6"/>;</p></item><item><p>“new entry”, in relation to a split, merged or reorganised entry, means an entry in the roll taking effect from the day on which the merged, split or reorganised entry takes effect;</p></item><item><p>“old entry”, in relation to a merged, split or reorganised entry, means an entry in the roll for the day immediately prior to the day from which the merged, split or reorganised entry takes effect;</p></item><item><p>“part residential subjects” has the meaning assigned to it in section 99(1) of the <abbr title="Local Government Finance Act 1992 c. 14" xml:lang="">1992 Act</abbr>;</p></item><item><p>“rateable value”, in relation to lands and heritages and a particular date, means—</p><blockList class="ordered"><item><num>a</num><p>in the case of part residential subjects, the rateable value entered in the roll for that date and apportioned to the non-residential use of those subjects; and</p></item><item><num>b</num><p>in any other case, the rateable value entered in the roll for that date in respect of those lands and heritages,</p></item></blockList><p>and includes a rateable value so entered with retrospective effect;</p></item><item><p>“rates” means non-domestic rates levied under section 7B of the <abbr title="Local Government (Scotland) Act 1975 c. 30" xml:lang="">1975 Act</abbr><noteRef href="#f00007" class="footnote" marker="7"/>;</p></item><item><p>“the relevant year” means the period of 12 months beginning with 1st April 1996;</p></item><item><p>“the roll” means a valuation roll made up under section 1 of the <abbr title="Local Government (Scotland) Act 1975 c. 30" xml:lang="">1975 Act</abbr>.</p></item></blockList></content></hcontainer><hcontainer name="regulation" eId="regulation-3"><num>3</num><heading>Interpretation—mergers</heading><intro><p>In these Regulations—</p></intro><subparagraph eId="regulation-3-a"><num>a</num><intro><p>“a merged entry” means any entry in the roll taking effect on a day in the relevant year as a result of lands and heritages shown in two or more old entries being shown in a single new entry, where—</p></intro><clause eId="regulation-3-a-i"><num>i</num><content><p>none of the lands and heritages shown in the relevant old entries are shown in a new entry, other than in the merged entry; and</p></content></clause><clause eId="regulation-3-a-ii"><num>ii</num><content><p>the merged entry does not show any lands and heritages shown in an old entry, other than in the relevant old entries; and</p></content></clause></subparagraph><subparagraph eId="regulation-3-b"><num>b</num><content><p>“the relevant old entries”, in relation to a merged entry, means the old entries which showed the lands and heritages shown in the merged entry.</p></content></subparagraph></hcontainer><hcontainer name="regulation" eId="regulation-4"><num>4</num><heading>Interpretation—splits</heading><intro><p>In these Regulations—</p></intro><subparagraph eId="regulation-4-a"><num>a</num><intro><p>“a split entry” means any entry in the roll taking effect on a day in the relevant year as a result of lands and heritages shown in a single old entry being shown in two or more new entries, where—</p></intro><clause eId="regulation-4-a-i"><num>i</num><content><p>none of those new entries show lands and heritages shown in an old entry, other than in the relevant old entry; and</p></content></clause><clause eId="regulation-4-a-ii"><num>ii</num><content><p>no lands and heritages shown in the relevant old entry are shown in a new entry, other than in those new entries; and</p></content></clause></subparagraph><subparagraph eId="regulation-4-b"><num>b</num><content><p>“the relevant old entry”, in relation to a split entry, means the old entry which showed the lands and heritages shown in the split entry.</p></content></subparagraph></hcontainer><hcontainer name="regulation" eId="regulation-5"><num>5</num><heading>Interpretation—reorganisations</heading><intro><p>In these Regulations—</p></intro><subparagraph eId="regulation-5-a"><num>a</num><intro><p>“a reorganised entry” means any entry in the roll taking effect on a day in the relevant year which is not a split or merged entry, and which shows lands and heritages—</p></intro><clause eId="regulation-5-a-i"><num>i</num><content><p>which were to any extent shown in two or more old entries; or</p></content></clause><clause eId="regulation-5-a-ii"><num>ii</num><content><p>which are part only of lands and heritages shown in a single old entry and the other part of which is shown to any extent in one or more other new entries;</p></content></clause></subparagraph><subparagraph eId="regulation-5-b"><num>b</num><content><p>“reorganisation” means a situation where, with effect from a day in the relevant year, lands and heritages shown immediately before that day in two or more old entries are shown in two or more new entries, each of which is a reorganised entry; and</p></content></subparagraph><subparagraph eId="regulation-5-c"><num>c</num><content><p>“the relevant old entries”, in relation to a reorganised entry, means the old entries affected by the reorganisation which gave rise to that entry.</p></content></subparagraph></hcontainer></part><part eId="part-II"><num>PART II</num><heading>LANDS AND HERITAGES ON ROLL ON 1ST APRIL 1996</heading><hcontainer name="regulation" eId="regulation-6"><num>6</num><heading>Application of Part II</heading><paragraph eId="regulation-6-1"><num>1</num><intro><p>Subject to paragraphs (2) to (4) below, this Part applies to lands and heritages which are shown in the roll on 1st April 1996 if either—</p></intro><subparagraph eId="regulation-6-1-a"><num>a</num><content><p>paragraph (a) or paragraph (b) of regulation 7 of the <abbr title="Non-Domestic Rates (Levying) (Scotland) Regulations 1995 (S.I. 1995/548)" xml:lang="">1995 Regulations</abbr>; or</p></content></subparagraph><subparagraph eId="regulation-6-1-b"><num>b</num><content><p>Part III of those Regulations,</p></content></subparagraph><wrapUp><p>applies to them as regards 31st March 1996, and they are not shown in a merged, split or reorganised entry taking effect on 1st April 1996.</p></wrapUp></paragraph><paragraph eId="regulation-6-2"><num>2</num><intro><p>This Part shall not apply to lands and heritages which have their rateable value for 1st April 1996 prescribed in an order made under section 6 of the <abbr title="Local Government (Scotland) Act 1975 c. 30" xml:lang="">1975 Act</abbr><noteRef href="#f00008" class="footnote" marker="8"/>, unless they are lands and heritages which have their rateable value for that date prescribed by—</p></intro><subparagraph eId="regulation-6-2-a"><num>a</num><content><p>the Mines and Quarries (Rateable Values) (Scotland) Order 1995<noteRef href="#f00009" class="footnote" marker="9"/>;</p></content></subparagraph><subparagraph eId="regulation-6-2-b"><num>b</num><content><p>the Electricity Generators (Rateable Values) (Scotland) Order 1995<noteRef href="#f00010" class="footnote" marker="10"/>;</p></content></subparagraph><subparagraph eId="regulation-6-2-c"><num>c</num><content><p>the Electricity Generators (Aluminium) Rateable Values (Scotland) Order 1995<noteRef href="#f00011" class="footnote" marker="11"/>; or</p></content></subparagraph><subparagraph eId="regulation-6-2-d"><num>d</num><content><p>the Docks and Harbours (Rateable Values) (Scotland) Order 1990<noteRef href="#f00012" class="footnote" marker="12"/>.</p></content></subparagraph></paragraph><paragraph eId="regulation-6-3"><num>3</num><content><p>This Part shall not apply to lands and heritages which on 1st April 1996 do not have their rateable value prescribed in an order made under section 6 of the <abbr title="Local Government (Scotland) Act 1975 c. 30" xml:lang="">1975 Act</abbr> if they consist to any extent of lands and heritages which at any time during the financial year beginning on 1st April 1995 had their rateable value so prescribed.</p></content></paragraph><paragraph eId="regulation-6-4"><num>4</num><content><p>This Part shall cease, as from the date of any merged, split or reorganised entry taking effect subsequent to 1st April 1996, to apply to the lands and heritages shown in that entry.</p></content></paragraph></hcontainer><hcontainer name="regulation" eId="regulation-7"><num>7</num><heading>Amount payable as rates</heading><intro><p>Where the notional liability in respect of any lands and heritages to which this Part applies and a day in the relevant year is—</p></intro><subparagraph eId="regulation-7-a"><num>a</num><content><p>more than their upper transitional limit for that day (ascertained in accordance with regulation 9 below), the amount payable as rates in respect of those lands and heritages and that day shall, subject to Part V below, be that upper transitional limit;</p></content></subparagraph><subparagraph eId="regulation-7-b"><num>b</num><content><p>less than their lower transitional limit for that day (ascertained in accordance with regulation 10 below), the amount so payable shall, subject to that Part, be that lower transitional limit.</p></content></subparagraph></hcontainer><hcontainer name="regulation" eId="regulation-8"><num>8</num><heading>Notional liability</heading><content><p>The notional liability in respect of any lands and heritages to which this Part applies and any day shall be calculated in accordance with the formula—</p><foreign><math xmlns="http://www.w3.org/1998/Math/MathML" display="inline" overflow="scroll" altimg="http://www.legislation.gov.uk/uksi/1996/103/images/uksi_19960103_en_001"><mrow><mfrac linethickness="1" denomalign="center" numalign="center"><mrow><mi mathvariant="normal">RV</mi><mo>×</mo><mn>0.449</mn></mrow><mrow><mn>365</mn></mrow></mfrac></mrow></math></foreign><blockContainer class="where"><p>where—</p><blockList class="unordered"><item><p><abbr class="Acronym" title="Rateable Value">RV</abbr> is the rateable value for those lands and heritages and that day.</p></item></blockList></blockContainer></content></hcontainer><hcontainer name="regulation" eId="regulation-9"><num>9</num><heading>Upper transitional limit</heading><paragraph eId="regulation-9-1"><num>1</num><content><p>The upper transitional limit in respect of any lands and heritages to which this Part applies and any day shall, subject to regulation 12 below, be calculated in accordance with the formula—</p><foreign><math xmlns="http://www.w3.org/1998/Math/MathML" display="inline" overflow="scroll" altimg="http://www.legislation.gov.uk/uksi/1996/103/images/uksi_19960103_en_002"><mrow><mfrac linethickness="1" denomalign="center" numalign="center"><mrow><mi mathvariant="normal">BL</mi><mo>×</mo><mi mathvariant="normal">AUF</mi></mrow><mrow><mn>365</mn></mrow></mfrac></mrow></math></foreign><blockContainer class="where"><p>where—</p><blockList class="unordered"><item><p>BL is the base liability of those lands and heritages, ascertained in accordance with regulation 11 below; and</p></item><item><p><abbr class="Acronym" title="Appropriate Upper Figure">AUF</abbr> is the appropriate upper figure in respect of those lands and heritages, ascertained in accordance with paragraph (2) below.</p></item></blockList></blockContainer></content></paragraph><paragraph eId="regulation-9-2"><num>2</num><intro><p>The appropriate upper figure in respect of lands and heritages is—</p></intro><subparagraph eId="regulation-9-2-a"><num>a</num><content><p>1.117, where the lands and heritages have a rateable value of £10,000 or more on 1st April 1996;</p></content></subparagraph><subparagraph eId="regulation-9-2-b"><num>b</num><content><p>1.065, where the lands and heritages are part residential subjects with a rateable value of less than £10,000 on that date; and</p></content></subparagraph><subparagraph eId="regulation-9-2-c"><num>c</num><content><p>1.091, in any other case.</p></content></subparagraph></paragraph></hcontainer><hcontainer name="regulation" eId="regulation-10"><num>10</num><heading>Lower transitional limit</heading><paragraph eId="regulation-10-1"><num>1</num><content><p>The lower transitional limit in respect of any lands and heritages to which this Part applies and any day shall, subject to regulation 12 below, be calculated in accordance with the formula—</p><foreign><math xmlns="http://www.w3.org/1998/Math/MathML" display="inline" overflow="scroll" altimg="http://www.legislation.gov.uk/uksi/1996/103/images/uksi_19960103_en_003"><mrow><mfrac linethickness="1" denomalign="center" numalign="center"><mrow><mi mathvariant="normal">BL</mi><mo>×</mo><mi mathvariant="normal">ALF</mi></mrow><mrow><mn>365</mn></mrow></mfrac></mrow></math></foreign><blockContainer class="where"><p>where—</p><blockList class="unordered"><item><p>BL has the same meaning as in regulation 9(1) above; and</p></item><item><p>ALF is the appropriate lower figure in respect of those lands and heritages, ascertained in accordance with paragraph (2) below.</p></item></blockList></blockContainer></content></paragraph><paragraph eId="regulation-10-2"><num>2</num><intro><p>The appropriate lower figure in respect of lands and heritages is—</p></intro><subparagraph eId="regulation-10-2-a"><num>a</num><content><p>0.987, where the lands and heritages have a rateable value of £10,000 or more on 1st April 1996; and</p></content></subparagraph><subparagraph eId="regulation-10-2-b"><num>b</num><content><p>0.935, in any other case.</p></content></subparagraph></paragraph></hcontainer><hcontainer name="regulation" eId="regulation-11"><num>11</num><heading>Base liability</heading><content><p>The base liability of any lands and heritages to which this Part applies shall be calculated in accordance with the formula—</p><foreign><math xmlns="http://www.w3.org/1998/Math/MathML" display="inline" overflow="scroll" altimg="http://www.legislation.gov.uk/uksi/1996/103/images/uksi_19960103_en_004"><mrow><mi mathvariant="normal">AP</mi><mo>×</mo><mn>366</mn></mrow></math></foreign><blockContainer class="where"><p>where—</p><blockList class="unordered"><item><p>AP is the amount payable as rates in respect of those lands and heritages and 31st March 1996, taking account of Parts II and <abbr class="Acronym" title="3">III</abbr> of the <abbr title="Non-Domestic Rates (Levying) (Scotland) Regulations 1995 (S.I. 1995/548)" xml:lang="">1995 Regulations</abbr> but before applying the provisions of Part IV of those Regulations.</p></item></blockList></blockContainer></content></hcontainer><hcontainer name="regulation" eId="regulation-12"><num>12</num><heading>Changes in rateable value after 31st March 1996</heading><paragraph eId="regulation-12-1"><num>1</num><content><p>Where the rateable value of lands and heritages to which this Part applies is increased with effect from a day in the relevant year subsequent to 1st April 1996, the upper and lower transitional limits in respect of those lands and heritages shall, as regards days in that year on and after that effective day, be calculated in accordance with the formula—</p><foreign><math xmlns="http://www.w3.org/1998/Math/MathML" display="inline" overflow="scroll" altimg="http://www.legislation.gov.uk/uksi/1996/103/images/uksi_19960103_en_005"><mrow><mi mathvariant="normal">TL</mi><mo>+</mo><mfrac linethickness="1" denomalign="center" numalign="center"><mrow><mrow><mo fence="true">(</mo><mrow><mi mathvariant="normal">IRV</mi><mo>-</mo><mi mathvariant="normal">RV</mi></mrow><mo fence="true">)</mo></mrow><mo>×</mo><mn>0.449</mn></mrow><mrow><mn>365</mn></mrow></mfrac></mrow></math></foreign><blockContainer class="where"><p>where—</p><blockList class="unordered"><item><p><abbr class="Acronym" title="Total Liability">TL</abbr> is the upper, or as the case may be the lower, transitional limit in respect of those lands and heritages and the day immediately prior to the effective day;</p></item><item><p><abbr class="Acronym" title="Increased Rateable Value">IRV</abbr> is the increased rateable value of those lands and heritages; and</p></item><item><p><abbr class="Acronym" title="Rateable Value">RV</abbr> is their rateable value immediately prior to the effective day.</p></item></blockList></blockContainer></content></paragraph><paragraph eId="regulation-12-2"><num>2</num><intro><p>Where the rateable value of lands and heritages to which this Part applies is reduced with effect from a day in the relevant year subsequent to 1st April 1996, as a result of—</p></intro><subparagraph eId="regulation-12-2-a"><num>a</num><content><p>a material change of circumstances (within the meaning of section 37(1) of the <abbr title="Local Government (Scotland) Act 1975 c. 30" xml:lang="">1975 Act</abbr><noteRef href="#f00013" class="footnote" marker="13"/>); or</p></content></subparagraph><subparagraph eId="regulation-12-2-b"><num>b</num><content><p>the assessor amending or adding an apportionment note under paragraph 2 of Schedule 5 to the <abbr title="Local Government Finance Act 1992 c. 14" xml:lang="">1992 Act</abbr>,</p></content></subparagraph><wrapUp><p>the upper and lower transitional limits in respect of those lands and heritages shall, as regards days in that year on and after that effective day, be calculated in accordance with the formula—</p><foreign><math xmlns="http://www.w3.org/1998/Math/MathML" display="inline" overflow="scroll" altimg="http://www.legislation.gov.uk/uksi/1996/103/images/uksi_19960103_en_006"><mrow><mi mathvariant="normal">TL</mi><mo>×</mo><mfrac linethickness="1" denomalign="center" numalign="center"><mrow><mi mathvariant="normal">RRV</mi></mrow><mrow><mi mathvariant="normal">RV</mi></mrow></mfrac></mrow></math></foreign><blockContainer class="where"><p>where—</p><blockList class="unordered"><item><p><abbr class="Acronym" title="Total Liability">TL</abbr> and <abbr class="Acronym" title="Rateable Value">RV</abbr> have the same meanings as in paragraph (1) above; and</p></item><item><p><abbr class="Acronym" title="Reduced Rateable Value">RRV</abbr> is the reduced rateable value of those lands and heritages.</p></item></blockList></blockContainer></wrapUp></paragraph><paragraph eId="regulation-12-3"><num>3</num><content><p>Where the rateable value of lands and heritages to which this Part applies is increased with effect from 1st April 1996, the upper and lower transitional limits in respect of those lands and heritages shall, as regards days prior to either paragraph (1) or (2) above taking effect, be calculated in accordance with the formula in paragraph (1) above, save that for those purposes “<abbr class="Acronym" title="Total Liability">TL</abbr>” shall be calculated in accordance with the formula in regulation 9(1) or the formula in regulation 10(1), as the case may be.</p></content></paragraph><paragraph eId="regulation-12-4"><num>4</num><content><p>Where the rateable value of lands and heritages to which this Part applies is reduced with effect from 1st April 1996 for a reason mentioned in sub-paragraph (a) or (b) of paragraph (2) above, the upper and lower transitional limits in respect of those lands and heritages shall, as regards days prior to either paragraph (1) or (2) above taking effect, be calculated in accordance with the formula in paragraph (2) above, save that for those purposes “<abbr class="Acronym" title="Total Liability">TL</abbr>” shall be calculated in accordance with the formula in regulation 9(1) or the formula in regulation 10(1), as the case may be.</p></content></paragraph></hcontainer></part><part eId="part-III"><num>PART III</num><heading>FORMULA VALUED LANDS AND HERITAGES</heading><hcontainer name="regulation" eId="regulation-13"><num>13</num><heading>Application of Part III</heading><intro><p>This Part applies to lands and heritages which on 1st April 1996 are—</p></intro><subparagraph eId="regulation-13-a"><num>a</num><intro><p>within the class of lands and heritages prescribed by article 3 of the Railtrack plc (Rateable Values) (Scotland) Order 1995<noteRef href="#f00014" class="footnote" marker="14"/> and are situated within—</p></intro><clause eId="regulation-13-a-i"><num>i</num><content><p>the area of the Aberdeenshire Council;</p></content></clause><clause eId="regulation-13-a-ii"><num>ii</num><content><p>the area of the Moray Council; or</p></content></clause><clause eId="regulation-13-a-iii"><num>iii</num><content><p>the area of the Scottish Borders Council;</p></content></clause></subparagraph><subparagraph eId="regulation-13-b"><num>b</num><intro><p>occupied by Scottish Power plc, are situated in the area of the City of Glasgow Council, and are within the class of lands and heritages prescribed by article 3 of—</p></intro><clause eId="regulation-13-b-i"><num>i</num><content><p>the Electricity Distribution Lands (Rateable Values) (Scotland) Order 1995<noteRef href="#f00015" class="footnote" marker="15"/>;</p></content></clause><clause eId="regulation-13-b-ii"><num>ii</num><content><p>the Electricity Transmission Lands (Rateable Values) (Scotland) Order 1995<noteRef href="#f00016" class="footnote" marker="16"/>; or</p></content></clause><clause eId="regulation-13-b-iii"><num>iii</num><content><p>the Electricity Generation Lands (Rateable Values) (Scotland) Order 1995<noteRef href="#f00017" class="footnote" marker="17"/>;</p></content></clause></subparagraph><subparagraph eId="regulation-13-c"><num>c</num><content><p>within the class of lands and heritages prescribed by article 3 of the British Gas plc. (Rateable Values) (Scotland) Order 1995<noteRef href="#f00018" class="footnote" marker="18"/> and are situated within the area of the City of Glasgow Council;</p></content></subparagraph><subparagraph eId="regulation-13-d"><num>d</num><content><p>within the class of lands and heritages prescribed by article 3 of the British Railways Board (Rateable Values) (Scotland) Order 1995<noteRef href="#f00019" class="footnote" marker="19"/> and are situated in a local government area specified in column 1 of Schedule 1 to these Regulations; or</p></content></subparagraph><subparagraph eId="regulation-13-e"><num>e</num><content><p>within the class of lands and heritages prescribed by article 3 of the Water Undertakings (Rateable Values) (Scotland) (No.2) Order 1995<noteRef href="#f00020" class="footnote" marker="20"/>, are situated in a local government area specified in column 1 of Schedule 2 to these Regulations, and are not lands and heritages occupied by the West of Scotland Water Authority and situated in the area of the East Dunbartonshire Council, the area of the North Lanarkshire Council, or the area of the Stirling Council.</p></content></subparagraph></hcontainer><hcontainer name="regulation" eId="regulation-14"><num>14</num><heading>Amount payable as rates</heading><intro><p>Where the notional liability in respect of any lands and heritages to which this Part applies and a day in the relevant year is—</p></intro><subparagraph eId="regulation-14-a"><num>a</num><content><p>more than their upper transitional limit for that day (ascertained in accordance with regulation 16 below), the amount payable as rates in respect of those lands and heritages and that day shall, subject to Part V below, be that upper transitional limit;</p></content></subparagraph><subparagraph eId="regulation-14-b"><num>b</num><content><p>less than their lower transitional limit for that day (ascertained in accordance with regulation 17 below), the amount so payable shall, subject to that Part, be that lower transitional limit.</p></content></subparagraph></hcontainer><hcontainer name="regulation" eId="regulation-15"><num>15</num><heading>Notional liability</heading><content><p>The notional liability in respect of any lands and heritages to which this Part applies and any day shall be calculated in accordance with the formula in regulation 8 above.</p></content></hcontainer><hcontainer name="regulation" eId="regulation-16"><num>16</num><heading>Upper transitional limit</heading><paragraph eId="regulation-16-1"><num>1</num><content><p>Where the rateable value of any lands and heritages to which this Part applies is on any day in the relevant year greater than their notional rateable value (as specified in regulations 18 to 22 below), the upper transitional limit in respect of those lands and heritages and that day shall be calculated in accordance with the formula—</p><foreign><math xmlns="http://www.w3.org/1998/Math/MathML" display="inline" overflow="scroll" altimg="http://www.legislation.gov.uk/uksi/1996/103/images/uksi_19960103_en_007"><mrow><mfrac linethickness="1" denomalign="center" numalign="center"><mrow><mi mathvariant="normal">BL</mi><mo>×</mo><mi mathvariant="normal">AUF</mi></mrow><mrow><mn>365</mn></mrow></mfrac><mo>+</mo><mfrac linethickness="1" denomalign="center" numalign="center"><mrow><mrow><mo fence="true">(</mo><mrow><mi mathvariant="normal">RV</mi><mo>-</mo><mi mathvariant="normal">NRV</mi></mrow><mo fence="true">)</mo></mrow><mo>×</mo><mn>0.449</mn></mrow><mrow><mn>365</mn></mrow></mfrac></mrow></math></foreign></content></paragraph><paragraph eId="regulation-16-2"><num>2</num><content><p>Except in a case provided for in paragraph (1) above, the upper transitional limit in respect of any lands and heritages to which this Part applies and any day shall be calculated in accordance with the formula—</p><foreign><math xmlns="http://www.w3.org/1998/Math/MathML" display="inline" overflow="scroll" altimg="http://www.legislation.gov.uk/uksi/1996/103/images/uksi_19960103_en_008"><mrow><mfrac linethickness="1" denomalign="center" numalign="center"><mrow><mi mathvariant="normal">BL</mi><mo>×</mo><mi mathvariant="normal">AUF</mi></mrow><mrow><mn>365</mn></mrow></mfrac><mo>×</mo><mfrac linethickness="1" denomalign="center" numalign="center"><mrow><mi mathvariant="normal">RV</mi></mrow><mrow><mi mathvariant="normal">NRV</mi></mrow></mfrac></mrow></math></foreign></content></paragraph><paragraph eId="regulation-16-3"><num>3</num><content><p>In paragraphs (1) and (2) above—</p><blockList class="unordered"><item><p>BL is the base liability of the lands and heritages in question, as specified in regulations 18 to 22 below;</p></item><item><p><abbr class="Acronym" title="Appropriate Upper Figure">AUF</abbr> has the same meaning as in regulation 9(1) above;</p></item><item><p><abbr class="Acronym" title="Rateable Value">RV</abbr> is the rateable value of those lands and heritages on the day in question; and</p></item><item><p>NRV is the notional rateable value of those lands and heritages, as specified in regulations 18 to 22 below.</p></item></blockList><p>NRV is the notional rateable value of those lands and heritages, as specified in regulations 18 to 22 below.</p></content></paragraph></hcontainer><hcontainer name="regulation" eId="regulation-17"><num>17</num><heading>Lower transitional limit</heading><paragraph eId="regulation-17-1"><num>1</num><content><p>Where the rateable value of any lands and heritages to which this Part applies is on any day in the relevant year greater than their notional rateable value (as specified in regulations 18 to 22 below), the lower transitional limit in respect of those lands and heritages and that day shall be calculated in accordance with the formula—</p><foreign><math xmlns="http://www.w3.org/1998/Math/MathML" display="inline" overflow="scroll" altimg="http://www.legislation.gov.uk/uksi/1996/103/images/uksi_19960103_en_009"><mrow><mfrac linethickness="1" denomalign="center" numalign="center"><mrow><mi mathvariant="normal">BL</mi><mo>×</mo><mi mathvariant="normal">ALF</mi></mrow><mrow><mn>365</mn></mrow></mfrac><mo>+</mo><mfrac linethickness="1" denomalign="center" numalign="center"><mrow><mrow><mo fence="true">(</mo><mrow><mi mathvariant="normal">RV</mi><mo>-</mo><mi mathvariant="normal">NRV</mi></mrow><mo fence="true">)</mo></mrow><mo>×</mo><mn>0.449</mn></mrow><mrow><mn>365</mn></mrow></mfrac></mrow></math></foreign></content></paragraph><paragraph eId="regulation-17-2"><num>2</num><content><p>Except in a case provided for in paragraph (1) above, the lower transitional limit in respect of any lands and heritages to which this Part applies and any day shall be calculated in accordance with the formula—</p><foreign><math xmlns="http://www.w3.org/1998/Math/MathML" display="inline" overflow="scroll" altimg="http://www.legislation.gov.uk/uksi/1996/103/images/uksi_19960103_en_010"><mrow><mfrac linethickness="1" denomalign="center" numalign="center"><mrow><mi mathvariant="normal">BL</mi><mo>×</mo><mi mathvariant="normal">ALF</mi></mrow><mrow><mn>365</mn></mrow></mfrac><mo>×</mo><mfrac linethickness="1" denomalign="center" numalign="center"><mrow><mi mathvariant="normal">RV</mi></mrow><mrow><mi mathvariant="normal">NRV</mi></mrow></mfrac></mrow></math></foreign></content></paragraph><paragraph eId="regulation-17-3"><num>3</num><content><p>In paragraphs (1) and (2) above—</p><blockList class="unordered"><item><p>BL, <abbr class="Acronym" title="Rateable Value">RV</abbr> and NRV have the same meanings as in regulation 16(3) above; and</p></item><item><p>ALF has the same meaning as in regulation 10(1) above.</p></item></blockList></content></paragraph></hcontainer><hcontainer name="regulation" eId="regulation-18"><num>18</num><heading>Railtrack plc</heading><paragraph eId="regulation-18-1"><num>1</num><intro><p>The base liability of the lands and heritages referred to in—</p></intro><subparagraph eId="regulation-18-1-a"><num>a</num><content><p>regulation 13(a)(i) above shall be £79,329;</p></content></subparagraph><subparagraph eId="regulation-18-1-b"><num>b</num><content><p>regulation 13(a)(ii) above shall be £45,667;</p></content></subparagraph><subparagraph eId="regulation-18-1-c"><num>c</num><content><p>regulation 13(a)(iii) above shall be £8,064.</p></content></subparagraph></paragraph><paragraph eId="regulation-18-2"><num>2</num><intro><p>The notional rateable value of the lands and heritages referred to in—</p></intro><subparagraph eId="regulation-18-2-a"><num>a</num><content><p>paragraph (1)(a) above shall be £199,316;</p></content></subparagraph><subparagraph eId="regulation-18-2-b"><num>b</num><content><p>paragraph (1)(b) above shall be £114,738;</p></content></subparagraph><subparagraph eId="regulation-18-2-c"><num>c</num><content><p>paragraph (1)(c) above shall be £20,261.</p></content></subparagraph></paragraph></hcontainer><hcontainer name="regulation" eId="regulation-19"><num>19</num><heading>Scottish Power plc</heading><paragraph eId="regulation-19-1"><num>1</num><intro><p>The base liability of the lands and heritages referred to in—</p></intro><subparagraph eId="regulation-19-1-a"><num>a</num><content><p>regulation 13(b)(i) above shall be £2,370,484;</p></content></subparagraph><subparagraph eId="regulation-19-1-b"><num>b</num><content><p>regulation 13(b)(ii) above shall be £360,603;</p></content></subparagraph><subparagraph eId="regulation-19-1-c"><num>c</num><content><p>regulation 13(b)(iii) above shall be £214,982.</p></content></subparagraph></paragraph><paragraph eId="regulation-19-2"><num>2</num><intro><p>The notional rateable value of the lands and heritages referred to in—</p></intro><subparagraph eId="regulation-19-2-a"><num>a</num><content><p>paragraph (1)(a) above shall be £5,097,862;</p></content></subparagraph><subparagraph eId="regulation-19-2-b"><num>b</num><content><p>paragraph (1)(b) above shall be £775,498;</p></content></subparagraph><subparagraph eId="regulation-19-2-c"><num>c</num><content><p>paragraph (1)(c) above shall be £462,333.</p></content></subparagraph></paragraph></hcontainer><hcontainer name="regulation" eId="regulation-20"><num>20</num><heading>British Gas plc.</heading><paragraph eId="regulation-20-1"><num>1</num><content><p>The base liability of the lands and heritages referred to in regulation 13(c) above shall be £1,581,834.</p></content></paragraph><paragraph eId="regulation-20-2"><num>2</num><content><p>The notional rateable value of the lands and heritages referred to in paragraph (1) above shall be £3,419,292.</p></content></paragraph></hcontainer><hcontainer name="regulation" eId="regulation-21"><num>21</num><heading>British Railways Board</heading><paragraph eId="regulation-21-1"><num>1</num><content><p>The base liability of the lands and heritages referred to in regulation 13(d) above shall be the amount specified in column 2 of Schedule 1 to these Regulations opposite the name of the local government area within which they are situated (as specified in column 1 of that Schedule).</p></content></paragraph><paragraph eId="regulation-21-2"><num>2</num><content><p>The notional rateable value of the lands and heritages referred to in paragraph (1) above shall be the amount specified in column 3 of Schedule 1 to these Regulations opposite the name of the local government area within which they are situated (as specified in column 1 of that Schedule).</p></content></paragraph></hcontainer><hcontainer name="regulation" eId="regulation-22"><num>22</num><heading>Water authorities</heading><paragraph eId="regulation-22-1"><num>1</num><intro><p>The base liability of the lands and heritages referred to in regulation 13(e) above shall be—</p></intro><subparagraph eId="regulation-22-1-a"><num>a</num><content><p>in the case of lands and heritages occupied by the East of Scotland Water Authority, the amount specified in column 2 of Schedule 2 to these Regulations;</p></content></subparagraph><subparagraph eId="regulation-22-1-b"><num>b</num><content><p>in the case of lands and heritages occupied by the North of Scotland Water Authority, the amount specified in column 3 of that Schedule; and</p></content></subparagraph><subparagraph eId="regulation-22-1-c"><num>c</num><content><p>in the case of lands and heritages occupied by the West of Scotland Water Authority, the amount specified in column 4 of that Schedule,</p></content></subparagraph><wrapUp><p>opposite the name of the local government area within which they are situated (as specified in column 1 of that Schedule).</p></wrapUp></paragraph><paragraph eId="regulation-22-2"><num>2</num><intro><p>The notional rateable value of the lands and heritages referred to in paragraph (1) above shall be—</p></intro><subparagraph eId="regulation-22-2-a"><num>a</num><content><p>in the case of lands and heritages occupied by the East of Scotland Water Authority, the amount specified in column 2 of Schedule 3 to these Regulations;</p></content></subparagraph><subparagraph eId="regulation-22-2-b"><num>b</num><content><p>in the case of lands and heritages occupied by the North of Scotland Water Authority, the amount specified in column 3 of that Schedule;</p></content></subparagraph><subparagraph eId="regulation-22-2-c"><num>c</num><content><p>in the case of lands and heritages occupied by the West of Scotland Water Authority, the amount specified in column 4 of that Schedule,</p></content></subparagraph><wrapUp><p>opposite the name of the local government area within which they are situated (as specified in column 1 of that Schedule).</p></wrapUp></paragraph></hcontainer></part><part eId="part-IV"><num>PART IV</num><heading>MERGERS, SPLITS AND REORGANISATIONS AFTER 31ST MARCH 1996</heading><hcontainer name="regulation" eId="regulation-23"><num>23</num><heading>Application of Part IV</heading><paragraph eId="regulation-23-1"><num>1</num><content><p>Where lands and heritages are shown in a merged, split or reorganised entry with effect from a day in the relevant year, this Part shall, subject to paragraphs (2) to (4) below, apply to those lands and heritages as from that effective day.</p></content></paragraph><paragraph eId="regulation-23-2"><num>2</num><intro><p>This Part shall not apply to lands and heritages shown—</p></intro><subparagraph eId="regulation-23-2-a"><num>a</num><intro><p>in a merged or reorganised entry, if that entry does not show (in whole or in part) any lands and heritages in respect of which—</p></intro><clause eId="regulation-23-2-a-i"><num>i</num><content><p>paragraph (a) or (b) of regulation 7 of the <abbr title="Non-Domestic Rates (Levying) (Scotland) Regulations 1995 (S.I. 1995/548)" xml:lang="">1995 Regulations</abbr>;</p></content></clause><clause eId="regulation-23-2-a-ii"><num>ii</num><content><p>Part III of those Regulations;</p></content></clause><clause eId="regulation-23-2-a-iii"><num>iii</num><content><p>paragraph (a) or paragraph (b) of regulation 7 above; or</p></content></clause><clause eId="regulation-23-2-a-iv"><num>iv</num><content><p>this Part, applied as regards the day immediately prior to the effective date of that entry;</p></content></clause></subparagraph><subparagraph eId="regulation-23-2-b"><num>b</num><content><p>in a split entry, if none of the provisions referred to in sub-paragraph (a) above applied in respect of the lands and heritages shown in the relevant old entry and the day immediately prior to the effective date of the split entry;</p></content></subparagraph><subparagraph eId="regulation-23-2-c"><num>c</num><content><p>in a split entry taking effect on 1st April 1996, if paragraph (a) or (b) of regulation 7 above would not, had there been no split, have applied in respect of that day and the lands and heritages shown in the relevant old entry.</p></content></subparagraph></paragraph><paragraph eId="regulation-23-3"><num>3</num><content><p>This Part shall not apply to lands and heritages as regards any day for which their rateable value is prescribed in an order made under section 6 of the <abbr title="Local Government (Scotland) Act 1975 c. 30" xml:lang="">1975 Act</abbr> (other than an order mentioned in regulation 6(2) above).</p></content></paragraph><paragraph eId="regulation-23-4"><num>4</num><intro><p>This Part shall not apply to lands and heritages as regards any day—</p></intro><subparagraph eId="regulation-23-4-a"><num>a</num><content><p>for which they do not have their rateable value prescribed in an order made under section 6 of the <abbr title="Local Government (Scotland) Act 1975 c. 30" xml:lang="">1975 Act</abbr>; and</p></content></subparagraph><subparagraph eId="regulation-23-4-b"><num>b</num><content><p>on which they consist to any extent of lands and heritages which have at any time after 31st March 1995 had their rateable value prescribed in such an order.</p></content></subparagraph></paragraph></hcontainer><hcontainer name="regulation" eId="regulation-24"><num>24</num><heading>Mergers and reorganisations—amount payable as rates</heading><paragraph eId="regulation-24-1"><num>1</num><content><p>Where lands and heritages to which this Part applies are shown in a merged or reorganised entry, the amount payable as rates in respect of those lands and heritages and a day in the relevant year shall, subject to regulation 26 and Part V below, be calculated in accordance with the formula—</p><foreign><math xmlns="http://www.w3.org/1998/Math/MathML" display="inline" overflow="scroll" altimg="http://www.legislation.gov.uk/uksi/1996/103/images/uksi_19960103_en_011"><mrow><mi mathvariant="normal">TAL</mi><mo>×</mo><mfrac linethickness="1" denomalign="center" numalign="center"><mrow><mi mathvariant="normal">RV</mi></mrow><mrow><mtext>TORV</mtext></mrow></mfrac></mrow></math></foreign><blockContainer class="where"><p>where—</p><blockList class="unordered"><item><p>TAL is the total of the applicable liabilities in respect of each relevant old entry, ascertained in accordance with paragraph (2) below;</p></item><item><p><abbr class="Acronym" title="Rateable Value">RV</abbr> is the rateable value shown in the merged or reorganised entry; and</p></item><item><p><abbr class="Acronym" title="Total Old Rateable Value">TORV</abbr> is the total old rateable value, being the total of the rateable values shown in the relevant old entries.</p></item></blockList></blockContainer></content></paragraph><paragraph eId="regulation-24-2"><num>2</num><intro><p>For the purposes of paragraph (1) above, the applicable liability in respect of an old entry is—</p></intro><subparagraph eId="regulation-24-2-a"><num>a</num><content><p>where the merged or reorganised entry takes effect from 1st April 1996 and paragraph (a) or (b) of regulation 7 above would, but for the merger or reorganisation, have applied in respect of that day and the lands and heritages shown in the old entry in question, the amount determined under the paragraph which would have been so applicable (before application of Part V below);</p></content></subparagraph><subparagraph eId="regulation-24-2-b"><num>b</num><content><p>where paragraph (a) or (b) of regulation 7 above applies in respect of the lands and heritages shown in that entry and the day immediately prior to the effective date of the merged or reorganised entry, the amount determined under the applicable paragraph (before application of Part V below);</p></content></subparagraph><subparagraph eId="regulation-24-2-c"><num>c</num><content><p>where this Part applies in respect of those lands and heritages and that day, the amount determined under this Part (before application of Part V below); and</p></content></subparagraph><subparagraph eId="regulation-24-2-d"><num>d</num><content><p>in any other case, the amount calculated in accordance with the formula—</p><foreign><math xmlns="http://www.w3.org/1998/Math/MathML" display="inline" overflow="scroll" altimg="http://www.legislation.gov.uk/uksi/1996/103/images/uksi_19960103_en_012"><mrow><mfrac linethickness="1" denomalign="center" numalign="center"><mrow><mi mathvariant="normal">RV</mi><mo>×</mo><mn>0.449</mn></mrow><mrow><mn>365</mn></mrow></mfrac></mrow></math></foreign><blockContainer class="where"><p>where—</p><blockList class="unordered"><item><p>RVis the rateable value shown in the old entry.</p></item></blockList></blockContainer></content></subparagraph></paragraph></hcontainer><hcontainer name="regulation" eId="regulation-25"><num>25</num><heading>Splits—amount payable as rates</heading><paragraph eId="regulation-25-1"><num>1</num><content><p>Where lands and heritages to which this Part applies are shown in a split entry, the amount payable as rates in respect of those lands and heritages and a day in the relevant year shall, subject to regulation 26 and Part V below, be calculated in accordance with the formula—</p><foreign><math xmlns="http://www.w3.org/1998/Math/MathML" display="inline" overflow="scroll" altimg="http://www.legislation.gov.uk/uksi/1996/103/images/uksi_19960103_en_013"><mrow><mi mathvariant="normal">AD</mi><mo>×</mo><mfrac linethickness="1" denomalign="center" numalign="center"><mrow><mi mathvariant="normal">RF</mi></mrow><mrow><mi mathvariant="normal">ORV</mi></mrow></mfrac></mrow></math></foreign><blockContainer class="where"><p>where—</p><blockList class="unordered"><item><p>AD is the amount ascertained in accordance with paragraph (2) below;</p></item><item><p><abbr class="Acronym" title="Rateable Value">RV</abbr> is the rateable value shown in the split entry; and</p></item><item><p><abbr class="Acronym" title="Old Rateable Value">ORV</abbr> is the old rateable value, being the rateable value shown in the relevant old entry.</p></item></blockList></blockContainer></content></paragraph><paragraph eId="regulation-25-2"><num>2</num><intro><p>The amount ascertained in accordance with this paragraph is—</p></intro><subparagraph eId="regulation-25-2-a"><num>a</num><content><p>in the case of a split entry taking effect on 1st April 1996, the amount which would have been determined (before application of Part V below) in respect of that day and the lands and heritages shown in the relevant old entry under whichever of paragraph (a) or (b) of regulation 7 above would have been applicable had the split not taken place; and</p></content></subparagraph><subparagraph eId="regulation-25-2-b"><num>b</num><content><p>in any other case, the amount determined under paragraph (a) or (b) of regulation 7 above, or as the case may be this Part, (before application of Part V below) in respect of the lands and heritages shown in the relevant old entry and the day immediately prior to the effective date of the split entry.</p></content></subparagraph></paragraph></hcontainer><hcontainer name="regulation" eId="regulation-26"><num>26</num><heading>Changes in rateable value</heading><paragraph eId="regulation-26-1"><num>1</num><content><p>Where the rateable value of lands and heritages to which this Part applies is increased with effect from a day in the relevant year subsequent to 1st April 1996, the amount payable as rates in respect of those lands and heritages and any day in the relevant year on or after that effective day shall, subject to Part V below, be calculated in accordance with the formula—</p><foreign><math xmlns="http://www.w3.org/1998/Math/MathML" display="inline" overflow="scroll" altimg="http://www.legislation.gov.uk/uksi/1996/103/images/uksi_19960103_en_014"><mrow><mi mathvariant="normal">AD</mi><mo>+</mo><mfrac linethickness="1" denomalign="center" numalign="center"><mrow><mrow><mo fence="true">(</mo><mrow><mi mathvariant="normal">IRV</mi><mo>-</mo><mi mathvariant="normal">RV</mi></mrow><mo fence="true">)</mo></mrow><mo>×</mo><mn>0.449</mn></mrow><mrow><mn>365</mn></mrow></mfrac></mrow></math></foreign><blockContainer class="where"><p>where—</p><blockList class="unordered"><item><p>AD is the amount determined under regulation 24(1) or 25(1) above (before application of Part V below) in respect of those lands and heritages and the day immediately prior to the effective day;</p></item><item><p><abbr class="Acronym" title="Increased Rateable Value">IRV</abbr> is the increased rateable value of those lands and heritages; and</p></item><item><p><abbr class="Acronym" title="Rateable Value">RV</abbr> is their rateable value immediately prior to the effective day.</p></item></blockList></blockContainer></content></paragraph><paragraph eId="regulation-26-2"><num>2</num><content><p>Where the rateable value of lands and heritages to which this Part applies is reduced with effect from a day in the relevant year, the amount payable as rates in respect of those lands and heritages and any day in the relevant year on or after that effective day shall, subject to Part V below, be calculated in accordance with the formula—</p><foreign><math xmlns="http://www.w3.org/1998/Math/MathML" display="inline" overflow="scroll" altimg="http://www.legislation.gov.uk/uksi/1996/103/images/uksi_19960103_en_015"><mrow><mi mathvariant="normal">AD</mi><mo>×</mo><mfrac linethickness="1" denomalign="center" numalign="center"><mrow><mi mathvariant="normal">RRV</mi></mrow><mrow><mi mathvariant="normal">RV</mi></mrow></mfrac></mrow></math></foreign><blockContainer class="where"><p>where—</p><blockList class="unordered"><item><p>AD and <abbr class="Acronym" title="Rateable Value">RV</abbr> have the same meanings as in paragraph (1) above; and</p></item><item><p><abbr class="Acronym" title="Reduced Rateable Value">RRV</abbr> is the reduced rateable value of those lands and heritages.</p></item></blockList></blockContainer></content></paragraph><paragraph eId="regulation-26-3"><num>3</num><content><p>Where the rateable value of lands and heritages is changed for a second or subsequent time whilst this Part applies to them, paragraphs (1) and (2) above shall have effect with the substitution, in the definition of “AD” in paragraph (1), for the words “regulation 24(1) or 25(1) above” of the words “this paragraph or paragraph (2) below”.</p></content></paragraph></hcontainer></part><part eId="part-V"><num>PART V</num><heading>REDUCTIONS, REMISSIONS AND EXEMPTIONS</heading><hcontainer name="regulation" eId="regulation-27"><num>27</num><heading>Charitable and other reductions</heading><paragraph eId="regulation-27-1"><num>1</num><intro><p>This regulation has effect for determining the amount payable as rates in respect of lands and heritages and a day in the relevant year where—</p></intro><subparagraph eId="regulation-27-1-a"><num>a</num><intro><p>that amount falls to be reduced by virtue of one or more of the following enactments:—</p></intro><clause eId="regulation-27-1-a-i"><num>i</num><content><p>section 4(2) of the <abbr title="Local Government (Financial Provisions etc.) (Scotland) Act 1962 c. 9" xml:lang="">1962 Act</abbr><noteRef href="#f00021" class="footnote" marker="21"/>;</p></content></clause><clause eId="regulation-27-1-a-ii"><num>ii</num><content><p>section 24(3) of the <abbr title="Local Government (Scotland) Act 1966 c. 51" xml:lang="">1966 Act</abbr><noteRef href="#f00022" class="footnote" marker="22"/>;</p></content></clause><clause eId="regulation-27-1-a-iii"><num>iii</num><content><p>the Rating (Disabled Persons) Act 1978<noteRef href="#f00023" class="footnote" marker="23"/>;</p></content></clause></subparagraph><subparagraph eId="regulation-27-1-b"><num>b</num><content><p>regulation 7, Part III or Part IV above has effect as regards those lands and heritages and that day; and</p></content></subparagraph><subparagraph eId="regulation-27-1-c"><num>c</num><content><p>regulation 28 below does not have effect.</p></content></subparagraph></paragraph><paragraph eId="regulation-27-2"><num>2</num><content><p>Where this regulation has effect, the amount payable shall be determined by applying the enactments referred to in paragraph (1)(a) above to the amount determined under regulation 7, Part III or Part IV above, as the case may be, in the same manner as those enactments are applied to the full amount payable as rates in respect of lands and heritages and a day in a case where neither regulation 7 nor Part III nor Part IV above has effect.</p></content></paragraph></hcontainer><hcontainer name="regulation" eId="regulation-28"><num>28</num><heading>Partially unoccupied lands and heritages</heading><paragraph eId="regulation-28-1"><num>1</num><intro><p>This regulation has effect for determining the amount payable as rates in respect of lands and heritages and a day in the relevant year where—</p></intro><subparagraph eId="regulation-28-1-a"><num>a</num><content><p>on that day those lands and heritages are the subject of an apportionment under section 24A of the <abbr title="Local Government (Scotland) Act 1966 c. 51" xml:lang="">1966 Act</abbr><noteRef href="#f00024" class="footnote" marker="24"/>; and</p></content></subparagraph><subparagraph eId="regulation-28-1-b"><num>b</num><content><p>regulation 7, Part III or Part IV above has effect as regards those lands and heritages and that day.</p></content></subparagraph></paragraph><paragraph eId="regulation-28-2"><num>2</num><content><p>Where this regulation has effect, the amount payable shall, subject to paragraph (3) below, be calculated in accordance with the formula—</p><foreign><math xmlns="http://www.w3.org/1998/Math/MathML" display="inline" overflow="scroll" altimg="http://www.legislation.gov.uk/uksi/1996/103/images/uksi_19960103_en_016"><mrow><mi mathvariant="normal">A</mi><mo>×</mo><mfrac linethickness="1" denomalign="center" numalign="center"><mrow><mi mathvariant="normal">ARV</mi></mrow><mrow><mi mathvariant="normal">RV</mi></mrow></mfrac></mrow></math></foreign><blockContainer class="where"><p>where—</p><blockList class="unordered"><item><p>A is the amount for the day determined under regulation 7, Part III or Part IV above, as the case may be;</p></item><item><p><abbr class="Acronym" title="Applicable Rateable Value">ARV</abbr> is the applicable rateable value, being the rateable value treated for rating purposes as the rateable value of the lands and heritages in terms of subsection (2), or as the case may be subsection (4), of section 24A of the <abbr title="Local Government (Scotland) Act 1966 c. 51" xml:lang="">1966 Act</abbr>; and</p></item><item><p><abbr class="Acronym" title="Rateable Value">RV</abbr> is the rateable value shown in the roll for those lands and heritages.</p></item></blockList></blockContainer></content></paragraph><paragraph eId="regulation-28-3"><num>3</num><intro><p>Where—</p></intro><subparagraph eId="regulation-28-3-a"><num>a</num><content><p>this regulation has effect as regards lands and heritages and a day; and</p></content></subparagraph><subparagraph eId="regulation-28-3-b"><num>b</num><content><p>the amount payable as rates in respect of those lands and heritages and that day falls to be reduced by virtue of an enactment referred to in paragraph (1)(a)(i) or (iii) of regulation 27 above,</p></content></subparagraph><wrapUp><p>the amount payable shall be determined in accordance with paragraph (2) of that regulation, but as if for the words “regulation 7, Part III or Part IV above, as the case may be,” in that paragraph there were substituted the words “regulation 28(2) below”.</p></wrapUp></paragraph></hcontainer><hcontainer name="regulation" eId="regulation-29"><num>29</num><heading>Exemptions and discretionary reductions and remissions</heading><intro><p>Nothing in these Regulations—</p></intro><subparagraph eId="regulation-29-a"><num>a</num><content><p>shall require rates to be paid in respect of lands and heritages and a day where those lands and heritages are under any enactment entirely exempt from rates for that day; or</p></content></subparagraph><subparagraph eId="regulation-29-b"><num>b</num><content><p>shall prejudice the power of a rating authority to grant a reduction or remission of rates under section 4(5) of the <abbr title="Local Government (Financial Provisions etc.) (Scotland) Act 1962 c. 9" xml:lang="">1962 Act</abbr><noteRef href="#f00025" class="footnote" marker="25"/> or section 25A of the <abbr title="Local Government (Scotland) Act 1966 c. 51" xml:lang="">1966 Act</abbr><noteRef href="#f00026" class="footnote" marker="26"/>.</p></content></subparagraph></hcontainer></part><part eId="part-VI"><num>PART VI</num><heading>REVOCATION</heading><hcontainer name="regulation" eId="regulation-30"><num>30</num><heading>Revocation</heading><paragraph eId="regulation-30-1"><num>1</num><content><p>Subject to paragraph (2) below, the <abbr title="Non-Domestic Rates (Levying) (Scotland) Regulations 1995 (S.I. 1995/548)" xml:lang="">1995 Regulations</abbr> are hereby revoked.</p></content></paragraph><paragraph eId="regulation-30-2"><num>2</num><content><p>Nothing in paragraph (1) above shall affect the continuing operation of the <abbr title="Non-Domestic Rates (Levying) (Scotland) Regulations 1995 (S.I. 1995/548)" xml:lang="">1995 Regulations</abbr> as regards any day prior to 1st April 1996.</p></content></paragraph></hcontainer></part><hcontainer name="signatures"><content><block name="signature"><signature><person refersTo="#ref-d4e1922">George Kynoch</person><role refersTo="#ref-d4e1924">Parliamentary Under Secretary of State, Scottish Office</role><location refersTo="#standrew’shouse">St Andrew’s House,</location><location refersTo="#edinburgh">Edinburgh</location><date date="1996-01-17">17th January 1996</date></signature></block></content></hcontainer><hcontainer name="schedules" eId="d4e1934"><hcontainer name="schedule" eId="schedule-1"><num>SCHEDULE 1<authorialNote class="referenceNote" placement="right"><p>Regulations 13(d) and 21</p></authorialNote></num><heading>BASE LIABILITIES AND NOTIONAL RATEABLE VALUES— THE BRITISH RAILWAYS BOARD</heading><content><tblock class="tabular"><table><tr><th colspan="1" rowspan="1"><p><em>Column 1</em></p></th><th colspan="1" rowspan="1"><p><em>Column 2</em></p></th><th colspan="1" rowspan="1"><p><em>Column 3</em></p></th></tr><tr><th colspan="1" rowspan="1"><p><em>Local Government Area</em></p></th><th colspan="1" rowspan="1"><p><em>Base Liability £</em></p></th><th colspan="1" rowspan="1"><p><em>Notional Rateable Value £</em></p></th></tr><tr><td colspan="1" rowspan="1"><p>North Ayrshire</p></td><td colspan="1" rowspan="1"><p>1,385</p></td><td colspan="1" rowspan="1"><p>2,818</p></td></tr><tr><td colspan="1" rowspan="1"><p>South Ayrshire</p></td><td colspan="1" rowspan="1"><p>38,132</p></td><td colspan="1" rowspan="1"><p>75,155</p></td></tr><tr><td colspan="1" rowspan="1"><p>City of Edinburgh</p></td><td colspan="1" rowspan="1"><p>91,207</p></td><td colspan="1" rowspan="1"><p>178,316</p></td></tr><tr><td colspan="1" rowspan="1"><p>Fife</p></td><td colspan="1" rowspan="1"><p>12,290</p></td><td colspan="1" rowspan="1"><p>24,572</p></td></tr><tr><td colspan="1" rowspan="1"><p>City of Glasgow</p></td><td colspan="1" rowspan="1"><p>93,771</p></td><td colspan="1" rowspan="1"><p>172,586</p></td></tr><tr><td colspan="1" rowspan="1"><p>Highland</p></td><td colspan="1" rowspan="1"><p>5,899</p></td><td colspan="1" rowspan="1"><p>12,877</p></td></tr><tr><td colspan="1" rowspan="1"><p>North Lanarkshire</p></td><td colspan="1" rowspan="1"><p>17,547</p></td><td colspan="1" rowspan="1"><p>34,923</p></td></tr><tr><td colspan="1" rowspan="1"><p>South Lanarkshire</p></td><td colspan="1" rowspan="1"><p>9,954</p></td><td colspan="1" rowspan="1"><p>18,766</p></td></tr><tr><td colspan="1" rowspan="1"><p>Midlothian</p></td><td colspan="1" rowspan="1"><p>5,548</p></td><td colspan="1" rowspan="1"><p>10,804</p></td></tr><tr><td colspan="1" rowspan="1"><p>Perth and Kinross</p></td><td colspan="1" rowspan="1"><p>6,859</p></td><td colspan="1" rowspan="1"><p>14,209</p></td></tr><tr><td colspan="1" rowspan="1"><p>Stirling</p></td><td colspan="1" rowspan="1"><p>3,018</p></td><td colspan="1" rowspan="1"><p>6,264</p></td></tr></table></tblock></content></hcontainer><hcontainer name="schedule" eId="schedule-2"><num>SCHEDULE 2<authorialNote class="referenceNote" placement="right"><p>Regulations 13(e) and 22(1)</p></authorialNote></num><heading>BASE LIABILITIES— WATER AUTHORITIES</heading><content><tblock class="tabular"><table><tr><th colspan="1" rowspan="1"><p><em>Column 1</em></p></th><th colspan="1" rowspan="1"><p><em>Column 2</em></p></th><th colspan="1" rowspan="1"><p><em>Column 3</em></p></th><th colspan="1" rowspan="1"><p><em>Column 4</em></p></th></tr><tr><th colspan="1" rowspan="1"><p><em>Local Government Area</em></p></th><th colspan="1" rowspan="1"><p><em>East of Scotland Water Authority £</em></p></th><th colspan="1" rowspan="1"><p><em>North of Scotland Water Authority £</em></p></th><th colspan="1" rowspan="1"><p><em>West of Scotland Water Authority £</em></p></th></tr><tr><td colspan="1" rowspan="1"><p>Angus</p></td><td colspan="1" rowspan="1"><p/></td><td colspan="1" rowspan="1"><p>363,660</p></td></tr><tr><td colspan="1" rowspan="1"><p>Clackmannanshire</p></td><td colspan="1" rowspan="1"><p>211,997</p></td></tr><tr><td colspan="1" rowspan="1"><p>West Dunbartonshire</p></td><td colspan="1" rowspan="1"><p>137,519</p></td><td colspan="1" rowspan="1"><p/></td><td colspan="1" rowspan="1"><p>507,023</p></td></tr><tr><td colspan="1" rowspan="1"><p>East Dunbartonshire</p></td><td colspan="1" rowspan="1"><p>172,064</p></td></tr><tr><td colspan="1" rowspan="1"><p>Dundee City</p></td><td colspan="1" rowspan="1"><p/></td><td colspan="1" rowspan="1"><p>306,029</p></td></tr><tr><td colspan="1" rowspan="1"><p>City of Edinburgh</p></td><td colspan="1" rowspan="1"><p>1,015,216</p></td></tr><tr><td colspan="1" rowspan="1"><p>Falkirk</p></td><td colspan="1" rowspan="1"><p>713,490</p></td></tr><tr><td colspan="1" rowspan="1"><p>Fife</p></td><td colspan="1" rowspan="1"><p>634,450</p></td></tr><tr><td colspan="1" rowspan="1"><p>City of Glasgow</p></td><td colspan="1" rowspan="1"><p/></td><td colspan="1" rowspan="1"><p/></td><td colspan="1" rowspan="1"><p>1,537,872</p></td></tr><tr><td colspan="1" rowspan="1"><p>North Lanarkshire</p></td><td colspan="1" rowspan="1"><p>175,742</p></td></tr><tr><td colspan="1" rowspan="1"><p>South Lanarkshire</p></td><td colspan="1" rowspan="1"><p>5,405</p></td><td colspan="1" rowspan="1"><p/></td><td colspan="1" rowspan="1"><p>911,296</p></td></tr><tr><td colspan="1" rowspan="1"><p>East Lothian</p></td><td colspan="1" rowspan="1"><p>224,372</p></td></tr><tr><td colspan="1" rowspan="1"><p>Midlothian</p></td><td colspan="1" rowspan="1"><p>181,812</p></td></tr><tr><td colspan="1" rowspan="1"><p>West Lothian</p></td><td colspan="1" rowspan="1"><p>237,272</p></td></tr><tr><td colspan="1" rowspan="1"><p>Perth &amp; Kinross</p></td><td colspan="1" rowspan="1"><p>322,738</p></td><td colspan="1" rowspan="1"><p>208,088</p></td></tr><tr><td colspan="1" rowspan="1"><p>Stirling</p></td><td colspan="1" rowspan="1"><p>326,348</p></td></tr><tr><td colspan="1" rowspan="1"><p>Western Isles</p></td><td colspan="1" rowspan="1"><p/></td><td colspan="1" rowspan="1"><p>87,621</p></td></tr></table></tblock></content></hcontainer><hcontainer name="schedule" eId="schedule-3"><num>SCHEDULE 3<authorialNote class="referenceNote" placement="right"><p>Regulation 22(2)</p></authorialNote></num><heading>NOTIONAL RATEABLE VALUES—WATER AUTHORITIES</heading><content><tblock class="tabular"><table><tr><th colspan="1" rowspan="1"><p><em>Column 1</em></p></th><th colspan="1" rowspan="1"><p><em>Column 2</em></p></th><th colspan="1" rowspan="1"><p><em>Column 3</em></p></th><th colspan="1" rowspan="1"><p><em>Column 4</em></p></th></tr><tr><th colspan="1" rowspan="1"><p><em>Local Government Area</em></p></th><th colspan="1" rowspan="1"><p><em>East of Scotland Water Authority £</em></p></th><th colspan="1" rowspan="1"><p><em>North of Scotland Water Authority £</em></p></th><th colspan="1" rowspan="1"><p><em>West of Scotland Water Authority £</em></p></th></tr><tr><td colspan="1" rowspan="1"><p>Angus</p></td><td colspan="1" rowspan="1"><p/></td><td colspan="1" rowspan="1"><p>792,209</p></td></tr><tr><td colspan="1" rowspan="1"><p>Clackmannanshire</p></td><td colspan="1" rowspan="1"><p>459,009</p></td></tr><tr><td colspan="1" rowspan="1"><p>West Dunbartonshire</p></td><td colspan="1" rowspan="1"><p>276,329</p></td><td colspan="1" rowspan="1"><p/></td><td colspan="1" rowspan="1"><p>1,116,394</p></td></tr><tr><td colspan="1" rowspan="1"><p>East Dunbartonshire</p></td><td colspan="1" rowspan="1"><p>355,992</p></td></tr><tr><td colspan="1" rowspan="1"><p>Dundee City</p></td><td colspan="1" rowspan="1"><p/></td><td colspan="1" rowspan="1"><p>632,883</p></td></tr><tr><td colspan="1" rowspan="1"><p>City of Edinburgh</p></td><td colspan="1" rowspan="1"><p>2,116,527</p></td></tr><tr><td colspan="1" rowspan="1"><p>Falkirk</p></td><td colspan="1" rowspan="1"><p>1,581,623</p></td></tr><tr><td colspan="1" rowspan="1"><p>Fife</p></td><td colspan="1" rowspan="1"><p>1,366,480</p></td></tr><tr><td colspan="1" rowspan="1"><p>City of Glasgow</p></td><td colspan="1" rowspan="1"><p/></td><td colspan="1" rowspan="1"><p/></td><td colspan="1" rowspan="1"><p>3,304,075</p></td></tr><tr><td colspan="1" rowspan="1"><p>North Lanarkshire</p></td><td colspan="1" rowspan="1"><p>367,806</p></td></tr><tr><td colspan="1" rowspan="1"><p>South Lanarkshire</p></td><td colspan="1" rowspan="1"><p>11,406</p></td><td colspan="1" rowspan="1"><p/></td><td colspan="1" rowspan="1"><p>2,079,802</p></td></tr><tr><td colspan="1" rowspan="1"><p>East Lothian</p></td><td colspan="1" rowspan="1"><p>465,908</p></td></tr><tr><td colspan="1" rowspan="1"><p>Midlothian</p></td><td colspan="1" rowspan="1"><p>377,527</p></td></tr><tr><td colspan="1" rowspan="1"><p>West Lothian</p></td><td colspan="1" rowspan="1"><p>499,715</p></td></tr><tr><td colspan="1" rowspan="1"><p>Perth &amp; Kinross</p></td><td colspan="1" rowspan="1"><p>707,575</p></td><td colspan="1" rowspan="1"><p>452,477</p></td></tr><tr><td colspan="1" rowspan="1"><p>Stirling</p></td><td colspan="1" rowspan="1"><p>683,617</p></td></tr><tr><td colspan="1" rowspan="1"><p>Western Isles</p></td><td colspan="1" rowspan="1"><p/></td><td colspan="1" rowspan="1"><p>180,685</p></td></tr></table></tblock></content></hcontainer></hcontainer></body><conclusions><blockContainer class="ExplanatoryNotes"><intro><p>(This note is not part of the Regulations)</p></intro><p><authorialNote><p>These Regulations make provision as to the amount payable in certain circumstances as non-domestic rates in respect of property in Scotland. They apply only to financial year 1996-97 (“the relevant year”).</p><p>Part I makes provision as to citation, commencement and interpretation.</p><p>Part II deals with amounts payable in respect of property which is shown in the valuation roll as at 1st April 1996. The Part only applies where certain provisions of the Non-Domestic Rates (Levying) (Scotland) Regulations 1995 (“the <abbr title="Non-Domestic Rates (Levying) (Scotland) Regulations 1995 (S.I. 1995/548)" xml:lang="">1995 Regulations</abbr>”) apply to the property as regards 31st March 1996. The Part ceases to apply to property if and when it becomes the subject of a merged, split or reorganised entry in the valuation roll taking effect during the relevant year. For every day of the relevant year, the notional rates liability for a property (basically, the full amount ordinarily payable as rates) must be compared against that property’s upper and lower transitional limits. If the notional liability is more than the upper limit or less than the lower limit, the amount payable will be equal to the upper or lower limit, as the case may be (regulation 7). Upper and lower transitional limits are calculated by multiplying a property’s notional rates liability for 1995/96 (its “base liability”) by set figures (regulations 9 and 10). Regulation 11 makes provision for the calculation of base liability. Regulation 12 specifies how transitional limits are to be recalculated in cases where the rateable value of property changes during the relevant year.</p><p>Part III applies to certain property which has its rateable value for 1996/97 fixed by way of an order under section 6 of the Local Government (Scotland) Act 1975 (regulation 13). Regulations 14 to 22 make provision as to the amounts payable as rates in those cases.</p><p>Part IV makes provision for the situation where property is shown in a merged, split or reorganised entry in the valuation roll which takes effect during the relevant year. If the amount of rates payable in respect of any component of the property shown in the new entry was being determined under the <abbr title="Non-Domestic Rates (Levying) (Scotland) Regulations 1995 (S.I. 1995/548)" xml:lang="">1995 Regulations</abbr> or under these Regulations immediately prior to that entry taking effect, then Part IV applies to determine the amount payable in respect of that property for the rest of the year. That amount is calculated by apportioning or aggregating, as the case may be, the amount or amounts payable immediately prior to the effective date of the new entry in respect of the property affected by the new entry (regulations 24 and 25). Regulation 26 provides for amounts payable to be recalculated if there is a change in the rateable value of property whilst Part IV applies to it.</p><p>Part V deals with reductions, remissions and exemptions. Nothing in the Regulations requires the payment of rates on property which is entirely exempt from rates under any other enactment, or prejudices the power of a rating authority to grant discretionary reductions or remissions (regulation 29). Regulations 27 and 28 provide for reductions under other enactments to apply in cases where the amount payable is determined under Part II, <abbr class="Acronym" title="3">III</abbr> or <abbr class="Acronym" title="4">IV</abbr> in the same way as they apply in cases where these Regulations do not have effect.</p><p>Part VI revokes the <abbr title="Non-Domestic Rates (Levying) (Scotland) Regulations 1995 (S.I. 1995/548)" xml:lang="">1995 Regulations</abbr>.</p></authorialNote></p></blockContainer></conclusions></act></akomaNtoso>