<akomaNtoso xmlns:xsi="http://www.w3.org/2001/XMLSchema-instance" xmlns="http://docs.oasis-open.org/legaldocml/ns/akn/3.0" xsi:schemaLocation="http://docs.oasis-open.org/legaldocml/ns/akn/3.0 http://docs.oasis-open.org/legaldocml/akn-core/v1.0/cos01/part2-specs/schemas/akomantoso30.xsd"><act name="UnitedKingdomStatutoryInstrument"><meta><identification source="#source"><FRBRWork><FRBRthis value="http://www.legislation.gov.uk/id/uksi/1996/54"/><FRBRuri value="http://www.legislation.gov.uk/id/uksi/1996/54"/><FRBRdate date="1996-01-10" name="made"/><FRBRauthor href="http://www.legislation.gov.uk/id/government/uk"/><FRBRcountry value="GB-UKM"/><FRBRsubtype value="regulation"/><FRBRnumber value="54"/><FRBRname value="S.I. 1996/54"/><FRBRprescriptive value="true"/></FRBRWork><FRBRExpression><FRBRthis value="http://www.legislation.gov.uk/uksi/1996/54/made"/><FRBRuri value="http://www.legislation.gov.uk/uksi/1996/54/made"/><FRBRdate date="1996-01-10" name="made"/><FRBRauthor href="#source"/><FRBRlanguage language="eng"/></FRBRExpression><FRBRManifestation><FRBRthis value="http://www.legislation.gov.uk/uksi/1996/54/made/data.akn"/><FRBRuri value="http://www.legislation.gov.uk/uksi/1996/54/made/data.akn"/><FRBRdate date="2021-07-26+01:00" name="transform"/><FRBRauthor href="http://www.legislation.gov.uk"/><FRBRformat value="application/akn+xml"/></FRBRManifestation></identification><classification source="#source"><keyword value="tax" showAs="Tax" dictionary="http://www.legislation.gov.uk"/><keyword value="income tax" showAs="INCOME TAX" dictionary="http://www.legislation.gov.uk"/><keyword value="inheritance tax" showAs="INHERITANCE TAX" dictionary="http://www.legislation.gov.uk"/><keyword value="taxes" showAs="TAXES" dictionary="http://www.legislation.gov.uk"/></classification><lifecycle source="#source"><eventRef date="1996-01-10" type="generation" eId="made-date" source="#source"/><eventRef date="1996-01-12" eId="laid-date-1" source="#source"/><eventRef date="1996-02-06" eId="coming-into-force-date-1" source="#source"/></lifecycle><references source="#source"><TLCOrganization eId="source" href="http://www.legislation.gov.uk/id/publisher/KingsOrQueensPrinterOfActsOfParliament" showAs="Queen's Printer of Acts of Parliament"/><TLCRole eId="ref-d4e127" href="/ontology/role/uk.Two of the Lords Commissioners of Her Majesty’s Treasury" showAs="Two of the Lords Commissioners of Her Majesty’s Treasury"/><TLCPerson eId="ref-d4e123" href="/ontology/persons/uk.SimonBurns" showAs="Simon Burns"/><TLCPerson eId="ref-d4e125" href="/ontology/persons/uk.DerekConway" showAs="Derek Conway"/><TLCConcept href="/uk/subject/income-tax" showAs="INCOME TAX" eId="d4e61"/><TLCConcept href="/uk/subject/inheritance-tax" showAs="INHERITANCE TAX" eId="d4e64"/><TLCConcept href="/uk/subject/taxes" showAs="TAXES" eId="d4e67"/></references><notes source="#source"><note class="footnote" eId="f00001"><p><ref href="http://www.legislation.gov.uk/id/ukpga/1989/26">1989 c. 26</ref>; section 178 was extended by section 160(5) of the Income and Corporation Taxes Act <ref href="http://www.legislation.gov.uk/id/ukpga/1988/1">1988 (c. 1)</ref> as amended by section 179 (1)(g) of the Finance Act 1989, section 88(2) of the Finance Act <ref href="http://www.legislation.gov.uk/id/ukpga/1994/9">1994 (c. 9)</ref> and section 45(2) of, and Part VIII(3) of Schedule 29 to, the Finance Act <ref href="http://www.legislation.gov.uk/id/ukpga/1995/4">1995 (c. 4)</ref>.</p></note><note class="footnote" eId="f00002"><p><abbr class="Acronym" title="Statutory Instrument">S.I.</abbr><ref href="http://www.legislation.gov.uk/id/uksi/1989/1297">1989/1297</ref>; relevant amending instruments are <abbr class="Acronym" title="Statutory Instrument">S.I.</abbr><ref href="http://www.legislation.gov.uk/id/uksi/1994/1307">1994/1307</ref>, <ref href="http://www.legislation.gov.uk/id/uksi/1994/1567">1567</ref>, <ref href="http://www.legislation.gov.uk/id/uksi/1995/2657">2657</ref> and <abbr class="Acronym" title="Statutory Instrument">S.I.</abbr><ref href="http://www.legislation.gov.uk/id/uksi/1995/2436">1995/2436</ref>.</p></note></notes><proprietary xmlns:ukl="http://www.legislation.gov.uk/namespaces/legislation" xmlns:ukm="http://www.legislation.gov.uk/namespaces/metadata" xmlns:dc="http://purl.org/dc/elements/1.1/" xmlns:dct="http://purl.org/dc/terms/" xmlns:atom="http://www.w3.org/2005/Atom" source="#source"><dc:identifier>http://www.legislation.gov.uk/uksi/1996/54/made</dc:identifier><dc:title>The Taxes (Interest Rate) (Amendment)Regulations 1996</dc:title><dc:subject>Tax</dc:subject><dc:publisher>Queen's Printer of Acts of Parliament</dc:publisher><dc:modified>2011-07-04</dc:modified><dc:subject scheme="SIheading">INCOME TAX</dc:subject><dc:subject scheme="SIheading">INHERITANCE TAX</dc:subject><dc:subject scheme="SIheading">TAXES</dc:subject><dc:description>These Regulations amend regulation 5 of the Taxes (Interest Rate) Regulations 1989 (S.I. 1989/1297 as substituted by S.I. 1994/1307). That regulation provides for the official rate of interest for the purposes of section 160 of the Income and Corporation Taxes Act 1988 (taxation of beneficial loans made to employees) by first specifying an official rate of interest generally and then specifying, by way of exception, different official rates of interest for certain beneficial loans in the currencies of countries specified in the Table to the regulation.</dc:description><atom:link rel="self" href="http://www.legislation.gov.uk/uksi/1996/54/made/data.xml" type="application/xml"/><atom:link rel="http://www.legislation.gov.uk/def/navigation/resources" href="http://www.legislation.gov.uk/uksi/1996/54/resources" title="More Resources"/><atom:link rel="http://www.legislation.gov.uk/def/navigation/act" href="http://www.legislation.gov.uk/uksi/1996/54/made" title="whole act"/><atom:link rel="http://www.legislation.gov.uk/def/navigation/introduction" href="http://www.legislation.gov.uk/uksi/1996/54/introduction/made" title="introduction"/><atom:link rel="http://www.legislation.gov.uk/def/navigation/signature" href="http://www.legislation.gov.uk/uksi/1996/54/signature/made" title="signature"/><atom:link rel="http://www.legislation.gov.uk/def/navigation/note" href="http://www.legislation.gov.uk/uksi/1996/54/note/made" title="note"/><atom:link rel="http://www.legislation.gov.uk/def/navigation/body" href="http://www.legislation.gov.uk/uksi/1996/54/body/made" title="body"/><atom:link rel="alternate" type="application/rdf+xml" href="http://www.legislation.gov.uk/uksi/1996/54/made/data.rdf" title="RDF/XML"/><atom:link rel="alternate" type="application/akn+xml" href="http://www.legislation.gov.uk/uksi/1996/54/made/data.akn" title="AKN"/><atom:link rel="alternate" type="application/xhtml+xml" href="http://www.legislation.gov.uk/uksi/1996/54/made/data.xht" title="HTML snippet"/><atom:link rel="alternate" type="application/pdf" href="http://www.legislation.gov.uk/uksi/1996/54/made/data.pdf" title="PDF"/><atom:link rel="alternate" type="application/akn+xhtml" href="http://www.legislation.gov.uk/uksi/1996/54/made/data.html" title="HTML5 snippet"/><atom:link rel="http://purl.org/dc/terms/tableOfContents" hreflang="en" href="http://www.legislation.gov.uk/uksi/1996/54/contents/made" title="Table of Contents"/><ukm:SecondaryMetadata><ukm:DocumentClassification><ukm:DocumentCategory Value="secondary"/><ukm:DocumentMainType Value="UnitedKingdomStatutoryInstrument"/><ukm:DocumentStatus Value="final"/><ukm:DocumentMinorType Value="regulation"/></ukm:DocumentClassification><ukm:Year Value="1996"/><ukm:Number Value="54"/><ukm:Made Date="1996-01-10"/><ukm:Laid Date="1996-01-12" Class="UnitedKingdomParliament"/><ukm:ComingIntoForce><ukm:DateTime Date="1996-02-06"/></ukm:ComingIntoForce><ukm:ISBN Value="0110539338"/></ukm:SecondaryMetadata><ukm:Statistics><ukm:TotalParagraphs Value="2"/><ukm:BodyParagraphs Value="2"/><ukm:ScheduleParagraphs Value="0"/><ukm:AttachmentParagraphs Value="0"/><ukm:TotalImages Value="0"/></ukm:Statistics></proprietary></meta><preface><p class="number"><docNumber>1996 No. 54</docNumber></p><block name="subject"><concept class="title" refersTo="#d4e61">INCOME TAX</concept></block><block name="subject"><concept class="title" refersTo="#d4e64">INHERITANCE TAX</concept></block><block name="subject"><concept class="title" refersTo="#d4e67">TAXES</concept></block><p class="title"><shortTitle>The Taxes (Interest Rate) (Amendment)Regulations 1996</shortTitle></p><p class="MadeDate"><span>Made</span><docDate date="1996-01-10">10th January 1996</docDate></p><p class="LaidDate"><span>Laid before the House of Commons</span><docDate date="1996-01-12">12th January 1996</docDate></p><p class="ComingIntoForce"><span>Coming into force</span><docDate date="1996-02-06">6th February 1996</docDate></p></preface><preamble><formula name="EnactingText"><p>The Treasury, in exercise of the powers conferred on them by section 178 of the Finance Act 1989<noteRef href="#f00001" class="footnote" marker="1"/>, hereby make the following Regulations:</p></formula></preamble><body><hcontainer name="regulation" eId="regulation-1"><num>1</num><content><p>These Regulations may be cited as the Taxes (Interest Rate) (Amendment ) Regulations 1996 and shall come into force on 6th February 1996.</p></content></hcontainer><hcontainer name="regulation" eId="regulation-2"><num>2</num><intro><p>In regulation 5(1) of the Taxes (Interest Rate) Regulations 1989<noteRef href="#f00002" class="footnote" marker="2"/> —</p></intro><subparagraph eId="regulation-2-a"><num>a</num><content><p>for “6th October 1995” there shall be substituted “6th February 1996”;</p></content></subparagraph><subparagraph eId="regulation-2-b"><num>b</num><content><p>for “7.75 per cent. per annum” there shall be substituted “7.25 per cent. per annum”.</p></content></subparagraph></hcontainer><hcontainer name="signatures"><content><block name="signature"><signature><person refersTo="#ref-d4e123">Simon Burns</person><person refersTo="#ref-d4e125">Derek Conway</person><role refersTo="#ref-d4e127">Two of the Lords Commissioners of Her Majesty’s Treasury</role><date date="1996-01-10">10th January 1996</date></signature></block></content></hcontainer></body><conclusions><blockContainer class="ExplanatoryNotes"><intro><p>(This note is not part of the Regulations)</p></intro><p><authorialNote><p>These Regulations amend regulation 5 of the Taxes (Interest Rate) Regulations 1989 (<abbr class="Acronym" title="Statutory Instrument">S.I.</abbr><ref href="http://www.legislation.gov.uk/id/uksi/1989/1297">1989/1297</ref> as substituted by <abbr class="Acronym" title="Statutory Instrument">S.I.</abbr><ref href="http://www.legislation.gov.uk/id/uksi/1994/1307">1994/1307</ref>). That regulation provides for the official rate of interest for the purposes of section 160 of the Income and Corporation Taxes Act 1988 (taxation of beneficial loans made to employees) by first specifying an official rate of interest generally and then specifying, by way of exception, different official rates of interest for certain beneficial loans in the currencies of countries specified in the Table to the regulation.</p><p>The amendment made by these Regulations specifies, with effect from 6th February 1996, a new general official rate of interest of 7.25 per cent. per annum, in substitution for the rate of 7.75 per cent. per annum specified by <abbr class="Acronym" title="Statutory Instrument">S.I.</abbr><ref href="http://www.legislation.gov.uk/id/uksi/1995/2436">1995/2436</ref>.</p></authorialNote></p></blockContainer></conclusions></act></akomaNtoso>