<akomaNtoso xmlns:xsi="http://www.w3.org/2001/XMLSchema-instance" xmlns="http://docs.oasis-open.org/legaldocml/ns/akn/3.0" xsi:schemaLocation="http://docs.oasis-open.org/legaldocml/ns/akn/3.0 http://docs.oasis-open.org/legaldocml/akn-core/v1.0/cos01/part2-specs/schemas/akomantoso30.xsd"><act name="UnitedKingdomStatutoryInstrument"><meta><identification source="#source"><FRBRWork><FRBRthis value="http://www.legislation.gov.uk/id/uksi/1996/308"/><FRBRuri value="http://www.legislation.gov.uk/id/uksi/1996/308"/><FRBRdate date="1996-02-07" name="made"/><FRBRauthor href="http://www.legislation.gov.uk/id/government/uk"/><FRBRcountry value="GB-UKM"/><FRBRsubtype value="order"/><FRBRnumber value="308"/><FRBRname value="S.I. 1996/308 (S. 22)"/><FRBRprescriptive value="true"/></FRBRWork><FRBRExpression><FRBRthis value="http://www.legislation.gov.uk/uksi/1996/308/made"/><FRBRuri value="http://www.legislation.gov.uk/uksi/1996/308/made"/><FRBRdate date="1996-02-07" name="made"/><FRBRauthor href="#source"/><FRBRlanguage language="eng"/></FRBRExpression><FRBRManifestation><FRBRthis value="http://www.legislation.gov.uk/uksi/1996/308/made/data.akn"/><FRBRuri value="http://www.legislation.gov.uk/uksi/1996/308/made/data.akn"/><FRBRdate date="2021-07-26+01:00" name="transform"/><FRBRauthor href="http://www.legislation.gov.uk"/><FRBRformat value="application/akn+xml"/></FRBRManifestation></identification><classification source="#source"><keyword value="district councils" showAs="District councils" dictionary="http://www.legislation.gov.uk"/><keyword value="local government, scotland" showAs="LOCAL GOVERNMENT, SCOTLAND" dictionary="http://www.legislation.gov.uk"/><keyword value="education, scotland" showAs="EDUCATION, SCOTLAND" dictionary="http://www.legislation.gov.uk"/></classification><lifecycle source="#source"><eventRef date="1996-02-07" type="generation" eId="made-date" source="#source"/><eventRef date="1996-02-23" eId="laid-date-1" source="#source"/><eventRef date="1996-04-01" eId="coming-into-force-date-1" source="#source"/></lifecycle><references source="#source"><TLCOrganization eId="source" href="http://www.legislation.gov.uk/id/publisher/KingsOrQueensPrinterOfActsOfParliament" showAs="Queen's Printer of Acts of Parliament"/><TLCLocation eId="standrew’shouse" href="/ontology/location/uk.StAndrew’sHouse" showAs="St Andrew’s House,"/><TLCLocation eId="edinburgh" href="/ontology/location/uk.Edinburgh" showAs="Edinburgh"/><TLCRole eId="ref-d4e117" href="/ontology/role/uk.Parliamentary Under Secretary of State, Scottish Office" showAs="Parliamentary Under Secretary of State, Scottish Office"/><TLCPerson eId="ref-d4e115" href="/ontology/persons/uk.RaymondSRobertson" showAs="Raymond S Robertson"/><TLCConcept href="/uk/subject/local-government-scotland" showAs="LOCAL GOVERNMENT, SCOTLAND" eId="d4e61"/><TLCConcept href="/uk/subject/education-scotland" showAs="EDUCATION, SCOTLAND" eId="d4e64"/></references><notes source="#source"><note class="footnote" eId="f00001"><p><ref href="http://www.legislation.gov.uk/id/ukpga/1994/39">1994 c. 39</ref>.</p></note><note class="footnote" eId="f00002"><p><ref href="http://www.legislation.gov.uk/id/ukpga/1973/65">1973 c. 65</ref>; section 2 is repealed by the Local Government <abbr title="et cetera" xml:lang="la">etc.</abbr> (Scotland) Act <ref href="http://www.legislation.gov.uk/id/ukpga/1994/39">1994 (c. 39)</ref>, section 180(2) and Schedule 14.</p></note></notes><proprietary xmlns:ukl="http://www.legislation.gov.uk/namespaces/legislation" xmlns:ukm="http://www.legislation.gov.uk/namespaces/metadata" xmlns:dc="http://purl.org/dc/elements/1.1/" xmlns:dct="http://purl.org/dc/terms/" xmlns:atom="http://www.w3.org/2005/Atom" source="#source"><dc:identifier>http://www.legislation.gov.uk/uksi/1996/308/made</dc:identifier><dc:title>The Educational Endowments (Borders Region) Transfer Scheme Order 1996</dc:title><dc:subject>District councils</dc:subject><dc:publisher>Queen's Printer of Acts of Parliament</dc:publisher><dc:modified>2011-07-04</dc:modified><dc:subject scheme="SIheading">LOCAL GOVERNMENT, SCOTLAND</dc:subject><dc:subject scheme="SIheading">EDUCATION, SCOTLAND</dc:subject><dc:description>This Order makes a Scheme for the transfer of interests in educational endowments from the Borders Regional Council and the district councils within Borders Region, namely the Berwickshire, Ettrick and Lauderdale, Roxburgh and Tweeddale District Councils, to the new unitary The Scottish Borders Council established under the Local Government etc. (Scotland) Act 1994.</dc:description><atom:link rel="self" href="http://www.legislation.gov.uk/uksi/1996/308/made/data.xml" type="application/xml"/><atom:link rel="http://www.legislation.gov.uk/def/navigation/resources" href="http://www.legislation.gov.uk/uksi/1996/308/resources" title="More Resources"/><atom:link rel="http://www.legislation.gov.uk/def/navigation/act" href="http://www.legislation.gov.uk/uksi/1996/308/made" title="whole act"/><atom:link rel="http://www.legislation.gov.uk/def/navigation/introduction" href="http://www.legislation.gov.uk/uksi/1996/308/introduction/made" title="introduction"/><atom:link rel="http://www.legislation.gov.uk/def/navigation/signature" href="http://www.legislation.gov.uk/uksi/1996/308/signature/made" title="signature"/><atom:link rel="http://www.legislation.gov.uk/def/navigation/note" href="http://www.legislation.gov.uk/uksi/1996/308/note/made" title="note"/><atom:link rel="http://www.legislation.gov.uk/def/navigation/body" href="http://www.legislation.gov.uk/uksi/1996/308/body/made" title="body"/><atom:link rel="http://www.legislation.gov.uk/def/navigation/schedules" href="http://www.legislation.gov.uk/uksi/1996/308/schedules/made" title="schedules"/><atom:link rel="alternate" type="application/rdf+xml" href="http://www.legislation.gov.uk/uksi/1996/308/made/data.rdf" title="RDF/XML"/><atom:link rel="alternate" type="application/akn+xml" href="http://www.legislation.gov.uk/uksi/1996/308/made/data.akn" title="AKN"/><atom:link rel="alternate" type="application/xhtml+xml" href="http://www.legislation.gov.uk/uksi/1996/308/made/data.xht" title="HTML snippet"/><atom:link rel="alternate" type="application/pdf" href="http://www.legislation.gov.uk/uksi/1996/308/made/data.pdf" title="PDF"/><atom:link rel="alternate" type="application/akn+xhtml" href="http://www.legislation.gov.uk/uksi/1996/308/made/data.html" title="HTML5 snippet"/><atom:link rel="http://purl.org/dc/terms/tableOfContents" hreflang="en" href="http://www.legislation.gov.uk/uksi/1996/308/contents/made" title="Table of Contents"/><ukm:SecondaryMetadata><ukm:DocumentClassification><ukm:DocumentCategory Value="secondary"/><ukm:DocumentMainType Value="UnitedKingdomStatutoryInstrument"/><ukm:DocumentStatus Value="final"/><ukm:DocumentMinorType Value="order"/></ukm:DocumentClassification><ukm:Year Value="1996"/><ukm:Number Value="308"/><ukm:AlternativeNumber Category="S" Value="22"/><ukm:Made Date="1996-02-07"/><ukm:Laid Date="1996-02-23" Class="UnitedKingdomParliament"/><ukm:ComingIntoForce><ukm:DateTime Date="1996-04-01"/></ukm:ComingIntoForce><ukm:ISBN Value="0110552709"/></ukm:SecondaryMetadata><ukm:Statistics><ukm:TotalParagraphs Value="7"/><ukm:BodyParagraphs Value="2"/><ukm:ScheduleParagraphs Value="5"/><ukm:AttachmentParagraphs Value="0"/><ukm:TotalImages Value="0"/></ukm:Statistics></proprietary></meta><preface><p class="number"><docNumber>1996 No. 308 (S.22)</docNumber></p><block name="subject"><concept class="title" refersTo="#d4e61">LOCAL GOVERNMENT, SCOTLAND</concept></block><block name="subject"><concept class="title" refersTo="#d4e64">EDUCATION, SCOTLAND</concept></block><p class="title"><shortTitle>The Educational Endowments (Borders Region) Transfer Scheme Order 1996</shortTitle></p><p class="MadeDate"><span>Made</span><docDate date="1996-02-07">7th February 1996</docDate></p><p class="LaidDate"><span>Laid before Parliament</span><docDate date="1996-02-23">23rd February 1996</docDate></p><p class="ComingIntoForce"><span>Coming into force</span><docDate date="1996-04-01">1st April 1996</docDate></p></preface><preamble><formula name="EnactingText"><p>The Secretary of State, in exercise of the powers conferred on him by section 17(1), (2), (3), (4), (6) and (8) of the Local Government <abbr title="et cetera" xml:lang="la">etc.</abbr> (Scotland) Act 1994<noteRef href="#f00001" class="footnote" marker="1"/> and of all other powers enabling him in that behalf, hereby makes the following Order:</p></formula></preamble><body><article eId="article-1"><num>1</num><heading>Citation and commencement</heading><content><p>This Order may be cited as the Educational Endowments (Borders Region) Transfer Scheme Order 1996 and shall come into force on 1st April 1996.</p></content></article><article eId="article-2"><num>2</num><heading>Making of Scheme</heading><content><p>The Scheme set out in the Schedule to this Order shall have effect.</p></content></article><hcontainer name="signatures"><content><block name="signature"><signature><person refersTo="#ref-d4e115">Raymond S Robertson</person><role refersTo="#ref-d4e117">Parliamentary Under Secretary of State, Scottish Office</role><location refersTo="#standrew’shouse">St Andrew’s House,</location><location refersTo="#edinburgh">Edinburgh</location><date date="1996-02-07">7th February 1996</date></signature></block></content></hcontainer><hcontainer name="schedules" eId="d4e127"><hcontainer name="schedule" eId="schedule"><num>SCHEDULE<authorialNote class="referenceNote" placement="right"><p>Article 2</p></authorialNote></num><heading>THE EDUCATIONAL ENDOWMENTS (BORDERS REGION) TRANSFER SCHEME 1996</heading><paragraph eId="schedule-paragraph-1"><num>1</num><heading>Citation</heading><content><p>This Scheme may be cited as the Educational Endowments (Borders Region) Transfer Scheme 1996.</p></content></paragraph><paragraph eId="schedule-paragraph-2"><num>2</num><heading>Interpretation</heading><intro><p>In this Scheme—</p></intro><paragraph eId="schedule-paragraph-2-a"><num>a</num><content><p>references to the Borders Regional Council and the Berwickshire, Ettrick and Lauderdale, Roxburgh and Tweeddale District Councils are to those councils as constituted under section 2 of the Local Government (Scotland) Act 1973<noteRef href="#f00002" class="footnote" marker="2"/>;</p></content></paragraph><paragraph eId="schedule-paragraph-2-b"><num>b</num><content><p>references to The Scottish Borders Council are to that Council as constituted under section 2 of the Local Government <abbr title="et cetera" xml:lang="la">etc.</abbr> (Scotland) Act 1994.</p></content></paragraph></paragraph><paragraph eId="schedule-paragraph-3"><num>3</num><heading>Transfer of interests in educational endowments from the Borders Regional Council to The Scottish Borders Council</heading><subparagraph eId="schedule-paragraph-3-1"><num>1</num><intro><p>Where immediately before 1st April 1996 there were vested in the Borders Regional Council—</p></intro><paragraph eId="schedule-paragraph-3-1-a"><num>a</num><content><p>to any extent, any educational endowments;</p></content></paragraph><paragraph eId="schedule-paragraph-3-1-b"><num>b</num><content><p>any powers with respect to educational endowments;</p></content></paragraph><paragraph eId="schedule-paragraph-3-1-c"><num>c</num><content><p>any rights to be paid money out of educational endowments,</p></content></paragraph><wrapUp><p>such educational endowments shall to the same extent, and such powers and rights shall, on that date be transferred to and vest in The Scottish Borders Council.</p></wrapUp></subparagraph><subparagraph eId="schedule-paragraph-3-2"><num>2</num><intro><p>Where immediately before 1st April 1996 there were vested by virtue of his office in the holder of an office connected with the Borders Regional Council, or in a person nominated by that Council—</p></intro><paragraph eId="schedule-paragraph-3-2-a"><num>a</num><content><p>to any extent, any educational endowments;</p></content></paragraph><paragraph eId="schedule-paragraph-3-2-b"><num>b</num><content><p>any powers with respect to education endowments,</p></content></paragraph><hcontainer name="wrapper"><content><p>such educational endowments shall to the same extent, and such powers shall, on that date be transferred to and vest in—</p></content></hcontainer><subparagraph eId="schedule-paragraph-3-2-i"><num>i</num><content><p>in the case where they were vested by virtue of his office in a councillor, or in the holder of a specified office held by a councillor, a councillor of The Scottish Borders Council nominated by that Council for the purpose;</p></content></subparagraph><paragraph eId="schedule-paragraph-3-2-ii"><num>ii</num><content><p>in the case where they were vested by virtue of his office in an officer of the Borders Regional Council, the proper officer of The Scottish Borders Council;</p></content></paragraph><paragraph eId="schedule-paragraph-3-2-iii"><num>iii</num><content><p>in the case where they were vested in a person nominated by the Borders Regional Council, a person nominated by The Scottish Borders Council.</p></content></paragraph></subparagraph></paragraph><paragraph eId="schedule-paragraph-4"><num>4</num><heading>Transfer of interests in educational endowments from district councils to The Scottish Borders Council</heading><subparagraph eId="schedule-paragraph-4-1"><num>1</num><intro><p>Where immediately before 1st April 1996 there were vested in the Berwickshire, Ettrick and Lauderdale, Roxburgh or Tweeddale District Council—</p></intro><paragraph eId="schedule-paragraph-4-1-a"><num>a</num><content><p>to any extent, any educational endowments;</p></content></paragraph><paragraph eId="schedule-paragraph-4-1-b"><num>b</num><content><p>any powers with respect to educational endowments;</p></content></paragraph><paragraph eId="schedule-paragraph-4-1-c"><num>c</num><content><p>any rights to be paid money out of educational endowments,</p></content></paragraph><wrapUp><p>such educational endowments shall to the same extent, and such powers and rights shall, on that date be transferred to and vest in The Scottish Borders Council.</p></wrapUp></subparagraph><subparagraph eId="schedule-paragraph-4-2"><num>2</num><intro><p>Where immediately before 1st April 1996 there were vested by virtue of his office in the holder of an office connected with the Berwickshire, Ettrick and Lauderdale, Roxburgh or Tweeddale District Council, or in a person nominated by that Council—</p></intro><paragraph eId="schedule-paragraph-4-2-a"><num>a</num><content><p>to any extent, any educational endowments;</p></content></paragraph><paragraph eId="schedule-paragraph-4-2-b"><num>b</num><content><p>any powers with respect to educational endowments,</p></content></paragraph><hcontainer name="wrapper"><content><p>such educational endowments shall to the same extent, and such powers shall, on that date be transferred to and vest in—</p></content></hcontainer><subparagraph eId="schedule-paragraph-4-2-i"><num>i</num><content><p>in the case where they were vested by virtue of his office in a councillor, or in the holder of a specified office held by a councillor, a councillor of The Scottish Borders Council nominated by that Council for the purpose;</p></content></subparagraph><paragraph eId="schedule-paragraph-4-2-ii"><num>ii</num><content><p>in the case where they were vested by virtue of his office in an officer of the relevant district council, the proper officer of The Scottish Borders Council;</p></content></paragraph><paragraph eId="schedule-paragraph-4-2-iii"><num>iii</num><content><p>in the case where they were vested in a person nominated by the relevant district council, a person nominated by The Scottish Borders Council.</p></content></paragraph></subparagraph></paragraph><paragraph eId="schedule-paragraph-5"><num>5</num><heading>Consequential provisions for interpretation of governing instruments of educational endowments</heading><subparagraph eId="schedule-paragraph-5-1"><num>1</num><intro><p>Unless the context otherwise requires, any reference, however expressed, in the governing instrument of any educational endowment to—</p></intro><paragraph eId="schedule-paragraph-5-1-a"><num>a</num><content><p>the Borders Regional Council;</p></content></paragraph><paragraph eId="schedule-paragraph-5-1-b"><num>b</num><content><p>the Berwickshire, Ettrick and Lauderdale, Roxburgh or Tweeddale District Council;</p></content></paragraph><paragraph eId="schedule-paragraph-5-1-c"><num>c</num><content><p>the county council of the former county of Berwick, Peebles, Roxburgh or Selkirk;</p></content></paragraph><paragraph eId="schedule-paragraph-5-1-d"><num>d</num><content><p>the council of any small burgh or district comprised in any of those former counties before 16th May 1973,</p></content></paragraph><wrapUp><p>shall be construed as a reference to The Scottish Borders Council.</p></wrapUp></subparagraph><subparagraph eId="schedule-paragraph-5-2"><num>2</num><intro><p>Unless the context otherwise requires, any reference, however expressed, in the governing instrument of any educational endowment to—</p></intro><paragraph eId="schedule-paragraph-5-2-a"><num>a</num><content><p>a councillor of any council referred to in sub-paragraph (1) above, or the holder of a specified office held by such councillor, shall be construed as a reference to a councillor of The Scottish Borders Council nominated by that Council for the purpose;</p></content></paragraph><paragraph eId="schedule-paragraph-5-2-b"><num>b</num><content><p>an officer, or any specified officer, of a council referred to in sub-paragraph (1) above shall be construed as a reference to the proper officer of The Scottish Borders Council.</p></content></paragraph></subparagraph></paragraph></hcontainer></hcontainer></body><conclusions><blockContainer class="ExplanatoryNotes"><intro><p>(This note is not part of the Order)</p></intro><p><authorialNote><p>This Order makes a Scheme for the transfer of interests in educational endowments from the Borders Regional Council and the district councils within Borders Region, namely the Berwickshire, Ettrick and Lauderdale, Roxburgh and Tweeddale District Councils, to the new unitary The Scottish Borders Council established under the Local Government <abbr title="et cetera" xml:lang="la">etc.</abbr> (Scotland) Act 1994.</p><p>The transfer takes effect on 1st April 1996, the day when the new unitary Councils take up their functions and the existing Regional and District Councils cease to exist.</p><p>Educational endowments are defined in section 122 of the Education (Scotland) Act 1980. Essentially they are property, heritable or moveable, dedicated to charitable educational purposes. Regional Councils as education authorities are most likely to have an interest in them but district councils may also have such an interest.</p><p>Paragraph 3 of the Scheme provides for the transfer of interests vested in the Borders Regional Council to The Scottish Borders Council. These interests may consist of the endowment itself, or powers with respect to an endowment (for instance, power to appoint trustees) or a right to payment of money out of an endowment. Provision is also made for endowments or powers vested in an office holder or nominee of the Borders Regional Council to be transferred to an office holder or nominee of The Scottish Borders Council.</p><p>Paragraph 4 provides similarly for the transfer of interests vested in the district councils or their office holders or nominees.</p><p>Paragraph 5 makes consequential provision for references in governing instruments of endowments to old local authorities and their office holders to be interpreted as references to The Scottish Borders Council and its councillors and officers.</p></authorialNote></p></blockContainer></conclusions></act></akomaNtoso>