<akomaNtoso xmlns:xsi="http://www.w3.org/2001/XMLSchema-instance" xmlns="http://docs.oasis-open.org/legaldocml/ns/akn/3.0" xsi:schemaLocation="http://docs.oasis-open.org/legaldocml/ns/akn/3.0 http://docs.oasis-open.org/legaldocml/akn-core/v1.0/cos01/part2-specs/schemas/akomantoso30.xsd"><act name="UnitedKingdomStatutoryInstrument"><meta><identification source="#source"><FRBRWork><FRBRthis value="http://www.legislation.gov.uk/id/uksi/1996/450"/><FRBRuri value="http://www.legislation.gov.uk/id/uksi/1996/450"/><FRBRdate date="1996-02-28" name="made"/><FRBRauthor href="http://www.legislation.gov.uk/id/government/uk"/><FRBRcountry value="GB-UKM"/><FRBRsubtype value="regulation"/><FRBRnumber value="450"/><FRBRname value="S.I. 1996/450"/><FRBRprescriptive value="true"/></FRBRWork><FRBRExpression><FRBRthis value="http://www.legislation.gov.uk/uksi/1996/450/made"/><FRBRuri value="http://www.legislation.gov.uk/uksi/1996/450/made"/><FRBRdate date="1996-02-28" name="made"/><FRBRauthor href="#source"/><FRBRlanguage language="eng"/></FRBRExpression><FRBRManifestation><FRBRthis value="http://www.legislation.gov.uk/uksi/1996/450/made/data.akn"/><FRBRuri value="http://www.legislation.gov.uk/uksi/1996/450/made/data.akn"/><FRBRdate date="2021-07-26+01:00" name="transform"/><FRBRauthor href="http://www.legislation.gov.uk"/><FRBRformat value="application/akn+xml"/></FRBRManifestation></identification><classification source="#source"><keyword value="gas supply" showAs="Gas supply" dictionary="http://www.legislation.gov.uk"/><keyword value="gas" showAs="GAS" dictionary="http://www.legislation.gov.uk"/></classification><lifecycle source="#source"><eventRef date="1996-02-28" type="generation" eId="made-date" source="#source"/><eventRef date="1996-02-28" eId="laid-date-1" source="#source"/><eventRef date="1996-03-01" eId="coming-into-force-date-1" source="#source"/></lifecycle><references source="#source"><TLCOrganization eId="source" href="http://www.legislation.gov.uk/id/publisher/KingsOrQueensPrinterOfActsOfParliament" showAs="Queen's Printer of Acts of Parliament"/><TLCOrganization eId="ref-d4e112" href="/ontology/organization/uk.Department of Trade and Industry" showAs="Department of Trade and Industry"/><TLCRole eId="ref-d4e110" href="/ontology/role/uk.Minister for Industry and Energy," showAs="Minister for Industry and Energy,"/><TLCPerson eId="ref-d4e108" href="/ontology/persons/uk.TimEggar," showAs="Tim Eggar,"/><TLCConcept href="/uk/subject/gas" showAs="GAS" eId="d4e58"/></references><notes source="#source"><note class="footnote" eId="f00001"><p>See the definition of “prescribed”.</p></note><note class="footnote" eId="f00002"><p><ref href="http://www.legislation.gov.uk/id/ukpga/1986/44">1986 c. 44</ref>. Schedule 2B was inserted by section 9(2) of the Gas Act <ref href="http://www.legislation.gov.uk/id/ukpga/1995/45">1995 (c. 45)</ref>.</p></note><note class="footnote" eId="f00003"><p>By paragraph 12(1) of Schedule 2B to the Gas Act 1986, the notice must be received by the appropriate public gas transporter or gas supplier (see note (b) below) at least 48 hours before the proposed connection or disconnection. However, by paragraph 12(3), any information required to be included in the notice, other than details of the time and place of the proposed connection or disconnection, may be given to that person within 48 hours after the connection or disconnection in so far as it is not reasonably practicable for the notice to contain that information.</p></note></notes><proprietary xmlns:ukl="http://www.legislation.gov.uk/namespaces/legislation" xmlns:ukm="http://www.legislation.gov.uk/namespaces/metadata" xmlns:dc="http://purl.org/dc/elements/1.1/" xmlns:dct="http://purl.org/dc/terms/" xmlns:atom="http://www.w3.org/2005/Atom" source="#source"><dc:identifier>http://www.legislation.gov.uk/uksi/1996/450/made</dc:identifier><dc:title>The Gas Meters (Information on Connection and Disconnection) Regulations 1996</dc:title><dc:subject>Gas supply</dc:subject><dc:publisher>Queen's Printer of Acts of Parliament</dc:publisher><dc:modified>2011-07-04</dc:modified><dc:subject scheme="SIheading">GAS</dc:subject><dc:description>Paragraph 12 of Schedule 2B to the Gas Act 1986 provides that a person proposing to connect a meter with a service pipe through which gas is conveyed to any premises by a public gas transporter, or to disconnect a meter from such a pipe, must give 48 hours' notice of the connection or disconnection to the gas supplier supplying gas to the premises, or to the transporter in question. The Regulations prescribe the form of the notice and the information which it is to contain. This includes details of the meter itself and of the person requesting the connection or disconnection.</dc:description><atom:link rel="self" href="http://www.legislation.gov.uk/uksi/1996/450/made/data.xml" type="application/xml"/><atom:link rel="http://www.legislation.gov.uk/def/navigation/resources" href="http://www.legislation.gov.uk/uksi/1996/450/resources" title="More Resources"/><atom:link rel="http://www.legislation.gov.uk/def/navigation/act" href="http://www.legislation.gov.uk/uksi/1996/450/made" title="whole act"/><atom:link rel="http://www.legislation.gov.uk/def/navigation/introduction" href="http://www.legislation.gov.uk/uksi/1996/450/introduction/made" title="introduction"/><atom:link rel="http://www.legislation.gov.uk/def/navigation/signature" href="http://www.legislation.gov.uk/uksi/1996/450/signature/made" title="signature"/><atom:link rel="http://www.legislation.gov.uk/def/navigation/note" href="http://www.legislation.gov.uk/uksi/1996/450/note/made" title="note"/><atom:link rel="http://www.legislation.gov.uk/def/navigation/body" href="http://www.legislation.gov.uk/uksi/1996/450/body/made" title="body"/><atom:link rel="http://www.legislation.gov.uk/def/navigation/schedules" href="http://www.legislation.gov.uk/uksi/1996/450/schedules/made" title="schedules"/><atom:link rel="alternate" type="application/rdf+xml" href="http://www.legislation.gov.uk/uksi/1996/450/made/data.rdf" title="RDF/XML"/><atom:link rel="alternate" type="application/akn+xml" href="http://www.legislation.gov.uk/uksi/1996/450/made/data.akn" title="AKN"/><atom:link rel="alternate" type="application/xhtml+xml" href="http://www.legislation.gov.uk/uksi/1996/450/made/data.xht" title="HTML snippet"/><atom:link rel="alternate" type="application/pdf" href="http://www.legislation.gov.uk/uksi/1996/450/made/data.pdf" title="PDF"/><atom:link rel="alternate" type="application/akn+xhtml" href="http://www.legislation.gov.uk/uksi/1996/450/made/data.html" title="HTML5 snippet"/><atom:link rel="http://purl.org/dc/terms/tableOfContents" hreflang="en" href="http://www.legislation.gov.uk/uksi/1996/450/contents/made" title="Table of Contents"/><ukm:SecondaryMetadata><ukm:DocumentClassification><ukm:DocumentCategory Value="secondary"/><ukm:DocumentMainType Value="UnitedKingdomStatutoryInstrument"/><ukm:DocumentStatus Value="final"/><ukm:DocumentMinorType Value="regulation"/></ukm:DocumentClassification><ukm:Year Value="1996"/><ukm:Number Value="450"/><ukm:Made Date="1996-02-28"/><ukm:Laid Date="1996-02-28" Class="UnitedKingdomParliament"/><ukm:ComingIntoForce><ukm:DateTime Date="1996-03-01"/></ukm:ComingIntoForce><ukm:ISBN Value="0110544803"/></ukm:SecondaryMetadata><ukm:Statistics><ukm:TotalParagraphs Value="2"/><ukm:BodyParagraphs Value="2"/><ukm:ScheduleParagraphs Value="0"/><ukm:AttachmentParagraphs Value="0"/><ukm:TotalImages Value="2"/></ukm:Statistics></proprietary></meta><preface><p class="number"><docNumber>1996 No. 450</docNumber></p><block name="subject"><concept class="title" refersTo="#d4e58">GAS</concept></block><p class="title"><shortTitle>The Gas Meters (Information on Connection and Disconnection) Regulations 1996</shortTitle></p><p class="MadeDate"><span>Made</span><docDate date="1996-02-28">28th February 1996</docDate></p><p class="LaidDate"><span>Laid before Parliament</span><docDate date="1996-02-28">28th February 1996</docDate></p><p class="ComingIntoForce"><span>Coming into force</span><docDate date="1996-03-01">1st March 1996</docDate></p></preface><preamble><formula name="EnactingText"><p>The Secretary of State, in exercise of the powers conferred upon him by paragraph 12(1) and (2) of Schedule 2B to, and sections 47 and 48(1)<noteRef href="#f00001" class="footnote" marker="1"/> of, the Gas Act 1986<noteRef href="#f00002" class="footnote" marker="2"/>, and of all other powers enabling him in that behalf, hereby makes the following Regulations:—</p></formula></preamble><body><hcontainer name="regulation" eId="regulation-1"><num>1</num><heading>Citation and commencement</heading><content><p>These Regulations may be cited as the Gas Meters (Information on Connection and Disconnection) Regulations 1996 and shall come into force on 1st March 1996.</p></content></hcontainer><hcontainer name="regulation" eId="regulation-2"><num>2</num><heading>Form and contents of notice under paragraph 12 of Schedule 2B</heading><content><p>A notice under paragraph 12(1) of Schedule 2B to the Gas Act 1986 (failure to notify connection or disconnection of service pipe) shall be in the form specified in the Schedule to these Regulations or a form to the like effect, and shall contain the information specified in the Schedule to these Regulations.</p></content></hcontainer><hcontainer name="signatures"><content><block name="signature"><signature><person refersTo="#ref-d4e108">Tim Eggar,</person><role refersTo="#ref-d4e110">Minister for Industry and Energy,</role><organization refersTo="#ref-d4e112">Department of Trade and Industry</organization><date date="1996-02-28">28th February 1996</date></signature></block></content></hcontainer><hcontainer name="schedules" eId="d4e117"><hcontainer name="schedule" eId="schedule"><num>SCHEDULE<authorialNote class="referenceNote" placement="right"><p>Regulation 2</p></authorialNote></num><heading>GAS ACT 1986</heading><content><tblock class="form"><heading>NOTICE UNDER PARAGRAPH 12 OF SCHEDULE 2B OFCONNECTION/DISCONNECTION OF METER<noteRef href="#f00003" class="footnote" marker="3"/></heading><blockContainer class="figure"><p><img alt="Image_r00000" src="http://www.legislation.gov.uk/uksi/1996/450/images/uksi_19960450_en_001" width="415" height="602"/></p></blockContainer><blockContainer class="figure"><p><img alt="Image_r00001" src="http://www.legislation.gov.uk/uksi/1996/450/images/uksi_19960450_en_002" width="411" height="734"/></p></blockContainer></tblock></content></hcontainer></hcontainer></body><conclusions><blockContainer class="ExplanatoryNotes"><intro><p>(This note is not part of the Order)</p></intro><p><authorialNote><p>Paragraph 12 of Schedule 2B to the Gas Act 1986 provides that a person proposing to connect a meter with a service pipe through which gas is conveyed to any premises by a public gas transporter, or to disconnect a meter from such a pipe, must give 48 hours' notice of the connection or disconnection to the gas supplier supplying gas to the premises, or to the transporter in question. The Regulations prescribe the form of the notice and the information which it is to contain. This includes details of the meter itself and of the person requesting the connection or disconnection.</p></authorialNote></p></blockContainer></conclusions></act></akomaNtoso>