<akomaNtoso xmlns:xsi="http://www.w3.org/2001/XMLSchema-instance" xmlns="http://docs.oasis-open.org/legaldocml/ns/akn/3.0" xsi:schemaLocation="http://docs.oasis-open.org/legaldocml/ns/akn/3.0 http://docs.oasis-open.org/legaldocml/akn-core/v1.0/cos01/part2-specs/schemas/akomantoso30.xsd"><act name="UnitedKingdomStatutoryInstrument"><meta><identification source="#source"><FRBRWork><FRBRthis value="http://www.legislation.gov.uk/id/uksi/1996/574"/><FRBRuri value="http://www.legislation.gov.uk/id/uksi/1996/574"/><FRBRdate date="1996-03-05" name="made"/><FRBRauthor href="http://www.legislation.gov.uk/id/government/uk"/><FRBRcountry value="GB-UKM"/><FRBRsubtype value="regulation"/><FRBRnumber value="574"/><FRBRname value="S.I. 1996/574 (S. 55)"/><FRBRprescriptive value="true"/></FRBRWork><FRBRExpression><FRBRthis value="http://www.legislation.gov.uk/uksi/1996/574/made"/><FRBRuri value="http://www.legislation.gov.uk/uksi/1996/574/made"/><FRBRdate date="1996-03-05" name="made"/><FRBRauthor href="#source"/><FRBRlanguage language="eng"/></FRBRExpression><FRBRManifestation><FRBRthis value="http://www.legislation.gov.uk/uksi/1996/574/made/data.akn"/><FRBRuri value="http://www.legislation.gov.uk/uksi/1996/574/made/data.akn"/><FRBRdate date="2021-07-26+01:00" name="transform"/><FRBRauthor href="http://www.legislation.gov.uk"/><FRBRformat value="application/akn+xml"/></FRBRManifestation></identification><classification source="#source"><keyword value="registration of births" showAs="Registration of births" dictionary="http://www.legislation.gov.uk"/><keyword value="registration of births, deaths, marriages, etc." showAs="REGISTRATION OF BIRTHS, DEATHS, MARRIAGES, ETC." dictionary="http://www.legislation.gov.uk"/></classification><lifecycle source="#source"><eventRef date="1996-03-05" type="generation" eId="made-date" source="#source"/><eventRef date="1996-03-11" eId="laid-date-1" source="#source"/><eventRef date="1996-04-01" eId="coming-into-force-date-1" source="#source"/></lifecycle><references source="#source"><TLCOrganization eId="source" href="http://www.legislation.gov.uk/id/publisher/KingsOrQueensPrinterOfActsOfParliament" showAs="Queen's Printer of Acts of Parliament"/><passiveRef href="http://www.legislation.gov.uk/id/uksi/1997/716" showAs="The Registration of Births, Deaths, Marriages and Divorces (Fees) (Scotland) Regulations 1997"/><TLCLocation eId="newregisterhouse" href="/ontology/location/uk.NewRegisterHouse" showAs="New Register House,"/><TLCLocation eId="edinburgh" href="/ontology/location/uk.Edinburgh" showAs="Edinburgh"/><TLCLocation eId="standrew’shouse" href="/ontology/location/uk.StAndrew’sHouse" showAs="St Andrew’s House,"/><TLCLocation eId="edinburgh" href="/ontology/location/uk.Edinburgh" showAs="Edinburgh"/><TLCRole eId="ref-d4e338" href="/ontology/role/uk.Registrar General" showAs="Registrar General"/><TLCRole eId="ref-d4e355" href="/ontology/role/uk.Minister of State, Scottish Office" showAs="Minister of State, Scottish Office"/><TLCPerson eId="ref-d4e336" href="/ontology/persons/uk.JamesMeldrum" showAs="James Meldrum"/><TLCPerson eId="ref-d4e353" href="/ontology/persons/uk.JamesDouglasHamilton" showAs="James Douglas Hamilton"/><TLCConcept href="/uk/subject/registration-of-births-deaths-marriages-etc." showAs="REGISTRATION OF BIRTHS, DEATHS, MARRIAGES, ETC." eId="d4e82"/></references><notes source="#source"><note class="footnote" eId="f00001"><p><ref href="http://www.legislation.gov.uk/id/ukpga/1965/49">1965 c. 49</ref>; section 28A was inserted by section 50(1) of the Law Reform (Miscellaneous Provisions) (Scotland) Act <ref href="http://www.legislation.gov.uk/id/ukpga/1985/73">1985 (c. 73)</ref>; section 54(1) was amended by the Children Act <ref href="http://www.legislation.gov.uk/id/ukpga/1975/72">1975 (c. 72)</ref>, Schedule 4, Part III and by the Marriage (Scotland) Act <ref href="http://www.legislation.gov.uk/id/ukpga/1977/15">1977 (c. 15)</ref>, Schedule 3; section 56 contains a definition of “prescribed” relevant to the exercise of the statutory powers under which these Regulations are made.</p></note><note class="footnote" eId="f00002"><p><ref href="http://www.legislation.gov.uk/id/uksi/1993/3153">S.I. 1993/3153</ref>, amended by <ref href="http://www.legislation.gov.uk/id/uksi/1995/646">S.I. 1995/646</ref>.</p></note><note class="footnote" eId="f00003"><p><ref href="http://www.legislation.gov.uk/id/ukpga/1965/49">1965 c. 49</ref>.</p></note><note class="footnote" eId="f00004"><p>The words from “(b) in any other case” in the entry numbered 11 in column 2 of Schedule 1 to the end of that entry (including the corresponding entries in columns 3 and 4 of that Schedule) were substituted by regulation 4 of <ref href="http://www.legislation.gov.uk/id/uksi/1995/646">S.I. 1995/646</ref>. The entries in column 3 of Schedule 1 to <ref href="http://www.legislation.gov.uk/id/uksi/1993/3153">S.I. 1993/3153</ref> as substituted by this regulation show the amounts which were payable under <ref href="http://www.legislation.gov.uk/id/uksi/1993/3153">S.I. 1993/3153</ref> before 1st April 1996.</p></note><note class="footnote" eId="f00005"><p>The entry in column 3 of Schedule 1 to <ref href="http://www.legislation.gov.uk/id/uksi/1993/3153">S.I. 1993/3153</ref> as substituted by this regulation shows the amount which was payable under <ref href="http://www.legislation.gov.uk/id/uksi/1993/3153">S.I. 1993/3153</ref> before 1st April 1996.</p></note><note class="footnote" eId="f00006"><p><ref href="http://www.legislation.gov.uk/id/uksi/1995/646">S.I. 1995/646</ref>.</p></note></notes><proprietary xmlns:ukl="http://www.legislation.gov.uk/namespaces/legislation" xmlns:ukm="http://www.legislation.gov.uk/namespaces/metadata" xmlns:dc="http://purl.org/dc/elements/1.1/" xmlns:dct="http://purl.org/dc/terms/" xmlns:atom="http://www.w3.org/2005/Atom" source="#source"><dc:identifier>http://www.legislation.gov.uk/uksi/1996/574/made</dc:identifier><dc:title>The Registration of Births, Deaths, Marriages and Divorces (Fees) (Scotland) Amendment Regulations 1996</dc:title><dc:subject>Registration of births</dc:subject><dc:publisher>Queen's Printer of Acts of Parliament</dc:publisher><dc:modified>2017-06-21</dc:modified><dc:subject scheme="SIheading">REGISTRATION OF BIRTHS, DEATHS, MARRIAGES, ETC.</dc:subject><dc:description>These Regulations amend the Registration of Births, Deaths, Marriages and Divorces (Fees) (Scotland) Regulations 1993 so as to prescribe a new circumstance in which the Registrar General can remit certain fees and to increase certain fees all with effect from 1st April 1996.</dc:description><atom:link rel="self" href="http://www.legislation.gov.uk/uksi/1996/574/made/data.xml" type="application/xml"/><atom:link rel="http://www.legislation.gov.uk/def/navigation/resources" href="http://www.legislation.gov.uk/uksi/1996/574/resources" title="More Resources"/><atom:link rel="http://www.legislation.gov.uk/def/navigation/act" href="http://www.legislation.gov.uk/uksi/1996/574/made" title="whole act"/><atom:link rel="http://www.legislation.gov.uk/def/navigation/introduction" href="http://www.legislation.gov.uk/uksi/1996/574/introduction/made" title="introduction"/><atom:link rel="http://www.legislation.gov.uk/def/navigation/signature" href="http://www.legislation.gov.uk/uksi/1996/574/signature/made" title="signature"/><atom:link rel="http://www.legislation.gov.uk/def/navigation/note" href="http://www.legislation.gov.uk/uksi/1996/574/note/made" title="note"/><atom:link rel="http://www.legislation.gov.uk/def/navigation/body" href="http://www.legislation.gov.uk/uksi/1996/574/body/made" title="body"/><atom:link rel="alternate" type="application/rdf+xml" href="http://www.legislation.gov.uk/uksi/1996/574/made/data.rdf" title="RDF/XML"/><atom:link rel="alternate" type="application/akn+xml" href="http://www.legislation.gov.uk/uksi/1996/574/made/data.akn" title="AKN"/><atom:link rel="alternate" type="application/xhtml+xml" href="http://www.legislation.gov.uk/uksi/1996/574/made/data.xht" title="HTML snippet"/><atom:link rel="alternate" type="application/pdf" href="http://www.legislation.gov.uk/uksi/1996/574/made/data.pdf" title="PDF"/><atom:link rel="alternate" type="application/akn+xhtml" href="http://www.legislation.gov.uk/uksi/1996/574/made/data.html" title="HTML5 snippet"/><atom:link rel="http://purl.org/dc/terms/tableOfContents" hreflang="en" href="http://www.legislation.gov.uk/uksi/1996/574/contents/made" title="Table of Contents"/><ukm:SecondaryMetadata><ukm:DocumentClassification><ukm:DocumentCategory Value="secondary"/><ukm:DocumentMainType Value="UnitedKingdomStatutoryInstrument"/><ukm:DocumentStatus Value="final"/><ukm:DocumentMinorType Value="regulation"/></ukm:DocumentClassification><ukm:Year Value="1996"/><ukm:Number Value="574"/><ukm:AlternativeNumber Category="S" Value="55"/><ukm:Made Date="1996-03-05"/><ukm:Laid Date="1996-03-11" Class="UnitedKingdomParliament"/><ukm:ComingIntoForce><ukm:DateTime Date="1996-04-01"/></ukm:ComingIntoForce><ukm:ISBN Value="0110553063"/><ukm:UnappliedEffects><ukm:UnappliedEffect EffectId="key-34e3e495720591bc08ff9086cf7f1027" AffectedURI="http://www.legislation.gov.uk/id/uksi/1996/574" AffectedClass="UnitedKingdomStatutoryInstrument" AffectingURI="http://www.legislation.gov.uk/id/uksi/1997/716" AffectingClass="UnitedKingdomStatutoryInstrument" URI="http://www.legislation.gov.uk/id/effect/upload-b4yrers3--4092" Row="4097" Type="revoked" RequiresApplied="true" AffectedProvisions="Instrument" Comments="revoked" AffectingYear="1997" AffectingNumber="716" AffectingProvisions="reg. 7" AffectedYear="1996" AffectedNumber="574" Created="2019-07-11T00:00:00" Modified="2019-07-11T00:00:00"><ukm:AffectedTitle>The Registration of Births, Deaths, Marriages and Divorces (Fees) (Scotland) Amendment Regulations 1996</ukm:AffectedTitle><ukm:AffectedProvisions>Instrument</ukm:AffectedProvisions><ukm:AffectingTitle>The Registration of Births, Deaths, Marriages and Divorces (Fees) (Scotland) Regulations 1997</ukm:AffectingTitle><ukm:AffectingProvisions><ukm:Section Ref="regulation-7" URI="http://www.legislation.gov.uk/id/uksi/1997/716/regulation/7">reg. 7</ukm:Section></ukm:AffectingProvisions><ukm:InForceDates><ukm:InForce Applied="false" Prospective="true" Qualification=""/></ukm:InForceDates></ukm:UnappliedEffect><ukm:UnappliedEffect EffectId="key-40e12ac765c7bcedd9fb30ea3e5f4f4d" AffectedURI="http://www.legislation.gov.uk/id/uksi/1996/574" AffectedClass="UnitedKingdomStatutoryInstrument" AffectingURI="http://www.legislation.gov.uk/id/uksi/1997/716" AffectingClass="UnitedKingdomStatutoryInstrument" URI="http://www.legislation.gov.uk/id/effect/key-40e12ac765c7bcedd9fb30ea3e5f4f4d" Row="545" Type="revoked" RequiresApplied="true" AffectedProvisions="Act" Comments="revoked" AffectingYear="1997" AffectingNumber="716" AffectingProvisions="reg. 7" AffectedYear="1996" AffectedNumber="574" Created="2019-05-02T00:00:00" Modified="2019-05-02T00:00:00"><ukm:AffectedTitle>The Registration of Births, Deaths, Marriages and Divorces (Fees) (Scotland) Amendment Regulations 1996</ukm:AffectedTitle><ukm:AffectedProvisions>Act</ukm:AffectedProvisions><ukm:AffectingTitle>The Registration of Births, Deaths, Marriages and Divorces (Fees) (Scotland) Regulations 1997</ukm:AffectingTitle><ukm:AffectingProvisions><ukm:Section Ref="regulation-7" URI="http://www.legislation.gov.uk/id/uksi/1997/716/regulation/7">reg. 7</ukm:Section></ukm:AffectingProvisions><ukm:InForceDates><ukm:InForce Applied="false" Prospective="true" Qualification=""/></ukm:InForceDates></ukm:UnappliedEffect></ukm:UnappliedEffects></ukm:SecondaryMetadata><ukm:Statistics><ukm:TotalParagraphs Value="6"/><ukm:BodyParagraphs Value="6"/><ukm:ScheduleParagraphs Value="0"/><ukm:AttachmentParagraphs Value="0"/><ukm:TotalImages Value="0"/></ukm:Statistics></proprietary></meta><preface><p class="number"><docNumber>1996 No. 574 (S.55)</docNumber></p><block name="subject"><concept class="title" refersTo="#d4e82">REGISTRATION OF BIRTHS, DEATHS, MARRIAGES, <abbr title="et cetera" xml:lang="la">ETC.</abbr></concept></block><p class="title"><shortTitle>The Registration of Births, Deaths, Marriages and Divorces (Fees) (Scotland) Amendment Regulations 1996</shortTitle></p><p class="MadeDate"><span>Made</span><docDate date="1996-03-05">5th March 1996</docDate></p><p class="LaidDate"><span>Laid before Parliament</span><docDate date="1996-03-11">11th March 1996</docDate></p><p class="ComingIntoForce"><span>Coming into force</span><docDate date="1996-04-01">1st April 1996</docDate></p></preface><preamble><formula name="EnactingText"><p>The Registrar General, in exercise of the powers conferred upon him by sections 28A(4), 38(2), 43(8), 47, 54(1) and 56 of the Registration of Births, Deaths and Marriages (Scotland) Act 1965<noteRef href="#f00001" class="footnote" marker="1"/>, and of all other powers enabling him in that behalf, and with the approval of the Secretary of State, hereby makes the following Regulations:</p></formula></preamble><body><hcontainer name="regulation" eId="regulation-1"><num>1</num><heading>Citation and commencement</heading><content><p>These Regulations may be cited as the Registration of Births, Deaths, Marriages and Divorces (Fees) (Scotland) Amendment Regulations 1996 and shall come into force on 1st April 1996.</p></content></hcontainer><hcontainer name="regulation" eId="regulation-2"><num>2</num><heading>Interpretation</heading><content><p>In these Regulations—</p><blockList class="unordered"><item><p>“the <abbr title="Registration of Births, Deaths, Marriages and Divorces (Fees) (Scotland) Regulations 1993 (S.I. 1993/3153)" xml:lang="">principal Regulations</abbr>” means the Registration of Births, Deaths, Marriages and Divorces (Fees) (Scotland) Regulations 1993<noteRef href="#f00002" class="footnote" marker="2"/>.</p></item><item><p>“the <abbr title="Registration of Births, Deaths and Marriages (Scotland) Act 1965 c. 49" xml:lang="">1965 Act</abbr>” means the Registration of Births, Deaths and Marriages (Scotland) Act 1965<noteRef href="#f00003" class="footnote" marker="3"/>.</p></item></blockList></content></hcontainer><hcontainer name="P1group" eId="d4e148"><heading>Amendment of the <abbr title="Registration of Births, Deaths, Marriages and Divorces (Fees) (Scotland) Regulations 1993 (S.I. 1993/3153)" xml:lang="">principal Regulations</abbr></heading><hcontainer name="regulation" eId="regulation-3"><num>3</num><content><p>At the end of regulation 5(c) of the <abbr title="Registration of Births, Deaths, Marriages and Divorces (Fees) (Scotland) Regulations 1993 (S.I. 1993/3153)" xml:lang="">principal Regulations</abbr> the full stop shall be deleted and there shall be inserted the following:—</p><p class="BlockAmendment"><mod><quotedStructure class="secondary regulation main default" startQuote="“" endQuote="”"><p>; or</p><subparagraph eId="d4e166"><num>d</num><intro><p>the Registrar General has—</p></intro><clause eId="d4e172"><num>i</num><content><p>received a notice concerning a death from a procurator-fiscal under section 28(1)(b) of the <abbr title="Registration of Births, Deaths and Marriages (Scotland) Act 1965 c. 49" xml:lang="">1965 Act</abbr> and has thereupon caused to be made such entry in the Register of Corrections Etc., as he thinks proper;</p></content></clause><clause eId="d4e181"><num>ii</num><content><p>notified the person named as the informant in the relevant entry in the register of deaths, in writing, of the matters referred to in paragraph (d)(i) above;</p></content></clause><clause eId="d4e187"><num>iii</num><content><p>received within one month of the date of receipt of such notification a request in writing from that person for an extract of the relevant entry in the register of deaths showing the annotation set out in the relative insertion in the Register of Corrections Etc.</p></content></clause></subparagraph></quotedStructure></mod></p></content></hcontainer><hcontainer name="regulation" eId="regulation-4"><num>4</num><content><p>In the entry numbered 11 in column 2 of Schedule 1 to the <abbr title="Registration of Births, Deaths, Marriages and Divorces (Fees) (Scotland) Regulations 1993 (S.I. 1993/3153)" xml:lang="">principal Regulations</abbr> (general search in both the parochial registers and in the indexes to the statutory registers), there shall be substituted, for the words “(a) In a case” in that column to the end of that entry, (including the corresponding entries in columns 3 and 4 of that Schedule), the following entries<noteRef href="#f00004" class="footnote" marker="4"/>:—</p><p class="BlockAmendment"><mod><quotedStructure class="unknown unknown unknown default" startQuote="“" endQuote="”"><tblock class="tabular"><table><tr><td colspan="1" rowspan="1"><p><embeddedStructure><subparagraph eId="d4e210"><num>a</num><content><p>in a case where payment is made not less than 14 days in advance and a place is occupied in the limited amount of general search accommodation made available for reservation at this fee—</p><blockList class="unordered"><item><p>per day or part thereof</p></item></blockList></content></subparagraph></embeddedStructure></p></td><td colspan="1" rowspan="1"><p>12.00</p></td><td colspan="1" rowspan="1"><p>13.00</p></td></tr><tr><td colspan="1" rowspan="1"><p><embeddedStructure><subparagraph eId="d4e227"><num>b</num><content><p>in any other case—</p><blockList class="unordered"><item><p>per afternoon or part thereof (being any time after 1300 hours)</p></item></blockList></content></subparagraph></embeddedStructure></p></td><td colspan="1" rowspan="1"><p>9.00</p></td><td colspan="1" rowspan="1"><p>10.00</p></td></tr><tr><td colspan="1" rowspan="1"><blockList class="unordered"><item><p>per day</p></item></blockList></td><td colspan="1" rowspan="1"><p>16.00</p></td><td colspan="1" rowspan="1"><p>17.00</p></td></tr><tr><td colspan="1" rowspan="1"><blockList class="unordered"><item><p>per week</p></item></blockList></td><td colspan="1" rowspan="1"><p>60.00</p></td><td colspan="1" rowspan="1"><p>65.00</p></td></tr><tr><td colspan="1" rowspan="1"><blockList class="unordered"><item><p>per four weeks</p></item></blockList></td><td colspan="1" rowspan="1"><p>200.00</p></td><td colspan="1" rowspan="1"><p>220.00</p></td></tr><tr><td colspan="1" rowspan="1"><blockList class="unordered"><item><p>per quarter</p></item></blockList></td><td colspan="1" rowspan="1"><p>455.00</p></td><td colspan="1" rowspan="1"><p>500.00</p></td></tr><tr><td colspan="1" rowspan="1"><blockList class="unordered"><item><p>per year</p></item></blockList></td><td colspan="1" rowspan="1"><p>1,350.00</p></td><td colspan="1" rowspan="1"><p>1,350.00</p></td></tr></table></tblock></quotedStructure></mod><inline name="AppendText">.</inline></p></content></hcontainer><hcontainer name="regulation" eId="regulation-5"><num>5</num><content><p>In the entry numbered 12 in column 2 of Schedule 1 to the <abbr title="Registration of Births, Deaths, Marriages and Divorces (Fees) (Scotland) Regulations 1993 (S.I. 1993/3153)" xml:lang="">principal Regulations</abbr> (Recording of name, or change of name or surname, or alternative name) there shall be substituted, for the words “Recording of name” in that column to the end of that entry (including the corresponding entries in columns 3 and 4 of that Schedule), the following entries<noteRef href="#f00005" class="footnote" marker="5"/></p><p class="BlockAmendment"><mod><quotedStructure class="unknown unknown unknown default" startQuote="“" endQuote="”"><tblock class="tabular"><table><tr><td colspan="1" rowspan="1"><p>Recording of name, or change of name or surname, or alternative name</p></td><td colspan="1" rowspan="1"><p>30.00</p></td><td colspan="1" rowspan="1"><p>34.00</p></td></tr></table></tblock></quotedStructure></mod><inline name="AppendText">.</inline></p></content></hcontainer></hcontainer><hcontainer name="regulation" eId="regulation-6"><num>6</num><heading>Revocation</heading><content><p>Regulation 4 of the Registration of Births, Deaths, Marriages and Divorces (Fees) (Scotland) Amendment Regulations 1995<noteRef href="#f00006" class="footnote" marker="6"/> is hereby revoked.</p></content></hcontainer><hcontainer name="signatures"><content><block name="signature"><signature><person refersTo="#ref-d4e336">James Meldrum</person><role refersTo="#ref-d4e338">Registrar General</role><location refersTo="#newregisterhouse">New Register House,</location><location refersTo="#edinburgh">Edinburgh</location><date date="1996-03-01">1st March 1996</date></signature></block><p>Approved by the Secretary of State</p><block name="signature"><signature><person refersTo="#ref-d4e353">James Douglas Hamilton</person><role refersTo="#ref-d4e355">Minister of State, Scottish Office</role><location refersTo="#standrew’shouse">St Andrew’s House,</location><location refersTo="#edinburgh">Edinburgh</location><date date="1996-03-05">5th March 1996</date></signature></block></content></hcontainer></body><conclusions><blockContainer class="ExplanatoryNotes"><intro><p>(This note is not part of the Regulations)</p></intro><p><authorialNote><p>These Regulations amend the Registration of Births, Deaths, Marriages and Divorces (Fees) (Scotland) Regulations 1993 so as to prescribe a new circumstance in which the Registrar General can remit certain fees and to increase certain fees all with effect from 1st April 1996.</p><p>Regulation 3 provides that the Registrar General can remit a fee where he has (a) received a notice concerning a death from a procurator-fiscal, and caused to be made such entry in the Register of Corrections Etc., as he thinks proper; (b) notified the person named as the informant in the relevant entry in the register of deaths, in writing, of these matters; and (c) received within one month of the date of receipt of such notification a request in writing from that person for an extract of the relevant entry in the register of deaths showing the annotation set out in the relative insertion in the Register of Corrections Etc.</p><p>Regulation 4 increases the fees payable for an inclusive general search in the parochial registers and in the indexes to the statutory registers provided under the Registration of Births, Deaths and Marriages (Scotland) Act 1965 as follows:—</p><paragraph eId="d4e379"><num>a</num><content><p>in a case where payment is made not less than 14 days in advance the fee per day (or part) is increased from £12 to £13; and</p></content></paragraph><paragraph eId="d4e385"><num>b</num><intro><p>in any other case:—</p></intro><subparagraph eId="d4e391"><num>i</num><content><p>the fee per afternoon is increased from £9 to £10;</p></content></subparagraph><subparagraph eId="d4e397"><num>ii</num><content><p>the fee per day is increased from £16 to £17;</p></content></subparagraph><subparagraph eId="d4e403"><num>iii</num><content><p>the fee per week is increased from £60 to £65;</p></content></subparagraph><subparagraph eId="d4e409"><num>iv</num><content><p>the fee per four weeks is increased from £200 to £220; and</p></content></subparagraph><subparagraph eId="d4e415"><num>v</num><content><p>the fee per quarter is increased from £455 to £500.</p></content></subparagraph></paragraph><p>As a consequence of this, regulation 4 of the Registration of Births, Deaths, Marriages and Divorces (Fees) (Scotland) Amendment Regulations 1995 is revoked.</p><p>Regulation 5 increases the fee for the recording of a name or change of name or surname, or alternative name from £30 to £34.</p></authorialNote></p></blockContainer></conclusions></act></akomaNtoso>