<akomaNtoso xmlns:xsi="http://www.w3.org/2001/XMLSchema-instance" xmlns="http://docs.oasis-open.org/legaldocml/ns/akn/3.0" xsi:schemaLocation="http://docs.oasis-open.org/legaldocml/ns/akn/3.0 http://docs.oasis-open.org/legaldocml/akn-core/v1.0/cos01/part2-specs/schemas/akomantoso30.xsd"><act name="UnitedKingdomStatutoryInstrument"><meta><identification source="#source"><FRBRWork><FRBRthis value="http://www.legislation.gov.uk/id/uksi/1996/178"/><FRBRuri value="http://www.legislation.gov.uk/id/uksi/1996/178"/><FRBRdate date="1996-01-30" name="made"/><FRBRauthor href="http://www.legislation.gov.uk/id/government/uk"/><FRBRcountry value="GB-UKM"/><FRBRsubtype value="order"/><FRBRnumber value="178"/><FRBRname value="S.I. 1996/178"/><FRBRprescriptive value="true"/></FRBRWork><FRBRExpression><FRBRthis value="http://www.legislation.gov.uk/uksi/1996/178/made"/><FRBRuri value="http://www.legislation.gov.uk/uksi/1996/178/made"/><FRBRdate date="1996-01-30" name="made"/><FRBRauthor href="#source"/><FRBRlanguage language="eng"/></FRBRExpression><FRBRManifestation><FRBRthis value="http://www.legislation.gov.uk/uksi/1996/178/made/data.akn"/><FRBRuri value="http://www.legislation.gov.uk/uksi/1996/178/made/data.akn"/><FRBRdate date="2021-07-26+01:00" name="transform"/><FRBRauthor href="http://www.legislation.gov.uk"/><FRBRformat value="application/akn+xml"/></FRBRManifestation></identification><classification source="#source"><keyword value="occupational pensions" showAs="Occupational pensions" dictionary="http://www.legislation.gov.uk"/><keyword value="contracting out" showAs="CONTRACTING OUT" dictionary="http://www.legislation.gov.uk"/></classification><lifecycle source="#source"><eventRef date="1996-01-30" type="generation" eId="made-date" source="#source"/><eventRef date="1996-01-31" eId="coming-into-force-date-1" source="#source"/></lifecycle><references source="#source"><TLCOrganization eId="source" href="http://www.legislation.gov.uk/id/publisher/KingsOrQueensPrinterOfActsOfParliament" showAs="Queen's Printer of Acts of Parliament"/><passiveRef href="http://www.legislation.gov.uk/id/uksi/2003/1668" showAs="The Contracting Out (Administration of the Teachers' Pensions Scheme) Order 2003"/><TLCLocation eId="departmentforeducationandemployment" href="/ontology/location/uk.DepartmentforEducationandEmployment" showAs="Department for Education and Employment"/><TLCRole eId="ref-d4e130" href="/ontology/role/uk.Parliamentary Under-Secretary of State," showAs="Parliamentary Under-Secretary of State,"/><TLCPerson eId="ref-d4e128" href="/ontology/persons/uk.RobinSquire" showAs="Robin Squire"/><TLCConcept href="/uk/subject/contracting-out" showAs="CONTRACTING OUT" eId="d4e64"/></references><notes source="#source"><note class="footnote" eId="f00001"><p><ref href="http://www.legislation.gov.uk/id/ukpga/1994/40">1994 c. 40</ref>.</p></note><note class="footnote" eId="f00002"><p>For the definition of “Minister” <em>see</em> section 79(1).</p></note><note class="footnote" eId="f00003"><p><ref href="http://www.legislation.gov.uk/id/ukpga/1972/11">1972 c. 11</ref>.</p></note><note class="footnote" eId="f00004"><p>Section 9 was amended by sections 4(1), 8(3) and (4) and 11 of the Pensions (Miscellaneous) Provisions Act <ref href="http://www.legislation.gov.uk/id/ukpga/1990/7">1990 (c. 7)</ref> and section 12 was amended by section 10 of that Act.</p></note><note class="footnote" eId="f00005"><p><ref href="http://www.legislation.gov.uk/id/ukpga/1993/48">1993 c. 48</ref>; for the definition of “prescribed” and “regulations” <em>see</em> section 181(1). The current relevant regulations made under some of the foregoing provisions of the Superannuation Act 1972 and the Pension Schemes Act 1993 are the Teachers' Superannuation (Consolidation) Regulations 1988 (<abbr class="Acronym" title="Statutory Instrument">S.I.</abbr><ref href="http://www.legislation.gov.uk/id/uksi/1988/1652">1988/1652</ref> amended by <abbr class="Acronym" title="Statutory Instrument">S.I.</abbr><ref href="http://www.legislation.gov.uk/id/uksi/1989/378">1989/378</ref> and <ref href="http://www.legislation.gov.uk/id/uksi/1989/811">811</ref>, <ref href="http://www.legislation.gov.uk/id/uksi/1993/114">1993/114</ref>, <ref href="http://www.legislation.gov.uk/id/uksi/1994/1058">1994/1058</ref>, <ref href="http://www.legislation.gov.uk/id/uksi/1994/2774">2774</ref> and <ref href="http://www.legislation.gov.uk/id/uksi/1994/2876">2876</ref>, <ref href="http://www.legislation.gov.uk/id/uksi/1995/2004">1995/2004</ref>), the Teachers (Compensation for Redundancy and Premature Retirement) Regulations 1989 (<abbr class="Acronym" title="Statutory Instrument">S.I.</abbr><ref href="http://www.legislation.gov.uk/id/uksi/1989/298">1989/298</ref> amended by <abbr class="Acronym" title="Statutory Instrument">S.I.</abbr><ref href="http://www.legislation.gov.uk/id/uksi/1989/1139">1989/1139</ref>, <ref href="http://www.legislation.gov.uk/id/uksi/1994/1059">1994/1059</ref>) and the Teachers' Superannuation (Additional Voluntary Contributions) Regulations 1994 (<abbr class="Acronym" title="Statutory Instrument">S.I.</abbr><ref href="http://www.legislation.gov.uk/id/uksi/1994/2924">1994/2924</ref>).</p></note></notes><proprietary xmlns:ukl="http://www.legislation.gov.uk/namespaces/legislation" xmlns:ukm="http://www.legislation.gov.uk/namespaces/metadata" xmlns:dc="http://purl.org/dc/elements/1.1/" xmlns:dct="http://purl.org/dc/terms/" xmlns:atom="http://www.w3.org/2005/Atom" source="#source"><dc:identifier>http://www.legislation.gov.uk/uksi/1996/178/made</dc:identifier><dc:title>The Contracting Out (Administration of the Teachers' Superannuation Scheme) Order 1995</dc:title><dc:subject>Occupational pensions</dc:subject><dc:publisher>Queen's Printer of Acts of Parliament</dc:publisher><dc:modified>2011-07-04</dc:modified><dc:subject scheme="SIheading">CONTRACTING OUT</dc:subject><dc:description>This Order enables the Secretary of State, who has functions conferred on her by regulations made under, inter alia, sections 9, 12 and 24 of, and Schedule 3 to, the Superannuation Act 1972, regarding the teachers' superannuation scheme and the payment generally of pensions, allowances or gratuities to or in respect of teachers, to authorise another person, or that person’s employees, to carry out on her behalf those functions to such extent as is specified in the authorisation.</dc:description><atom:link rel="self" href="http://www.legislation.gov.uk/uksi/1996/178/made/data.xml" type="application/xml"/><atom:link rel="http://www.legislation.gov.uk/def/navigation/resources" href="http://www.legislation.gov.uk/uksi/1996/178/resources" title="More Resources"/><atom:link rel="http://www.legislation.gov.uk/def/navigation/act" href="http://www.legislation.gov.uk/uksi/1996/178/made" title="whole act"/><atom:link rel="http://www.legislation.gov.uk/def/navigation/introduction" href="http://www.legislation.gov.uk/uksi/1996/178/introduction/made" title="introduction"/><atom:link rel="http://www.legislation.gov.uk/def/navigation/signature" href="http://www.legislation.gov.uk/uksi/1996/178/signature/made" title="signature"/><atom:link rel="http://www.legislation.gov.uk/def/navigation/note" href="http://www.legislation.gov.uk/uksi/1996/178/note/made" title="note"/><atom:link rel="http://www.legislation.gov.uk/def/navigation/body" href="http://www.legislation.gov.uk/uksi/1996/178/body/made" title="body"/><atom:link rel="alternate" type="application/rdf+xml" href="http://www.legislation.gov.uk/uksi/1996/178/made/data.rdf" title="RDF/XML"/><atom:link rel="alternate" type="application/akn+xml" href="http://www.legislation.gov.uk/uksi/1996/178/made/data.akn" title="AKN"/><atom:link rel="alternate" type="application/xhtml+xml" href="http://www.legislation.gov.uk/uksi/1996/178/made/data.xht" title="HTML snippet"/><atom:link rel="alternate" type="application/pdf" href="http://www.legislation.gov.uk/uksi/1996/178/made/data.pdf" title="PDF"/><atom:link rel="alternate" type="application/akn+xhtml" href="http://www.legislation.gov.uk/uksi/1996/178/made/data.html" title="HTML5 snippet"/><atom:link rel="http://purl.org/dc/terms/tableOfContents" hreflang="en" href="http://www.legislation.gov.uk/uksi/1996/178/contents/made" title="Table of Contents"/><ukm:SecondaryMetadata><ukm:DocumentClassification><ukm:DocumentCategory Value="secondary"/><ukm:DocumentMainType Value="UnitedKingdomStatutoryInstrument"/><ukm:DocumentStatus Value="final"/><ukm:DocumentMinorType Value="order"/></ukm:DocumentClassification><ukm:Year Value="1996"/><ukm:Number Value="178"/><ukm:Made Date="1996-01-30"/><ukm:ComingIntoForce><ukm:DateTime Date="1996-01-31"/></ukm:ComingIntoForce><ukm:ISBN Value="0110539656"/><ukm:UnappliedEffects><ukm:UnappliedEffect EffectId="key-d2ea645957b4b5c872d9a1008d99dfa0" AffectingClass="UnitedKingdomStatutoryInstrument" AffectedClass="UnitedKingdomStatutoryInstrument" Created="2013-10-13T02:57:24.368+01:00" URI="http://www.legislation.gov.uk/id/effect/uksi-2003-1668xls-4" Type="rev" RequiresApplied="true" AffectingYear="2003" AffectingNumber="1668" AffectingProvisions="art 4" AffectedURI="http://www.legislation.gov.uk/id/uksi/1996/178" AffectedYear="1996" AffectedNumber="178" AffectingURI="http://www.legislation.gov.uk/id/uksi/2003/1668" Modified="2013-10-13T02:57:24.368+01:00"><ukm:AffectedTitle>The Contracting Out (Administration of the Teachers' Superannuation Scheme) Order 1995</ukm:AffectedTitle><ukm:AffectingTitle>The Contracting Out (Administration of the Teachers' Pensions Scheme) Order 2003</ukm:AffectingTitle><ukm:AffectingProvisions><ukm:Section Ref="article-4" URI="http://www.legislation.gov.uk/id/uksi/2003/1668/article/4">art 4</ukm:Section></ukm:AffectingProvisions></ukm:UnappliedEffect></ukm:UnappliedEffects></ukm:SecondaryMetadata><ukm:Statistics><ukm:TotalParagraphs Value="3"/><ukm:BodyParagraphs Value="3"/><ukm:ScheduleParagraphs Value="0"/><ukm:AttachmentParagraphs Value="0"/><ukm:TotalImages Value="0"/></ukm:Statistics></proprietary></meta><preface><p class="number"><docNumber>1996 No. 178</docNumber></p><block name="subject"><concept class="title" refersTo="#d4e64">CONTRACTING OUT</concept></block><p class="title"><shortTitle>The Contracting Out (Administration of the Teachers' Superannuation Scheme) Order 1995</shortTitle></p><p class="MadeDate"><span>Made</span><docDate date="1996-01-30">30th January 1996</docDate></p><p class="ComingIntoForce"><span>Coming into force</span><docDate date="1996-01-31">31st January 1996</docDate></p></preface><preamble><p>Whereas a draft of this Order has been laid before Parliament and approved by resolution of each House of Parliament under section 77(2) of the Deregulation and Contracting Out Act 1994<noteRef href="#f00001" class="footnote" marker="1"/>;</p><formula name="EnactingText"><p>Now, therefore, the Secretary of State, in exercise of the powers conferred on her by section 69(2) and (4) of that Act<noteRef href="#f00002" class="footnote" marker="2"/>, hereby makes the following Order:</p></formula></preamble><body><article eId="article-1"><num>1</num><heading>Citation and commencement</heading><content><p>This Order may be cited as the Contracting Out (Administration of the Teachers' Superannuation Scheme) Order 1995 and shall come into force on the day after the day on which it is made.</p></content></article><article eId="article-2"><num>2</num><heading>Interpretation</heading><content><p>In this Order “the functions” means the functions, with respect to the pensions, allowances or gratuities that are to be, or may be, paid to or in respect of teachers (as defined in section 9(6) of the Superannuation Act 1972<noteRef href="#f00003" class="footnote" marker="3"/>), conferred on the Secretary of State by regulations made under all or any of sections 9, 12 and 24 of, and Schedule 3 to, the Superannuation Act 1972 <noteRef href="#f00004" class="footnote" marker="4"/>and sections 16(2) to (4) and 130(a) of the Pension Schemes Act 1993<noteRef href="#f00005" class="footnote" marker="5"/>.</p></content></article><article eId="article-3"><num>3</num><heading>Contracting out of functions</heading><content><p>The functions, or any of them, may be exercised by, or by the employees of, such person (if any) as may be authorised in that behalf by the Secretary of State.</p></content></article><hcontainer name="signatures"><content><block name="signature"><signature><person refersTo="#ref-d4e128">Robin Squire</person><role refersTo="#ref-d4e130">Parliamentary Under-Secretary of State,</role><location refersTo="#departmentforeducationandemployment">Department for Education and Employment</location><date date="1996-01-30">30th January 1996</date></signature></block></content></hcontainer></body><conclusions><blockContainer class="ExplanatoryNotes"><intro><p>(This note is not part of the Order)</p></intro><p><authorialNote><p>This Order enables the Secretary of State, who has functions conferred on her by regulations made under, inter alia, sections 9, 12 and 24 of, and Schedule 3 to, the Superannuation Act 1972, regarding the teachers' superannuation scheme and the payment generally of pensions, allowances or gratuities to or in respect of teachers, to authorise another person, or that person’s employees, to carry out on her behalf those functions to such extent as is specified in the authorisation.</p></authorialNote></p></blockContainer></conclusions></act></akomaNtoso>