<akomaNtoso xmlns:xsi="http://www.w3.org/2001/XMLSchema-instance" xmlns="http://docs.oasis-open.org/legaldocml/ns/akn/3.0" xsi:schemaLocation="http://docs.oasis-open.org/legaldocml/ns/akn/3.0 http://docs.oasis-open.org/legaldocml/akn-core/v1.0/cos01/part2-specs/schemas/akomantoso30.xsd"><act name="UnitedKingdomStatutoryInstrument"><meta><identification source="#source"><FRBRWork><FRBRthis value="http://www.legislation.gov.uk/id/uksi/1996/268"/><FRBRuri value="http://www.legislation.gov.uk/id/uksi/1996/268"/><FRBRdate date="1996-02-14" name="made"/><FRBRauthor href="http://www.legislation.gov.uk/id/government/uk"/><FRBRcountry value="GB-UKM"/><FRBRsubtype value="order"/><FRBRnumber value="268"/><FRBRname value="S.I. 1996/268"/><FRBRprescriptive value="true"/></FRBRWork><FRBRExpression><FRBRthis value="http://www.legislation.gov.uk/uksi/1996/268/made"/><FRBRuri value="http://www.legislation.gov.uk/uksi/1996/268/made"/><FRBRdate date="1996-02-14" name="made"/><FRBRauthor href="#source"/><FRBRlanguage language="eng"/></FRBRExpression><FRBRManifestation><FRBRthis value="http://www.legislation.gov.uk/uksi/1996/268/made/data.akn"/><FRBRuri value="http://www.legislation.gov.uk/uksi/1996/268/made/data.akn"/><FRBRdate date="2021-07-26+01:00" name="transform"/><FRBRauthor href="http://www.legislation.gov.uk"/><FRBRformat value="application/akn+xml"/></FRBRManifestation></identification><classification source="#source"><keyword value="united nations" showAs="United Nations" dictionary="http://www.legislation.gov.uk"/><keyword value="united nations" showAs="UNITED NATIONS" dictionary="http://www.legislation.gov.uk"/></classification><lifecycle source="#source"><eventRef date="1996-02-14" type="generation" eId="made-date" source="#source"/><eventRef date="1996-02-26" eId="laid-date-1" source="#source"/><eventRef date="1996-03-18" eId="coming-into-force-date-1" source="#source"/></lifecycle><references source="#source"><TLCOrganization eId="source" href="http://www.legislation.gov.uk/id/publisher/KingsOrQueensPrinterOfActsOfParliament" showAs="Queen's Printer of Acts of Parliament"/><TLCRole eId="ref-d4e140" href="/ontology/role/uk.Clerk of the Privy Council" showAs="Clerk of the Privy Council"/><TLCPerson eId="ref-d4e138" href="/ontology/persons/uk.N.H.Nicholls" showAs="N. H. Nicholls"/><TLCConcept href="/uk/subject/united-nations" showAs="UNITED NATIONS" eId="d4e57"/></references><notes source="#source"><note class="footnote" eId="f00001"><p><ref href="http://www.legislation.gov.uk/id/ukpga/1946/45">1946 c. 45</ref>.</p></note><note class="footnote" eId="f00002"><p><abbr title="Command Paper" xml:lang="">Cm.</abbr> 3154.</p></note></notes><proprietary xmlns:ukl="http://www.legislation.gov.uk/namespaces/legislation" xmlns:ukm="http://www.legislation.gov.uk/namespaces/metadata" xmlns:dc="http://purl.org/dc/elements/1.1/" xmlns:dct="http://purl.org/dc/terms/" xmlns:atom="http://www.w3.org/2005/Atom" source="#source"><dc:identifier>http://www.legislation.gov.uk/uksi/1996/268/made</dc:identifier><dc:title>The Bosnia and Herzegovina (High Representative)Order 1996</dc:title><dc:subject>United Nations</dc:subject><dc:publisher>Queen's Printer of Acts of Parliament</dc:publisher><dc:modified>2011-07-04</dc:modified><dc:subject scheme="SIheading">UNITED NATIONS</dc:subject><dc:description>This Order, made under the United Nations Act 1946, confers the legal capacities of a body corporate upon the High Representative for Bosnia and Herzegovina established pursuant to the General Framework Agreement for Peace in Bosnia and Herzegovina (Cm. 3154), as required by Security Council resolution 1031 (1995) of 15th December 1995.</dc:description><atom:link rel="self" href="http://www.legislation.gov.uk/uksi/1996/268/made/data.xml" type="application/xml"/><atom:link rel="http://www.legislation.gov.uk/def/navigation/resources" href="http://www.legislation.gov.uk/uksi/1996/268/resources" title="More Resources"/><atom:link rel="http://www.legislation.gov.uk/def/navigation/act" href="http://www.legislation.gov.uk/uksi/1996/268/made" title="whole act"/><atom:link rel="http://www.legislation.gov.uk/def/navigation/introduction" href="http://www.legislation.gov.uk/uksi/1996/268/introduction/made" title="introduction"/><atom:link rel="http://www.legislation.gov.uk/def/navigation/signature" href="http://www.legislation.gov.uk/uksi/1996/268/signature/made" title="signature"/><atom:link rel="http://www.legislation.gov.uk/def/navigation/note" href="http://www.legislation.gov.uk/uksi/1996/268/note/made" title="note"/><atom:link rel="http://www.legislation.gov.uk/def/navigation/body" href="http://www.legislation.gov.uk/uksi/1996/268/body/made" title="body"/><atom:link rel="alternate" type="application/rdf+xml" href="http://www.legislation.gov.uk/uksi/1996/268/made/data.rdf" title="RDF/XML"/><atom:link rel="alternate" type="application/akn+xml" href="http://www.legislation.gov.uk/uksi/1996/268/made/data.akn" title="AKN"/><atom:link rel="alternate" type="application/xhtml+xml" href="http://www.legislation.gov.uk/uksi/1996/268/made/data.xht" title="HTML snippet"/><atom:link rel="alternate" type="application/pdf" href="http://www.legislation.gov.uk/uksi/1996/268/made/data.pdf" title="PDF"/><atom:link rel="alternate" type="application/akn+xhtml" href="http://www.legislation.gov.uk/uksi/1996/268/made/data.html" title="HTML5 snippet"/><atom:link rel="http://purl.org/dc/terms/tableOfContents" hreflang="en" href="http://www.legislation.gov.uk/uksi/1996/268/contents/made" title="Table of Contents"/><ukm:SecondaryMetadata><ukm:DocumentClassification><ukm:DocumentCategory Value="secondary"/><ukm:DocumentMainType Value="UnitedKingdomStatutoryInstrument"/><ukm:DocumentStatus Value="final"/><ukm:DocumentMinorType Value="order"/></ukm:DocumentClassification><ukm:Year Value="1996"/><ukm:Number Value="268"/><ukm:Made Date="1996-02-14"/><ukm:Laid Date="1996-02-26" Class="UnitedKingdomParliament"/><ukm:ComingIntoForce><ukm:DateTime Date="1996-03-18"/></ukm:ComingIntoForce><ukm:RoyalPresence Date="1996-02-14"/><ukm:ISBN Value="0110540727"/></ukm:SecondaryMetadata><ukm:Statistics><ukm:TotalParagraphs Value="3"/><ukm:BodyParagraphs Value="3"/><ukm:ScheduleParagraphs Value="0"/><ukm:AttachmentParagraphs Value="0"/><ukm:TotalImages Value="0"/></ukm:Statistics></proprietary></meta><preface><p class="number"><docNumber>1996 No. 268</docNumber></p><block name="subject"><concept class="title" refersTo="#d4e57">UNITED NATIONS</concept></block><p class="title"><shortTitle>The Bosnia and Herzegovina (High Representative)Order 1996</shortTitle></p><p class="MadeDate"><span>Made</span><docDate date="1996-02-14">14th February 1996</docDate></p><p class="LaidDate"><span>Laid before Parliament</span><docDate date="1996-02-26">26th February 1996</docDate></p><p class="ComingIntoForce"><span>Coming into force</span><docDate date="1996-03-18">18th March 1996</docDate></p></preface><preamble><container name="RoyalPresence"><p>At the Court at Buckingham Palace, the 14th day of February 1996</p><p>Present,</p><p>The Queen’s Most Excellent Majesty in Council</p></container><p>Whereas under Article 41 of the Charter of the United Nations the Security Council of the United Nations has, by a resolution adopted on 15th December 1995, called upon Her Majesty’s Government in the United Kingdom and other States concerned to apply certain measures to give effect to a decision of that Council in relation to Bosnia and Herzegovina:</p><formula name="EnactingText"><p>Now, therefore, Her Majesty, in exercise of the powers conferred on Her by section 1 of the United Nations Act 1946<noteRef href="#f00001" class="footnote" marker="1"/>, is pleased, by and with the advice of Her Privy Council, to order, and it is hereby ordered, as follows:—</p></formula></preamble><body><article eId="article-1"><num>1</num><heading>Citation, commencement and extent</heading><paragraph eId="article-1-1"><num>1</num><content><p>This Order may be cited as the Bosnia and Herzegovina (High Representative) Order 1996 and shall come into force on 18th March 1996.</p></content></paragraph><paragraph eId="article-1-2"><num>2</num><content><p>This Order shall extend to the United Kingdom.</p></content></paragraph></article><article eId="article-2"><num>2</num><heading>Interpretation</heading><content><p>In this Order “High Representative for Bosnia and Herzegovina” means the High Representative referred to in Annex 10 to the General Framework Agreement for Peace in Bosnia and Herzegovina, signed at Paris on 14th December 1995<noteRef href="#f00002" class="footnote" marker="2"/>.</p></content></article><article eId="article-3"><num>3</num><heading>High Representative</heading><content><p>The High Representative for Bosnia and Herzegovina shall have the legal capacities of a body corporate.</p></content></article><hcontainer name="signatures"><content><block name="signature"><signature><person refersTo="#ref-d4e138">N. H. Nicholls</person><role refersTo="#ref-d4e140">Clerk of the Privy Council</role><date date=""/></signature></block></content></hcontainer></body><conclusions><blockContainer class="ExplanatoryNotes"><intro><p>(This note is not part of the Order)</p></intro><p><authorialNote><p>This Order, made under the United Nations Act 1946, confers the legal capacities of a body corporate upon the High Representative for Bosnia and Herzegovina established pursuant to the General Framework Agreement for Peace in Bosnia and Herzegovina (<abbr title="Command Paper" xml:lang="">Cm.</abbr> 3154), as required by Security Council resolution 1031 (1995) of 15th December 1995.</p></authorialNote></p></blockContainer></conclusions></act></akomaNtoso>