<akomaNtoso xmlns:xsi="http://www.w3.org/2001/XMLSchema-instance" xmlns="http://docs.oasis-open.org/legaldocml/ns/akn/3.0" xsi:schemaLocation="http://docs.oasis-open.org/legaldocml/ns/akn/3.0 http://docs.oasis-open.org/legaldocml/akn-core/v1.0/cos01/part2-specs/schemas/akomantoso30.xsd"><act name="UnitedKingdomStatutoryInstrument"><meta><identification source="#source"><FRBRWork><FRBRthis value="http://www.legislation.gov.uk/id/uksi/1996/492"/><FRBRuri value="http://www.legislation.gov.uk/id/uksi/1996/492"/><FRBRdate date="1996-02-29" name="made"/><FRBRauthor href="http://www.legislation.gov.uk/id/government/uk"/><FRBRcountry value="GB-UKM"/><FRBRsubtype value="order"/><FRBRnumber value="492"/><FRBRname value="S.I. 1996/492 (S. 43)"/><FRBRprescriptive value="true"/></FRBRWork><FRBRExpression><FRBRthis value="http://www.legislation.gov.uk/uksi/1996/492/made"/><FRBRuri value="http://www.legislation.gov.uk/uksi/1996/492/made"/><FRBRdate date="1996-02-29" name="made"/><FRBRauthor href="#source"/><FRBRlanguage language="eng"/></FRBRExpression><FRBRManifestation><FRBRthis value="http://www.legislation.gov.uk/uksi/1996/492/made/data.akn"/><FRBRuri value="http://www.legislation.gov.uk/uksi/1996/492/made/data.akn"/><FRBRdate date="2021-07-26+01:00" name="transform"/><FRBRauthor href="http://www.legislation.gov.uk"/><FRBRformat value="application/akn+xml"/></FRBRManifestation></identification><classification source="#source"><keyword value="council procedures" showAs="Council procedures" dictionary="http://www.legislation.gov.uk"/><keyword value="local government, scotland" showAs="LOCAL GOVERNMENT, SCOTLAND" dictionary="http://www.legislation.gov.uk"/></classification><lifecycle source="#source"><eventRef date="1996-02-29" type="generation" eId="made-date" source="#source"/><eventRef date="1996-03-11" eId="laid-date-1" source="#source"/><eventRef date="1996-04-01" eId="coming-into-force-date-1" source="#source"/></lifecycle><references source="#source"><TLCOrganization eId="source" href="http://www.legislation.gov.uk/id/publisher/KingsOrQueensPrinterOfActsOfParliament" showAs="Queen's Printer of Acts of Parliament"/><TLCLocation eId="standrew’shouse" href="/ontology/location/uk.StAndrew’sHouse" showAs="St Andrew’s House,"/><TLCLocation eId="edinburgh" href="/ontology/location/uk.Edinburgh" showAs="Edinburgh"/><TLCRole eId="ref-d4e205" href="/ontology/role/uk.Minister of State, Scottish Office" showAs="Minister of State, Scottish Office"/><TLCPerson eId="ref-d4e203" href="/ontology/persons/uk.JamesDouglas-Hamilton" showAs="James Douglas-Hamilton"/><TLCConcept href="/uk/subject/local-government-scotland" showAs="LOCAL GOVERNMENT, SCOTLAND" eId="d4e57"/></references><notes source="#source"><note class="footnote" eId="f00001"><p><ref href="http://www.legislation.gov.uk/id/ukpga/1994/39">1994 c. 39</ref>.</p></note><note class="footnote" eId="f00002"><p><ref href="http://www.legislation.gov.uk/id/ukpga/1968/49">1968 c. 49</ref>.</p></note><note class="footnote" eId="f00003"><p>Section 1(2) of the <abbr title="Social Work (Scotland) Act 1968 c. 49" xml:lang="">1968 Act</abbr> was amended by the Local Government (Scotland) Act <ref href="http://www.legislation.gov.uk/id/ukpga/1973/65">1973 (c. 65)</ref>, Schedule 27, paragraph 183.</p></note></notes><proprietary xmlns:ukl="http://www.legislation.gov.uk/namespaces/legislation" xmlns:ukm="http://www.legislation.gov.uk/namespaces/metadata" xmlns:dc="http://purl.org/dc/elements/1.1/" xmlns:dct="http://purl.org/dc/terms/" xmlns:atom="http://www.w3.org/2005/Atom" source="#source"><dc:identifier>http://www.legislation.gov.uk/uksi/1996/492/made</dc:identifier><dc:title>The Local Government (Transfer of Children’s Hearings Cases) (Scotland) Order 1996</dc:title><dc:subject>Council procedures</dc:subject><dc:publisher>Queen's Printer of Acts of Parliament</dc:publisher><dc:modified>2015-03-10</dc:modified><dc:subject scheme="SIheading">LOCAL GOVERNMENT, SCOTLAND</dc:subject><dc:description>This Order makes transitional arrangements for the transfer on 1st April 1996 of cases of children being considered by a children’s hearing for the area of a present local authority under the Social Work (Scotland) Act 1968 to the children’s hearing for the area of a new council constituted by the Local Government etc. (Scotland) Act 1994.</dc:description><atom:link rel="self" href="http://www.legislation.gov.uk/uksi/1996/492/made/data.xml" type="application/xml"/><atom:link rel="http://www.legislation.gov.uk/def/navigation/resources" href="http://www.legislation.gov.uk/uksi/1996/492/resources" title="More Resources"/><atom:link rel="http://www.legislation.gov.uk/def/navigation/act" href="http://www.legislation.gov.uk/uksi/1996/492/made" title="whole act"/><atom:link rel="http://www.legislation.gov.uk/def/navigation/introduction" href="http://www.legislation.gov.uk/uksi/1996/492/introduction/made" title="introduction"/><atom:link rel="http://www.legislation.gov.uk/def/navigation/signature" href="http://www.legislation.gov.uk/uksi/1996/492/signature/made" title="signature"/><atom:link rel="http://www.legislation.gov.uk/def/navigation/note" href="http://www.legislation.gov.uk/uksi/1996/492/note/made" title="note"/><atom:link rel="http://www.legislation.gov.uk/def/navigation/body" href="http://www.legislation.gov.uk/uksi/1996/492/body/made" title="body"/><atom:link rel="alternate" type="application/rdf+xml" href="http://www.legislation.gov.uk/uksi/1996/492/made/data.rdf" title="RDF/XML"/><atom:link rel="alternate" type="application/akn+xml" href="http://www.legislation.gov.uk/uksi/1996/492/made/data.akn" title="AKN"/><atom:link rel="alternate" type="application/xhtml+xml" href="http://www.legislation.gov.uk/uksi/1996/492/made/data.xht" title="HTML snippet"/><atom:link rel="alternate" type="application/pdf" href="http://www.legislation.gov.uk/uksi/1996/492/made/data.pdf" title="PDF"/><atom:link rel="alternate" type="application/akn+xhtml" href="http://www.legislation.gov.uk/uksi/1996/492/made/data.html" title="HTML5 snippet"/><atom:link rel="http://purl.org/dc/terms/tableOfContents" hreflang="en" href="http://www.legislation.gov.uk/uksi/1996/492/contents/made" title="Table of Contents"/><ukm:SecondaryMetadata><ukm:DocumentClassification><ukm:DocumentCategory Value="secondary"/><ukm:DocumentMainType Value="UnitedKingdomStatutoryInstrument"/><ukm:DocumentStatus Value="final"/><ukm:DocumentMinorType Value="order"/></ukm:DocumentClassification><ukm:Year Value="1996"/><ukm:Number Value="492"/><ukm:AlternativeNumber Category="S" Value="43"/><ukm:Made Date="1996-02-29"/><ukm:Laid Date="1996-03-11" Class="UnitedKingdomParliament"/><ukm:ComingIntoForce><ukm:DateTime Date="1996-04-01"/></ukm:ComingIntoForce><ukm:ISBN Value="0110553012"/></ukm:SecondaryMetadata><ukm:Statistics><ukm:TotalParagraphs Value="3"/><ukm:BodyParagraphs Value="3"/><ukm:ScheduleParagraphs Value="0"/><ukm:AttachmentParagraphs Value="0"/><ukm:TotalImages Value="0"/></ukm:Statistics></proprietary></meta><preface><p class="number"><docNumber>1996 No. 492 (S.43)</docNumber></p><block name="subject"><concept class="title" refersTo="#d4e57">LOCAL GOVERNMENT, SCOTLAND</concept></block><p class="title"><shortTitle>The Local Government (Transfer of Children’s Hearings Cases) (Scotland) Order 1996</shortTitle></p><p class="MadeDate"><span>Made</span><docDate date="1996-02-29">29th February 1996</docDate></p><p class="LaidDate"><span>Laid before Parliament</span><docDate date="1996-03-11">11th March 1996</docDate></p><p class="ComingIntoForce"><span>Coming into force</span><docDate date="1996-04-01">1st April 1996</docDate></p></preface><preamble><formula name="EnactingText"><p>The Secretary of State, in exercise of the powers conferred on him by section 181(1) and (2)(a) of the Local Government <abbr title="et cetera" xml:lang="la">etc.</abbr> (Scotland) Act 1994<noteRef href="#f00001" class="footnote" marker="1"/> and of all other powers enabling him in that behalf, hereby makes the following Order:</p></formula></preamble><body><article eId="article-1"><num>1</num><heading>Citation and commencement</heading><content><p>This Order may be cited as the Local Government (Transfer of Children’s Hearings Cases) (Scotland) Order 1996 and shall come into force on 1st April 1996.</p></content></article><article eId="article-2"><num>2</num><heading>Interpretation</heading><content><p>In this Order, except where the context otherwise requires—</p><blockList class="unordered"><item><p>“the <abbr title="Social Work (Scotland) Act 1968 c. 49" xml:lang="">1968 Act</abbr>” means the Social Work (Scotland) Act 1968<noteRef href="#f00002" class="footnote" marker="2"/>;</p></item><item><p>“the <abbr title="Local Government etc. (Scotland) Act 1994 c. 39" xml:lang="">1994 Act</abbr>” means the Local Government <abbr title="et cetera" xml:lang="la">etc.</abbr> (Scotland) Act 1994;</p></item><item><p>“children’s hearing” has the same meaning as in Part III of the <abbr title="Social Work (Scotland) Act 1968 c. 49" xml:lang="">1968 Act</abbr>;</p></item><item><p>“existing authority” means any local authority within the meaning of section 1(2) of the <abbr title="Social Work (Scotland) Act 1968 c. 49" xml:lang="">1968 Act</abbr><noteRef href="#f00003" class="footnote" marker="3"/>;</p></item><item><p>“new authority” means a council constituted by section 2 of the <abbr title="Local Government etc. (Scotland) Act 1994 c. 39" xml:lang="">1994 Act</abbr>;</p></item><item><p>“the Principal Reporter” has the same meaning as in section 127 of the <abbr title="Local Government etc. (Scotland) Act 1994 c. 39" xml:lang="">1994 Act</abbr>;</p></item><item><p>“the specified date” means 1st April 1996.</p></item></blockList></content></article><article eId="article-3"><num>3</num><heading>Transfer of proceedings under Part III of the <abbr title="Social Work (Scotland) Act 1968 c. 49" xml:lang="">1968 Act</abbr></heading><paragraph eId="article-3-1"><num>1</num><content><p>Where the case of a child who has been referred under the provisions of Part III of the <abbr title="Social Work (Scotland) Act 1968 c. 49" xml:lang="">1968 Act</abbr> to a children’s hearing for the area of an existing authority has not been disposed of prior to the specified date, his case shall on the specified date be transferred to a new authority’s area determined in accordance with paragraph (3) below and on such transfer the Principal Reporter shall make any necessary arrangements for a children’s hearing to consider the case.</p></content></paragraph><paragraph eId="article-3-2"><num>2</num><content><p>Where a case has been transferred under paragraph (1) above any notice given, warrant issued, ground of referral accepted or established, application made, decision or appeal made or any other thing done in relation to proceedings before a children’s hearing for the area of an existing authority before the specified date shall have effect as if it were given, issued, accepted or established, made or otherwise done in relation to proceedings before a children’s hearing for the area of a new authority.</p></content></paragraph><paragraph eId="article-3-3"><num>3</num><intro><p>The new authority area shall be identified for the purposes of paragraph (1) above by reference to—</p></intro><subparagraph eId="article-3-3-a"><num>a</num><content><p>the new authority area which comprises the whole area of the existing authority, or, as the case may be,</p></content></subparagraph><subparagraph eId="article-3-3-b"><num>b</num><content><p>the new authority area which comprises that part of the area of the existing authority within which the child had his home or, if the case was last considered outwith the existing authority area of the child’s home, the area where his case was last considered.</p></content></subparagraph></paragraph></article><hcontainer name="signatures"><content><block name="signature"><signature><person refersTo="#ref-d4e203">James Douglas-Hamilton</person><role refersTo="#ref-d4e205">Minister of State, Scottish Office</role><location refersTo="#standrew’shouse">St Andrew’s House,</location><location refersTo="#edinburgh">Edinburgh</location><date date="1996-02-29">29th February 1996</date></signature></block></content></hcontainer></body><conclusions><blockContainer class="ExplanatoryNotes"><intro><p>(This note is not part of the Order)</p></intro><p><authorialNote><p>This Order makes transitional arrangements for the transfer on 1st April 1996 of cases of children being considered by a children’s hearing for the area of a present local authority under the Social Work (Scotland) Act 1968 to the children’s hearing for the area of a new council constituted by the Local Government <abbr title="et cetera" xml:lang="la">etc.</abbr> (Scotland) Act 1994.</p></authorialNote></p></blockContainer></conclusions></act></akomaNtoso>