<akomaNtoso xmlns:xsi="http://www.w3.org/2001/XMLSchema-instance" xmlns="http://docs.oasis-open.org/legaldocml/ns/akn/3.0" xsi:schemaLocation="http://docs.oasis-open.org/legaldocml/ns/akn/3.0 http://docs.oasis-open.org/legaldocml/akn-core/v1.0/cos01/part2-specs/schemas/akomantoso30.xsd"><act name="UnitedKingdomStatutoryInstrument"><meta><identification source="#source"><FRBRWork><FRBRthis value="http://www.legislation.gov.uk/id/uksi/1996/265"/><FRBRuri value="http://www.legislation.gov.uk/id/uksi/1996/265"/><FRBRdate date="1996-02-08" name="made"/><FRBRauthor href="http://www.legislation.gov.uk/id/government/uk"/><FRBRcountry value="GB-UKM"/><FRBRsubtype value="regulation"/><FRBRnumber value="265"/><FRBRname value="S.I. 1996/265"/><FRBRprescriptive value="true"/></FRBRWork><FRBRExpression><FRBRthis value="http://www.legislation.gov.uk/uksi/1996/265/made"/><FRBRuri value="http://www.legislation.gov.uk/uksi/1996/265/made"/><FRBRdate date="1996-02-08" name="made"/><FRBRauthor href="#source"/><FRBRlanguage language="eng"/></FRBRExpression><FRBRManifestation><FRBRthis value="http://www.legislation.gov.uk/uksi/1996/265/made/data.akn"/><FRBRuri value="http://www.legislation.gov.uk/uksi/1996/265/made/data.akn"/><FRBRdate date="2021-07-26+01:00" name="transform"/><FRBRauthor href="http://www.legislation.gov.uk"/><FRBRformat value="application/akn+xml"/></FRBRManifestation></identification><classification source="#source"><keyword value="schools" showAs="Schools" dictionary="http://www.legislation.gov.uk"/><keyword value="voluntary controlled schools" showAs="Voluntary controlled schools" dictionary="http://www.legislation.gov.uk"/><keyword value="voluntary aided schools" showAs="Voluntary aided schools" dictionary="http://www.legislation.gov.uk"/><keyword value="school welfare, behaviour and attendance" showAs="School welfare, behaviour and attendance" dictionary="http://www.legislation.gov.uk"/><keyword value="state schools" showAs="State schools" dictionary="http://www.legislation.gov.uk"/><keyword value="local government, england and wales" showAs="LOCAL GOVERNMENT, ENGLAND AND WALES" dictionary="http://www.legislation.gov.uk"/></classification><lifecycle source="#source"><eventRef date="1996-02-08" type="generation" eId="made-date" source="#source"/><eventRef date="1996-02-21" eId="laid-date-1" source="#source"/><eventRef date="1996-04-01" eId="coming-into-force-date-1" source="#source"/></lifecycle><references source="#source"><TLCOrganization eId="source" href="http://www.legislation.gov.uk/id/publisher/KingsOrQueensPrinterOfActsOfParliament" showAs="Queen's Printer of Acts of Parliament"/><passiveRef href="http://www.legislation.gov.uk/id/uksi/1997/2747" showAs="The Local Government Act 1988 (Competition) (Revocations) Regulations 1997"/><TLCRole eId="ref-d4e217" href="/ontology/role/uk.Parliamentary Under Secretary of State,Welsh Office" showAs="Parliamentary Under Secretary of State,Welsh Office"/><TLCPerson eId="ref-d4e215" href="/ontology/persons/uk.GwilymJones" showAs="Gwilym Jones"/><TLCConcept href="/uk/subject/local-government-england-and-wales" showAs="LOCAL GOVERNMENT, ENGLAND AND WALES" eId="d4e95"/></references><notes source="#source"><note class="footnote" eId="f00001"><p><ref href="http://www.legislation.gov.uk/id/ukpga/1988/9">1988 c. 9</ref>.</p></note><note class="footnote" eId="f00002"><p><ref href="http://www.legislation.gov.uk/id/ukpga/1944/31">1944 c. 31</ref>.</p></note><note class="footnote" eId="f00003"><p><ref href="http://www.legislation.gov.uk/id/ukpga/1993/35">1993 c. 35</ref>.</p></note><note class="footnote" eId="f00004"><p><abbr class="Acronym" title="Statutory Instrument">S.I.</abbr><ref href="http://www.legislation.gov.uk/id/uksi/1988/1470">1988/1470</ref>.</p></note><note class="footnote" eId="f00005"><p><abbr class="Acronym" title="Statutory Instrument">S.I.</abbr><ref href="http://www.legislation.gov.uk/id/uksi/1991/232">1991/232</ref>.</p></note></notes><proprietary xmlns:ukl="http://www.legislation.gov.uk/namespaces/legislation" xmlns:ukm="http://www.legislation.gov.uk/namespaces/metadata" xmlns:dc="http://purl.org/dc/elements/1.1/" xmlns:dct="http://purl.org/dc/terms/" xmlns:atom="http://www.w3.org/2005/Atom" source="#source"><dc:identifier>http://www.legislation.gov.uk/uksi/1996/265/made</dc:identifier><dc:title>The Local Government Act 1988 (Defined Activities) (Specified Periods) (Wales) Regulations 1996</dc:title><dc:subject>Schools</dc:subject><dc:subject>Voluntary controlled schools</dc:subject><dc:subject>Voluntary aided schools</dc:subject><dc:subject>School welfare, behaviour and attendance</dc:subject><dc:subject>State schools</dc:subject><dc:publisher>Queen's Printer of Acts of Parliament</dc:publisher><dc:modified>2015-03-10</dc:modified><dc:subject scheme="SIheading">LOCAL GOVERNMENT, ENGLAND AND WALES</dc:subject><dc:description>These Regulations specify new minimum and maximum periods for which defined authorities may invite offers to carry out functional work of certain descriptions which must be open to competition under Part I of the Local Government Act 1988.</dc:description><atom:link rel="self" href="http://www.legislation.gov.uk/uksi/1996/265/made/data.xml" type="application/xml"/><atom:link rel="http://www.legislation.gov.uk/def/navigation/resources" href="http://www.legislation.gov.uk/uksi/1996/265/resources" title="More Resources"/><atom:link rel="http://www.legislation.gov.uk/def/navigation/act" href="http://www.legislation.gov.uk/uksi/1996/265/made" title="whole act"/><atom:link rel="http://www.legislation.gov.uk/def/navigation/introduction" href="http://www.legislation.gov.uk/uksi/1996/265/introduction/made" title="introduction"/><atom:link rel="http://www.legislation.gov.uk/def/navigation/signature" href="http://www.legislation.gov.uk/uksi/1996/265/signature/made" title="signature"/><atom:link rel="http://www.legislation.gov.uk/def/navigation/note" href="http://www.legislation.gov.uk/uksi/1996/265/note/made" title="note"/><atom:link rel="http://www.legislation.gov.uk/def/navigation/body" href="http://www.legislation.gov.uk/uksi/1996/265/body/made" title="body"/><atom:link rel="http://www.legislation.gov.uk/def/navigation/schedules" href="http://www.legislation.gov.uk/uksi/1996/265/schedules/made" title="schedules"/><atom:link rel="alternate" type="application/rdf+xml" href="http://www.legislation.gov.uk/uksi/1996/265/made/data.rdf" title="RDF/XML"/><atom:link rel="alternate" type="application/akn+xml" href="http://www.legislation.gov.uk/uksi/1996/265/made/data.akn" title="AKN"/><atom:link rel="alternate" type="application/xhtml+xml" href="http://www.legislation.gov.uk/uksi/1996/265/made/data.xht" title="HTML snippet"/><atom:link rel="alternate" type="application/pdf" href="http://www.legislation.gov.uk/uksi/1996/265/made/data.pdf" title="PDF"/><atom:link rel="alternate" type="application/akn+xhtml" href="http://www.legislation.gov.uk/uksi/1996/265/made/data.html" title="HTML5 snippet"/><atom:link rel="http://purl.org/dc/terms/tableOfContents" hreflang="en" href="http://www.legislation.gov.uk/uksi/1996/265/contents/made" title="Table of Contents"/><ukm:SecondaryMetadata><ukm:DocumentClassification><ukm:DocumentCategory Value="secondary"/><ukm:DocumentMainType Value="UnitedKingdomStatutoryInstrument"/><ukm:DocumentStatus Value="final"/><ukm:DocumentMinorType Value="regulation"/></ukm:DocumentClassification><ukm:Year Value="1996"/><ukm:Number Value="265"/><ukm:Made Date="1996-02-08"/><ukm:Laid Date="1996-02-21" Class="UnitedKingdomParliament"/><ukm:ComingIntoForce><ukm:DateTime Date="1996-04-01"/></ukm:ComingIntoForce><ukm:ISBN Value="0110540581"/><ukm:UnappliedEffects><ukm:UnappliedEffect EffectId="key-761dba3b1137ecd76d8f806bbb642ffd" AffectedURI="http://www.legislation.gov.uk/id/uksi/1996/265" AffectedClass="UnitedKingdomStatutoryInstrument" AffectingURI="http://www.legislation.gov.uk/id/uksi/1997/2747" AffectingClass="UnitedKingdomStatutoryInstrument" URI="http://www.legislation.gov.uk/id/effect/key-761dba3b1137ecd76d8f806bbb642ffd" Row="2401" Type="revoked" RequiresApplied="true" AffectedProvisions="Act" Comments="revoked" AffectingYear="1997" AffectingNumber="2747" AffectingProvisions="reg.2, Sch." AffectedYear="1996" AffectedNumber="265" Created="2019-05-02T00:00:00" Modified="2019-05-02T00:00:00"><ukm:AffectedTitle>The Local Government Act 1988 (Defined Activities) (Specified Periods) (Wales) Regulations 1996</ukm:AffectedTitle><ukm:AffectedProvisions>Act</ukm:AffectedProvisions><ukm:AffectingTitle>The Local Government Act 1988 (Competition) (Revocations) Regulations 1997</ukm:AffectingTitle><ukm:AffectingProvisions><ukm:Section Ref="regulation-2" URI="http://www.legislation.gov.uk/id/uksi/1997/2747/regulation/2">reg.2</ukm:Section><ukm:Section Ref="schedule" URI="http://www.legislation.gov.uk/id/uksi/1997/2747/schedule">Sch.</ukm:Section></ukm:AffectingProvisions><ukm:InForceDates><ukm:InForce Applied="false" Prospective="true" Qualification=""/></ukm:InForceDates></ukm:UnappliedEffect><ukm:UnappliedEffect EffectId="key-6a72a2ad5e493c6018bcbaef9cc5fad0" AffectedURI="http://www.legislation.gov.uk/id/uksi/1996/265" AffectedClass="UnitedKingdomStatutoryInstrument" AffectingURI="http://www.legislation.gov.uk/id/uksi/1997/2747" AffectingClass="UnitedKingdomStatutoryInstrument" URI="http://www.legislation.gov.uk/id/effect/upload-b4yrers3--4010" Row="4015" Type="revoked" RequiresApplied="true" AffectedProvisions="Instrument" Comments="revoked" AffectingYear="1997" AffectingNumber="2747" AffectingProvisions="reg.2, Sch." AffectedYear="1996" AffectedNumber="265" Created="2019-07-11T00:00:00" Modified="2019-07-11T00:00:00"><ukm:AffectedTitle>The Local Government Act 1988 (Defined Activities) (Specified Periods) (Wales) Regulations 1996</ukm:AffectedTitle><ukm:AffectedProvisions>Instrument</ukm:AffectedProvisions><ukm:AffectingTitle>The Local Government Act 1988 (Competition) (Revocations) Regulations 1997</ukm:AffectingTitle><ukm:AffectingProvisions><ukm:Section Ref="regulation-2" URI="http://www.legislation.gov.uk/id/uksi/1997/2747/regulation/2">reg.2</ukm:Section><ukm:Section Ref="schedule" URI="http://www.legislation.gov.uk/id/uksi/1997/2747/schedule">Sch.</ukm:Section></ukm:AffectingProvisions><ukm:InForceDates><ukm:InForce Applied="false" Prospective="true" Qualification=""/></ukm:InForceDates></ukm:UnappliedEffect></ukm:UnappliedEffects></ukm:SecondaryMetadata><ukm:Statistics><ukm:TotalParagraphs Value="5"/><ukm:BodyParagraphs Value="5"/><ukm:ScheduleParagraphs Value="0"/><ukm:AttachmentParagraphs Value="0"/><ukm:TotalImages Value="0"/></ukm:Statistics></proprietary></meta><preface><p class="number"><docNumber>1996 No. 265</docNumber></p><block name="subject"><concept class="title" refersTo="#d4e95">LOCAL GOVERNMENT, ENGLAND AND WALES</concept></block><p class="title"><shortTitle>The Local Government Act 1988 (Defined Activities) (Specified Periods) (Wales) Regulations 1996</shortTitle></p><p class="MadeDate"><span>Made</span><docDate date="1996-02-08">8th February 1996</docDate></p><p class="LaidDate"><span>Laid before Parliament</span><docDate date="1996-02-21">21st February 1996</docDate></p><p class="ComingIntoForce"><span>Coming into force</span><docDate date="1996-04-01">1st April 1996</docDate></p></preface><preamble><formula name="EnactingText"><p>The Secretary of State for Wales, in exercise of the powers conferred by sections 8(1) and 15(6) of the Local Government Act 1988<noteRef href="#f00001" class="footnote" marker="1"/> and of all other powers enabling him in that behalf, hereby makes the following Regulations:</p></formula></preamble><body><hcontainer name="regulation" eId="regulation-1"><num>1</num><heading>Citation and commencement</heading><content><p>These Regulations may be cited as the Local Government Act 1988 (Defined Activities) (Specified Periods) (Wales) Regulations 1996 and shall come into force on 1st April 1996.</p></content></hcontainer><hcontainer name="regulation" eId="regulation-2"><num>2</num><heading>Interpretation</heading><content><p>In these Regulations—</p><blockList class="unordered"><item><p>“the <abbr title="Local Government Act 1988 c. 9" xml:lang="">1988 Act</abbr>” means the Local Government Act 1988;</p></item><item><p>“educational establishment” means a county school, a voluntary controlled school, a voluntary aided school, a special agreement school, a special school, a nursery school or a pupil referral unit within the meaning of the Education Act 1944<noteRef href="#f00002" class="footnote" marker="2"/> and the Education Act 1993<noteRef href="#f00003" class="footnote" marker="3"/>.</p></item></blockList></content></hcontainer><hcontainer name="regulation" eId="regulation-3"><num>3</num><heading>Application</heading><content><p>These Regulations apply only to work which is proposed to be carried out in Wales on or after 1st April 1996 and shall not apply to work for which a notice has been published in accordance with the requirements of section 7 of the <abbr title="Local Government Act 1988 c. 9" xml:lang="">1988 Act</abbr> on or before that date.</p></content></hcontainer><hcontainer name="regulation" eId="regulation-4"><num>4</num><heading>Disapplication of previous regulations</heading><content><p>The Local Government Act 1988 (Defined Activities) (Specified Periods) (Wales) Regulations 1988<noteRef href="#f00004" class="footnote" marker="4"/>, and regulation 5 of the Local Government Act 1988 (Defined Activities) (Competition) (Wales) Regulations 1991<noteRef href="#f00005" class="footnote" marker="5"/> shall not apply to work to which these Regulations apply.</p></content></hcontainer><hcontainer name="regulation" eId="regulation-5"><num>5</num><heading>Specified periods</heading><paragraph eId="regulation-5-1"><num>1</num><content><p>The second condition, set out in section 7(3) of the <abbr title="Local Government Act 1988 c. 9" xml:lang="">1988 Act</abbr>, shall not be treated as fulfilled as respects work undertaken under an arrangement which comprises an activity mentioned in the first column of Part I of the Schedule all or part of which is undertaken at or in connection with an educational establishment if the period stated in the detailed specification by virtue of section 7(3)(c) is less than the period mentioned in the second column of that Part or exceeds the period mentioned in the third column.</p></content></paragraph><paragraph eId="regulation-5-2"><num>2</num><content><p>The said condition shall not be treated as fulfilled as respects work undertaken under an arrangement which comprises an activity in the first column of Part II of the Schedule, and which does not involve work at or in connection with an educational establishment, if the period so stated is less than the period mentioned in the second column of that Part or exceeds the period mentioned in the third column.</p></content></paragraph><paragraph eId="regulation-5-3"><num>3</num><content><p>Where an authority estimates that the hours of work to be undertaken at or in connection with an educational establishment are less than 40 per cent of the total number of hours of work required in respect of the relevant arrangement, paragraph (2) shall apply to the work undertaken under that arrangement.</p></content></paragraph></hcontainer><hcontainer name="signatures"><content><p>Signed by authority of the Secretary of State for Wales</p><block name="signature"><signature><person refersTo="#ref-d4e215">Gwilym Jones</person><role refersTo="#ref-d4e217">Parliamentary Under Secretary of State,Welsh Office</role><date date="1996-02-08">8th February 1996</date></signature></block></content></hcontainer><hcontainer name="schedules" eId="d4e222"><hcontainer name="schedule" eId="schedule"><num>SCHEDULE<authorialNote class="referenceNote" placement="right"><p>Regulation 5</p></authorialNote></num><heading>SPECIFIED PERIODS</heading><part eId="schedule-part-I"><num>PART I</num><heading>WORK RELATED WHOLLY OR MAINLY TO EDUCATIONAL ESTABLISHMENTS</heading><content><tblock class="tabular"><table><tr><th colspan="1" rowspan="1"><p>Activity (1)</p></th><th colspan="1" rowspan="1"><p>Minimum period years (2)</p></th><th colspan="1" rowspan="1"><p>Maximum period years (3)</p></th></tr><tr><td colspan="1" rowspan="1"><p>Collection of refuse</p></td><td colspan="1" rowspan="1"><p>5</p></td><td colspan="1" rowspan="1"><p>7</p></td></tr><tr><td colspan="1" rowspan="1"><p>Cleaning of buildings</p></td><td colspan="1" rowspan="1"><p>3</p></td><td colspan="1" rowspan="1"><p>4</p></td></tr><tr><td colspan="1" rowspan="1"><p>Other cleaning</p></td><td colspan="1" rowspan="1"><p>3</p></td><td colspan="1" rowspan="1"><p>7</p></td></tr><tr><td colspan="1" rowspan="1"><p>Catering for purposes of schools and welfare</p></td><td colspan="1" rowspan="1"><p>3</p></td><td colspan="1" rowspan="1"><p>5</p></td></tr><tr><td colspan="1" rowspan="1"><p>Other catering</p></td><td colspan="1" rowspan="1"><p>3</p></td><td colspan="1" rowspan="1"><p>5</p></td></tr><tr><td colspan="1" rowspan="1"><p>Managing sports and leisure facilities</p></td><td colspan="1" rowspan="1"><p>4</p></td><td colspan="1" rowspan="1"><p>6</p></td></tr><tr><td colspan="1" rowspan="1"><p>Maintenance of ground</p></td><td colspan="1" rowspan="1"><p>3</p></td><td colspan="1" rowspan="1"><p>4</p></td></tr><tr><td colspan="1" rowspan="1"><p>Repair and maintenance of vehicles</p></td><td colspan="1" rowspan="1"><p>3</p></td><td colspan="1" rowspan="1"><p>5</p></td></tr></table></tblock></content></part><part eId="schedule-part-II"><num>PART II</num><heading>WORK NOT RELATED WHOLLY OR MAINLY TO EDUCATIONAL ESTABLISHMENTS</heading><content><tblock class="tabular"><table><tr><th colspan="1" rowspan="1"><p>Activity (1)</p></th><th colspan="1" rowspan="1"><p>Minimum period years (2)</p></th><th colspan="1" rowspan="1"><p>Maximum period years (3)</p></th></tr><tr><td colspan="1" rowspan="1"><p>Collection of refuse</p></td><td colspan="1" rowspan="1"><p>5</p></td><td colspan="1" rowspan="1"><p>7</p></td></tr><tr><td colspan="1" rowspan="1"><p>Cleaning of buildings</p></td><td colspan="1" rowspan="1"><p>3</p></td><td colspan="1" rowspan="1"><p>5</p></td></tr><tr><td colspan="1" rowspan="1"><p>Other cleaning</p></td><td colspan="1" rowspan="1"><p>3</p></td><td colspan="1" rowspan="1"><p>7</p></td></tr><tr><td colspan="1" rowspan="1"><p>Catering for purposes of schools and welfare</p></td><td colspan="1" rowspan="1"><p>3</p></td><td colspan="1" rowspan="1"><p>5</p></td></tr><tr><td colspan="1" rowspan="1"><p>Other catering</p></td><td colspan="1" rowspan="1"><p>3</p></td><td colspan="1" rowspan="1"><p>5</p></td></tr><tr><td colspan="1" rowspan="1"><p>Managing sports and leisure facilities</p></td><td colspan="1" rowspan="1"><p>4</p></td><td colspan="1" rowspan="1"><p>6</p></td></tr><tr><td colspan="1" rowspan="1"><p>Maintenance of ground</p></td><td colspan="1" rowspan="1"><p>3</p></td><td colspan="1" rowspan="1"><p>5</p></td></tr><tr><td colspan="1" rowspan="1"><p>Repair and maintenance of vehicles</p></td><td colspan="1" rowspan="1"><p>3</p></td><td colspan="1" rowspan="1"><p>5</p></td></tr></table></tblock></content></part></hcontainer></hcontainer></body><conclusions><blockContainer class="ExplanatoryNotes"><intro><p>(This note is not part of the Regulations)</p></intro><p><authorialNote><p>These Regulations specify new minimum and maximum periods for which defined authorities may invite offers to carry out functional work of certain descriptions which must be open to competition under Part I of the Local Government Act 1988.</p><p>The Regulations make different provision in respect of work all or the majority of which is undertaken at or connected with educational establishments, and work which is not undertaken at those establishments or does not substantially involve such work.</p></authorialNote></p></blockContainer></conclusions></act></akomaNtoso>