<akomaNtoso xmlns:xsi="http://www.w3.org/2001/XMLSchema-instance" xmlns="http://docs.oasis-open.org/legaldocml/ns/akn/3.0" xsi:schemaLocation="http://docs.oasis-open.org/legaldocml/ns/akn/3.0 http://docs.oasis-open.org/legaldocml/akn-core/v1.0/cos01/part2-specs/schemas/akomantoso30.xsd"><act name="UnitedKingdomStatutoryInstrument"><meta><identification source="#source"><FRBRWork><FRBRthis value="http://www.legislation.gov.uk/id/uksi/1996/437"/><FRBRuri value="http://www.legislation.gov.uk/id/uksi/1996/437"/><FRBRdate date="1996-03-01" name="made"/><FRBRauthor href="http://www.legislation.gov.uk/id/government/uk"/><FRBRcountry value="GB-UKM"/><FRBRsubtype value="regulation"/><FRBRnumber value="437"/><FRBRname value="S.I. 1996/437"/><FRBRprescriptive value="true"/></FRBRWork><FRBRExpression><FRBRthis value="http://www.legislation.gov.uk/uksi/1996/437/made"/><FRBRuri value="http://www.legislation.gov.uk/uksi/1996/437/made"/><FRBRdate date="1996-03-01" name="made"/><FRBRauthor href="#source"/><FRBRlanguage language="eng"/></FRBRExpression><FRBRManifestation><FRBRthis value="http://www.legislation.gov.uk/uksi/1996/437/made/data.akn"/><FRBRuri value="http://www.legislation.gov.uk/uksi/1996/437/made/data.akn"/><FRBRdate date="2021-07-26+01:00" name="transform"/><FRBRauthor href="http://www.legislation.gov.uk"/><FRBRformat value="application/akn+xml"/></FRBRManifestation></identification><classification source="#source"><keyword value="council meetings" showAs="Council meetings" dictionary="http://www.legislation.gov.uk"/><keyword value="veterinary surgeons" showAs="VETERINARY SURGEONS" dictionary="http://www.legislation.gov.uk"/></classification><lifecycle source="#source"><eventRef date="1996-03-01" type="generation" eId="made-date" source="#source"/></lifecycle><references source="#source"><TLCOrganization eId="source" href="http://www.legislation.gov.uk/id/publisher/KingsOrQueensPrinterOfActsOfParliament" showAs="Queen's Printer of Acts of Parliament"/><passiveRef href="http://www.legislation.gov.uk/id/uksi/1998/270" showAs="The Veterinary Surgeons and Veterinary Practitioners (Registration) (Amendment) Regulations Order of Council 1998"/><TLCRole eId="ref-d4e138" href="/ontology/role/uk.Clerk of the Privy Council" showAs="Clerk of the Privy Council"/><TLCRole eId="ref-d4e214" href="/ontology/role/uk.President" showAs="President"/><TLCRole eId="ref-d4e220" href="/ontology/role/uk.Members of Council" showAs="Members of Council"/><TLCPerson eId="ref-d4e136" href="/ontology/persons/uk.N.H.Nicholls" showAs="N. H. Nicholls"/><TLCPerson eId="ref-d4e212" href="/ontology/persons/uk.D.J.Thompson" showAs="D. J. Thompson"/><TLCPerson eId="ref-d4e216" href="/ontology/persons/uk.ProfessorR.S.Jones" showAs="Professor R. S. Jones"/><TLCPerson eId="ref-d4e218" href="/ontology/persons/uk.J.Allcock" showAs="J. Allcock"/><TLCConcept href="/uk/subject/veterinary-surgeons" showAs="VETERINARY SURGEONS" eId="d4e71"/></references><notes source="#source"><note class="footnote" eId="f00001"><p><ref href="http://www.legislation.gov.uk/id/ukpga/1966/36">1966 c. 36</ref>.</p></note><note class="footnote" eId="f00002"><p><abbr class="Acronym" title="Statutory Instrument">S.I.</abbr><ref href="http://www.legislation.gov.uk/id/uksi/1992/64">1992/64</ref>.</p></note><note class="footnote" eId="f00003"><p><abbr class="Acronym" title="Statutory Instrument">S.I.</abbr><ref href="http://www.legislation.gov.uk/id/uksi/1993/610">1993/610</ref>.</p></note><note class="footnote" eId="f00004"><p><abbr class="Acronym" title="Statutory Instrument">S.I.</abbr><ref href="http://www.legislation.gov.uk/id/uksi/1994/305">1994/305</ref>.</p></note><note class="footnote" eId="f00005"><p><abbr class="Acronym" title="Statutory Instrument">S.I.</abbr><ref href="http://www.legislation.gov.uk/id/uksi/1995/207">1995/207</ref>.</p></note><note class="footnote" eId="f00006"><p>Scheduled to <abbr class="Acronym" title="Statutory Instrument">S.I.</abbr><ref href="http://www.legislation.gov.uk/id/uksi/1967/395">1967/395</ref>, and amended by Regulations scheduled to <abbr class="Acronym" title="Statutory Instrument">S.I.</abbr><ref href="http://www.legislation.gov.uk/id/uksi/1975/70">1975/70</ref>, <ref href="http://www.legislation.gov.uk/id/uksi/1988/2099">1988/2099</ref>, <ref href="http://www.legislation.gov.uk/id/uksi/1989/2431">1989/2431</ref>, <ref href="http://www.legislation.gov.uk/id/uksi/1992/64">1992/64</ref>, <ref href="http://www.legislation.gov.uk/id/uksi/1993/610">1993/610</ref>, <ref href="http://www.legislation.gov.uk/id/uksi/1994/305">1994/305</ref> and <ref href="http://www.legislation.gov.uk/id/uksi/1995/207">1995/207</ref>.</p></note><note class="footnote" eId="f00007"><p>Scheduled to <abbr class="Acronym" title="Statutory Instrument">S.I.</abbr><ref href="http://www.legislation.gov.uk/id/uksi/1992/64">1992/64</ref>.</p></note><note class="footnote" eId="f00008"><p>Scheduled to <abbr class="Acronym" title="Statutory Instrument">S.I.</abbr><ref href="http://www.legislation.gov.uk/id/uksi/1995/207">1995/207</ref>.</p></note></notes><proprietary xmlns:ukl="http://www.legislation.gov.uk/namespaces/legislation" xmlns:ukm="http://www.legislation.gov.uk/namespaces/metadata" xmlns:dc="http://purl.org/dc/elements/1.1/" xmlns:dct="http://purl.org/dc/terms/" xmlns:atom="http://www.w3.org/2005/Atom" source="#source"><dc:identifier>http://www.legislation.gov.uk/uksi/1996/437/made</dc:identifier><dc:title>The Veterinary Surgeons and Veterinary Practitioners (Registration) (Amendment) Regulations Order of Council 1996</dc:title><dc:subject>Council meetings</dc:subject><dc:publisher>Queen's Printer of Acts of Parliament</dc:publisher><dc:modified>2015-11-19</dc:modified><dc:subject scheme="SIheading">VETERINARY SURGEONS</dc:subject><dc:description>The Regulations approved by this Order further amend the Veterinary Surgeons and Veterinary Practitioners Registration Regulations 1967 by increasing, with effect from 31st March 1996, the fees payable for the registration and annual retention of names on the Registers of the Royal College of Veterinary Surgeons. The existing fees, which came into effect on 31st March 1995, are being increased by an average of about 9 per cent.</dc:description><atom:link rel="self" href="http://www.legislation.gov.uk/uksi/1996/437/made/data.xml" type="application/xml"/><atom:link rel="http://www.legislation.gov.uk/def/navigation/resources" href="http://www.legislation.gov.uk/uksi/1996/437/resources" title="More Resources"/><atom:link rel="http://www.legislation.gov.uk/def/navigation/act" href="http://www.legislation.gov.uk/uksi/1996/437/made" title="whole act"/><atom:link rel="http://www.legislation.gov.uk/def/navigation/introduction" href="http://www.legislation.gov.uk/uksi/1996/437/introduction/made" title="introduction"/><atom:link rel="http://www.legislation.gov.uk/def/navigation/signature" href="http://www.legislation.gov.uk/uksi/1996/437/signature/made" title="signature"/><atom:link rel="http://www.legislation.gov.uk/def/navigation/note" href="http://www.legislation.gov.uk/uksi/1996/437/note/made" title="note"/><atom:link rel="http://www.legislation.gov.uk/def/navigation/body" href="http://www.legislation.gov.uk/uksi/1996/437/body/made" title="body"/><atom:link rel="http://www.legislation.gov.uk/def/navigation/schedules" href="http://www.legislation.gov.uk/uksi/1996/437/schedules/made" title="schedules"/><atom:link rel="alternate" type="application/rdf+xml" href="http://www.legislation.gov.uk/uksi/1996/437/made/data.rdf" title="RDF/XML"/><atom:link rel="alternate" type="application/akn+xml" href="http://www.legislation.gov.uk/uksi/1996/437/made/data.akn" title="AKN"/><atom:link rel="alternate" type="application/xhtml+xml" href="http://www.legislation.gov.uk/uksi/1996/437/made/data.xht" title="HTML snippet"/><atom:link rel="alternate" type="application/pdf" href="http://www.legislation.gov.uk/uksi/1996/437/made/data.pdf" title="PDF"/><atom:link rel="alternate" type="application/akn+xhtml" href="http://www.legislation.gov.uk/uksi/1996/437/made/data.html" title="HTML5 snippet"/><atom:link rel="http://purl.org/dc/terms/tableOfContents" hreflang="en" href="http://www.legislation.gov.uk/uksi/1996/437/contents/made" title="Table of Contents"/><ukm:SecondaryMetadata><ukm:DocumentClassification><ukm:DocumentCategory Value="secondary"/><ukm:DocumentMainType Value="UnitedKingdomStatutoryInstrument"/><ukm:DocumentStatus Value="final"/><ukm:DocumentMinorType Value="regulation"/></ukm:DocumentClassification><ukm:Year Value="1996"/><ukm:Number Value="437"/><ukm:Made Date="1996-03-01"/><ukm:RoyalPresence Date="1996-03-01"/><ukm:ISBN Value="0110541987"/><ukm:UnappliedEffects><ukm:UnappliedEffect EffectId="key-9bea47abcf76fce06a924d2b550089c3" AffectedURI="http://www.legislation.gov.uk/id/uksi/1996/437" AffectedClass="UnitedKingdomStatutoryInstrument" AffectingURI="http://www.legislation.gov.uk/id/uksi/1998/270" AffectingClass="UnitedKingdomStatutoryInstrument" URI="http://www.legislation.gov.uk/id/effect/key-d4c105d2aad1868f916e33d65af36662" Row="1728" Type="revoked" RequiresApplied="true" AffectedProvisions="Instrument" Comments="rev." AffectingYear="1998" AffectingNumber="270" AffectingProvisions="art.2" AffectedYear="1996" AffectedNumber="437" Created="2019-07-11T00:00:00" Modified="2019-07-11T00:00:00"><ukm:AffectedTitle>The Veterinary Surgeons and Veterinary Practitioners (Registration) (Amendment) Regulations Order of Council 1996</ukm:AffectedTitle><ukm:AffectedTitle>The Veterinary Surgeons and Veterinary Practitioners (Registration) (Amendment) RegulationsOrder of Council 1996</ukm:AffectedTitle><ukm:AffectedProvisions>Instrument</ukm:AffectedProvisions><ukm:AffectingTitle>The Veterinary Surgeons and Veterinary Practitioners (Registration) (Amendment) Regulations Order of Council 1998</ukm:AffectingTitle><ukm:AffectingProvisions><ukm:Section xmlns:err="http://www.legislation.gov.uk/namespaces/error" Ref="article-2" URI="http://www.legislation.gov.uk/id/uksi/1998/270/article/2" err:Ref="Section missing in legislation" Missing="true">art.2</ukm:Section></ukm:AffectingProvisions><ukm:InForceDates><ukm:InForce Applied="false" Prospective="true" Qualification=""/></ukm:InForceDates></ukm:UnappliedEffect></ukm:UnappliedEffects></ukm:SecondaryMetadata><ukm:Statistics><ukm:TotalParagraphs Value="10"/><ukm:BodyParagraphs Value="3"/><ukm:ScheduleParagraphs Value="7"/><ukm:AttachmentParagraphs Value="0"/><ukm:TotalImages Value="0"/></ukm:Statistics></proprietary></meta><preface><p class="number"><docNumber>1996 No. 437</docNumber></p><block name="subject"><concept class="title" refersTo="#d4e71">VETERINARY SURGEONS</concept></block><p class="title"><shortTitle>The Veterinary Surgeons and Veterinary Practitioners (Registration) (Amendment) Regulations Order of Council 1996</shortTitle></p><p class="MadeDate"><span>Made</span><docDate date="1996-03-01">1st March 1996</docDate></p></preface><preamble><container name="RoyalPresence"><p>At the Council Chamber, Whitehall, the 1st day of March 1996</p><p>By the Lords of Her Majesty’s Most Honourable Privy Council</p></container><p>Whereas in pursuance of section 11 of the Veterinary Surgeons Act 1966<noteRef href="#f00001" class="footnote" marker="1"/> the Council of the Royal College of Veterinary Surgeons has made regulations entitled “The Veterinary Surgeons and Veterinary Practitioners (Registration) (Amendment) (<abbr title="Number" xml:lang="">No.</abbr> 2) Regulations 1995” set out in the Schedule to this Order:</p><p>And whereas by section 25(1) of the said Act such regulations shall not have effect unless approved by Order of the Privy Council:</p><p>And whereas by section 25(2) of the said Act any Order under the said section 25(1) may be revoked by a subsequent Order of the Privy Council:</p><formula name="EnactingText"><p>Now, therefore, Their Lordships, having taken the said regulations into consideration, in exercise of the powers conferred by the said sections 25(1) and (2), do hereby order as follows:—</p></formula></preamble><body><hcontainer name="regulation" eId="regulation-1"><num>1</num><content><p>This Order may be cited as the Veterinary Surgeons and Veterinary Practitioners (Registration) (Amendment) Regulations Order of Council 1996.</p></content></hcontainer><hcontainer name="regulation" eId="regulation-2"><num>2</num><content><p>The said regulations are hereby approved.</p></content></hcontainer><hcontainer name="regulation" eId="regulation-3"><num>3</num><content><p>The Veterinary Surgeons and Veterinary Practitioners (Registration) (Amendment) Regulations Order of Council 1992<noteRef href="#f00002" class="footnote" marker="2"/>, The Veterinary Surgeons and Veterinary Practitioners (Registration) (Amendment) Regulations Order of Council 1993<noteRef href="#f00003" class="footnote" marker="3"/>, The Veterinary Surgeons and Veterinary Practitioners (Registration) (Amendment) Regulations Order of Council 1994<noteRef href="#f00004" class="footnote" marker="4"/> and The Veterinary Surgeons and Veterinary Practitioners (Registration) (Amendment) Regulations Order of Council 1995<noteRef href="#f00005" class="footnote" marker="5"/> are hereby revoked.</p></content></hcontainer><hcontainer name="signatures"><content><block name="signature"><signature><person refersTo="#ref-d4e136">N. H. Nicholls</person><role refersTo="#ref-d4e138">Clerk of the Privy Council</role></signature></block></content></hcontainer><hcontainer name="schedules" eId="d4e140"><hcontainer name="schedule" eId="schedule"><num>SCHEDULE</num><heading>THE VETERINARY SURGEONS AND VETERINARY PRACTITIONERS (REGISTRATION) (AMENDMENT) (<abbr title="Number" xml:lang="">No.</abbr> 2) REGULATIONS 1995</heading><hcontainer name="wrapper" eId="d4e151"><content><p>The Council of the Royal College of Veterinary Surgeons, in exercise of its powers under section 11 of the Veterinary Surgeons Act 1966, hereby makes the following Regulations.</p></content></hcontainer><paragraph eId="schedule-paragraph-1"><num>1</num><content><p>These Regulations may be cited as the Veterinary Surgeons and Veterinary Practitioners (Registration) (Amendment) (<abbr title="Number" xml:lang="">No.</abbr> 2) Regulations 1995.</p></content></paragraph><paragraph eId="schedule-paragraph-2"><num>2</num><content><p>Regulation 16 of the Veterinary Surgeons and Veterinary Practitioners Registration Regulations 1967<noteRef href="#f00006" class="footnote" marker="6"/> (hereinafter referred to as “the principal Regulations”) shall be amended by the deletion of the second sentence and the substitution of the following therefor—</p><p class="BlockAmendment"><mod><quotedStructure class="unknown unknown unknown default" startQuote="“" endQuote="”"><p>This fee shall be paid at the time of the application for registration and shall be £148.00 for names entered on the Register before 31st March 1996 and £161.00 for names entered on the Register on 31st March 1996 and thereafter.</p></quotedStructure></mod><inline name="AppendText">.</inline></p></content></paragraph><paragraph eId="schedule-paragraph-3"><num>3</num><content><p>Regulation 20 of the principal Regulations shall be amended by the deletion in paragraphs (a) (b) (c) (d) and (e) of the amounts “£131.00”, “£38.00”, “£10.00”, “£25.00” and “£12.00” and the substitution therefor of the amounts “£143.00”, “£50.00”, “£15.00”, “£27.00” and “£13.00” respectively.</p></content></paragraph><paragraph eId="schedule-paragraph-4"><num>4</num><content><p>Regulation 22 of the principal Regulations shall be amended by the deletion of the amounts “£17.00” and “£9.00” and the substitution therefor of the amounts “£18.00” and “£10.00” respectively.</p></content></paragraph><paragraph eId="schedule-paragraph-5"><num>5</num><content><p>Regulation 23 of the principal Regulations shall be amended by the deletion in the first and third sentences of paragraph (b) of the amount “£148.00” and the substitution therefor in each case of the amount “£161.00”.</p></content></paragraph><paragraph eId="schedule-paragraph-6"><num>6</num><content><p>Regulations 3 and 4 of the Veterinary Surgeons and Veterinary Practitioners (Registration) (Amendment) Regulations 1992<noteRef href="#f00007" class="footnote" marker="7"/> and Regulations 2, 3 and 4 of the Veterinary Surgeons and Veterinary Practitioners (Registration) (Amendment) Regulations 1995<noteRef href="#f00008" class="footnote" marker="8"/> are hereby revoked.</p></content></paragraph></hcontainer><wrapUp><blockContainer class="signatures"><p>PURSUANT to a resolution passed at a meeting of the Council of the Royal College of Veterinary Surgeons held on 2nd November 1995, the Common Seal of the said Royal College was affixed hereto on the same date in the presence of:—</p><block name="signature"><signature><marker name="seal"/><person refersTo="#ref-d4e212">D. J. Thompson</person><role refersTo="#ref-d4e214">President</role><person refersTo="#ref-d4e216">Professor R. S. Jones</person><person refersTo="#ref-d4e218">J. Allcock</person><role refersTo="#ref-d4e220">Members of Council</role></signature></block></blockContainer></wrapUp></hcontainer></body><conclusions><blockContainer class="ExplanatoryNotes"><intro><p>(This note is not part of the Order)</p></intro><p><authorialNote><p>The Regulations approved by this Order further amend the Veterinary Surgeons and Veterinary Practitioners Registration Regulations 1967 by increasing, with effect from 31st March 1996, the fees payable for the registration and annual retention of names on the Registers of the Royal College of Veterinary Surgeons. The existing fees, which came into effect on 31st March 1995, are being increased by an average of about 9 per cent.</p></authorialNote></p></blockContainer></conclusions></act></akomaNtoso>