<akomaNtoso xmlns:xsi="http://www.w3.org/2001/XMLSchema-instance" xmlns="http://docs.oasis-open.org/legaldocml/ns/akn/3.0" xsi:schemaLocation="http://docs.oasis-open.org/legaldocml/ns/akn/3.0 http://docs.oasis-open.org/legaldocml/akn-core/v1.0/cos01/part2-specs/schemas/akomantoso30.xsd"><act name="UnitedKingdomStatutoryInstrument"><meta><identification source="#source"><FRBRWork><FRBRthis value="http://www.legislation.gov.uk/id/uksi/1996/208"/><FRBRuri value="http://www.legislation.gov.uk/id/uksi/1996/208"/><FRBRdate date="1996-02-02" name="made"/><FRBRauthor href="http://www.legislation.gov.uk/id/government/uk"/><FRBRcountry value="GB-UKM"/><FRBRsubtype value="order"/><FRBRnumber value="208"/><FRBRname value="S.I. 1996/208"/><FRBRprescriptive value="true"/></FRBRWork><FRBRExpression><FRBRthis value="http://www.legislation.gov.uk/uksi/1996/208/made"/><FRBRuri value="http://www.legislation.gov.uk/uksi/1996/208/made"/><FRBRdate date="1996-02-02" name="made"/><FRBRauthor href="#source"/><FRBRlanguage language="eng"/></FRBRExpression><FRBRManifestation><FRBRthis value="http://www.legislation.gov.uk/uksi/1996/208/made/data.akn"/><FRBRuri value="http://www.legislation.gov.uk/uksi/1996/208/made/data.akn"/><FRBRdate date="2021-07-26+01:00" name="transform"/><FRBRauthor href="http://www.legislation.gov.uk"/><FRBRformat value="application/akn+xml"/></FRBRManifestation></identification><classification source="#source"><keyword value="sports and recreation facilities" showAs="Sports and recreation facilities" dictionary="http://www.legislation.gov.uk"/><keyword value="borough councils" showAs="Borough councils" dictionary="http://www.legislation.gov.uk"/><keyword value="local government, england and wales" showAs="LOCAL GOVERNMENT, ENGLAND AND WALES" dictionary="http://www.legislation.gov.uk"/></classification><lifecycle source="#source"><eventRef date="1996-02-02" type="generation" eId="made-date" source="#source"/><eventRef date="1996-02-13" eId="laid-date-1" source="#source"/><eventRef date="1996-04-01" eId="coming-into-force-date-1" source="#source"/></lifecycle><references source="#source"><TLCOrganization eId="source" href="http://www.legislation.gov.uk/id/publisher/KingsOrQueensPrinterOfActsOfParliament" showAs="Queen's Printer of Acts of Parliament"/><TLCOrganization eId="ref-d4e115" href="/ontology/organization/uk.Department of the Environment" showAs="Department of the Environment"/><TLCRole eId="ref-d4e113" href="/ontology/role/uk.Parliamentary Under Secretary of State," showAs="Parliamentary Under Secretary of State,"/><TLCPerson eId="ref-d4e111" href="/ontology/persons/uk.PaulBeresford" showAs="Paul Beresford"/><TLCConcept href="/uk/subject/local-government-england-and-wales" showAs="LOCAL GOVERNMENT, ENGLAND AND WALES" eId="d4e60"/></references><notes source="#source"><note class="footnote" eId="f00001"><p><ref href="http://www.legislation.gov.uk/id/ukpga/1988/9">1988 c. 9</ref>.</p></note></notes><proprietary xmlns:ukl="http://www.legislation.gov.uk/namespaces/legislation" xmlns:ukm="http://www.legislation.gov.uk/namespaces/metadata" xmlns:dc="http://purl.org/dc/elements/1.1/" xmlns:dct="http://purl.org/dc/terms/" xmlns:atom="http://www.w3.org/2005/Atom" source="#source"><dc:identifier>http://www.legislation.gov.uk/uksi/1996/208/made</dc:identifier><dc:title>The Local Government Act 1988 (Defined Activities) (Exemption) (London Borough of Hillingdon Council) Order 1996</dc:title><dc:subject>Sports and recreation facilities</dc:subject><dc:subject>Borough councils</dc:subject><dc:publisher>Queen's Printer of Acts of Parliament</dc:publisher><dc:modified>2011-07-04</dc:modified><dc:subject scheme="SIheading">LOCAL GOVERNMENT, ENGLAND AND WALES</dc:subject><dc:description>Under Part I of the Local Government Act 1988 (competition), work falling within certain defined activities may be carried out by local authorities only if particular conditions are fulfilled.</dc:description><atom:link rel="self" href="http://www.legislation.gov.uk/uksi/1996/208/made/data.xml" type="application/xml"/><atom:link rel="http://www.legislation.gov.uk/def/navigation/resources" href="http://www.legislation.gov.uk/uksi/1996/208/resources" title="More Resources"/><atom:link rel="http://www.legislation.gov.uk/def/navigation/act" href="http://www.legislation.gov.uk/uksi/1996/208/made" title="whole act"/><atom:link rel="http://www.legislation.gov.uk/def/navigation/introduction" href="http://www.legislation.gov.uk/uksi/1996/208/introduction/made" title="introduction"/><atom:link rel="http://www.legislation.gov.uk/def/navigation/signature" href="http://www.legislation.gov.uk/uksi/1996/208/signature/made" title="signature"/><atom:link rel="http://www.legislation.gov.uk/def/navigation/note" href="http://www.legislation.gov.uk/uksi/1996/208/note/made" title="note"/><atom:link rel="http://www.legislation.gov.uk/def/navigation/body" href="http://www.legislation.gov.uk/uksi/1996/208/body/made" title="body"/><atom:link rel="alternate" type="application/rdf+xml" href="http://www.legislation.gov.uk/uksi/1996/208/made/data.rdf" title="RDF/XML"/><atom:link rel="alternate" type="application/akn+xml" href="http://www.legislation.gov.uk/uksi/1996/208/made/data.akn" title="AKN"/><atom:link rel="alternate" type="application/xhtml+xml" href="http://www.legislation.gov.uk/uksi/1996/208/made/data.xht" title="HTML snippet"/><atom:link rel="alternate" type="application/pdf" href="http://www.legislation.gov.uk/uksi/1996/208/made/data.pdf" title="PDF"/><atom:link rel="alternate" type="application/akn+xhtml" href="http://www.legislation.gov.uk/uksi/1996/208/made/data.html" title="HTML5 snippet"/><atom:link rel="http://purl.org/dc/terms/tableOfContents" hreflang="en" href="http://www.legislation.gov.uk/uksi/1996/208/contents/made" title="Table of Contents"/><ukm:SecondaryMetadata><ukm:DocumentClassification><ukm:DocumentCategory Value="secondary"/><ukm:DocumentMainType Value="UnitedKingdomStatutoryInstrument"/><ukm:DocumentStatus Value="final"/><ukm:DocumentMinorType Value="order"/></ukm:DocumentClassification><ukm:Year Value="1996"/><ukm:Number Value="208"/><ukm:DepartmentCode Value="DOE 0534"/><ukm:Made Date="1996-02-02"/><ukm:Laid Date="1996-02-13" Class="UnitedKingdomParliament"/><ukm:ComingIntoForce><ukm:DateTime Date="1996-04-01"/></ukm:ComingIntoForce><ukm:ISBN Value="0110540069"/></ukm:SecondaryMetadata><ukm:Statistics><ukm:TotalParagraphs Value="2"/><ukm:BodyParagraphs Value="2"/><ukm:ScheduleParagraphs Value="0"/><ukm:AttachmentParagraphs Value="0"/><ukm:TotalImages Value="0"/></ukm:Statistics></proprietary></meta><preface><p class="number"><docNumber>1996 No. 208</docNumber></p><block name="subject"><concept class="title" refersTo="#d4e60">LOCAL GOVERNMENT, ENGLAND AND WALES</concept></block><p class="title"><shortTitle>The Local Government Act 1988 (Defined Activities) (Exemption) (London Borough of Hillingdon Council) Order 1996</shortTitle></p><p class="MadeDate"><span>Made</span><docDate date="1996-02-02">2nd February 1996</docDate></p><p class="LaidDate"><span>Laid before Parliament</span><docDate date="1996-02-13">13th February 1996</docDate></p><p class="ComingIntoForce"><span>Coming into force</span><docDate date="1996-04-01">1st April 1996</docDate></p></preface><preamble><formula name="EnactingText"><p>The Secretary of State, in exercise of the powers conferred on him by sections 2(9) and 15(5) of the Local Government Act 1988<noteRef href="#f00001" class="footnote" marker="1"/>, and of all other powers enabling him in that behalf, hereby makes the following Order:</p></formula></preamble><body><article eId="article-1"><num>1</num><heading>Citation and commencement</heading><content><p>This Order may be cited as the Local Government Act 1988 (Defined Activities) (Exemption) (London Borough of Hillingdon Council) Order 1996 and shall come into force on 1st April 1996.</p></content></article><article eId="article-2"><num>2</num><heading>Exemption of management of sports and leisure facilities</heading><content><p>The management of sports and leisure facilities by the Hillingdon London Borough Council shall not be treated as a defined activity so long as it is undertaken at the Hayes Stadium Sports Centre, Judge Heath Lane, Hayes between 1st April 1996 and 31st October 1996.</p></content></article><hcontainer name="signatures"><content><p>Signed by authority of the Secretary of State</p><block name="signature"><signature><person refersTo="#ref-d4e111">Paul Beresford</person><role refersTo="#ref-d4e113">Parliamentary Under Secretary of State,</role><organization refersTo="#ref-d4e115">Department of the Environment</organization><date date="1996-02-02">2nd February 1996</date></signature></block></content></hcontainer></body><conclusions><blockContainer class="ExplanatoryNotes"><intro><p>(This note is not part of the Order)</p></intro><p><authorialNote><p>Under Part I of the Local Government Act 1988 (competition), work falling within certain defined activities may be carried out by local authorities only if particular conditions are fulfilled.</p><p>This Order exempts from the requirements of Part I the management of sports and leisure facilities by the Hillingdon London Borough Council so long as it is undertaken at the Hayes Stadium Sports Centre, Hayes before 31st October 1996.</p></authorialNote></p></blockContainer></conclusions></act></akomaNtoso>