<akomaNtoso xmlns:xsi="http://www.w3.org/2001/XMLSchema-instance" xmlns="http://docs.oasis-open.org/legaldocml/ns/akn/3.0" xsi:schemaLocation="http://docs.oasis-open.org/legaldocml/ns/akn/3.0 http://docs.oasis-open.org/legaldocml/akn-core/v1.0/cos01/part2-specs/schemas/akomantoso30.xsd"><act name="UnitedKingdomStatutoryInstrument"><meta><identification source="#source"><FRBRWork><FRBRthis value="http://www.legislation.gov.uk/id/uksi/1996/434"/><FRBRuri value="http://www.legislation.gov.uk/id/uksi/1996/434"/><FRBRdate date="1996-02-27" name="made"/><FRBRauthor href="http://www.legislation.gov.uk/id/government/uk"/><FRBRcountry value="GB-UKM"/><FRBRsubtype value="regulation"/><FRBRnumber value="434"/><FRBRname value="S.I. 1996/434"/><FRBRprescriptive value="true"/></FRBRWork><FRBRExpression><FRBRthis value="http://www.legislation.gov.uk/uksi/1996/434/made"/><FRBRuri value="http://www.legislation.gov.uk/uksi/1996/434/made"/><FRBRdate date="1996-02-27" name="made"/><FRBRauthor href="#source"/><FRBRlanguage language="eng"/></FRBRExpression><FRBRManifestation><FRBRthis value="http://www.legislation.gov.uk/uksi/1996/434/made/data.akn"/><FRBRuri value="http://www.legislation.gov.uk/uksi/1996/434/made/data.akn"/><FRBRdate date="2021-07-26+01:00" name="transform"/><FRBRauthor href="http://www.legislation.gov.uk"/><FRBRformat value="application/akn+xml"/></FRBRManifestation></identification><classification source="#source"><keyword value="legal aid and advice" showAs="Legal aid and advice" dictionary="http://www.legislation.gov.uk"/><keyword value="legal services" showAs="Legal services" dictionary="http://www.legislation.gov.uk"/><keyword value="legal aid and advice, england and wales" showAs="LEGAL AID AND ADVICE, ENGLAND AND WALES" dictionary="http://www.legislation.gov.uk"/></classification><lifecycle source="#source"><eventRef date="1996-02-27" type="generation" eId="made-date" source="#source"/><eventRef date="1996-02-28" eId="laid-date-1" source="#source"/><eventRef date="1996-06-01" eId="coming-into-force-date-1" source="#source"/></lifecycle><references source="#source"><TLCOrganization eId="source" href="http://www.legislation.gov.uk/id/publisher/KingsOrQueensPrinterOfActsOfParliament" showAs="Queen's Printer of Acts of Parliament"/><TLCRole eId="ref-d4e254" href="/ontology/role/uk.Two of the Lords Commissioners of Her Majesty’s Treasury" showAs="Two of the Lords Commissioners of Her Majesty’s Treasury"/><TLCPerson eId="ref-d4e240" href="/ontology/persons/uk.MackayofClashfern,C." showAs="Mackay of Clashfern, C."/><TLCPerson eId="ref-d4e250" href="/ontology/persons/uk.LiamFox" showAs="Liam Fox"/><TLCPerson eId="ref-d4e252" href="/ontology/persons/uk.SimonBurns" showAs="Simon Burns"/><TLCConcept href="/uk/subject/legal-aid-and-advice-england-and-wales" showAs="LEGAL AID AND ADVICE, ENGLAND AND WALES" eId="d4e59"/></references><notes source="#source"><note class="footnote" eId="f00001"><p><ref href="http://www.legislation.gov.uk/id/ukpga/1988/34">1988 c. 34</ref>; sections 15, 16, 34 and 43 were amended by the Courts and Legal Services Act <ref href="http://www.legislation.gov.uk/id/ukpga/1990/41">1990 (c. 41)</ref>, Schedule 17 paragraph 19, and Schedule 18 paragraphs 60, 61 and 63. Section 43 is an interpretation provision and is cited because of the meaning assigned to the word “regulations”.</p></note><note class="footnote" eId="f00002"><p><abbr class="Acronym" title="Statutory Instrument">S.I.</abbr><ref href="http://www.legislation.gov.uk/id/uksi/1989/338">1989/338</ref>; relevant amendments are <abbr class="Acronym" title="Statutory Instrument">S.I.</abbr><ref href="http://www.legislation.gov.uk/id/uksi/1990/484">1990/484</ref> and <ref href="http://www.legislation.gov.uk/id/uksi/1993/788">1993/788</ref>.</p></note></notes><proprietary xmlns:ukl="http://www.legislation.gov.uk/namespaces/legislation" xmlns:ukm="http://www.legislation.gov.uk/namespaces/metadata" xmlns:dc="http://purl.org/dc/elements/1.1/" xmlns:dct="http://purl.org/dc/terms/" xmlns:atom="http://www.w3.org/2005/Atom" source="#source"><dc:identifier>http://www.legislation.gov.uk/uksi/1996/434/made</dc:identifier><dc:title>The Civil Legal Aid (Assessment of Resources) (Amendment) Regulations 1996</dc:title><dc:subject>Legal aid and advice</dc:subject><dc:subject>Legal services</dc:subject><dc:publisher>Queen's Printer of Acts of Parliament</dc:publisher><dc:modified>2011-07-04</dc:modified><dc:subject scheme="SIheading">LEGAL AID AND ADVICE, ENGLAND AND WALES</dc:subject><dc:description>These Regulations amend the provisions of the Civil Legal Aid (Assessment of Resources) Regulations 1989 concerning the computation of the income and capital of an applicant for legal aid by—providing for a power to take into account all or part of the resources of a person to whom the applicant has transferred assets, or who has been maintaining or assisting the applicant;limiting the amount of the mortgage instalments to be deducted in computing the applicant’s income to the proportion attributable to the first £100,000 of the mortgage debt;limiting the total amount deductible in respect of any mortgage debts on one or more homes of the applicant to £100,000;limiting the amount to be disregarded in respect of his only or principal home to the first £100,000 of the value, as assessed after deduction of any amount allowable in respect of a mortgage debt.</dc:description><atom:link rel="self" href="http://www.legislation.gov.uk/uksi/1996/434/made/data.xml" type="application/xml"/><atom:link rel="http://www.legislation.gov.uk/def/navigation/resources" href="http://www.legislation.gov.uk/uksi/1996/434/resources" title="More Resources"/><atom:link rel="http://www.legislation.gov.uk/def/navigation/act" href="http://www.legislation.gov.uk/uksi/1996/434/made" title="whole act"/><atom:link rel="http://www.legislation.gov.uk/def/navigation/introduction" href="http://www.legislation.gov.uk/uksi/1996/434/introduction/made" title="introduction"/><atom:link rel="http://www.legislation.gov.uk/def/navigation/signature" href="http://www.legislation.gov.uk/uksi/1996/434/signature/made" title="signature"/><atom:link rel="http://www.legislation.gov.uk/def/navigation/note" href="http://www.legislation.gov.uk/uksi/1996/434/note/made" title="note"/><atom:link rel="http://www.legislation.gov.uk/def/navigation/body" href="http://www.legislation.gov.uk/uksi/1996/434/body/made" title="body"/><atom:link rel="alternate" type="application/rdf+xml" href="http://www.legislation.gov.uk/uksi/1996/434/made/data.rdf" title="RDF/XML"/><atom:link rel="alternate" type="application/akn+xml" href="http://www.legislation.gov.uk/uksi/1996/434/made/data.akn" title="AKN"/><atom:link rel="alternate" type="application/xhtml+xml" href="http://www.legislation.gov.uk/uksi/1996/434/made/data.xht" title="HTML snippet"/><atom:link rel="alternate" type="application/pdf" href="http://www.legislation.gov.uk/uksi/1996/434/made/data.pdf" title="PDF"/><atom:link rel="alternate" type="application/akn+xhtml" href="http://www.legislation.gov.uk/uksi/1996/434/made/data.html" title="HTML5 snippet"/><atom:link rel="http://purl.org/dc/terms/tableOfContents" hreflang="en" href="http://www.legislation.gov.uk/uksi/1996/434/contents/made" title="Table of Contents"/><ukm:SecondaryMetadata><ukm:DocumentClassification><ukm:DocumentCategory Value="secondary"/><ukm:DocumentMainType Value="UnitedKingdomStatutoryInstrument"/><ukm:DocumentStatus Value="final"/><ukm:DocumentMinorType Value="regulation"/></ukm:DocumentClassification><ukm:Year Value="1996"/><ukm:Number Value="434"/><ukm:Made Date="1996-02-27"/><ukm:Laid Date="1996-02-28" Class="UnitedKingdomParliament"/><ukm:ComingIntoForce><ukm:DateTime Date="1996-06-01"/></ukm:ComingIntoForce><ukm:ISBN Value="0110541901"/></ukm:SecondaryMetadata><ukm:Statistics><ukm:TotalParagraphs Value="7"/><ukm:BodyParagraphs Value="7"/><ukm:ScheduleParagraphs Value="0"/><ukm:AttachmentParagraphs Value="0"/><ukm:TotalImages Value="0"/></ukm:Statistics></proprietary></meta><preface><p class="number"><docNumber>1996 No. 434</docNumber></p><block name="subject"><concept class="title" refersTo="#d4e59">LEGAL AID AND ADVICE, ENGLAND AND WALES</concept></block><p class="title"><shortTitle>The Civil Legal Aid (Assessment of Resources) (Amendment) Regulations 1996</shortTitle></p><p class="MadeDate"><span>Made</span><docDate date="1996-02-27">27th February 1996</docDate></p><p class="LaidDate"><span>Laid before Parliament</span><docDate date="1996-02-28">28th February 1996</docDate></p><p class="ComingIntoForce"><span>Coming into force</span><docDate date="1996-06-01">1st June 1996</docDate></p></preface><preamble><formula name="EnactingText"><p>The Lord Chancellor, in exercise of the powers conferred on him by sections 15(1), 16, 34 and 43 of the Legal Aid Act 1988<noteRef href="#f00001" class="footnote" marker="1"/>, and with the consent of the Treasury, hereby makes the following Regulations:—</p></formula></preamble><body><hcontainer name="regulation" eId="regulation-1"><num>1</num><heading>Citation and commencement</heading><content><p>These Regulations may be cited as the Civil Legal Aid (Assessment of Resources) (Amendment) Regulations 1996 and shall come into force on 1st June 1996.</p></content></hcontainer><hcontainer name="regulation" eId="regulation-2"><num>2</num><heading>Interpretation</heading><content><p>In these Regulations a regulation or Schedule referred to by number alone means a regulation or Schedule so numbered in the Civil Legal Aid (Assessment of Resources) Regulations 1989<noteRef href="#f00002" class="footnote" marker="2"/>.</p></content></hcontainer><hcontainer name="regulation" eId="regulation-3"><num>3</num><heading>Transitional Provisions</heading><content><p>These Regulations shall apply to applications for legal aid made on or after 1st June 1996 and applications made before that date shall be treated as if these Regulations had not come into force.</p></content></hcontainer><hcontainer name="P1group" eId="d4e115"><heading>Amendments to the Civil Legal Aid (Assessment of Resources) Regulations 1989</heading><hcontainer name="regulation" eId="regulation-4"><num>4</num><content><p>After regulation 7 there shall be inserted the following: —</p><p class="BlockAmendment"><mod><quotedStructure class="secondary regulation main default" startQuote="“" endQuote="”"><hcontainer name="regulation" eId="d4e125"><num>7A</num><paragraph eId="d4e129"><num>1</num><intro><p>Where it appears to the assessment officer that:</p></intro><subparagraph eId="d4e135"><num>a</num><content><p>the person concerned has transferred any resources to another person;</p></content></subparagraph><subparagraph eId="d4e141"><num>b</num><content><p>another person is or has been maintaining the person concerned in the proceedings to which the application relates or any other proceedings, or</p></content></subparagraph><subparagraph eId="d4e147"><num>c</num><content><p>any of the resources of another person are or have been made available to the person concerned,</p></content></subparagraph><wrapUp><p>the assessment officer shall have power to treat all or any part of the resources of that other person as the resources of the person concerned.</p></wrapUp></paragraph><paragraph eId="d4e155"><num>2</num><intro><p>Where paragraph (1) applies:</p></intro><subparagraph eId="d4e161"><num>a</num><content><p>the question of what is or is not a resource of that other person shall be determined, as nearly as the circumstances permit, in accordance with the provisions of these Regulations excluding this regulation, and</p></content></subparagraph><subparagraph eId="d4e167"><num>b</num><content><p>the assessment officer shall assess or estimate the value of those resources to the best of his judgment.</p></content></subparagraph></paragraph><paragraph eId="d4e173"><num>3</num><content><p>In this regulation “person”(except in the phrase“person concerned”) includes a company, partnership, body of trustees and any body of persons whether corporate or not corporate.</p></content></paragraph></hcontainer></quotedStructure></mod><inline name="AppendText">.</inline></p></content></hcontainer><hcontainer name="regulation" eId="regulation-5"><num>5</num><content><p>After paragraph 9(3) of Schedule 2 there shall be inserted the following:—</p><p class="BlockAmendment"><mod><quotedStructure class="unknown unknown unknown default" startQuote="“" endQuote="”"><paragraph eId="d4e188"><num>4</num><content><p>In sub-paragraph (2)(b) above, the amount to be included as“rent”in respect of any annual instalment payable in respect of a mortgage debt or heritable security shall not exceed an amount bearing the same proportion to the amount of the annual instalment as £100,000 bears to the debt secured.</p></content></paragraph></quotedStructure></mod><inline name="AppendText">.</inline></p></content></hcontainer><hcontainer name="regulation" eId="regulation-6"><num>6</num><paragraph eId="regulation-6-1"><num>1</num><content><p>In paragraph 10(1) of Schedule 3, for “wholly disregarded”there shall be substituted the following:—</p><p class="BlockAmendment"><mod><quotedStructure class="unknown unknown unknown default" startQuote="“" endQuote="”"><blockList class="unordered"><item><p>taken to be the amount for which that interest could be sold in the open market, subject to the following rules:—</p><blockList class="ordered"><item><num>a</num><p>the amount to be allowed in respect of any mortgage debt or heritable security shall not exceed £100,000;</p></item><item><num>b</num><p>the first £100,000 of the value of that interest, after the application of the rule in paragraph (a), shall be disregarded.</p></item></blockList></item></blockList></quotedStructure></mod><inline name="AppendText">.</inline></p></content></paragraph><paragraph eId="regulation-6-2"><num>2</num><content><p>in paragraph 10(2) of Schedule 3, for the words from “in respect of”to the end of the paragraph there shall be substituted the following:—</p><p class="BlockAmendment"><mod><quotedStructure class="unknown unknown unknown default" startQuote="“" endQuote="”"><blockList class="unordered"><item><p>the amount for which any interest in a dwelling which is not the main dwelling could be sold in the open market; provided that the total amount to be allowed in respect of any mortgage debts or heritable securities over all such dwellings, together with any amount allowed under sub-paragraph (1)(a) in respect of the main dwelling, shall not exceed £100,000.</p></item></blockList></quotedStructure></mod><inline name="AppendText">.</inline></p></content></paragraph></hcontainer></hcontainer><hcontainer name="signatures"><content><block name="signature"><signature><person refersTo="#ref-d4e240">Mackay of Clashfern, C.</person><date date="1996-02-22">Dated 22nd February 1996</date></signature></block><p>We consent,</p><block name="signature"><signature><person refersTo="#ref-d4e250">Liam Fox</person><person refersTo="#ref-d4e252">Simon Burns</person><role refersTo="#ref-d4e254">Two of the Lords Commissioners of Her Majesty’s Treasury</role><date date="1996-02-27">Dated 27th February 1996</date></signature></block></content></hcontainer></body><conclusions><blockContainer class="ExplanatoryNotes"><intro><p>(This note is not part of the Regulations)</p></intro><p><authorialNote><p>These Regulations amend the provisions of the Civil Legal Aid (Assessment of Resources) Regulations 1989 concerning the computation of the income and capital of an applicant for legal aid by—</p><subsection eId="d4e267"><num>1</num><content><p>providing for a power to take into account all or part of the resources of a person to whom the applicant has transferred assets, or who has been maintaining or assisting the applicant;</p></content></subsection><subsection eId="d4e273"><num>2</num><content><p>limiting the amount of the mortgage instalments to be deducted in computing the applicant’s income to the proportion attributable to the first £100,000 of the mortgage debt;</p></content></subsection><subsection eId="d4e279"><num>3</num><content><p>limiting the total amount deductible in respect of any mortgage debts on one or more homes of the applicant to £100,000;</p></content></subsection><subsection eId="d4e285"><num>4</num><content><p>limiting the amount to be disregarded in respect of his only or principal home to the first £100,000 of the value, as assessed after deduction of any amount allowable in respect of a mortgage debt.</p></content></subsection></authorialNote></p></blockContainer></conclusions></act></akomaNtoso>