<akomaNtoso xmlns:xsi="http://www.w3.org/2001/XMLSchema-instance" xmlns="http://docs.oasis-open.org/legaldocml/ns/akn/3.0" xsi:schemaLocation="http://docs.oasis-open.org/legaldocml/ns/akn/3.0 http://docs.oasis-open.org/legaldocml/akn-core/v1.0/cos01/part2-specs/schemas/akomantoso30.xsd"><act name="UnitedKingdomStatutoryInstrument"><meta><identification source="#source"><FRBRWork><FRBRthis value="http://www.legislation.gov.uk/id/uksi/1996/60"/><FRBRuri value="http://www.legislation.gov.uk/id/uksi/1996/60"/><FRBRdate date="1996-01-10" name="made"/><FRBRauthor href="http://www.legislation.gov.uk/id/government/uk"/><FRBRcountry value="GB-UKM"/><FRBRsubtype value="order"/><FRBRnumber value="60"/><FRBRname value="S.I. 1996/60"/><FRBRprescriptive value="true"/></FRBRWork><FRBRExpression><FRBRthis value="http://www.legislation.gov.uk/uksi/1996/60/made"/><FRBRuri value="http://www.legislation.gov.uk/uksi/1996/60/made"/><FRBRdate date="1996-01-10" name="made"/><FRBRauthor href="#source"/><FRBRlanguage language="eng"/></FRBRExpression><FRBRManifestation><FRBRthis value="http://www.legislation.gov.uk/uksi/1996/60/made/data.akn"/><FRBRuri value="http://www.legislation.gov.uk/uksi/1996/60/made/data.akn"/><FRBRdate date="2021-07-26+01:00" name="transform"/><FRBRauthor href="http://www.legislation.gov.uk"/><FRBRformat value="application/akn+xml"/></FRBRManifestation></identification><classification source="#source"><keyword value="roads and highways" showAs="Roads and highways" dictionary="http://www.legislation.gov.uk"/><keyword value="road building" showAs="Road building" dictionary="http://www.legislation.gov.uk"/><keyword value="highways, england and wales" showAs="HIGHWAYS, ENGLAND AND WALES" dictionary="http://www.legislation.gov.uk"/></classification><lifecycle source="#source"><eventRef date="1996-01-10" type="generation" eId="made-date" source="#source"/><eventRef date="1996-01-25" eId="coming-into-force-date-1" source="#source"/></lifecycle><references source="#source"><TLCOrganization eId="source" href="http://www.legislation.gov.uk/id/publisher/KingsOrQueensPrinterOfActsOfParliament" showAs="Queen's Printer of Acts of Parliament"/><TLCRole eId="ref-d4e145" href="/ontology/role/uk.A Grade 6 Officer Welsh Office" showAs="A Grade 6 Officer Welsh Office"/><TLCPerson eId="ref-d4e143" href="/ontology/persons/uk.P.R.Marsden" showAs="P. R. Marsden"/><TLCConcept href="/uk/subject/highways-england-and-wales" showAs="HIGHWAYS, ENGLAND AND WALES" eId="d4e55"/></references><notes source="#source"><note class="footnote" eId="f00001"><p><ref href="http://www.legislation.gov.uk/id/ukpga/1980/66">1980 c. 66</ref></p></note></notes><proprietary xmlns:ukl="http://www.legislation.gov.uk/namespaces/legislation" xmlns:ukm="http://www.legislation.gov.uk/namespaces/metadata" xmlns:dc="http://purl.org/dc/elements/1.1/" xmlns:dct="http://purl.org/dc/terms/" xmlns:atom="http://www.w3.org/2005/Atom" source="#source"><dc:identifier>http://www.legislation.gov.uk/uksi/1996/60/made</dc:identifier><dc:title>The East of Abercynon—East of Dowlais Trunk Road (A4060) (Improvement of Mountain Hare to Dowlais Top) Order 1996</dc:title><dc:subject>Roads and highways</dc:subject><dc:subject>Road building</dc:subject><dc:publisher>Queen's Printer of Acts of Parliament</dc:publisher><dc:modified>2011-07-04</dc:modified><dc:subject scheme="SIheading">HIGHWAYS, ENGLAND AND WALES</dc:subject><atom:link rel="self" href="http://www.legislation.gov.uk/uksi/1996/60/made/data.xml" type="application/xml"/><atom:link rel="http://www.legislation.gov.uk/def/navigation/resources" href="http://www.legislation.gov.uk/uksi/1996/60/resources" title="More Resources"/><atom:link rel="http://www.legislation.gov.uk/def/navigation/act" href="http://www.legislation.gov.uk/uksi/1996/60/made" title="whole act"/><atom:link rel="http://www.legislation.gov.uk/def/navigation/introduction" href="http://www.legislation.gov.uk/uksi/1996/60/introduction/made" title="introduction"/><atom:link rel="http://www.legislation.gov.uk/def/navigation/signature" href="http://www.legislation.gov.uk/uksi/1996/60/signature/made" title="signature"/><atom:link rel="http://www.legislation.gov.uk/def/navigation/body" href="http://www.legislation.gov.uk/uksi/1996/60/body/made" title="body"/><atom:link rel="http://www.legislation.gov.uk/def/navigation/schedules" href="http://www.legislation.gov.uk/uksi/1996/60/schedules/made" title="schedules"/><atom:link rel="alternate" type="application/rdf+xml" href="http://www.legislation.gov.uk/uksi/1996/60/made/data.rdf" title="RDF/XML"/><atom:link rel="alternate" type="application/akn+xml" href="http://www.legislation.gov.uk/uksi/1996/60/made/data.akn" title="AKN"/><atom:link rel="alternate" type="application/xhtml+xml" href="http://www.legislation.gov.uk/uksi/1996/60/made/data.xht" title="HTML snippet"/><atom:link rel="alternate" type="application/pdf" href="http://www.legislation.gov.uk/uksi/1996/60/made/data.pdf" title="PDF"/><atom:link rel="alternate" type="application/akn+xhtml" href="http://www.legislation.gov.uk/uksi/1996/60/made/data.html" title="HTML5 snippet"/><atom:link rel="http://purl.org/dc/terms/tableOfContents" hreflang="en" href="http://www.legislation.gov.uk/uksi/1996/60/contents/made" title="Table of Contents"/><ukm:SecondaryMetadata><ukm:DocumentClassification><ukm:DocumentCategory Value="secondary"/><ukm:DocumentMainType Value="UnitedKingdomStatutoryInstrument"/><ukm:DocumentStatus Value="final"/><ukm:DocumentMinorType Value="order"/></ukm:DocumentClassification><ukm:Year Value="1996"/><ukm:Number Value="60"/><ukm:Made Date="1996-01-10"/><ukm:ComingIntoForce><ukm:DateTime Date="1996-01-25"/></ukm:ComingIntoForce><ukm:ISBN Value="0110538951"/></ukm:SecondaryMetadata><ukm:Statistics><ukm:TotalParagraphs Value="5"/><ukm:BodyParagraphs Value="4"/><ukm:ScheduleParagraphs Value="1"/><ukm:AttachmentParagraphs Value="0"/><ukm:TotalImages Value="0"/></ukm:Statistics></proprietary></meta><preface><p class="number"><docNumber>1996 No. 60</docNumber></p><block name="subject"><concept class="title" refersTo="#d4e55">HIGHWAYS, ENGLAND AND WALES</concept></block><p class="title"><shortTitle>The East of Abercynon—East of Dowlais Trunk Road (A4060) (Improvement of Mountain Hare to Dowlais Top) Order 1996</shortTitle></p><p class="MadeDate"><span>Made</span><docDate date="1996-01-10">10th January 1996</docDate></p><p class="ComingIntoForce"><span>Coming into force</span><docDate date="1996-01-25">25th January 1996</docDate></p></preface><preamble><formula name="EnactingText"><p>The Secretary of State for Wales makes this Order in exercise of the powers conferred by section 10 of the Highways Act 1980<noteRef href="#f00001" class="footnote" marker="1"/> and of all other enabling powers:—</p></formula></preamble><body><article eId="article-1"><num>1</num><content><p>The new highway which the Secretary of State proposes to construct along the route described in the Schedule to this Order shall become a trunk road as from the date when this order comes into operation.</p></content></article><article eId="article-2"><num>2</num><content><p>The centre line of the new trunk road is indicated by a heavy black line on the deposited plan.</p></content></article><article eId="article-3"><num>3</num><content><p>In this Order:—</p><p>All measurements of distances are measured along the route of the relevant highway;</p><tblock class="tabular"><table><tr><td colspan="1" rowspan="1"><p><embeddedStructure><clause eId="article-3-i."><num>i</num><content><p>“the deposited plan”</p></content></clause></embeddedStructure></p></td><td colspan="1" rowspan="1"><p>means the plan numbered HA10/2 WO108 marked “The East of Abercynon—East of Dowlais Trunk Road (A4060) (Improvement of Mountain Hare to Dowlais Top) Order 1996” signed by the authority of the Secretary of State and deposited at the Welsh Office Repository, Curran Embankment, Cardiff;</p></td></tr><tr><td colspan="1" rowspan="1"><p><embeddedStructure><clause eId="article-3-ii."><num>ii</num><content><p>“the new trunk road”</p></content></clause></embeddedStructure></p></td><td colspan="1" rowspan="1"><p>means the new highway mentioned in Article 1 of this Order;</p></td></tr><tr><td colspan="1" rowspan="1"><p><embeddedStructure><clause eId="article-3-iii."><num>iii</num><content><p>“the trunk road”</p></content></clause></embeddedStructure></p></td><td colspan="1" rowspan="1"><p>means the East of Abercynon—East of Dowlais Trunk Road (A4060).</p></td></tr></table></tblock></content></article><article eId="article-4"><num>4</num><content><p>This Order shall come into force on 25th January 1996 and may be cited as “The East of Abercynon—East of Dowlais Trunk Road (A4060) (Improvement of Mountain Hare to Dowlais Top) Order 1996.”</p></content></article><hcontainer name="signatures"><content><p>Signed by Authority of the Secretary of State</p><block name="signature"><signature><person refersTo="#ref-d4e143">P. R. Marsden</person><role refersTo="#ref-d4e145">A Grade 6 Officer Welsh Office</role><date date="1996-01-10">10th January 1996</date></signature></block></content></hcontainer><hcontainer name="schedules" eId="d4e150"><hcontainer name="schedule" eId="schedule"><num>THE SCHEDULE</num><heading>ROUTE OF THE NEW TRUNK ROAD</heading><content><p>The route of the new trunk road is a route some 2.82 kilometres in length starting at a point on the trunk road on the northern side of the roundabout at Mountain Hare and extending in a northerly direction to a point on the southern side of the trunk road roundabout at Dowlais Top at its junction with the A465 Neath to Abergavenny Trunk Road</p></content></hcontainer></hcontainer></body></act></akomaNtoso>