<akomaNtoso xmlns:xsi="http://www.w3.org/2001/XMLSchema-instance" xmlns="http://docs.oasis-open.org/legaldocml/ns/akn/3.0" xsi:schemaLocation="http://docs.oasis-open.org/legaldocml/ns/akn/3.0 http://docs.oasis-open.org/legaldocml/akn-core/v1.0/cos01/part2-specs/schemas/akomantoso30.xsd"><act name="UnitedKingdomStatutoryInstrument"><meta><identification source="#source"><FRBRWork><FRBRthis value="http://www.legislation.gov.uk/id/uksi/1996/319"/><FRBRuri value="http://www.legislation.gov.uk/id/uksi/1996/319"/><FRBRdate date="1996-02-15" name="made"/><FRBRauthor href="http://www.legislation.gov.uk/id/government/uk"/><FRBRcountry value="GB-UKM"/><FRBRsubtype value="regulation"/><FRBRnumber value="319"/><FRBRname value="S.I. 1996/319"/><FRBRprescriptive value="true"/></FRBRWork><FRBRExpression><FRBRthis value="http://www.legislation.gov.uk/uksi/1996/319/made"/><FRBRuri value="http://www.legislation.gov.uk/uksi/1996/319/made"/><FRBRdate date="1996-02-15" name="made"/><FRBRauthor href="#source"/><FRBRlanguage language="eng"/></FRBRExpression><FRBRManifestation><FRBRthis value="http://www.legislation.gov.uk/uksi/1996/319/made/data.akn"/><FRBRuri value="http://www.legislation.gov.uk/uksi/1996/319/made/data.akn"/><FRBRdate date="2021-07-26+01:00" name="transform"/><FRBRauthor href="http://www.legislation.gov.uk"/><FRBRformat value="application/akn+xml"/></FRBRManifestation></identification><classification source="#source"><keyword value="gas supply" showAs="Gas supply" dictionary="http://www.legislation.gov.uk"/><keyword value="gas" showAs="GAS" dictionary="http://www.legislation.gov.uk"/></classification><lifecycle source="#source"><eventRef date="1996-02-15" type="generation" eId="made-date" source="#source"/><eventRef date="1996-02-16" eId="laid-date-1" source="#source"/><eventRef date="1996-03-11" eId="coming-into-force-date-1" source="#source"/></lifecycle><references source="#source"><TLCOrganization eId="source" href="http://www.legislation.gov.uk/id/publisher/KingsOrQueensPrinterOfActsOfParliament" showAs="Queen's Printer of Acts of Parliament"/><TLCLocation eId="departmentoftradeandindustry" href="/ontology/location/uk.DepartmentofTradeandIndustry" showAs="Department of Trade and Industry"/><TLCRole eId="ref-d4e204" href="/ontology/role/uk.Minister for Industry and Energy," showAs="Minister for Industry and Energy,"/><TLCRole eId="ref-d4e221" href="/ontology/role/uk.Two of the Lords Commissioners of her Majesty’s Treasury" showAs="Two of the Lords Commissioners of her Majesty’s Treasury"/><TLCPerson eId="ref-d4e202" href="/ontology/persons/uk.TimEggar," showAs="Tim Eggar,"/><TLCPerson eId="ref-d4e217" href="/ontology/persons/uk.BowenWells," showAs="Bowen Wells,"/><TLCPerson eId="ref-d4e219" href="/ontology/persons/uk.SimonBurns," showAs="Simon Burns,"/><TLCConcept href="/uk/subject/gas" showAs="GAS" eId="d4e56"/></references><notes source="#source"><note class="footnote" eId="f00001"><p><abbr class="Acronym" title="Statutory Instrument">S.I.</abbr><ref href="http://www.legislation.gov.uk/id/uksi/1975/427">1975/427</ref>.</p></note><note class="footnote" eId="f00002"><p><ref href="http://www.legislation.gov.uk/id/ukpga/1972/68">1972 c. 68</ref>.</p></note><note class="footnote" eId="f00003"><p><ref href="http://www.legislation.gov.uk/id/ukpga/1973/51">1973 c. 51</ref>.</p></note><note class="footnote" eId="f00004"><p><abbr class="Acronym" title="Statutory Instrument">S.I.</abbr><ref href="http://www.legislation.gov.uk/id/uksi/1988/186">1988/186</ref>.</p></note><note class="footnote" eId="f00005"><p><abbr class="Acronym" title="Statutory Instrument">S.I.</abbr><ref href="http://www.legislation.gov.uk/id/uksi/1988/296">1988/296</ref>.</p></note><note class="footnote" eId="f00006"><p><abbr class="Acronym" title="Statutory Instrument">S.I.</abbr><ref href="http://www.legislation.gov.uk/id/uksi/1983/684">1983/684</ref>. Regulation 4 was modified in relation to such meters by regulation 21(2) of the <abbr title="the Measuring Instruments (EEC Requirements) Regulations 1988 (S.I. 1988/186) as applied to gas volume meters by the Measuring Instruments (EEC Requirements) (Gas Volume Meters) Regulations 1988 (S.I. 1988/296)" xml:lang="">1988 Regulations</abbr>. Other relevant amending instruments are S.I.s <ref href="http://www.legislation.gov.uk/id/uksi/1993/1521">1993/1521</ref> and <ref href="http://www.legislation.gov.uk/id/uksi/1995/1251">1995/1251</ref>.</p></note><note class="footnote" eId="f00007"><p><abbr class="Acronym" title="Statutory Instrument">S.I.</abbr><ref href="http://www.legislation.gov.uk/id/uksi/1983/1247">1983/1247</ref>.</p></note></notes><proprietary xmlns:ukl="http://www.legislation.gov.uk/namespaces/legislation" xmlns:ukm="http://www.legislation.gov.uk/namespaces/metadata" xmlns:dc="http://purl.org/dc/elements/1.1/" xmlns:dct="http://purl.org/dc/terms/" xmlns:atom="http://www.w3.org/2005/Atom" source="#source"><dc:identifier>http://www.legislation.gov.uk/uksi/1996/319/made</dc:identifier><dc:title>The Measuring Instruments (EEC Requirements) (Gas Volume Meters) (Amendment) Regulations 1996</dc:title><dc:subject>Gas supply</dc:subject><dc:publisher>Queen's Printer of Acts of Parliament</dc:publisher><dc:modified>2016-06-07</dc:modified><dc:subject scheme="SIheading">GAS</dc:subject><dc:description>The Measuring Instruments (EEC Requirements) (Gas Volume Meters) Regulations 1988 applied the Measuring Instruments (EEC Requirements) Regulations 1988, subject to modifications, to certain gas volume meters to which Council Directive No. 71/318/EEC, as amended, applied and implemented the obligations of the United Kingdom under that Directive and under Council Directive 1971/316/EEC, as amended. The effect was to confer functions on the Secretary of State in relation to EEC pattern approval and initial verification of such meters.</dc:description><atom:link rel="self" href="http://www.legislation.gov.uk/uksi/1996/319/made/data.xml" type="application/xml"/><atom:link rel="http://www.legislation.gov.uk/def/navigation/resources" href="http://www.legislation.gov.uk/uksi/1996/319/resources" title="More Resources"/><atom:link rel="http://www.legislation.gov.uk/def/navigation/act" href="http://www.legislation.gov.uk/uksi/1996/319/made" title="whole act"/><atom:link rel="http://www.legislation.gov.uk/def/navigation/introduction" href="http://www.legislation.gov.uk/uksi/1996/319/introduction/made" title="introduction"/><atom:link rel="http://www.legislation.gov.uk/def/navigation/signature" href="http://www.legislation.gov.uk/uksi/1996/319/signature/made" title="signature"/><atom:link rel="http://www.legislation.gov.uk/def/navigation/note" href="http://www.legislation.gov.uk/uksi/1996/319/note/made" title="note"/><atom:link rel="http://www.legislation.gov.uk/def/navigation/body" href="http://www.legislation.gov.uk/uksi/1996/319/body/made" title="body"/><atom:link rel="alternate" type="application/rdf+xml" href="http://www.legislation.gov.uk/uksi/1996/319/made/data.rdf" title="RDF/XML"/><atom:link rel="alternate" type="application/akn+xml" href="http://www.legislation.gov.uk/uksi/1996/319/made/data.akn" title="AKN"/><atom:link rel="alternate" type="application/xhtml+xml" href="http://www.legislation.gov.uk/uksi/1996/319/made/data.xht" title="HTML snippet"/><atom:link rel="alternate" type="application/pdf" href="http://www.legislation.gov.uk/uksi/1996/319/made/data.pdf" title="PDF"/><atom:link rel="alternate" type="application/akn+xhtml" href="http://www.legislation.gov.uk/uksi/1996/319/made/data.html" title="HTML5 snippet"/><atom:link rel="http://purl.org/dc/terms/tableOfContents" hreflang="en" href="http://www.legislation.gov.uk/uksi/1996/319/contents/made" title="Table of Contents"/><ukm:SecondaryMetadata><ukm:DocumentClassification><ukm:DocumentCategory Value="secondary"/><ukm:DocumentMainType Value="UnitedKingdomStatutoryInstrument"/><ukm:DocumentStatus Value="final"/><ukm:DocumentMinorType Value="regulation"/></ukm:DocumentClassification><ukm:Year Value="1996"/><ukm:Number Value="319"/><ukm:Made Date="1996-02-15"/><ukm:Laid Date="1996-02-16" Class="UnitedKingdomParliament"/><ukm:ComingIntoForce><ukm:DateTime Date="1996-03-11"/></ukm:ComingIntoForce><ukm:ISBN Value="0110542134"/></ukm:SecondaryMetadata><ukm:Statistics><ukm:TotalParagraphs Value="4"/><ukm:BodyParagraphs Value="4"/><ukm:ScheduleParagraphs Value="0"/><ukm:AttachmentParagraphs Value="0"/><ukm:TotalImages Value="0"/></ukm:Statistics></proprietary></meta><preface><p class="number"><docNumber>1996 No. 319</docNumber></p><block name="subject"><concept class="title" refersTo="#d4e56">GAS</concept></block><p class="title"><shortTitle>The Measuring Instruments (<abbr class="Acronym" title="European Economic Community">EEC</abbr> Requirements) (Gas Volume Meters) (Amendment) Regulations 1996</shortTitle></p><p class="MadeDate"><span>Made</span><docDate date="1996-02-15">15th February 1996</docDate></p><p class="LaidDate"><span>Laid before Parliament</span><docDate date="1996-02-16">16th February 1996</docDate></p><p class="ComingIntoForce"><span>Coming into force</span><docDate date="1996-03-11">11th March 1996</docDate></p></preface><preamble><formula name="EnactingText"><p>The Secretary of State, being a Minister designated<noteRef href="#f00001" class="footnote" marker="1"/> for the purpose of section 2(2) of the European Communities Act 1972<noteRef href="#f00002" class="footnote" marker="2"/> in relation to the regulation of specifications, construction, placing on the market and use of equipment intended for weighing, measuring or testing or for purposes ancillary thereto, in exercise of the powers conferred by that section and, with the consent of the Treasury, in exercise of the powers conferred on him by section 56(1) and (2) of the Finance Act 1973<noteRef href="#f00003" class="footnote" marker="3"/>, and in exercise of all other powers enabling him in that behalf, hereby makes the following Regulations: —</p></formula></preamble><body><hcontainer name="regulation" eId="regulation-1"><num>1</num><heading>Citation, commencement and interpretation</heading><paragraph eId="regulation-1-1"><num>1</num><content><p>These Regulations may be cited as the Measuring Instruments (<abbr class="Acronym" title="European Economic Community">EEC</abbr> Requirements) (Gas Volume Meters) (Amendment) Regulations 1996 and shall come into force on 11th March 1996.</p></content></paragraph><paragraph eId="regulation-1-2"><num>2</num><content><p>In these Regulations, “the <abbr title="the Measuring Instruments (EEC Requirements) Regulations 1988 (S.I. 1988/186) as applied to gas volume meters by the Measuring Instruments (EEC Requirements) (Gas Volume Meters) Regulations 1988 (S.I. 1988/296)" xml:lang="">1988 Regulations</abbr>” means the Measuring Instruments (<abbr class="Acronym" title="European Economic Community">EEC</abbr> Requirements) Regulations 1988<noteRef href="#f00004" class="footnote" marker="4"/> as applied to gas volume meters by the Measuring Instruments (<abbr class="Acronym" title="European Economic Community">EEC</abbr> Requirements) (Gas Volume Meters) Regulations 1988.<noteRef href="#f00005" class="footnote" marker="5"/></p></content></paragraph></hcontainer><hcontainer name="regulation" eId="regulation-2"><num>2</num><heading>Amendment of the <abbr title="the Measuring Instruments (EEC Requirements) Regulations 1988 (S.I. 1988/186) as applied to gas volume meters by the Measuring Instruments (EEC Requirements) (Gas Volume Meters) Regulations 1988 (S.I. 1988/296)" xml:lang="">1988 Regulations</abbr></heading><content><p>In their application to Great Britain, the <abbr title="the Measuring Instruments (EEC Requirements) Regulations 1988 (S.I. 1988/186) as applied to gas volume meters by the Measuring Instruments (EEC Requirements) (Gas Volume Meters) Regulations 1988 (S.I. 1988/296)" xml:lang="">1988 Regulations</abbr> shall have effect on and after the day on which these Regulations come into operation with the substitution, for each reference to the Secretary of State, of a reference to the Director General of Gas Supply (hereinafter, “the Director”).</p></content></hcontainer><hcontainer name="regulation" eId="regulation-3"><num>3</num><heading>Power of Director to charge fees</heading><intro><p>The Director may charge such reasonable fees as he may determine in respect of any costs reasonably incurred by him for the purpose of —</p></intro><clause eId="regulation-3-i"><num>i</num><content><p>an examination of any pattern of instrument submitted to him in accordance with regulation 8 of the <abbr title="the Measuring Instruments (EEC Requirements) Regulations 1988 (S.I. 1988/186) as applied to gas volume meters by the Measuring Instruments (EEC Requirements) (Gas Volume Meters) Regulations 1988 (S.I. 1988/296)" xml:lang="">1988 Regulations</abbr> (<abbr class="Acronym" title="European Economic Community">EEC</abbr> pattern approval);</p></content></clause><clause eId="regulation-3-ii"><num>ii</num><content><p>considering such an application as is mentioned in regulation 13 of the <abbr title="the Measuring Instruments (EEC Requirements) Regulations 1988 (S.I. 1988/186) as applied to gas volume meters by the Measuring Instruments (EEC Requirements) (Gas Volume Meters) Regulations 1988 (S.I. 1988/296)" xml:lang="">1988 Regulations</abbr> (<abbr class="Acronym" title="European Economic Community">EEC</abbr> initial verification); and</p></content></clause><clause eId="regulation-3-iii"><num>iii</num><content><p>re-examining meters bearing the mark of <abbr class="Acronym" title="European Economic Community">EEC</abbr> initial verification under regulation 4 of the Gas (Meters) Regulations 1983.<noteRef href="#f00006" class="footnote" marker="6"/></p></content></clause></hcontainer><hcontainer name="regulation" eId="regulation-4"><num>4</num><heading>Revocation of <abbr class="Acronym" title="Statutory Instrument">S.I.</abbr><ref href="http://www.legislation.gov.uk/id/uksi/1983/1247">1983/1247</ref></heading><content><p>The Measuring Instruments (<abbr class="Acronym" title="European Economic Community">EEC</abbr> Requirements) (Gas Volume Meters) (Fees) Regulations 1983<noteRef href="#f00007" class="footnote" marker="7"/> are hereby revoked.</p></content></hcontainer><hcontainer name="signatures"><content><block name="signature"><signature><person refersTo="#ref-d4e202">Tim Eggar,</person><role refersTo="#ref-d4e204">Minister for Industry and Energy,</role><location refersTo="#departmentoftradeandindustry">Department of Trade and Industry</location><date date="1996-02-14">14th February 1996</date></signature></block><p>We consent to the making of these Regulations.</p><block name="signature"><signature><person refersTo="#ref-d4e217">Bowen Wells,</person><person refersTo="#ref-d4e219">Simon Burns,</person><role refersTo="#ref-d4e221">Two of the Lords Commissioners of her Majesty’s Treasury</role><date date="1996-02-15">15th February 1996</date></signature></block></content></hcontainer></body><conclusions><blockContainer class="ExplanatoryNotes"><intro><p>(This note is not part of the Regulations)</p></intro><p><authorialNote><p>The Measuring Instruments (<abbr class="Acronym" title="European Economic Community">EEC</abbr> Requirements) (Gas Volume Meters) Regulations 1988 applied the Measuring Instruments (<abbr class="Acronym" title="European Economic Community">EEC</abbr> Requirements) Regulations 1988, subject to modifications, to certain gas volume meters to which Council Directive <abbr title="Number" xml:lang="">No.</abbr><ref href="http://www.legislation.gov.uk/european/directive/1971/0318">71/318/<abbr class="Acronym" title="European Economic Community">EEC</abbr></ref>, as amended, applied and implemented the obligations of the United Kingdom under that Directive and under Council Directive <ref href="http://www.legislation.gov.uk/european/directive/1971/0316">1971/316/<abbr class="Acronym" title="European Economic Community">EEC</abbr></ref>, as amended. The effect was to confer functions on the Secretary of State in relation to <abbr class="Acronym" title="European Economic Community">EEC</abbr> pattern approval and initial verification of such meters.</p><p>The present Regulations transfer these functions to the Director General of Gas Supply in relation to Great Britain (Northern Ireland being unaffected).</p><p>The Regulations also confer on the Director General power to charge fees in respect of the costs incurred by him for the purpose of carrying out the functions so transferred. In consequence, the Measuring Instruments (<abbr class="Acronym" title="European Economic Community">EEC</abbr> Requirements) (Gas Volume Meters) (Fees) Regulations 1983, which set out the fees formerly chargeable by the Secretary of State in respect of these matters, are revoked.</p></authorialNote></p></blockContainer></conclusions></act></akomaNtoso>