<akomaNtoso xmlns:xsi="http://www.w3.org/2001/XMLSchema-instance" xmlns="http://docs.oasis-open.org/legaldocml/ns/akn/3.0" xsi:schemaLocation="http://docs.oasis-open.org/legaldocml/ns/akn/3.0 http://docs.oasis-open.org/legaldocml/akn-core/v1.0/cos01/part2-specs/schemas/akomantoso30.xsd"><act name="UnitedKingdomStatutoryInstrument"><meta><identification source="#source"><FRBRWork><FRBRthis value="http://www.legislation.gov.uk/id/uksi/1996/270"/><FRBRuri value="http://www.legislation.gov.uk/id/uksi/1996/270"/><FRBRdate date="1996-02-14" name="made"/><FRBRauthor href="http://www.legislation.gov.uk/id/government/uk"/><FRBRcountry value="GB-UKM"/><FRBRsubtype value="order"/><FRBRnumber value="270"/><FRBRname value="S.I. 1996/270"/><FRBRprescriptive value="true"/></FRBRWork><FRBRExpression><FRBRthis value="http://www.legislation.gov.uk/uksi/1996/270/made"/><FRBRuri value="http://www.legislation.gov.uk/uksi/1996/270/made"/><FRBRdate date="1996-02-14" name="made"/><FRBRauthor href="#source"/><FRBRlanguage language="eng"/></FRBRExpression><FRBRManifestation><FRBRthis value="http://www.legislation.gov.uk/uksi/1996/270/made/data.akn"/><FRBRuri value="http://www.legislation.gov.uk/uksi/1996/270/made/data.akn"/><FRBRdate date="2021-07-26+01:00" name="transform"/><FRBRauthor href="http://www.legislation.gov.uk"/><FRBRformat value="application/akn+xml"/></FRBRManifestation></identification><classification source="#source"><keyword value="vat" showAs="VAT" dictionary="http://www.legislation.gov.uk"/><keyword value="capital gains tax" showAs="Capital gains tax" dictionary="http://www.legislation.gov.uk"/><keyword value="international immunities and privileges" showAs="INTERNATIONAL IMMUNITIES AND PRIVILEGES" dictionary="http://www.legislation.gov.uk"/></classification><lifecycle source="#source"><eventRef date="1996-02-14" type="generation" eId="made-date" source="#source"/></lifecycle><references source="#source"><TLCOrganization eId="source" href="http://www.legislation.gov.uk/id/publisher/KingsOrQueensPrinterOfActsOfParliament" showAs="Queen's Printer of Acts of Parliament"/><passiveRef href="http://www.legislation.gov.uk/id/ssi/2009/44" showAs="The International Organisations (Immunities and Privileges) (Scotland) Order 2009"/><TLCRole eId="ref-d4e490" href="/ontology/role/uk.Clerk of the Privy Council" showAs="Clerk of the Privy Council"/><TLCPerson eId="ref-d4e488" href="/ontology/persons/uk.N.H.Nicholls" showAs="N. H. Nicholls"/><TLCConcept href="/uk/subject/international-immunities-and-privileges" showAs="INTERNATIONAL IMMUNITIES AND PRIVILEGES" eId="d4e68"/></references><notes source="#source"><note class="footnote" eId="f00001"><p><ref href="http://www.legislation.gov.uk/id/ukpga/1968/48">1968 c. 48</ref>.</p></note><note class="footnote" eId="f00002"><p>As amended by section 1 of the International Organisations Act <ref href="http://www.legislation.gov.uk/id/ukpga/1981/9">1981 (c. 9</ref>.).</p></note><note class="footnote" eId="f00003"><p><abbr title="Command Paper" xml:lang="">Cmnd.</abbr> 8941.</p></note><note class="footnote" eId="f00004"><p><ref href="http://www.legislation.gov.uk/id/ukpga/1964/81">1964 c. 81</ref>.</p></note><note class="footnote" eId="f00005"><p><ref href="http://www.legislation.gov.uk/id/ukpga/1979/5">1979 c. 5</ref>.</p></note></notes><proprietary xmlns:ukl="http://www.legislation.gov.uk/namespaces/legislation" xmlns:ukm="http://www.legislation.gov.uk/namespaces/metadata" xmlns:dc="http://purl.org/dc/elements/1.1/" xmlns:dct="http://purl.org/dc/terms/" xmlns:atom="http://www.w3.org/2005/Atom" source="#source"><dc:identifier>http://www.legislation.gov.uk/uksi/1996/270/made</dc:identifier><dc:title>The International Sea-Bed Authority (Immunities and Privileges) Order 1996</dc:title><dc:subject>VAT</dc:subject><dc:subject>Capital gains tax</dc:subject><dc:publisher>Queen's Printer of Acts of Parliament</dc:publisher><dc:modified>2015-03-10</dc:modified><dc:subject scheme="SIheading">INTERNATIONAL IMMUNITIES AND PRIVILEGES</dc:subject><dc:description>This Order confers privileges and immunities on the International Sea-Bed Authority, its officials, representatives of its members and experts performing missions for it, and on the Enterprise, an organ of the Authority. These privileges and immunities are conferred in accordance with the United Nations Convention on the Law of the Sea (Cmnd. 8941). The Order will enable Her Majesty’s Government to give effect to that Convention, and will come into force, with the exception of Article 13, on the date on which the Convention enters into force in respect of the United Kingdom. Article 13 will come into force when the Enterprise operates independently of the Secretariat of the Authority.</dc:description><atom:link rel="self" href="http://www.legislation.gov.uk/uksi/1996/270/made/data.xml" type="application/xml"/><atom:link rel="http://www.legislation.gov.uk/def/navigation/resources" href="http://www.legislation.gov.uk/uksi/1996/270/resources" title="More Resources"/><atom:link rel="http://www.legislation.gov.uk/def/navigation/act" href="http://www.legislation.gov.uk/uksi/1996/270/made" title="whole act"/><atom:link rel="http://www.legislation.gov.uk/def/navigation/introduction" href="http://www.legislation.gov.uk/uksi/1996/270/introduction/made" title="introduction"/><atom:link rel="http://www.legislation.gov.uk/def/navigation/signature" href="http://www.legislation.gov.uk/uksi/1996/270/signature/made" title="signature"/><atom:link rel="http://www.legislation.gov.uk/def/navigation/note" href="http://www.legislation.gov.uk/uksi/1996/270/note/made" title="note"/><atom:link rel="http://www.legislation.gov.uk/def/navigation/body" href="http://www.legislation.gov.uk/uksi/1996/270/body/made" title="body"/><atom:link rel="alternate" type="application/rdf+xml" href="http://www.legislation.gov.uk/uksi/1996/270/made/data.rdf" title="RDF/XML"/><atom:link rel="alternate" type="application/akn+xml" href="http://www.legislation.gov.uk/uksi/1996/270/made/data.akn" title="AKN"/><atom:link rel="alternate" type="application/xhtml+xml" href="http://www.legislation.gov.uk/uksi/1996/270/made/data.xht" title="HTML snippet"/><atom:link rel="alternate" type="application/pdf" href="http://www.legislation.gov.uk/uksi/1996/270/made/data.pdf" title="PDF"/><atom:link rel="alternate" type="application/akn+xhtml" href="http://www.legislation.gov.uk/uksi/1996/270/made/data.html" title="HTML5 snippet"/><atom:link rel="http://purl.org/dc/terms/tableOfContents" hreflang="en" href="http://www.legislation.gov.uk/uksi/1996/270/contents/made" title="Table of Contents"/><ukm:SecondaryMetadata><ukm:DocumentClassification><ukm:DocumentCategory Value="secondary"/><ukm:DocumentMainType Value="UnitedKingdomStatutoryInstrument"/><ukm:DocumentStatus Value="final"/><ukm:DocumentMinorType Value="order"/></ukm:DocumentClassification><ukm:Year Value="1996"/><ukm:Number Value="270"/><ukm:Made Date="1996-02-14"/><ukm:RoyalPresence Date="1996-02-14"/><ukm:ISBN Value="011054076X"/><ukm:UnappliedEffects><ukm:UnappliedEffect EffectId="key-2eec8405f6071efd633225d96fd29e9e" URI="http://www.legislation.gov.uk/id/effect/ssi-2009-44xls-8" Type="rev (S)" RequiresApplied="true" AffectingYear="2009" AffectingNumber="44" AffectingProvisions="art 3" AffectedURI="http://www.legislation.gov.uk/id/uksi/1996/270" AffectedYear="1996" AffectedNumber="270" AffectingURI="http://www.legislation.gov.uk/id/ssi/2009/44" Created="2013-10-13T02:56:49.906+01:00" AffectedClass="UnitedKingdomStatutoryInstrument" AffectingClass="ScottishStatutoryInstrument" Modified="2013-10-13T02:56:49.906+01:00"><ukm:AffectedTitle>The International Sea-Bed Authority (Immunities and Privileges) Order 1996</ukm:AffectedTitle><ukm:AffectingTitle>The International Organisations (Immunities and Privileges) (Scotland) Order 2009</ukm:AffectingTitle><ukm:AffectingProvisions><ukm:Section Ref="article-3" URI="http://www.legislation.gov.uk/id/ssi/2009/44/article/3">art 3</ukm:Section></ukm:AffectingProvisions><ukm:InForceDates><ukm:InForce Prospective="true" Qualification="" Applied="false"/></ukm:InForceDates></ukm:UnappliedEffect></ukm:UnappliedEffects></ukm:SecondaryMetadata><ukm:Statistics><ukm:TotalParagraphs Value="16"/><ukm:BodyParagraphs Value="16"/><ukm:ScheduleParagraphs Value="0"/><ukm:AttachmentParagraphs Value="0"/><ukm:TotalImages Value="0"/></ukm:Statistics></proprietary></meta><preface><p class="number"><docNumber>1996 No. 270</docNumber></p><block name="subject"><concept class="title" refersTo="#d4e68">INTERNATIONAL IMMUNITIES AND PRIVILEGES</concept></block><p class="title"><shortTitle>The International Sea-Bed Authority (Immunities and Privileges) Order 1996</shortTitle></p><p class="MadeDate"><span>Made</span><docDate date="1996-02-14">14th February 1996</docDate></p><p class="ComingIntoForce"><span>Coming into force in accordance with Article 1</span></p></preface><preamble><container name="RoyalPresence"><p>At the Court at Buckingham Palace, the 14th day of February 1996</p><p>Present,</p><p>The Queen’s Most Excellent Majesty in Council</p></container><p>Whereas a draft of this Order has been laid before Parliament in accordance with section 10 of the International Organisations Act 1968<noteRef href="#f00001" class="footnote" marker="1"/> (“<abbr title="International Organisations Act 1968 c. 48" xml:lang="">the Act</abbr>”) and has been approved by a resolution of each House of Parliament:</p><formula name="EnactingText"><p>Now, therefore, Her Majesty, by virtue and in exercise of the powers conferred on Her by section 1 of <abbr title="International Organisations Act 1968 c. 48" xml:lang="">the Act</abbr><noteRef href="#f00002" class="footnote" marker="2"/> or otherwise in Her Majesty vested, is pleased, by and with the advice of Her Privy Council, to order, and it is hereby ordered, as follows:—</p></formula></preamble><body><part eId="part-I"><num>PART I</num><heading>GENERAL</heading><article eId="article-1"><num>1</num><heading>Citation and Entry into Force</heading><paragraph eId="article-1-1"><num>1</num><content><p>This Order may be cited as the International Sea-Bed Authority (Immunities and Privileges) Order 1996.</p></content></paragraph><paragraph eId="article-1-2"><num>2</num><content><p>It shall, with the exception of Article 13, come into force on the date, to be notified in the London, Edinburgh and Belfast Gazettes, on which the United Nations Convention on the Law of the Sea of 10th December 1982<noteRef href="#f00003" class="footnote" marker="3"/> (“the Convention”) enters into force in respect of the United Kingdom.</p></content></paragraph><paragraph eId="article-1-3"><num>3</num><content><p>Article 13 shall come into force on the date, to be notified in the London, Edinburgh and Belfast Gazettes, on which the <abbr title="the organ of the International Sea-Bed Authority referred to in Article 158(2) and Article 170 of the Convention" xml:lang="">Enterprise</abbr> operates independently of the Secretariat of the <abbr title="International Sea-Bed Authority" xml:lang="">Authority</abbr>.</p></content></paragraph></article><article eId="article-2"><num>2</num><heading>Interpretation</heading><intro><p>In this Order:</p></intro><subparagraph eId="article-2-a"><num>a</num><content><p>“the <abbr title="the Articles (being certain Articles of the Vienna Convention on Diplomatic Relations signed in 1961) which are set out in Schedule 1 to the Diplomatic Privileges Act 1964 c. 81" xml:lang="">1961 Convention Articles</abbr>” means the Articles (being certain Articles of the Vienna Convention on Diplomatic Relations signed in 1961) which are set out in Schedule 1 to the Diplomatic Privileges Act 1964<noteRef href="#f00004" class="footnote" marker="4"/>;</p></content></subparagraph><subparagraph eId="article-2-b"><num>b</num><content><p>“<abbr title="International Sea-Bed Authority" xml:lang="">Authority</abbr>” means the International Sea-Bed Authority established by the Convention;</p></content></subparagraph><subparagraph eId="article-2-c"><num>c</num><content><p>“<abbr title="the organ of the International Sea-Bed Authority referred to in Article 158(2) and Article 170 of the Convention" xml:lang="">Enterprise</abbr>” means the organ of the <abbr title="International Sea-Bed Authority" xml:lang="">Authority</abbr> referred to in Article 158(2) and Article 170 of the Convention;</p></content></subparagraph><subparagraph eId="article-2-d"><num>d</num><content><p>“<abbr title="a representative of a member of the International Sea-Bed Authority attending meetings of the Assembly, the Council or organs of the Assembly or Council" xml:lang="">representative</abbr>” means a <abbr title="a representative of a member of the International Sea-Bed Authority attending meetings of the Assembly, the Council or organs of the Assembly or Council" xml:lang="">representative</abbr> of a member of the <abbr title="International Sea-Bed Authority" xml:lang="">Authority</abbr> attending meetings of the Assembly, the Council or organs of the Assembly or Council.</p></content></subparagraph></article></part><part eId="part-II"><num>PART II</num><heading>THE AUTHORITY</heading><article eId="article-3"><num>3</num><content><p>The <abbr title="International Sea-Bed Authority" xml:lang="">Authority</abbr> is an organisation of which the United Kingdom and other sovereign Powers are members.</p></content></article><article eId="article-4"><num>4</num><content><p>The <abbr title="International Sea-Bed Authority" xml:lang="">Authority</abbr> (including the <abbr title="the organ of the International Sea-Bed Authority referred to in Article 158(2) and Article 170 of the Convention" xml:lang="">Enterprise</abbr>) shall have the legal capacities of a body corporate.</p></content></article><article eId="article-5"><num>5</num><content><p>The <abbr title="International Sea-Bed Authority" xml:lang="">Authority</abbr>, its property and assets shall enjoy immunity from suit and legal process, except to the extent that the <abbr title="International Sea-Bed Authority" xml:lang="">Authority</abbr> expressly waives this immunity in a particular case.</p></content></article><article eId="article-6"><num>6</num><content><p>The <abbr title="International Sea-Bed Authority" xml:lang="">Authority</abbr> shall have the like inviolability in respect of its premises and archives as, in accordance with the <abbr title="the Articles (being certain Articles of the Vienna Convention on Diplomatic Relations signed in 1961) which are set out in Schedule 1 to the Diplomatic Privileges Act 1964 c. 81" xml:lang="">1961 Convention Articles</abbr>, is accorded in respect of the official premises and archives of a diplomatic mission.</p></content></article><article eId="article-7"><num>7</num><content><p>Within the scope of its official activities, the <abbr title="International Sea-Bed Authority" xml:lang="">Authority</abbr>, its assets and property, its income, and its operations and transactions, authorised by the Convention, shall have exemption from income tax, capital gains tax and corporation tax.</p></content></article><article eId="article-8"><num>8</num><content><p>The <abbr title="International Sea-Bed Authority" xml:lang="">Authority</abbr> shall have the like relief from rates as in accordance with Article 23 of the <abbr title="the Articles (being certain Articles of the Vienna Convention on Diplomatic Relations signed in 1961) which are set out in Schedule 1 to the Diplomatic Privileges Act 1964 c. 81" xml:lang="">1961 Convention Articles</abbr> is accorded in respect of the premises of a diplomatic mission.</p></content></article><article eId="article-9"><num>9</num><content><p>The <abbr title="International Sea-Bed Authority" xml:lang="">Authority</abbr> shall have exemption from customs duties and taxes on the importation of goods for its official use in the United Kingdom.</p></content></article><article eId="article-10"><num>10</num><content><p>The <abbr title="International Sea-Bed Authority" xml:lang="">Authority</abbr> shall have relief, under arrangements made by the Commissioners of Customs and Excise, by way of refund of customs duty paid on imported hydrocarbon oil (within the meaning of the Hydrocarbon Oil Duties Act 1979<noteRef href="#f00005" class="footnote" marker="5"/>) or value added tax paid on the importation of such oil which is bought in the United Kingdom and used for the official purposes of the <abbr title="International Sea-Bed Authority" xml:lang="">Authority</abbr>, such relief to be subject to the compliance with the conditions as may be imposed in accordance with the arrangements.</p></content></article><article eId="article-11"><num>11</num><content><p>The <abbr title="International Sea-Bed Authority" xml:lang="">Authority</abbr> shall have relief, under arrangements made by the Secretary of State, by way of refund of value added tax paid on the purchase of new motor vehicles of United Kingdom manufacture and of value added tax on the supply of any goods or services which are used for the official purposes of the <abbr title="International Sea-Bed Authority" xml:lang="">Authority</abbr>, such relief to be subject to compliance with the conditions as may be imposed in accordance with the arrangements.</p></content></article></part><part eId="part-III"><num>PART III</num><heading>THE ENTERPRISE</heading><article eId="article-12"><num>12</num><content><p>Artices 5 to 11 of this Order shall not apply to the <abbr title="the organ of the International Sea-Bed Authority referred to in Article 158(2) and Article 170 of the Convention" xml:lang="">Enterprise</abbr>.</p></content></article><article eId="article-13"><num>13</num><intro><p>Except to the extent that the <abbr title="the organ of the International Sea-Bed Authority referred to in Article 158(2) and Article 170 of the Convention" xml:lang="">Enterprise</abbr> shall have waived such immunity, the <abbr title="the organ of the International Sea-Bed Authority referred to in Article 158(2) and Article 170 of the Convention" xml:lang="">Enterprise</abbr> shall have immunity from suit and legal process—</p></intro><subparagraph eId="article-13-a"><num>a</num><content><p>where the <abbr title="the organ of the International Sea-Bed Authority referred to in Article 158(2) and Article 170 of the Convention" xml:lang="">Enterprise</abbr> has no office in the United Kingdom, has not appointed any agent in the United Kingdom for the purpose of accepting service or notice of process, has not entered into a contract for goods or services in the United Kingdom, has not issued securities in the United Kingdom and has not otherwise engaged in commercial activity in the United Kingdom;</p></content></subparagraph><subparagraph eId="article-13-b"><num>b</num><content><p>in respect of all forms of seizure, attachment or execution before the delivery of final judgment against the <abbr title="the organ of the International Sea-Bed Authority referred to in Article 158(2) and Article 170 of the Convention" xml:lang="">Enterprise</abbr>; and</p></content></subparagraph><subparagraph eId="article-13-c"><num>c</num><content><p>in respect of the requisition, confiscation, expropriation or any other form of seizure of property or assets of the <abbr title="the organ of the International Sea-Bed Authority referred to in Article 158(2) and Article 170 of the Convention" xml:lang="">Enterprise</abbr> wherever located and by whomsoever held.</p></content></subparagraph></article></part><part eId="part-IV"><num>PART IV</num><heading>REPRESENTATIVES</heading><article eId="article-14"><num>14</num><paragraph eId="article-14-1"><num>1</num><content><p>Representatives shall enjoy immunity from suit and legal process with respect to acts performed by them in the exercise of their functions, except to the extent that the State which they represent expressly waives this immunity in a particular case.</p></content></paragraph><paragraph eId="article-14-2"><num>2</num><intro><p>Part IV of Schedule 1 to <abbr title="International Organisations Act 1968 c. 48" xml:lang="">the Act</abbr> shall not operate so as to confer any privilege or immunity on—</p></intro><subparagraph eId="article-14-2-a"><num>a</num><content><p>the official staff of a <abbr title="a representative of a member of the International Sea-Bed Authority attending meetings of the Assembly, the Council or organs of the Assembly or Council" xml:lang="">representative</abbr> other than alternate representatives and advisers, or</p></content></subparagraph><subparagraph eId="article-14-2-b"><num>b</num><content><p>the family of a <abbr title="a representative of a member of the International Sea-Bed Authority attending meetings of the Assembly, the Council or organs of the Assembly or Council" xml:lang="">representative</abbr>.</p></content></subparagraph></paragraph><paragraph eId="article-14-3"><num>3</num><content><p>Neither the preceding paragraphs of this Article nor Part IV of Schedule 1 to <abbr title="International Organisations Act 1968 c. 48" xml:lang="">the Act</abbr> shall operate so as to confer any privilege or immunity on any person as the <abbr title="a representative of a member of the International Sea-Bed Authority attending meetings of the Assembly, the Council or organs of the Assembly or Council" xml:lang="">representative</abbr> of the United Kingdom or as a member of the official staff of such a <abbr title="a representative of a member of the International Sea-Bed Authority attending meetings of the Assembly, the Council or organs of the Assembly or Council" xml:lang="">representative</abbr> or on any person who is a British citizen, a British Dependent Territories citizen, a British Overseas citizen, or a British National (Overseas).</p></content></paragraph></article></part><part eId="part-IV"><num>PART IV</num><heading>OFFICIALS</heading><article eId="article-15"><num>15</num><paragraph eId="article-15-1"><num>1</num><content><p>The Secretary-General and staff of the <abbr title="International Sea-Bed Authority" xml:lang="">Authority</abbr> shall enjoy immunity from suit and legal process with respect to acts performed by them in the exercise of their functions, except to the extent that the <abbr title="International Sea-Bed Authority" xml:lang="">Authority</abbr> expressly waives this immunity in a particular case.</p></content></paragraph><paragraph eId="article-15-2"><num>2</num><content><p>The Secretary-General and staff of the <abbr title="International Sea-Bed Authority" xml:lang="">Authority</abbr>, who are not British citizens, British Dependent Territories citizens, British Overseas citizens, or British Nationals (Overseas) shall enjoy exemption from income tax in respect of emoluments received by them from the <abbr title="International Sea-Bed Authority" xml:lang="">Authority</abbr>.</p></content></paragraph><paragraph eId="article-15-3"><num>3</num><content><p>Part IV of Schedule 1 to <abbr title="International Organisations Act 1968 c. 48" xml:lang="">the Act</abbr> shall not operate so as to confer any privilege or immunity on any member of the family of an official to whom this Article applies.</p></content></paragraph><paragraph eId="article-15-4"><num>4</num><content><p>Paragraph (2) of this Article shall not apply to pensions and annuities paid by the <abbr title="International Sea-Bed Authority" xml:lang="">Authority</abbr>.</p></content></paragraph></article></part><part eId="part-V"><num>PART V</num><heading>EXPERTS PERFORMING MISSIONS</heading><article eId="article-16"><num>16</num><content><p>Experts perfoming missions for the <abbr title="International Sea-Bed Authority" xml:lang="">Authority</abbr> who are not British citizens, British Dependent Territories citizens, British Overseas citizens, or British Nationals (Overseas) shall enjoy exemption from income tax in respect of emoluments received by them from the <abbr title="International Sea-Bed Authority" xml:lang="">Authority</abbr>.</p></content></article></part><hcontainer name="signatures"><content><block name="signature"><signature><person refersTo="#ref-d4e488">N. H. Nicholls</person><role refersTo="#ref-d4e490">Clerk of the Privy Council</role></signature></block></content></hcontainer></body><conclusions><blockContainer class="ExplanatoryNotes"><intro><p>(This note is not part of the Order)</p></intro><p><authorialNote><p>This Order confers privileges and immunities on the International Sea-Bed Authority, its officials, representatives of its members and experts performing missions for it, and on the <abbr title="the organ of the International Sea-Bed Authority referred to in Article 158(2) and Article 170 of the Convention" xml:lang="">Enterprise</abbr>, an organ of the <abbr title="International Sea-Bed Authority" xml:lang="">Authority</abbr>. These privileges and immunities are conferred in accordance with the United Nations Convention on the Law of the Sea (<abbr title="Command Paper" xml:lang="">Cmnd.</abbr> 8941). The Order will enable Her Majesty’s Government to give effect to that Convention, and will come into force, with the exception of Article 13, on the date on which the Convention enters into force in respect of the United Kingdom. Article 13 will come into force when the <abbr title="the organ of the International Sea-Bed Authority referred to in Article 158(2) and Article 170 of the Convention" xml:lang="">Enterprise</abbr> operates independently of the Secretariat of the <abbr title="International Sea-Bed Authority" xml:lang="">Authority</abbr>.</p></authorialNote></p></blockContainer></conclusions></act></akomaNtoso>