<akomaNtoso xmlns:xsi="http://www.w3.org/2001/XMLSchema-instance" xmlns="http://docs.oasis-open.org/legaldocml/ns/akn/3.0" xsi:schemaLocation="http://docs.oasis-open.org/legaldocml/ns/akn/3.0 http://docs.oasis-open.org/legaldocml/akn-core/v1.0/cos01/part2-specs/schemas/akomantoso30.xsd"><act name="UnitedKingdomStatutoryInstrument"><meta><identification source="#source"><FRBRWork><FRBRthis value="http://www.legislation.gov.uk/id/uksi/1996/347"/><FRBRuri value="http://www.legislation.gov.uk/id/uksi/1996/347"/><FRBRdate date="1996-02-19" name="made"/><FRBRauthor href="http://www.legislation.gov.uk/id/government/uk"/><FRBRcountry value="GB-UKM"/><FRBRsubtype value="order"/><FRBRnumber value="347"/><FRBRname value="S.I. 1996/347"/><FRBRprescriptive value="true"/></FRBRWork><FRBRExpression><FRBRthis value="http://www.legislation.gov.uk/uksi/1996/347/made"/><FRBRuri value="http://www.legislation.gov.uk/uksi/1996/347/made"/><FRBRdate date="1996-02-19" name="made"/><FRBRauthor href="#source"/><FRBRlanguage language="eng"/></FRBRExpression><FRBRManifestation><FRBRthis value="http://www.legislation.gov.uk/uksi/1996/347/made/data.akn"/><FRBRuri value="http://www.legislation.gov.uk/uksi/1996/347/made/data.akn"/><FRBRdate date="2021-07-26+01:00" name="transform"/><FRBRauthor href="http://www.legislation.gov.uk"/><FRBRformat value="application/akn+xml"/></FRBRManifestation></identification><classification source="#source"><keyword value="fair trading" showAs="Fair trading" dictionary="http://www.legislation.gov.uk"/><keyword value="deregulation" showAs="DEREGULATION" dictionary="http://www.legislation.gov.uk"/></classification><lifecycle source="#source"><eventRef date="1996-02-19" type="generation" eId="made-date" source="#source"/><eventRef date="1996-03-19" eId="coming-into-force-date-1" source="#source"/></lifecycle><references source="#source"><TLCOrganization eId="source" href="http://www.legislation.gov.uk/id/publisher/KingsOrQueensPrinterOfActsOfParliament" showAs="Queen's Printer of Acts of Parliament"/><TLCOrganization eId="ref-d4e275" href="/ontology/organization/uk.Department of Trade and Industry" showAs="Department of Trade and Industry"/><TLCRole eId="ref-d4e273" href="/ontology/role/uk.Parliamentary Under Secretary of State" showAs="Parliamentary Under Secretary of State"/><TLCPerson eId="ref-d4e271" href="/ontology/persons/uk.JohnTaylor," showAs="John Taylor,"/><TLCConcept href="/uk/subject/deregulation" showAs="DEREGULATION" eId="d4e55"/></references><notes source="#source"><note class="footnote" eId="f00001"><p><ref href="http://www.legislation.gov.uk/id/ukpga/1976/34">1976 c. 34</ref>.</p></note><note class="footnote" eId="f00002"><p><ref href="http://www.legislation.gov.uk/id/ukpga/1994/40">1994 c. 40</ref>.</p></note><note class="footnote" eId="f00003"><p>Entry (f) in the Table was amended by section 27(4) of the Competition Act <ref href="http://www.legislation.gov.uk/id/ukpga/1980/21">1980 (c. 21)</ref>.</p></note></notes><proprietary xmlns:ukl="http://www.legislation.gov.uk/namespaces/legislation" xmlns:ukm="http://www.legislation.gov.uk/namespaces/metadata" xmlns:dc="http://purl.org/dc/elements/1.1/" xmlns:dct="http://purl.org/dc/terms/" xmlns:atom="http://www.w3.org/2005/Atom" source="#source"><dc:identifier>http://www.legislation.gov.uk/uksi/1996/347/made</dc:identifier><dc:title>The Deregulation (Restrictive Trade Practices Act 1976) (Amendment) (Time Limits) Order 1996</dc:title><dc:subject>Fair trading</dc:subject><dc:publisher>Queen's Printer of Acts of Parliament</dc:publisher><dc:modified>2016-08-02</dc:modified><dc:subject scheme="SIheading">DEREGULATION</dc:subject><dc:description>This Order is made under the Deregulation and Contracting Out Act 1994 which allows statutory provisions to be amended, without removing any necessary protection, in order to reduce burdens affecting persons carrying on business.</dc:description><atom:link rel="self" href="http://www.legislation.gov.uk/uksi/1996/347/made/data.xml" type="application/xml"/><atom:link rel="http://www.legislation.gov.uk/def/navigation/resources" href="http://www.legislation.gov.uk/uksi/1996/347/resources" title="More Resources"/><atom:link rel="http://www.legislation.gov.uk/def/navigation/act" href="http://www.legislation.gov.uk/uksi/1996/347/made" title="whole act"/><atom:link rel="http://www.legislation.gov.uk/def/navigation/introduction" href="http://www.legislation.gov.uk/uksi/1996/347/introduction/made" title="introduction"/><atom:link rel="http://www.legislation.gov.uk/def/navigation/signature" href="http://www.legislation.gov.uk/uksi/1996/347/signature/made" title="signature"/><atom:link rel="http://www.legislation.gov.uk/def/navigation/note" href="http://www.legislation.gov.uk/uksi/1996/347/note/made" title="note"/><atom:link rel="http://www.legislation.gov.uk/def/navigation/body" href="http://www.legislation.gov.uk/uksi/1996/347/body/made" title="body"/><atom:link rel="alternate" type="application/rdf+xml" href="http://www.legislation.gov.uk/uksi/1996/347/made/data.rdf" title="RDF/XML"/><atom:link rel="alternate" type="application/akn+xml" href="http://www.legislation.gov.uk/uksi/1996/347/made/data.akn" title="AKN"/><atom:link rel="alternate" type="application/xhtml+xml" href="http://www.legislation.gov.uk/uksi/1996/347/made/data.xht" title="HTML snippet"/><atom:link rel="alternate" type="application/pdf" href="http://www.legislation.gov.uk/uksi/1996/347/made/data.pdf" title="PDF"/><atom:link rel="alternate" type="application/akn+xhtml" href="http://www.legislation.gov.uk/uksi/1996/347/made/data.html" title="HTML5 snippet"/><atom:link rel="http://purl.org/dc/terms/tableOfContents" hreflang="en" href="http://www.legislation.gov.uk/uksi/1996/347/contents/made" title="Table of Contents"/><ukm:SecondaryMetadata><ukm:DocumentClassification><ukm:DocumentCategory Value="secondary"/><ukm:DocumentMainType Value="UnitedKingdomStatutoryInstrument"/><ukm:DocumentStatus Value="final"/><ukm:DocumentMinorType Value="order"/></ukm:DocumentClassification><ukm:Year Value="1996"/><ukm:Number Value="347"/><ukm:Made Date="1996-02-19"/><ukm:ComingIntoForce><ukm:DateTime Date="1996-03-19"/></ukm:ComingIntoForce><ukm:ISBN Value="0110541030"/></ukm:SecondaryMetadata><ukm:Statistics><ukm:TotalParagraphs Value="6"/><ukm:BodyParagraphs Value="6"/><ukm:ScheduleParagraphs Value="0"/><ukm:AttachmentParagraphs Value="0"/><ukm:TotalImages Value="0"/></ukm:Statistics></proprietary></meta><preface><p class="number"><docNumber>1996 No. 347</docNumber></p><block name="subject"><concept class="title" refersTo="#d4e55">DEREGULATION</concept></block><p class="title"><shortTitle>The Deregulation (Restrictive Trade Practices Act 1976) (Amendment) (Time Limits) Order 1996</shortTitle></p><p class="MadeDate"><span>Made</span><docDate date="1996-02-19">19th February 1996</docDate></p><p class="ComingIntoForce"><span>Coming into force</span><docDate date="1996-03-19">19th March 1996</docDate></p></preface><preamble><formula name="EnactingText"><p>Whereas:</p><blockList class="ordered"><item><num>a</num><p>the Secretary of State is of the opinion that certain provisions of the Restrictive Trade Practices Act 1976<noteRef href="#f00001" class="footnote" marker="1"/> impose burdens affecting persons in the carrying on of a trade, business, profession or otherwise and that by amending or repealing the provisions concerned and by making certain other provision it is possible to remove or reduce the burdens without removing any necessary protection;</p></item><item><num>b</num><p>he has consulted such organisations as appear to him to be representative of interests substantially affected by his proposals and such other persons as he considers appropriate;</p></item><item><num>c</num><p>it appears to the Secretary of State that it is appropriate, following that consultation, to proceed with the making of this Order;</p></item><item><num>d</num><p>a document setting out the Secretary of State’s proposals has been laid before Parliament in accordance with section 3 of the Deregulation and Contracting Out Act 1994<noteRef href="#f00002" class="footnote" marker="2"/> and the period for Parliamentary consideration under section 4 of that Act has expired;</p></item><item><num>e</num><p>the Secretary of State has had regard to the representations made during that period;</p></item><item><num>f</num><p>a draft of this Order has been laid before Parliament with a statement giving details of such representations and the changes (if any) to the Secretary of State’s proposals in the light of those representations; and</p></item><item><num>g</num><p>a draft of this Order has been approved by resolution of each House of Parliament:</p></item></blockList><p>Now, therefore, the Secretary of State, in exercise of the powers conferred on him by section 1 of the Deregulation and Contracting Out Act 1994, hereby makes the following Order:</p></formula></preamble><body><article eId="article-1"><num>1</num><content><p>This Order may be cited as the Deregulation (Restrictive Trade Practices Act 1976) (Amendment) (Time Limits) Order 1996 and shall come into force one month after the day on which it is made.</p></content></article><article eId="article-2"><num>2</num><content><p>In this Order “<abbr title="Restrictive Trade Practices Act 1976 c. 34" xml:lang="">the Act</abbr>” means the Restrictive Trade Practices Act 1976.</p></content></article><article eId="article-3"><num>3</num><intro><p>The entries in the second column of the Table in paragraph 5(1) of Schedule 2 to <abbr title="Restrictive Trade Practices Act 1976 c. 34" xml:lang="">the Act</abbr> (time for furnishing particulars of agreements) shall be amended as follows:—</p></intro><clause eId="article-3-i"><num>i</num><content><p>in entry (a) by the omission of the words “Before the date on which any restriction accepted or information provision made under the agreement takes effect, and in any case”</p></content></clause><clause eId="article-3-ii"><num>ii</num><content><p>in entry (f) by the substitution for the existing entry of “within 3 months from the day on which the agreement becomes so subject”<noteRef href="#f00003" class="footnote" marker="3"/></p></content></clause><clause eId="article-3-iii"><num>iii</num><content><p>in entry (i) by the substitution for the existing entry of “within 3 months from the day of the variation”.</p></content></clause></article><article eId="article-4"><num>4</num><content><p>After section 27 of <abbr title="Restrictive Trade Practices Act 1976 c. 34" xml:lang="">the Act</abbr> there shall be inserted—</p><p class="BlockAmendment"><mod><quotedStructure class="unknown unknown unknown default" startQuote="“" endQuote="”"><article eId="d4e166"><num>27ZA</num><heading>Certain provisions not to be acted upon before registration.</heading><paragraph eId="d4e170"><num>1</num><intro><p>This section has effect where—</p></intro><subparagraph eId="d4e176"><num>a</num><content><p>the time for furnishing particulars of an agreement or variation to the Director is determined by entry (a), (f) or (i) in the Table in paragraph 5(1) of Schedule 2 to this Act, and</p></content></subparagraph><subparagraph eId="d4e182"><num>b</num><content><p>that time has not expired.</p></content></subparagraph></paragraph><paragraph eId="d4e188"><num>2</num><intro><p>Where the time is determined by entry (a) or (f), it shall be unlawful, before particulars of the agreement concerned have been duly furnished to the Director, for any person who—</p></intro><subparagraph eId="d4e194"><num>a</num><content><p>carries on business within the United Kingdom, and</p></content></subparagraph><subparagraph eId="d4e200"><num>b</num><content><p>is a party to the agreement,</p></content></subparagraph><wrapUp><p>to give effect to, or enforce or purport to enforce, the agreement in respect of the restrictions accepted or information provisions made under the agreement.</p></wrapUp></paragraph><paragraph eId="d4e208"><num>3</num><intro><p>Where the time is determined by entry (i), it shall be unlawful, before particulars of the variation concerned have been duly furnished to the Director, for any person who—</p></intro><subparagraph eId="d4e214"><num>a</num><content><p>carries on business within the United Kingdom, and</p></content></subparagraph><subparagraph eId="d4e220"><num>b</num><content><p>is a party to the agreement concerned,</p></content></subparagraph><wrapUp><p>to give effect to, or enforce or purport to enforce, the extensions or additions to the restrictions accepted or information provisions made under the agreement.</p></wrapUp></paragraph><paragraph eId="d4e228"><num>4</num><content><p>Subsections (2) to (7) of section 35 below shall apply in relation to the enforcement of the obligation imposed by subsection (2) above as they apply in relation to the enforcement of the obligation imposed by subsection (1)(b) of that section.</p></content></paragraph><paragraph eId="d4e234"><num>5</num><content><p>Subsections (2) to (7) of section 35 below, as applied by subsection (8) of that section, shall apply in relation to the enforcement of the obligation imposed by subsection (3) above as they apply in relation to the enforcement of the obligation imposed by subsection (1)(b) of that section, as so applied.</p></content></paragraph></article></quotedStructure></mod></p></content></article><article eId="article-5"><num>5</num><content><p>In Schedule 2 to <abbr title="Restrictive Trade Practices Act 1976 c. 34" xml:lang="">the Act</abbr> (furnishing of particulars of agreements) in paragraph 2 (which discharges or modifies the obligation to furnish particulars where an agreement which becomes subject to registration after it is made is determined or varied before particulars are furnished) at the end there shall be inserted—</p><p class="BlockAmendment"><mod><quotedStructure class="unknown unknown schedule default" startQuote="“" endQuote="”"><subparagraph eId="d4e250"><num>4</num><intro><p>Where the time for furnishing particulars of an agreement is determined by entry (f) of the Table in paragraph 5(1) below—</p></intro><paragraph eId="d4e256"><num>a</num><content><p>sub-paragraph (2) above shall not apply where the restrictions made or information provisions accepted under the agreement take effect before the agreement is determined, and</p></content></paragraph><paragraph eId="d4e262"><num>b</num><content><p>sub-paragraph (3) above shall only apply to variation of the agreement before the restrictions made or information provisions accepted under it take effect.</p></content></paragraph></subparagraph></quotedStructure></mod></p></content></article><hcontainer name="signatures"><content><block name="signature"><signature><person refersTo="#ref-d4e271">John Taylor,</person><role refersTo="#ref-d4e273">Parliamentary Under Secretary of State</role><organization refersTo="#ref-d4e275">Department of Trade and Industry</organization><date date="1996-02-19">19th February 1996</date></signature></block></content></hcontainer></body><conclusions><blockContainer class="ExplanatoryNotes"><intro><p>(This note is not part of the Order)</p></intro><p><authorialNote><p>This Order is made under the Deregulation and Contracting Out Act 1994 which allows statutory provisions to be amended, without removing any necessary protection, in order to reduce burdens affecting persons carrying on business.</p><p>This Order amends the Restrictive Trade Practices Act 1976 which requires that restrictive agreements between two or more persons carrying on business in the United Kingdom in the production or supply of goods or supply of services be furnished to the Director General of Fair Trading (the DGFT). At present <abbr title="Restrictive Trade Practices Act 1976 c. 34" xml:lang="">the Act</abbr> requires that particulars of certain categories of agreements be furnished to the DGFT before the restrictions in them take effect or within three months from the date of the agreement whichever first occurs. If particulars are not furnished as required, the restrictions in the agreement are void and it is unlawful to give effect to them (section 35).</p><p>This Order removes the requirement to furnish particulars of agreements before the restrictions take effect. The time limit for furnishing particulars of agreements in the categories concerned becomes three months from the date of the agreement. The Order makes it unlawful for the parties to operate the restrictions in the categories of agreement concerned in the period before particulars are furnished. The new provision applies in respect of the period before the time for furnishing has expired. If the time for furnishing expires without the agreement having been furnished, the existing provision in section 35 will apply as at present. The Order also makes a consequential amendment to <abbr title="Restrictive Trade Practices Act 1976 c. 34" xml:lang="">the Act</abbr>.</p></authorialNote></p></blockContainer></conclusions></act></akomaNtoso>