<akomaNtoso xmlns:xsi="http://www.w3.org/2001/XMLSchema-instance" xmlns="http://docs.oasis-open.org/legaldocml/ns/akn/3.0" xsi:schemaLocation="http://docs.oasis-open.org/legaldocml/ns/akn/3.0 http://docs.oasis-open.org/legaldocml/akn-core/v1.0/cos01/part2-specs/schemas/akomantoso30.xsd"><act name="UnitedKingdomStatutoryInstrument"><meta><identification source="#source"><FRBRWork><FRBRthis value="http://www.legislation.gov.uk/id/uksi/1996/271"/><FRBRuri value="http://www.legislation.gov.uk/id/uksi/1996/271"/><FRBRdate date="1996-02-14" name="made"/><FRBRauthor href="http://www.legislation.gov.uk/id/government/uk"/><FRBRcountry value="GB-UKM"/><FRBRsubtype value="order"/><FRBRnumber value="271"/><FRBRname value="S.I. 1996/271 (C. 5)"/><FRBRprescriptive value="true"/></FRBRWork><FRBRExpression><FRBRthis value="http://www.legislation.gov.uk/uksi/1996/271/made"/><FRBRuri value="http://www.legislation.gov.uk/uksi/1996/271/made"/><FRBRdate date="1996-02-14" name="made"/><FRBRauthor href="#source"/><FRBRlanguage language="eng"/></FRBRExpression><FRBRManifestation><FRBRthis value="http://www.legislation.gov.uk/uksi/1996/271/made/data.akn"/><FRBRuri value="http://www.legislation.gov.uk/uksi/1996/271/made/data.akn"/><FRBRdate date="2021-07-26+01:00" name="transform"/><FRBRauthor href="http://www.legislation.gov.uk"/><FRBRformat value="application/akn+xml"/></FRBRManifestation></identification><classification source="#source"><keyword value="national health service (nhs)" showAs="National Health Service (NHS)" dictionary="http://www.legislation.gov.uk"/><keyword value="health care services and specialisms" showAs="Health care services and specialisms" dictionary="http://www.legislation.gov.uk"/><keyword value="medical profession" showAs="MEDICAL PROFESSION" dictionary="http://www.legislation.gov.uk"/></classification><lifecycle source="#source"><eventRef date="1996-02-14" type="generation" eId="made-date" source="#source"/></lifecycle><references source="#source"><TLCOrganization eId="source" href="http://www.legislation.gov.uk/id/publisher/KingsOrQueensPrinterOfActsOfParliament" showAs="Queen's Printer of Acts of Parliament"/><TLCRole eId="ref-d4e146" href="/ontology/role/uk.Clerk of the Privy Council" showAs="Clerk of the Privy Council"/><TLCPerson eId="ref-d4e144" href="/ontology/persons/uk.N.H.Nicholls" showAs="N. H. Nicholls"/><TLCConcept href="/uk/subject/medical-profession" showAs="MEDICAL PROFESSION" eId="d4e59"/></references><notes source="#source"><note class="footnote" eId="f00001"><p><ref href="http://www.legislation.gov.uk/id/ukpga/1995/51">1995 c. 51</ref>.</p></note><note class="footnote" eId="f00002"><p><ref href="http://www.legislation.gov.uk/id/ukpga/1983/54">1983 c. 54</ref>.</p></note></notes><proprietary xmlns:ukl="http://www.legislation.gov.uk/namespaces/legislation" xmlns:ukm="http://www.legislation.gov.uk/namespaces/metadata" xmlns:dc="http://purl.org/dc/elements/1.1/" xmlns:dct="http://purl.org/dc/terms/" xmlns:atom="http://www.w3.org/2005/Atom" source="#source"><dc:identifier>http://www.legislation.gov.uk/uksi/1996/271/made</dc:identifier><dc:title>The Medical (Professional Performance) Act 1995 (Commencement No. 1) Order 1996</dc:title><dc:subject>National Health Service (NHS)</dc:subject><dc:subject>Health care services and specialisms</dc:subject><dc:publisher>Queen's Printer of Acts of Parliament</dc:publisher><dc:modified>2014-08-19</dc:modified><dc:subject scheme="SIheading">MEDICAL PROFESSION</dc:subject><dc:description>This Order brings into force on 1st May 1996 certain provisions of the Medical (Professional Performance) Act 1995 (“the Act”), which amends the Medical Act 1983, the National Health Service Act 1977, the National Health Service (Scotland) Act 1978 and the Health and Personal Social Services (Northern Ireland) Order 1972.</dc:description><atom:link rel="self" href="http://www.legislation.gov.uk/uksi/1996/271/made/data.xml" type="application/xml"/><atom:link rel="http://www.legislation.gov.uk/def/navigation/resources" href="http://www.legislation.gov.uk/uksi/1996/271/resources" title="More Resources"/><atom:link rel="http://www.legislation.gov.uk/def/navigation/act" href="http://www.legislation.gov.uk/uksi/1996/271/made" title="whole act"/><atom:link rel="http://www.legislation.gov.uk/def/navigation/introduction" href="http://www.legislation.gov.uk/uksi/1996/271/introduction/made" title="introduction"/><atom:link rel="http://www.legislation.gov.uk/def/navigation/signature" href="http://www.legislation.gov.uk/uksi/1996/271/signature/made" title="signature"/><atom:link rel="http://www.legislation.gov.uk/def/navigation/note" href="http://www.legislation.gov.uk/uksi/1996/271/note/made" title="note"/><atom:link rel="http://www.legislation.gov.uk/def/navigation/body" href="http://www.legislation.gov.uk/uksi/1996/271/body/made" title="body"/><atom:link rel="http://www.legislation.gov.uk/def/navigation/schedules" href="http://www.legislation.gov.uk/uksi/1996/271/schedules/made" title="schedules"/><atom:link rel="alternate" type="application/rdf+xml" href="http://www.legislation.gov.uk/uksi/1996/271/made/data.rdf" title="RDF/XML"/><atom:link rel="alternate" type="application/akn+xml" href="http://www.legislation.gov.uk/uksi/1996/271/made/data.akn" title="AKN"/><atom:link rel="alternate" type="application/xhtml+xml" href="http://www.legislation.gov.uk/uksi/1996/271/made/data.xht" title="HTML snippet"/><atom:link rel="alternate" type="application/pdf" href="http://www.legislation.gov.uk/uksi/1996/271/made/data.pdf" title="PDF"/><atom:link rel="alternate" type="application/akn+xhtml" href="http://www.legislation.gov.uk/uksi/1996/271/made/data.html" title="HTML5 snippet"/><atom:link rel="http://purl.org/dc/terms/tableOfContents" hreflang="en" href="http://www.legislation.gov.uk/uksi/1996/271/contents/made" title="Table of Contents"/><ukm:SecondaryMetadata><ukm:DocumentClassification><ukm:DocumentCategory Value="secondary"/><ukm:DocumentMainType Value="UnitedKingdomStatutoryInstrument"/><ukm:DocumentStatus Value="final"/><ukm:DocumentMinorType Value="order"/></ukm:DocumentClassification><ukm:Year Value="1996"/><ukm:Number Value="271"/><ukm:AlternativeNumber Category="C" Value="5"/><ukm:Made Date="1996-02-14"/><ukm:RoyalPresence Date="1996-02-14"/><ukm:ISBN Value="0110540816"/></ukm:SecondaryMetadata><ukm:Statistics><ukm:TotalParagraphs Value="2"/><ukm:BodyParagraphs Value="2"/><ukm:ScheduleParagraphs Value="0"/><ukm:AttachmentParagraphs Value="0"/><ukm:TotalImages Value="0"/></ukm:Statistics></proprietary></meta><preface><p class="number"><docNumber>1996 No. 271 (C.5)</docNumber></p><block name="subject"><concept class="title" refersTo="#d4e59">MEDICAL PROFESSION</concept></block><p class="title"><shortTitle>The Medical (Professional Performance) Act 1995 (Commencement <abbr title="Number" xml:lang="">No.</abbr> 1) Order 1996</shortTitle></p><p class="MadeDate"><span>Made</span><docDate date="1996-02-14">14th February 1996</docDate></p></preface><preamble><container name="RoyalPresence"><p>At the Court at Buckingham Palace, the 14th day of February 1996</p><p>Present,</p><p>The Queen’s Most Excellent Majesty in Council</p></container><formula name="EnactingText"><p>Her Majesty, in exercise of the powers conferred upon Her by section 6 of the Medical (Professional Performance) Act 1995<noteRef href="#f00001" class="footnote" marker="1"/>, and of all other powers enabling Her in that behalf, is pleased, by and with the advice of Her Privy Council, to order, and it is hereby ordered, as follows:—</p></formula></preamble><body><article eId="article-1"><num>1</num><heading>Citation and interpretation</heading><paragraph eId="article-1-1"><num>1</num><content><p>This Order may be cited as the Medical (Professional Performance) Act 1995 (Commencement <abbr title="Number" xml:lang="">No.</abbr> 1) Order 1996.</p></content></paragraph><paragraph eId="article-1-2"><num>2</num><intro><p>In this Order—</p></intro><subparagraph eId="article-1-2-a"><num>a</num><content><p>“<abbr title="Medical (Professional Performance) Act 1995 c. 51" xml:lang="">the Act</abbr>” means the Medical (Professional Performance) Act 1995; and</p></content></subparagraph><subparagraph eId="article-1-2-b"><num>b</num><content><p>“the <abbr title="Medical Act 1983 c. 54" xml:lang="">1983 Act</abbr>” means the Medical Act 1983<noteRef href="#f00002" class="footnote" marker="2"/>.</p></content></subparagraph></paragraph></article><article eId="article-2"><num>2</num><heading>Appointed Day</heading><content><p>1st May 1996 is the day appointed for the coming into force of the provisions of <abbr title="Medical (Professional Performance) Act 1995 c. 51" xml:lang="">the Act</abbr> specified in column (1) of the Schedule to this Order (the subject matter of each provision being mentioned in column (2)).</p></content></article><hcontainer name="signatures"><content><block name="signature"><signature><person refersTo="#ref-d4e144">N. H. Nicholls</person><role refersTo="#ref-d4e146">Clerk of the Privy Council</role><date date=""/></signature></block></content></hcontainer><hcontainer name="schedules" eId="d4e150"><hcontainer name="schedule" eId="schedule"><num>SCHEDULE<authorialNote class="referenceNote" placement="right"><p>Article 2</p></authorialNote></num><heading>PROVISIONS OF THE ACT COMING INTO FORCE ON 1st MAY 1996</heading><content><tblock class="tabular"><table><tr><th colspan="1" rowspan="1"><p><em>(1)</em></p></th><th colspan="1" rowspan="1"><p><em>(2)</em></p></th></tr><tr><th colspan="1" rowspan="1"><p><em>Provision of <abbr title="Medical (Professional Performance) Act 1995 c. 51" xml:lang="">the Act</abbr></em></p></th><th colspan="1" rowspan="1"><p><em>Subject Matter</em></p></th></tr><tr><td colspan="1" rowspan="1"><p>Section 3.</p></td><td colspan="1" rowspan="1"><p>Preliminary Proceedings: interim orders</p></td></tr><tr><td colspan="1" rowspan="1"><p>Section 4, so far as it relates to the provisions of the Schedule to <abbr title="Medical (Professional Performance) Act 1995 c. 51" xml:lang="">the Act</abbr> brought into force by this Order.</p></td><td colspan="1" rowspan="1"><p>Supplementary and consequential amendments to the <abbr title="Medical Act 1983 c. 54" xml:lang="">1983 Act</abbr>.</p></td></tr><tr><td colspan="1" rowspan="1"><p>Section 5.</p></td><td colspan="1" rowspan="1"><p>Expenses</p></td></tr><tr><td colspan="1" rowspan="1"><p>Section 6.</p></td><td colspan="1" rowspan="1"><p>Commencement</p></td></tr><tr><td colspan="1" rowspan="1"><p>Section 7(1)</p></td><td colspan="1" rowspan="1"><p>Short title</p></td></tr><tr><td colspan="1" rowspan="1"><p>Section 7(2), so far as it relates to the provisions of <abbr title="Medical (Professional Performance) Act 1995 c. 51" xml:lang="">the Act</abbr> brought into force by this Order.</p></td><td colspan="1" rowspan="1"><p>Extent</p></td></tr><tr><td colspan="1" rowspan="1"><p>In the Schedule, paragraph 1 (so far as it relates to the other provision of the Schedule brought into force by this Order) and paragraphs 4, 5, 6, 10(c), 22(b), 28(a), 29(a) and 30(a)</p></td><td colspan="1" rowspan="1"><p>Supplementary and consequential amendments to the <abbr title="Medical Act 1983 c. 54" xml:lang="">1983 Act</abbr>, and to the National Health Service Act 1977<noteRef href="#f01000" class="footnote" marker="1000"/>, the National Health Service (Scotland) Act 1978<noteRef href="#f01001" class="footnote" marker="1001"/>, and the Health and Personal Social Services (Northern Ireland) Order 1972<noteRef href="#f01002" class="footnote" marker="1002"/></p></td></tr><tr class="tfoot"><td colspan="2" rowspan="1"><tblock class="footnote" eId="f01000"><p><ref href="http://www.legislation.gov.uk/id/ukpga/1977/49">1977 c. 49</ref>.</p></tblock></td></tr><tr class="tfoot"><td colspan="2" rowspan="1"><tblock class="footnote" eId="f01001"><p><ref href="http://www.legislation.gov.uk/id/ukpga/1978/29">1978 c. 29</ref>.</p></tblock></td></tr><tr class="tfoot"><td colspan="2" rowspan="1"><tblock class="footnote" eId="f01002"><p><abbr class="Acronym" title="Statutory Instrument">S.I.</abbr><ref href="http://www.legislation.gov.uk/id/nisi/1972/1265">1972/1265 (N.I. 14)</ref>.</p></tblock></td></tr></table></tblock></content></hcontainer></hcontainer></body><conclusions><blockContainer class="ExplanatoryNotes"><intro><p>(This note is not part of the Order)</p></intro><p><authorialNote><p>This Order brings into force on 1st May 1996 certain provisions of the Medical (Professional Performance) Act 1995 (“<abbr title="Medical (Professional Performance) Act 1995 c. 51" xml:lang="">the Act</abbr>”), which amends the Medical Act 1983, the National Health Service Act 1977, the National Health Service (Scotland) Act 1978 and the Health and Personal Social Services (Northern Ireland) Order 1972.</p><p>The provisions brought into force relate to the powers of the General Medical Council through its appropriate Committees—</p><paragraph eId="d4e276"><num>a</num><content><p>to permit interim orders for suspension or conditional registration to be made for an initial period of six months rather than the original two months, and to make further interim orders for periods of up to three months at a time; and</p></content></paragraph><paragraph eId="d4e282"><num>b</num><content><p>to make an order for indefinite suspension in circumstances where the doctor’s fitness to practise is judged by the General Medical Council’s Health Committee to be seriously impaired by reason of his physical or mental condition and where the doctor concerned has already been suspended for at least two years.</p></content></paragraph><p>This Order also brings into force, wholly or partly, sections 5, 6 and 7 of <abbr title="Medical (Professional Performance) Act 1995 c. 51" xml:lang="">the Act</abbr> which relate respectively to expenses, commencement, short title and extent.</p><p>In addition, this Order brings into force paragraph 4 of the Schedule to <abbr title="Medical (Professional Performance) Act 1995 c. 51" xml:lang="">the Act</abbr> which amends section 35 of the Medical Act 1983, so as to empower the General Medical Council to advise doctors on standards of professional performance.</p></authorialNote></p></blockContainer></conclusions></act></akomaNtoso>