<akomaNtoso xmlns:xsi="http://www.w3.org/2001/XMLSchema-instance" xmlns="http://docs.oasis-open.org/legaldocml/ns/akn/3.0" xsi:schemaLocation="http://docs.oasis-open.org/legaldocml/ns/akn/3.0 http://docs.oasis-open.org/legaldocml/akn-core/v1.0/cos01/part2-specs/schemas/akomantoso30.xsd"><act name="UnitedKingdomStatutoryInstrument"><meta><identification source="#source"><FRBRWork><FRBRthis value="http://www.legislation.gov.uk/id/uksi/1996/464"/><FRBRuri value="http://www.legislation.gov.uk/id/uksi/1996/464"/><FRBRdate date="1996-02-28" name="made"/><FRBRauthor href="http://www.legislation.gov.uk/id/government/uk"/><FRBRcountry value="GB-UKM"/><FRBRsubtype value="order"/><FRBRnumber value="464"/><FRBRname value="S.I. 1996/464 (S. 33)"/><FRBRprescriptive value="true"/></FRBRWork><FRBRExpression><FRBRthis value="http://www.legislation.gov.uk/uksi/1996/464/made"/><FRBRuri value="http://www.legislation.gov.uk/uksi/1996/464/made"/><FRBRdate date="1996-02-28" name="made"/><FRBRauthor href="#source"/><FRBRlanguage language="eng"/></FRBRExpression><FRBRManifestation><FRBRthis value="http://www.legislation.gov.uk/uksi/1996/464/made/data.akn"/><FRBRuri value="http://www.legislation.gov.uk/uksi/1996/464/made/data.akn"/><FRBRdate date="2021-07-26+01:00" name="transform"/><FRBRauthor href="http://www.legislation.gov.uk"/><FRBRformat value="application/akn+xml"/></FRBRManifestation></identification><classification source="#source"><keyword value="council policies and plans" showAs="Council policies and plans" dictionary="http://www.legislation.gov.uk"/><keyword value="council procedures" showAs="Council procedures" dictionary="http://www.legislation.gov.uk"/><keyword value="council housing" showAs="Council housing" dictionary="http://www.legislation.gov.uk"/><keyword value="contracts" showAs="Contracts" dictionary="http://www.legislation.gov.uk"/><keyword value="new towns" showAs="NEW TOWNS" dictionary="http://www.legislation.gov.uk"/></classification><lifecycle source="#source"><eventRef date="1996-02-28" type="generation" eId="made-date" source="#source"/><eventRef date="1996-03-08" eId="laid-date-1" source="#source"/><eventRef date="1996-03-31" eId="coming-into-force-date-1" source="#source"/></lifecycle><references source="#source"><TLCOrganization eId="source" href="http://www.legislation.gov.uk/id/publisher/KingsOrQueensPrinterOfActsOfParliament" showAs="Queen's Printer of Acts of Parliament"/><TLCLocation eId="standrew’shouse" href="/ontology/location/uk.StAndrew’sHouse" showAs="St Andrew’s House,"/><TLCLocation eId="edinburgh" href="/ontology/location/uk.Edinburgh" showAs="Edinburgh"/><TLCRole eId="ref-d4e201" href="/ontology/role/uk.Parliamentary Under Secretary of State, Scottish Office" showAs="Parliamentary Under Secretary of State, Scottish Office"/><TLCRole eId="ref-d4e1326" href="/ontology/role/uk.Parliamentary Under Secretary of State, Scottish Office" showAs="Parliamentary Under Secretary of State, Scottish Office"/><TLCPerson eId="ref-d4e199" href="/ontology/persons/uk.GeorgeKynoch" showAs="George Kynoch"/><TLCPerson eId="ref-d4e1324" href="/ontology/persons/uk.GeorgeKynoch" showAs="George Kynoch"/><TLCConcept href="/uk/subject/new-towns" showAs="NEW TOWNS" eId="d4e65"/></references><notes source="#source"><note class="footnote" eId="f00001"><p><ref href="http://www.legislation.gov.uk/id/ukpga/1968/16">1968 c. 16</ref>; section 36D was inserted by the Enterprise and New Towns (Scotland) Act <ref href="http://www.legislation.gov.uk/id/ukpga/1990/35">1990 (c. 35)</ref>, section 33.</p></note><note class="footnote" eId="f00002"><p><ref href="http://www.legislation.gov.uk/id/ukpga/1973/65">1973 c. 65</ref>.</p></note><note class="footnote" eId="f00003"><p><abbr class="Acronym" title="Statutory Instrument">S.I.</abbr><ref href="http://www.legislation.gov.uk/id/uksi/1956/201">1956/201</ref>, amended by <abbr class="Acronym" title="Statutory Instrument">S.I.</abbr><ref href="http://www.legislation.gov.uk/id/uksi/1959/341">1959/341</ref> and by the New Town (Cumbernauld) (Development Corporation) Amendment Order 1973. The 1973 Amendment Order is not a statutory instrument: a copy is available free of charge from the Scottish Office Development Department, Victoria Quay, Edinburgh, EH6 6QQ.</p></note></notes><proprietary xmlns:ukl="http://www.legislation.gov.uk/namespaces/legislation" xmlns:ukm="http://www.legislation.gov.uk/namespaces/metadata" xmlns:dc="http://purl.org/dc/elements/1.1/" xmlns:dct="http://purl.org/dc/terms/" xmlns:atom="http://www.w3.org/2005/Atom" source="#source"><dc:identifier>http://www.legislation.gov.uk/uksi/1996/464/made</dc:identifier><dc:title>The New Town (Cumbernauld) (Transfer of Property, Rights and Liabilities) Order 1996</dc:title><dc:subject>Council policies and plans</dc:subject><dc:subject>Council procedures</dc:subject><dc:subject>Council housing</dc:subject><dc:subject>Contracts</dc:subject><dc:publisher>Queen's Printer of Acts of Parliament</dc:publisher><dc:modified>2011-07-22</dc:modified><dc:subject scheme="SIheading">NEW TOWNS</dc:subject><dc:description>This Order makes provision for the transfer of certain property, rights and liabilities of the Cumbernauld Development Corporation to Cumbernauld and Kilsyth District Council on 31st March 1996 in connection with the winding up of the Corporation.</dc:description><atom:link rel="self" href="http://www.legislation.gov.uk/uksi/1996/464/made/data.xml" type="application/xml"/><atom:link rel="http://www.legislation.gov.uk/def/navigation/resources" href="http://www.legislation.gov.uk/uksi/1996/464/resources" title="More Resources"/><atom:link rel="http://www.legislation.gov.uk/def/navigation/act" href="http://www.legislation.gov.uk/uksi/1996/464/made" title="whole act"/><atom:link rel="http://www.legislation.gov.uk/def/navigation/introduction" href="http://www.legislation.gov.uk/uksi/1996/464/introduction/made" title="introduction"/><atom:link rel="http://www.legislation.gov.uk/def/navigation/signature" href="http://www.legislation.gov.uk/uksi/1996/464/signature/made" title="signature"/><atom:link rel="http://www.legislation.gov.uk/def/navigation/note" href="http://www.legislation.gov.uk/uksi/1996/464/note/made" title="note"/><atom:link rel="http://www.legislation.gov.uk/def/navigation/body" href="http://www.legislation.gov.uk/uksi/1996/464/body/made" title="body"/><atom:link rel="http://www.legislation.gov.uk/def/navigation/schedules" href="http://www.legislation.gov.uk/uksi/1996/464/schedules/made" title="schedules"/><atom:link rel="alternate" type="application/rdf+xml" href="http://www.legislation.gov.uk/uksi/1996/464/made/data.rdf" title="RDF/XML"/><atom:link rel="alternate" type="application/akn+xml" href="http://www.legislation.gov.uk/uksi/1996/464/made/data.akn" title="AKN"/><atom:link rel="alternate" type="application/xhtml+xml" href="http://www.legislation.gov.uk/uksi/1996/464/made/data.xht" title="HTML snippet"/><atom:link rel="alternate" type="application/pdf" href="http://www.legislation.gov.uk/uksi/1996/464/made/data.pdf" title="PDF"/><atom:link rel="alternate" type="application/akn+xhtml" href="http://www.legislation.gov.uk/uksi/1996/464/made/data.html" title="HTML5 snippet"/><atom:link rel="http://purl.org/dc/terms/tableOfContents" hreflang="en" href="http://www.legislation.gov.uk/uksi/1996/464/contents/made" title="Table of Contents"/><ukm:SecondaryMetadata><ukm:DocumentClassification><ukm:DocumentCategory Value="secondary"/><ukm:DocumentMainType Value="UnitedKingdomStatutoryInstrument"/><ukm:DocumentStatus Value="final"/><ukm:DocumentMinorType Value="order"/></ukm:DocumentClassification><ukm:Year Value="1996"/><ukm:Number Value="464"/><ukm:AlternativeNumber Category="S" Value="33"/><ukm:Made Date="1996-02-28"/><ukm:Laid Date="1996-03-08" Class="UnitedKingdomParliament"/><ukm:ComingIntoForce><ukm:DateTime Date="1996-03-31"/></ukm:ComingIntoForce><ukm:ISBN Value="0110552830"/></ukm:SecondaryMetadata><ukm:Statistics><ukm:TotalParagraphs Value="161"/><ukm:BodyParagraphs Value="5"/><ukm:ScheduleParagraphs Value="156"/><ukm:AttachmentParagraphs Value="0"/><ukm:TotalImages Value="51"/></ukm:Statistics></proprietary></meta><preface><p class="number"><docNumber>1996 No. 464 (S.33)</docNumber></p><block name="subject"><concept class="title" refersTo="#d4e65">NEW TOWNS</concept></block><p class="title"><shortTitle>The New Town (Cumbernauld) (Transfer of Property, Rights and Liabilities) Order 1996</shortTitle></p><p class="MadeDate"><span>Made</span><docDate date="1996-02-28">28th February 1996</docDate></p><p class="LaidDate"><span>Laid before Parliament</span><docDate date="1996-03-08">8th March 1996</docDate></p><p class="ComingIntoForce"><span>Coming into force</span><docDate date="1996-03-31">31st March 1996</docDate></p></preface><preamble><formula name="EnactingText"><p>The Secretary of State, in exercise of the powers conferred on him by section 36D of the New Towns (Scotland) Act 1968<noteRef href="#f00001" class="footnote" marker="1"/> and of all other powers enabling him in that behalf, hereby makes the following Order:</p></formula></preamble><body><article eId="article-1"><num>1</num><heading>Citation, commencement and interpretation</heading><paragraph eId="article-1-1"><num>1</num><content><p>This Order may be cited as the New Town (Cumbernauld) (Transfer of Property, Rights and Liabilities) Order 1996 and shall come into force on 31st March 1996.</p></content></paragraph><paragraph eId="article-1-2"><num>2</num><content><p>In this Order—</p><blockList class="unordered"><item><p>“the council” means Cumbernauld and Kilsyth District Council being a council constituted in accordance with Part I of the Local Government (Scotland) Act 1973<noteRef href="#f00002" class="footnote" marker="2"/>;</p></item><item><p>“the development corporation” means the Cumbernauld Development Corporation established by the New Town (Cumbernauld) (Development Corporation) Order 1956<noteRef href="#f00003" class="footnote" marker="3"/>;</p></item><item><p>“recorded GRS (Dumbarton)” means recorded in the Division of the General Register of Sasines for the County of Dumbarton.</p></item></blockList></content></paragraph><paragraph eId="article-1-3"><num>3</num><content><p>A reference in Part 1 of the Schedule to this Order to a “plan” followed by a number is a reference to the plan of that number annexed to the Schedule to this Order.</p></content></paragraph></article><article eId="article-2"><num>2</num><heading>Transfer of property, rights and liabilities to the council</heading><intro><p>Subject to the provisions of this Order—</p></intro><subparagraph eId="article-2-a"><num>a</num><content><p>the heritable property specified in the Schedule to this Order, insofar as owned by the development corporation immediately before the day on which this Order comes into force; and</p></content></subparagraph><subparagraph eId="article-2-b"><num>b</num><content><p>the development corporation’s interest immediately before the day on which this Order comes into force in the standard securities, minutes of agreement and other contracts and agreements specified in the Schedule to this Order,</p></content></subparagraph><wrapUp><p>shall, together with the development corporation’s rights, liabilities and obligations pertaining thereto, transfer to and vest in the council on 31st March 1996.</p></wrapUp></article><hcontainer name="P1group" eId="d4e157"><heading>Incidental and supplementary provisions</heading><article eId="article-3"><num>3</num><intro><p>Anything done before 31st March 1996 by, or on behalf of, or in relation to, the development corporation for the purposes of or in connection with the property, rights and liabilities transferred by article 2 of this Order shall, on and after 31st March 1996 be treated as having been done by, or on behalf of, or in relation to, the council; and, accordingly, without prejudice to that generality, on and after 31st March 1996—</p></intro><subparagraph eId="article-3-a"><num>a</num><content><p>any legal proceedings by, or in relation to, the development corporation, or to which the development corporation is a party, for the purposes of, or in connection with, the said property, rights and liabilities may be continued by, or in relation to, the council; and, accordingly, references to the development corporation in any process or other document issued, prepared or employed for the purposes of any such proceedings before any court, tribunal or other body shall be taken as referring to the council;</p></content></subparagraph><subparagraph eId="article-3-b"><num>b</num><content><p>every contract or agreement, whether written or not, to which the development corporation is a party for the purposes of, or in connection with, the said property, rights and liabilities shall have effect in relation to such property, rights and liabilities as if the council was the party thereto in place of the development corporation and as if for each reference therein to the development corporation there was substituted a reference to the council; and</p></content></subparagraph><subparagraph eId="article-3-c"><num>c</num><content><p>every deed, bond, instrument and document relating to the said property, rights and liabilities shall have effect in relation to such property, rights and liabilities in respect of any time falling after the date of transfer, as if, where the development corporation is a party thereto, the council was substituted as that party and as if for each reference therein to the development corporation there were substituted a reference to the council.</p></content></subparagraph></article><article eId="article-4"><num>4</num><content><p>For all purposes connected with, or arising subsequent to, the transfer to the council of the property, rights or liabilities transferred by article 2 of this Order, the council is to be treated in respect of the property, rights and liabilities so transferred as the same person in law as the development corporation.</p></content></article><article eId="article-5"><num>5</num><content><p>Nothing in this Order shall have the effect of completing the title of the council to any land transferred by article 2 of this Order, but this is without prejudice to the provisions of section 36D(4) of the New Towns (Scotland) Act 1968.</p></content></article></hcontainer><hcontainer name="signatures"><content><block name="signature"><signature><person refersTo="#ref-d4e199">George Kynoch</person><role refersTo="#ref-d4e201">Parliamentary Under Secretary of State, Scottish Office</role><location refersTo="#standrew’shouse">St Andrew’s House,</location><location refersTo="#edinburgh">Edinburgh</location><date date="1996-02-28">28th February 1996</date></signature></block></content></hcontainer><hcontainer name="schedules" eId="d4e211"><hcontainer name="schedule" eId="schedule"><num>SCHEDULE<authorialNote class="referenceNote" placement="right"><p>Article 2</p></authorialNote></num><heading>SPECIFICATION OF HERITABLE PROPERTY, STANDARD SECURITIES, MINUTES OF AGREEMENT, CONTRACTS AND AGREEMENTS</heading><part eId="schedule-part-1"><num>PART 1</num><heading>LAND OWNED BY THE DEVELOPMENT CORPORATION</heading><paragraph eId="schedule-paragraph-1"><num>1</num><content><p>ALL and WHOLE those subjects extending to one hectare and seven decimal or one hundredth parts of a hectare or thereby at Westray Road, Ravenswood, Cumbernauld, in the Parish of Cumbernauld and County of Dumbarton being the subjects shown coloured brown on Plan 1.</p></content></paragraph><paragraph eId="schedule-paragraph-2"><num>2</num><content><p>ALL and WHOLE those subjects extending to ninety five decimal or one thousandth parts of a hectare or thereby at Airdrie Road, Condorrat, Cumbernauld, in the Parish of Cumbernauld and County of Dumbarton being the subjects shown coloured brown on Plan 2.</p></content></paragraph><paragraph eId="schedule-paragraph-3"><num>3</num><content><p>ALL and WHOLE those subjects extending to seventy seven decimal or one hundred parts of a hectare or thereby at Cowan Road, Balloch, Cumbernauld, in the Parish of Cumbernauld and County of Dumbarton being the subjects shown coloured brown on Plan 3.</p></content></paragraph><paragraph eId="schedule-paragraph-4"><num>4</num><content><p>ALL and WHOLE those subjects extending to one hectare and seventeen decimal or one hundredth parts of a hectare or thereby at North Road, Condorrat, Westfield, Cumbernauld, in the Parish of Cumbernauld and County of Dumbarton being the subjects shown coloured brown on Plan 4.</p></content></paragraph><paragraph eId="schedule-paragraph-5"><num>5</num><content><p>ALL and WHOLE those subjects extending to nine hundred and fifty three decimal or one thousandth parts of a hectare or thereby at North Road, Westfield, Cumbernauld, in the Parish of Cumbernauld and County of Dumbarton being the subjects shown coloured brown on Plan 5.</p></content></paragraph><paragraph eId="schedule-paragraph-6"><num>6</num><content><p>ALL and WHOLE those subjects extending to one hundred and seventy seven decimal or one thousandth parts of a hectare or thereby at Greenfaulds Road, Greenfaulds, Cumbernauld, in the Parish of Cumbernauld and County of Dumbarton being the subjects shown coloured brown on Plan 6.</p></content></paragraph><paragraph eId="schedule-paragraph-7"><num>7</num><content><p>ALL and WHOLE those subjects extending to eighty eight decimal or one thousandth parts of a hectare or thereby at Balloch Ring Road, Balloch, Cumbernauld, in the Parish of Cumbernauld and County of Dumbarton being the subjects shown coloured brown on Plan 7.</p></content></paragraph><paragraph eId="schedule-paragraph-8"><num>8</num><content><p>ALL and WHOLE those subjects extending to twenty six decimal or one hundredth parts of a hectare or thereby at Larch Road, Abronhill, Cumbernauld, in the Parish of Cumbernauld and County of Dumbarton being the subjects shown coloured brown on Plan 8.</p></content></paragraph><paragraph eId="schedule-paragraph-9"><num>9</num><content><p>ALL and WHOLE those subjects extending to six hectares and sixty decimal or one hundredth parts of a hectare or thereby at Dullatur Road, Dullatur, Cumbernauld in the Parish of Cumbernauld and County of Dumbarton being the subjects shown coloured brown on Plan 9.</p></content></paragraph><paragraph eId="schedule-paragraph-10"><num>10</num><content><p>ALL and WHOLE those subjects extending to six hectares and fifty three decimal or one hundredth parts of a hectare or thereby at Kirkintilloch Road, Blackwood, Cumbernauld in the Parish of Kirkintilloch and County of Dumbarton being the subjects shown coloured brown on Plan 10.</p></content></paragraph><paragraph eId="schedule-paragraph-11"><num>11</num><content><p>ALL and WHOLE those subjects extending to ten hectares and five decimal or one hundredth parts of a hectare or thereby at The Lane, Dullatur, Cumbernauld, in the Parish of Cumbernauld and County of Dumbarton being the subjects shown coloured brown on Plan 11.</p></content></paragraph><paragraph eId="schedule-paragraph-12"><num>12</num><content><p>ALL and WHOLE those subjects extending to seven hectares and ninety one decimal or hundredth parts of a hectare or thereby at The Lane, Dullatur, Cumbernauld, in the Parish of Cumbernauld and County of Dumbarton being the subjects shown coloured brown on Plan 12.</p></content></paragraph><paragraph eId="schedule-paragraph-13"><num>13</num><content><p>ALL and WHOLE those subjects extending to fourteen hectares and fifty five decimal or one hundredth parts of a hectare or thereby at Kilsyth Road, Smithstone, Cumbernauld, in the Parish of Cumbernauld and County of Dumbarton being the subjects shown coloured brown on Plan 13.</p></content></paragraph><paragraph eId="schedule-paragraph-14"><num>14</num><content><p>ALL and WHOLE those subjects extending to one hectare and eighteen decimal or one hundredth parts of a hectare or thereby at Ring Road, Balloch, Cumbernauld, in the Parish of Cumbernauld and County of Dumbarton being the subjects shown coloured brown on Plan 14.</p></content></paragraph><paragraph eId="schedule-paragraph-15"><num>15</num><content><p>ALL and WHOLE those subjects extending to ninety two decimal or one thousandth parts of a hectare or thereby at Main Street, The Village, Cumbernauld in the Parish of Cumbernauld and County of Dumbarton being the subjects shown coloured brown on Plan 15.</p></content></paragraph><paragraph eId="schedule-paragraph-16"><num>16</num><content><p>ALL and WHOLE those subjects extending to seventy nine decimal or one hundredth parts of a hectare or thereby at Glasgow Road, The Village, Cumbernauld, in the Parish of Cumbernauld and County of Dumbarton being the subjects shown coloured brown on Plan 16.</p></content></paragraph><paragraph eId="schedule-paragraph-17"><num>17</num><content><p>ALL and WHOLE those subjects extending to seventeen hectares and ninety three decimal or one hundredth parts of a hectare or thereby at Croy Road, Smithstone, Cumbernauld in the Parish of Cumbernauld and County of Dumbarton being the subjects shown coloured brown on Plan 17.</p></content></paragraph><paragraph eId="schedule-paragraph-18"><num>18</num><content><p>ALL and WHOLE those subjects extending to one hectare and sixty three decimal or one thousandth parts of a hectare or thereby at Island Road, Ravenswood, Cumbernauld, in the Parish of Cumbernauld and County of Dumbarton being the subjects shown coloured brown on Plan 18.</p></content></paragraph><paragraph eId="schedule-paragraph-19"><num>19</num><content><p>ALL and WHOLE those subjects extending to eighty one decimal or one hundredth parts of a hectare or thereby at Old Glasgow Road, The Village, Cumbernauld in the Parish of Cumbernauld and County of Dumbarton being the subjects shown coloured brown on Plan 19.</p></content></paragraph><paragraph eId="schedule-paragraph-20"><num>20</num><content><p>ALL and WHOLE those subjects extending to seventy two decimal or one hundredth parts of a hectare or thereby at Allanfauld Road, Seafar, Cumbernauld, in the Parish of Cumbernauld and County of Dumbarton being the subjects shown coloured brown on Plan 20.</p></content></paragraph><paragraph eId="schedule-paragraph-21"><num>21</num><content><p>ALL and WHOLE those subjects extending to six hundred and seventeen square metres and eight decimal or one tenth parts of a square metre or thereby at Fleming Road, Seafar, Cumbernauld, in the Parish of Cumbernauld and County of Dumbarton being the subjects shown coloured brown on Plan 21.</p></content></paragraph><paragraph eId="schedule-paragraph-22"><num>22</num><content><p>ALL and WHOLE those subjects extending to sixty two decimal or one thousandth parts of a hectare or thereby at Main Street, The Village, Cumbernauld in the Parish of Cumbernauld and County of Dumbarton being the subjects shown coloured brown on Plan 22.</p></content></paragraph><paragraph eId="schedule-paragraph-23"><num>23</num><content><p>ALL and WHOLE those subjects extending to one hectare and forty two decimal or one hundredth parts of a hectare or thereby at Blairlinn Road, Blairlinn, Cumbernauld, in the Parish of New Monkland and County of Lanark being the subjects shown coloured brown on Plan 23.</p></content></paragraph><paragraph eId="schedule-paragraph-24"><num>24</num><content><p>ALL and WHOLE those subjects extending to seventy nine decimal or one hundredth parts of a hectare or thereby at Blairlinn Road, Blairlinn, Cumbernauld, in the Parish of New Monkland and County of Lanark being the subjects shown coloured brown on Plan 24.</p></content></paragraph><paragraph eId="schedule-paragraph-25"><num>25</num><content><p>ALL and WHOLE those subjects extending to seventy two decimal or one hundredth parts of a hectare or thereby at Lenziemill Road, Lenziemill, Cumbernauld, in the Parish of Cumbernauld and County of Dumbarton being the subjects shown coloured brown on Plan 25.</p></content></paragraph><paragraph eId="schedule-paragraph-26"><num>26</num><content><p>ALL and WHOLE those subjects extending to two hectares and sixty six decimal or one hundredth parts of a hectare or thereby at Lenziemill Road, Lenziemill, Cumbernauld, in the Parish of Cumbernauld and County of Dumbarton being the subjects shown coloured brown on Plan 26.</p></content></paragraph><paragraph eId="schedule-paragraph-27"><num>27</num><content><p>ALL and WHOLE those subjects extending to three hectares and thirty six decimal or one hundredth parts of a hectare or thereby at Tower Road, Blairlinn, Cumbernauld, in the Parish of New Monkland and County of Lanark being the subjects shown coloured brown on Plan 27.</p></content></paragraph><paragraph eId="schedule-paragraph-28"><num>28</num><content><p>ALL and WHOLE those subjects extending to five hectares and fifty three decimal or one hundredth parts of a hectare at Castlecary Road, Castlecary Campus, Cumbernauld in the Parish of Cumbernauld and County of Dumbarton being the subjects shown coloured brown on Plan 28.</p></content></paragraph><paragraph eId="schedule-paragraph-29"><num>29</num><content><p>ALL and WHOLE those subjects extending to two hectares and forty three decimal or one hundredth parts of a hectare or thereby at Westfield Road/Deerdykes Place, Westfield, Cumbernauld in the Parish of Kirkintilloch and County of Dumbarton being the subjects shown coloured brown on Plan 29.</p></content></paragraph><paragraph eId="schedule-paragraph-30"><num>30</num><content><p>ALL and WHOLE those subjects extending to five hectares and fifty eight decimal or one hundredth parts of a hectare or thereby at Deerdykes Road, Westfield, Cumbernauld in the Parish of Kirkintilloch and County of Dumbarton being the subjects shown coloured brown on Plan 30.</p></content></paragraph><paragraph eId="schedule-paragraph-31"><num>31</num><content><p>ALL and WHOLE those subjects extending to eighteen hectares and thirteen decimal or one hundredth parts of a hectare or thereby at Kilsyth Road, Smithstone, Cumbernauld, in the Parish of Cumbernauld and County of Dumbarton being the subjects shown coloured brown on Plan 31.</p></content></paragraph><paragraph eId="schedule-paragraph-32"><num>32</num><content><p>ALL and WHOLE those subjects extending to two hectares and fifty nine decimal or one hundredth parts of a hectare or thereby at Deerdykes Road, Westfield, Cumbernauld in the Parish of Kirkintilloch and County of Dumbarton being the subjects shown coloured brown on Plan 32.</p></content></paragraph><paragraph eId="schedule-paragraph-33"><num>33</num><content><p>ALL and WHOLE those subjects extending to two hectares and six decimal or one hundredth parts of a hectare or thereby at Langhill Drive, Balloch, Cumbernauld in the Parish of Cumbernauld and County of Dumbarton being the subjects shown coloured brown on Plan 33.</p></content></paragraph><paragraph eId="schedule-paragraph-34"><num>34</num><content><p>ALL and WHOLE those subjects extending to one hectare and sixty five decimal or one hundredth parts of a hectare or thereby at Loop Road, Carrickstone, Cumbernauld in the Parish of Cumbernauld and County of Dumbarton being the subjects shown coloured brown on Plan 34.</p></content></paragraph><paragraph eId="schedule-paragraph-35"><num>35</num><content><p>ALL and WHOLE those subjects extending to three hectares and sixty four decimal or one hundredth parts of a hectare or thereby at Kirkintilloch Road, Blackwood, Cumbernauld in the Parish of Cumbernauld and County of Dumbarton being the subjects shown coloured brown on Plan 35.</p></content></paragraph><paragraph eId="schedule-paragraph-36"><num>36</num><content><p>ALL and WHOLE those subjects extending to four hectares and fifty four decimal or one hundredth parts of a hectare or thereby at Eastfield road, Eastfield, Cumbernauld in the Parish of Cumbernauld and County of Dumbarton being the subjects shown coloured brown on Plan 36.</p></content></paragraph><paragraph eId="schedule-paragraph-37"><num>37</num><content><p>ALL and WHOLE those subjects extending to two hectares and eleven decimal or one hundredth parts of a hectare or thereby at Middlerigg Road, Balloch, Cumbernauld in the Parish of Cumbernauld and County of Dumbarton being the subjects shown coloured brown on Plan 37.</p></content></paragraph><paragraph eId="schedule-paragraph-38"><num>38</num><content><p>ALL and WHOLE those subjects extending to sixty two hectares and sixty seven decimal or one hundredth parts of a hectare or thereby at Kirkintilloch Road, Drumgrew, Cumbernauld, in the Parish of Kirkintilloch and County of Dumbarton being the subjects shown coloured brown on Plan 38.</p></content></paragraph><paragraph eId="schedule-paragraph-39"><num>39</num><content><p>ALL and WHOLE those subjects extending to twelve hectares and thirty eight decimal or one hundredth parts of a hectare or thereby at Chapelton Road, Condorrat, Cumbernauld in the Parish of Cumbernauld and County of Dumbarton being the subjects shown coloured brown on Plan 39.</p></content></paragraph><paragraph eId="schedule-paragraph-40"><num>40</num><content><p>ALL and WHOLE those subjects extending to five hectares and sixty two decimal or one hundredth parts of a hectare or thereby at Auchenkilns Roundabout, Westfield, Cumbernauld in the Parish of Cumbernauld and County of Dumbarton being the subjects shown coloured brown on Plan 40.</p></content></paragraph><paragraph eId="schedule-paragraph-41"><num>41</num><content><p>ALL and WHOLE those subjects extending to three hectares and seventy decimal or one hundredth parts of a hectare or thereby at Cumbernauld House, Cumbernauld in the Parish of Cumbernauld and County of Dumbarton being the subjects shown coloured brown on Plan 41.</p></content></paragraph><paragraph eId="schedule-paragraph-42"><num>42</num><content><p>ALL and WHOLE those subjects (consisting of two separate areas of land) extending in whole to fourteen hectares and forty eight decimal or one hundredth parts of a hectare or thereby at Chapelton Road, Condorrat, Cumbernauld in the Parish of Cumbernauld and County of Dumbarton being the subjects shown coloured brown on Plan 42.</p></content></paragraph><paragraph eId="schedule-paragraph-43"><num>43</num><content><p>ALL and WHOLE those subjects extending to one hundred and thirty four decimal or one thousandth parts of a hectare or thereby at Chapelton Road, Condorrat, Cumbernauld in the Parish of Cumbernauld and County of Dumbarton being the subjects shown coloured brown on Plan 43.</p></content></paragraph><paragraph eId="schedule-paragraph-44"><num>44</num><content><p>ALL and WHOLE those subjects extending to two decimal or one hundredth parts of a hectare or thereby at MacTaggart Road, Ravenswood, Cumbernauld in the Parish of Cumbernauld and County of Dumbarton being the subjects shown coloured brown on Plan 44.</p></content></paragraph><paragraph eId="schedule-paragraph-45"><num>45</num><content><p>ALL and WHOLE those subjects extending to seventy seven decimal or one thousandth part of a hectare or thereby at Hume Road, Seafar, Cumbernauld in the Parish of Cumbernauld and County of Dumbarton being the subjects shown coloured brown on Plan 45.</p></content></paragraph><paragraph eId="schedule-paragraph-46"><num>46</num><content><p>ALL and WHOLE those subjects extending to one hectare and eighty five decimal or one hundredth parts of a hectare or thereby at Kelvin Road North, Lenziemill, Cumbernauld in the Parish of Cumbernauld and County of Dumbarton being the subjects shown coloured brown on Plan 46.</p></content></paragraph><paragraph eId="schedule-paragraph-47"><num>47</num><content><p>ALL and WHOLE those subjects extending to fifty eight square metres and five decimal or one tenth parts of a square metre or thereby at Hornbeam Road, Abronhill, Cumbernauld in the Parish of Cumbernauld and County of Dumbarton being the subjects shown coloured brown on Plan 47.</p></content></paragraph><paragraph eId="schedule-paragraph-48"><num>48</num><content><p>ALL and WHOLE those subjects extending to seventy four square metres and seven decimal or one tenth parts of a square metre or thereby at Oak Road, Abronhill, Cumbernauld in the Parish of Cumbernauld and County of Dumbarton being the subjects shown coloured brown on Plan 48.</p></content></paragraph><paragraph eId="schedule-paragraph-49"><num>49</num><content><p>ALL and WHOLE those subjects extending to fifty two square metres and four decimal or one tenth part of a square metre or thereby at Hazel Road, Abronhill, Cumbernauld in the Parish of Cumbernauld and County of Dumbarton being the subjects coloured brown on Plan 49.</p></content></paragraph><paragraph eId="schedule-paragraph-50"><num>50</num><content><p>ALL and WHOLE those subjects extending to three hundred and sixty six square metres or thereby at Airdrie Road, Condorrat, Cumbernauld in the Parish of Cumbernauld and County of Dumbarton being the subjects coloured brown on Plan 50.</p></content></paragraph><paragraph eId="schedule-paragraph-51"><num>51</num><content><p>ALL and WHOLE those subjects extending to ninety one decimal or one thousandth parts of a hectare or thereby at Carrickstone Hill, Carrickstone, Cumbernauld in the Parish of Cumbernauld and County of Dumbarton being the subjects shown coloured brown on Plan 51.</p></content></paragraph></part><part eId="schedule-part-2"><num>PART 2</num><heading>SUBJECTS <abbr class="Acronym" title="Local Education Authority">LEA</abbr><abbr class="Acronym" title="Solvent Emissions Directive">SED</abbr> TO CUMBERNAULD DEVELOPMENT CORPORATION</heading><paragraph eId="schedule-paragraph-1"><num>1</num><content><p>The tenant’s interest in Lease by Postel Properties Limited to Cumbernauld Development Corporation dated 15 December 1986 and 16 January 1987 and registered in the Land Register of Scotland on 26 June 1987 under Title Number DMB 22517.</p></content></paragraph></part><part eId="schedule-part-3"><num>PART 3</num><heading>STANDARD SECURITIES AND EX FACIE ABSOLUTE DISPOSITION</heading><hcontainer name="crossheading" eId="schedule-part-3-crossheading-house-purchase-mortgage-loans"><heading><em>HOUSE PURCHASE MORTGAGE LOANS</em></heading><paragraph eId="schedule-paragraph-1"><num>1</num><content><p>Standard Security by Daniel James McAteer and Isabella McAteer in favour of Cumbernauld Development Corporation relative to subjects at 2D Lamerton Road, Cumbernauld registered in the Land Register of Scotland under Title Number DMB 57087.</p></content></paragraph><paragraph eId="schedule-paragraph-2"><num>2</num><content><p>Standard Security by Moreen Kelly in favour of Cumbernauld Development Corporation relative to subjects 2B Mossgiel Road, Cumbernauld registered in the Land Register of Scotland under Title Number DMB 54565.</p></content></paragraph><paragraph eId="schedule-paragraph-3"><num>3</num><content><p>Standard Security by Maureen Scott in favour of Cumbernauld Development Corporation relative to subjects 17E Mossgiel Road, Cumbernauld registered in the Land Register of Scotland under Title Number DMB 57162.</p></content></paragraph><paragraph eId="schedule-paragraph-4"><num>4</num><content><p>Standard Security by Eleanor McCallum in favour of Cumbernauld Development Corporation relative to subjects 8D Kyle Road, Cumbernauld registered in the Land Register of Scotland under Title Number DMB 56979.</p></content></paragraph><paragraph eId="schedule-paragraph-5"><num>5</num><content><p>Standard Security by Margaret Adamson in favour of Cumbernauld Development Corporation relative to subjects 3H Afton Road, Cumbernauld registered in the Land Register of Scotland under Title Number DMB 50661.</p></content></paragraph><paragraph eId="schedule-paragraph-6"><num>6</num><content><p>Standard Security by Robert Taylor and Williamina Taylor in favour of Cumbernauld Development Corporation relative to subjects 4F Afton Road, Cumbernauld registered in the Land Register of Scotland under Title Number DMB 56648.</p></content></paragraph><paragraph eId="schedule-paragraph-7"><num>7</num><content><p>Standard Security by Elizabeth McLoughlin in favour of Cumbernauld Development Corporation relative to subjects 4B Ellisland Road, Cumbernauld registered in the Land Register of Scotland under Title Number DMB 56677.</p></content></paragraph><paragraph eId="schedule-paragraph-8"><num>8</num><content><p><em>Ex facie absolute</em> Disposition by James Grimshaw in favour of Cumbernauld Development Corporation relative to subjects 18 Meadow View, Cumbernauld in the County of Dumbarton dated Third November Nineteen hundred and sixty seven and recorded GRS (Dumbarton) Fifth February Nineteen hundred and sixty eight and Minute of Agreement between Cumbernauld Development Corporation and James Grimshaw dated Third November and Fifth December both in the year Nineteen hundred and sixty seven.</p></content></paragraph><paragraph eId="schedule-paragraph-9"><num>9</num><content><p>Standard Security by Colin Wallace in favour of Cumbernauld Development Corporation relative to subjects 2G Tarbolton Road, Cumbernauld and registered in the Land Register of Scotland under Title Number DMB 51348.</p></content></paragraph><paragraph eId="schedule-paragraph-10"><num>10</num><content><p>Standard Security by Mrs Jacqueline Dickie in favour of Cumbernauld Development Corporation relative to subjects 5C Tarbolton Road, Cumbernauld and registered in the Land Register of Scotland under Title Number DMB 51682.</p></content></paragraph><paragraph eId="schedule-paragraph-11"><num>11</num><content><p>Standard Security by Anna Maria Capuano in favour of Cumbernauld Development Corporation relative to subjects 5 Campsie View, Cumbernauld and registered in the Land Register of Scotland under Title Number DMB 1309.</p></content></paragraph><paragraph eId="schedule-paragraph-12"><num>12</num><content><p>Standard Security by Francis Crawley Kennedy and Linda Ann Kennedy in favour of Cumbernauld Development Corporation relative to subjects 35 Springfield Road, Cumbernauld and registered in the Land Register of Scotland under Title Number DMB 50412.</p></content></paragraph><paragraph eId="schedule-paragraph-13"><num>13</num><content><p>Standard Security by Thomas Colville in favour of Cumbernauld Development Corporation relative to subjects 99 Laburnum Road, Cumbernauld and registered in the Land Register of Scotland under Title Number DMB 52484.</p></content></paragraph><paragraph eId="schedule-paragraph-14"><num>14</num><content><p>Standard Security by Eric Stewart Christensen and Elizabeth Hutcheson Christensen in favour of Cumbernauld Development Corporation relative to subjects 152 Cedar Road, Cumbernauld and registered in the Land Register of Scotland under Title Number DMB 53898.</p></content></paragraph><paragraph eId="schedule-paragraph-15"><num>15</num><content><p>Standard Security by James Campbell and Louise Campbell in favour of Cumbernauld Development Corporation relative to subject 112 Rowan Road, Cumbernauld and registered in the Land Register of Scotland under Title Number DMB 55932.</p></content></paragraph><paragraph eId="schedule-paragraph-16"><num>16</num><content><p>Standard Security by Graham Middleton Jackson and Eileen Jackson in favour of Cumbernauld Development Corporation relative to subjects 65 Spruce Road, Cumbernauld and registered in the Land Register of Scotland under Title Number DMB 55355.</p></content></paragraph><paragraph eId="schedule-paragraph-17"><num>17</num><content><p>Standard Security by Peter Morran Farquhar and Ann Thomson Farquhar in favour of Cumbernauld Development Corporation relative to subjects 94 Oak Road, Cumbernauld and registered in the Land Register of Scotland under Title Number DMB 54785.</p></content></paragraph><paragraph eId="schedule-paragraph-18"><num>18</num><content><p>Standard Security by Charles Stewart and Brenda Stewart in favour of Cumbernauld Development Corporation relative to subjects 7 Pine Grove, Cumbernauld and registered in the Land Register of Scotland under Title Number DMB 54254.</p></content></paragraph><paragraph eId="schedule-paragraph-19"><num>19</num><content><p>Standard Security by James McGowan and Kathleen McGowan in favour of Cumbernauld Development Corporation relative to subjects 53 Gean Court, Cumbernauld and registered in the Land Register of Scotland under Title Number DMB 54526.</p></content></paragraph><paragraph eId="schedule-paragraph-20"><num>20</num><content><p>Standard Security by Ian Marshall and Elizabeth Anderson Liddell or Marshall in favour of Cumbernauld Development Corporation relative to subjects 25 Larch Court, Cumbernauld dated Thirtieth July Nineteen hundred and eighty two and recorded GRS (Dumbarton) Eleventh August Nineteen hundred and eighty two.</p></content></paragraph><paragraph eId="schedule-paragraph-21"><num>21</num><content><p>Standard Security by David John Knight and Mrs Edwina Addison or Knight in favour of Cumbernauld Development Corporation relative to subjects 17 Maple Road, Cumbernauld dated Thirteenth April Nineteen hundred and eighty two and recorded GRS (Dumbarton) Twentieth May Nineteen hundred and eighty two.</p></content></paragraph><paragraph eId="schedule-paragraph-22"><num>22</num><content><p>Standard Security by George Boyd Pate and Mrs Jeanette Pate in favour of Cumbernauld Development Corporation relative to subjects 27 Maple Road, Cumbernauld and garage 13 Maple Road, Cumbernauld and registered in the Land Register of Scotland under Title Number DMB 54116.</p></content></paragraph><paragraph eId="schedule-paragraph-23"><num>23</num><content><p>Standard Security by Patrick McKiernan and Ethel Margaret Sinclair or McKiernan in favour of Cumbernauld Development Corporation over subjects 130 Birch Road, Cumbernauld and registered in the Land Register of Scotland under Title Number DMB 2609.</p></content></paragraph><paragraph eId="schedule-paragraph-24"><num>24</num><content><p>Standard Security by Robert Herson and Myra Carol Herson in favour of Cumbernauld Development Corporation relative to subjects 101 Lime Crescent, Cumbernauld and registered in the Land Register of Scotland under Title Number DMB 45628.</p></content></paragraph><paragraph eId="schedule-paragraph-25"><num>25</num><content><p>Standard Security by William Kay and Craig Raeburn in favour of Cumbernauld Development Corporation relative to subjects 302 Lime Crescent, Cumbernauld and registered in the Land Register of Scotland under Title Number DMB 54965.</p></content></paragraph><paragraph eId="schedule-paragraph-26"><num>26</num><content><p>Standard Security by Michael O'Donnell and Kathleen O'Donnell in favour of Cumbernauld Development Corporation relative to subjects 42 Lilac Avenue, Cumbernauld registered in the Land Register of Scotland under Title Number DMB 49123.</p></content></paragraph><paragraph eId="schedule-paragraph-27"><num>27</num><content><p>Standard Security by William McKechnie Bryce and Janet Bryce in favour of Cumbernauld Development Corporation relative to subjects 25 Torbrex Road, Cumbernauld and registered in the Land Register of Scotland under Title Number DMB 50729.</p></content></paragraph><paragraph eId="schedule-paragraph-28"><num>28</num><content><p>Standard Security by Alexander Mazs Bett and Helen Bett in favour of Cumbernauld Development Corporation relative to subject 45 Torbrex Road, Cumbernauld and registered in the Land Register of Scotland under Title Number DMB 56592.</p></content></paragraph><paragraph eId="schedule-paragraph-29"><num>29</num><content><p>Standard Security by Andrew McClymont and Sharon Kathleen Wood or McClymont in favour of Cumbernauld Development Corporation relative to subjects 72 Glenhove Road, Cumbernauld and registered in the Land Register of Scotland under Title Number DMB 55186.</p></content></paragraph><paragraph eId="schedule-paragraph-30"><num>30</num><content><p>Standard Security by David Hutchison and Rosaleen Hutchinson in favour of Cumbernauld Development Corporation relative to subjects at 130 Glenhove Road, Cumbernauld and garage number 55 Glenhove Road, Cumbernauld registered in the Land Register of Scotland under Title Number DMB 54482.</p></content></paragraph><paragraph eId="schedule-paragraph-31"><num>31</num><content><p>Standard Security by Kathleen McAleer in favour of Cumbernauld Development Corporation relative to subjects 17 Stonylee Road, Cumbernauld and registered in the Land Register of Scotland under Title Number DMB 57056.</p></content></paragraph><paragraph eId="schedule-paragraph-32"><num>32</num><content><p>Standard Security by James John Mulholland and Brenda McGuire Dick in favour of Cumbernauld Development Corporation relative to subjects 186S Stonylee Road, Cumbernauld and registered in the Land Register of Scotland under Title Number DMB 5845.</p></content></paragraph><paragraph eId="schedule-paragraph-33"><num>33</num><content><p>Standard Security by Michael John Thomas and Mrs Fiorina Elliott or Thomas in favour of Cumbernauld Development Corporation relative to subjects 50 Craigieburn Road, Cumbernauld and registered in the Land Register of Scotland under Title Number DMB 4542.</p></content></paragraph><paragraph eId="schedule-paragraph-34"><num>34</num><content><p>Standard Security by James Joseph Toland and Mary Doran Bowers or Toland in favour of Cumbernauld Development Corporation relative to subjects 200 Beechwood Road, Cumbernauld dated Fifteenth October Nineteen hundred and seventy three and recorded GRS (Dumbarton) Nineteenth October Nineteen hundred and seventy three.</p></content></paragraph><paragraph eId="schedule-paragraph-35"><num>35</num><content><p>Standard Security by Alan Campbell and Fiona Campbell in favour of Cumbernauld Development Corporation relative to subjects 531 Greenrigg Road, Cumbernauld and registered in the Land Register of Scotland under Title Number DMB 57071.</p></content></paragraph><paragraph eId="schedule-paragraph-36"><num>36</num><content><p>Standard Security by Owen Maguire and Jeanette Maguire in favour of Cumbernauld Development Corporation relative to subjects 71 Broomlands Road, Cumbernauld and registered in the Land Register of Scotland under Title Number DMB 52664.</p></content></paragraph><paragraph eId="schedule-paragraph-37"><num>37</num><content><p>Standard Security by Terence Drum and Elizabeth Kelly in favour of Cumbernauld Development Corporation relative to subjects 5Z Fleming Road, Cumbernauld and registered in the Land Register of Scotland under Title Number DMB 50080.</p></content></paragraph><paragraph eId="schedule-paragraph-38"><num>38</num><content><p>Standard Security by David Harvey in favour of Cumbernauld Development Corporation relative to subjects 71C Bruce House, Cumbernauld and garage number 239 at Allanfauld Road, Cumbernauld and registered in the Land Register of Scotland under Title Number DMB 52774.</p></content></paragraph><paragraph eId="schedule-paragraph-39"><num>39</num><content><p>Standard Security by Mary Catherine Doherty and Anne Doherty in favour of Cumbernauld Development Corporation relative to subjects 16 Ainslie Road, Cumbernauld and registered in the Land Register of Scotland under Title Number DMB 31293.</p></content></paragraph><paragraph eId="schedule-paragraph-40"><num>40</num><content><p>Standard Security by Edward Gordon and Hazel Gordon in favour of Cumbernauld Development Corporation relative to subjects 216 Ainslie Road, Cumbernauld and registered in the Land Register of Scotland under Title Number DMB 26184.</p></content></paragraph><paragraph eId="schedule-paragraph-41"><num>41</num><content><p>Standard Security by Ronald Anthony Kinlan and Mrs Margaret Elizabeth Falconer or Kinlan in favour of Cumbernauld Development Corporation relative to subjects garage 11 Etive Court, Cumbernauld and registered in the Land Register of Scotland under Title Number DMB 8620.</p></content></paragraph><paragraph eId="schedule-paragraph-42"><num>42</num><content><p>Standard Security by John Sneddon and Helen Warren Boyle or Sneddon in favour of Cumbernauld Development Corporation relative to subjects 23 Drumnessie Road, Cumbernauld and registered in the Land Register of Scotland under Title Number DMB 50385.</p></content></paragraph><paragraph eId="schedule-paragraph-43"><num>43</num><content><p>Standard Security by Stephen John Brown and Madiline Brown in favour of Cumbernauld Development Corporation relative to subjects 27 Tomtain Brae, Cumbernauld and registered in the Land Register of Scotland under Title Number DMB 54984.</p></content></paragraph><paragraph eId="schedule-paragraph-44"><num>44</num><content><p>Standard Security by William Lyle Reilly and Margo Therese Reilly or Reilly relative to subjects 21 McGregor Road, Cumbernauld dated Twenty first February Nineteen hundred and seventy four and recorded GRS (Dumbarton) Fifteenth March Nineteen hundred and seventy four.</p></content></paragraph><paragraph eId="schedule-paragraph-45"><num>45</num><content><p>Standard Security by James Murray in favour of Cumbernauld Development Corporation relative to subjects 213 McGregor Road, Cumbernauld dated Twenty fourth December Nineteen hundred and seventy one and recorded GRS (Dumbarton) Thirty first January Nineteen hundred and seventy two.</p></content></paragraph><paragraph eId="schedule-paragraph-46"><num>46</num><content><p>Standard Security by Margaret Beattie Donnelly in favour of Cumbernauld Development Corporation relative to subjects 5D Graham House, Cumbernauld and registered in the Land Register of Scotland under Title Number DMB 56798.</p></content></paragraph><paragraph eId="schedule-paragraph-47"><num>47</num><content><p>Standard Security by James McCallum and Charlotte McCallum in favour of Cumbernauld Development Corporation relative to the subjects 12D Graham House, Cumbernauld and garage 137 Berryhill Road, Cumbernauld and registered in the Land Register of Scotland under Title Number DMB 53596.</p></content></paragraph><paragraph eId="schedule-paragraph-48"><num>48</num><content><p>Standard Security by George Symons McGuinness and Mrs Robertina McGuinness in favour of Cumbernauld Development Corporation relative to subjects 10D Campbell House, Cumbernauld and garage 39 Berryhill Road, Cumbernauld registered in the Land Register of Scotland under Title Number DMB 54951.</p></content></paragraph><paragraph eId="schedule-paragraph-49"><num>49</num><content><p>Standard Security by James Dewar Cobb and Mrs Mary Cobb in favour of Cumbernauld Development Corporation over subjects 8A Wallace House, Cumbernauld and registered in the Land Register of Scotland under Title Number DMB 53214.</p></content></paragraph><paragraph eId="schedule-paragraph-50"><num>50</num><content><p>Standard Security by Eleanor Martin McLelland in favour of Cumbernauld Development Corporation relative to subjects at 8D Wallace House, Cumbernauld and registered in the Land Register of Scotland under Title Number DMB 40971.</p></content></paragraph><paragraph eId="schedule-paragraph-51"><num>51</num><content><p>Standard Security by William Brown and Elizabeth Jessie Brown in favour of Cumbernauld Development Corporation relative to subjects 9B Wallace House, Cumbernauld and garage 121 Berryhill Road, Cumbernauld and registered in the Land Register of Scotland under Title Number DMB 41877.</p></content></paragraph><paragraph eId="schedule-paragraph-52"><num>52</num><content><p>Standard Security by James Crossan and Sarah Hanlon Crossan in favour of Cumbernauld Development Corporation relative to subjects 5B Morison House, Cumbernauld and registered in the Land Register of Scotland under Title Number DMB 47672.</p></content></paragraph><paragraph eId="schedule-paragraph-53"><num>53</num><content><p>Standard Security by George Thomson in favour of Cumbernauld Development Corporation relative to subject 10C Elliot House, Cumbernauld and registered in the Land Register of Scotland under Title Number DMB 14682.</p></content></paragraph><paragraph eId="schedule-paragraph-54"><num>54</num><content><p>Standard Security by Philip Evans in favour of Cumbernauld Development Corporation relative to subjects 9A Stuart House, Cumbernauld and registered in the Land Register of Scotland under Title Number DMB 51342.</p></content></paragraph><paragraph eId="schedule-paragraph-55"><num>55</num><content><p>Standard Security by Alexander Ronald Laird and Elizabeth Abbott McMurdo Laird in favour of Cumbernauld Development Corporation relative to subjects 19A Stuart House, Cumbernauld and registered in the Land Register of Scotland under Title Number DMB 36832.</p></content></paragraph><paragraph eId="schedule-paragraph-56"><num>56</num><content><p>Standard Security by Ronald Russell and Margaret Russell in favour of Cumbernauld Development Corporation relative to subjects 12 Ben Nevis Way, Cumbernauld and registered in the Land Register of Scotland under Title Number DMB 57172.</p></content></paragraph></hcontainer></part><part eId="schedule-part-4"><num>PART 4</num><heading>STANDARD SECURITIES AND MINUTES OF AGREEMENT</heading><hcontainer name="crossheading" eId="schedule-part-4-crossheading-shared-equity-loans"><heading><em>SHARED EQUITY LOANS</em></heading><paragraph eId="schedule-paragraph-1"><num>1</num><content><p>Standard Security by Elizabeth Shepherd in favour of Cumbernauld Development Corporation relative to subjects at 1 Woodland Way, Kildrum, Cumbernauld and registered in the Land Register of Scotland under Title Number DMB 28781 and Minute of Agreement between Cumbernauld Development Corporation and Elizabeth Shepherd dated Sixth and Sixteenth September Nineteen Hundred and Ninety Three.</p></content></paragraph><paragraph eId="schedule-paragraph-2"><num>2</num><content><p>Standard Security by Robert Wright and Williamina Wright in favour of Cumbernauld Development Corporation relative to subjects at 3 Woodland Way, Kildrum, Cumbernauld and registered in the Land Register of Scotland under Title Number DMB 27706 and Minute of Agreement between Cumbernauld Development Corporation and Robert Wright and Williamina Wright dated Fourth and Twelfth August Nineteen Hundred and Ninety Three.</p></content></paragraph><paragraph eId="schedule-paragraph-3"><num>3</num><content><p>Standard Security by David Smith and Catherine Smith in favour of Cumbernauld Development Corporation relative to subjects at 7 Woodland Way, Kildrum, Cumbernauld and registered in the Land Register of Scotland under Title Number DMB 4419 and Minute of Agreement between Cumbernauld Development Corporation and David Smith and Catherine Smith dated Twenty First July and Twentieth August Nineteen Hundred and Ninety Three.</p></content></paragraph><paragraph eId="schedule-paragraph-4"><num>4</num><content><p>Standard Security by James Wales and Maureen Wales in favour of Cumbernauld Development Corporation relative to subjects at 13 Woodland Way, Kildrum, Cumbernauld and registered in the Land Register of Scotland under Title Number DMB 7801 and Minute of Agreement between Cumbernauld Development Corporation and James Wales and Maureen Wales dated Twenty Eighth and Thirtieth July Nineteen Hundred and Ninety Three.</p></content></paragraph><paragraph eId="schedule-paragraph-5"><num>5</num><content><p>Standard Security by Archibald McFarlane White and Ellen McCormack or White in favour of Cumbernauld Development Corporation relative to subjects at 25 Woodland Way, Kildrum, Cumbernauld and registered in the Land Register of Scotland under Title Number DMB 5401 and Minute of Agreement between Cumbernauld Development Corporation and Archibald McFarlane White and Ellen McCormick or White dated Second and Fifth August Nineteen Hundred and Ninety Three.</p></content></paragraph><paragraph eId="schedule-paragraph-6"><num>6</num><content><p>Standard Security by Robert Grant Tominey and Mary Barrie Tominey in favour of Cumbernauld Development Corporation relative to subjects at 33 Woodland Way, Kildrum, Cumbernauld and registered in the Land Register of Scotland under Title Number DMB 30687 and Minute of Agreement between Cumbernauld Development Corporation and Robert Grant Tominey and Mary Barrie Tominey dated Third and Fifth August Nineteen Hundred and Ninety Three.</p></content></paragraph><paragraph eId="schedule-paragraph-7"><num>7</num><content><p>Standard Security by Brenda Mary Willis in favour of Cumbernauld Development Corporation relative to subjects at 35 Woodland Way, Kildrum, Cumbernauld and registered in the Land Register of Scotland under Title Number DMB 45246 and Minute of Agreement between Cumbernauld Development Corporation and Brenda Mary Willis dated Twenty-Ninth and Thirtieth July Nineteen Hundred and Ninety Three.</p></content></paragraph><paragraph eId="schedule-paragraph-8"><num>8</num><content><p>Standard Security by Christopher Hume and Margaret Eveline Hume in favour of Cumbernauld Development Corporation relative to subjects at 41 Woodland Way, Kildrum, Cumbernauld and registered in the Land Register of Scotland under Title Number DMB 35718 and Minute of Agreement between Cumbernauld Development Corporation and Christopher Hume and Margaret Eveline Hume dated Second and Fifth August Nineteen Hundred and Ninety Three.</p></content></paragraph><paragraph eId="schedule-paragraph-9"><num>9</num><content><p>Standard Security by David McLean Marshall and Jean McCormick or Marshall in favour of Cumbernauld Development Corporation relative to subjects at 49 Woodland Way, Kildrum, Cumbernauld and registered in the Land Register of Scotland under Title Number DMB 3331 and Minute of Agreement between Cumbernauld Development Corporation and David McLean Marshall and Jean McCormick or Marshall dated Eighteenth August and First September Nineteen Hundred and Ninety Three.</p></content></paragraph><paragraph eId="schedule-paragraph-10"><num>10</num><content><p>Standard Security by Brendon Joseph O'Reilly and Anne Marie O'Reilly in favour of Cumbernauld Development Corporation relative to subjects at 55 Woodland Way, Kildrum, Cumbernauld and registered in the Land Register of Scotland under Title Number DMB 15029 and Minute of Agreement between Cumbernauld Development Corporation and Brendan Joseph O'Reilly and Anne Marie O'Reilly dated Tenth and Twelfth August Nineteen Hundred and Ninety Three.</p></content></paragraph><paragraph eId="schedule-paragraph-11"><num>11</num><content><p>Standard Security by John Black McClymont in favour of Cumbernauld Development Corporation relative to subjects at 67 Woodland Way, Kildrum, Cumbernauld recorded GRS (Dumbarton) on Eighteenth August Nineteen hundred and Ninety Three and Minute of Agreement between Cumbernauld Development Corporation and John Black McClymont dated Fourth and Fifth August Nineteen Hundred and Ninety Three.</p></content></paragraph><paragraph eId="schedule-paragraph-12"><num>12</num><content><p>Standard Security by James Love Boyd and Ezme Peterson or Boyd in favour of Cumbernauld Development Corporation relative to subjects at 123 Braehead Road, Kildrum, Cumbernauld and registered in the Land Register of Scotland under Title Number DMB 1709 and Minute of Agreement between Cumbernauld Development Corporation and James Love Boyd and Ezme Paterson or Boyd dated Sixteenth September Nineteen Hundred and Ninety Three.</p></content></paragraph><paragraph eId="schedule-paragraph-13"><num>13</num><content><p>Standard Security by Raymond James Hunter and Margaret Helen Pollock Hunter in favour of Cumbernauld Development Corporation relative to subjects at 125 Braehead Road, Kildrum, Cumbernauld and recorded GRS (Dumbarton) on Twelfth August Nineteen hundred and Ninety Three and Minute of Agreement between Cumbernauld Development Corporation and Raymond James Hunter and Margaret Helen Pollock or Hunter dated Second and Fifth August Nineteen Hundred and Ninety Three.</p></content></paragraph><paragraph eId="schedule-paragraph-14"><num>14</num><content><p>Standard Security by Mrs Mary Helen McGinty in favour of Cumbernauld Development Corporation relative to subjects at 127 Braehead Road, Kildrum, Cumbernauld and registered in the Land Register of Scotland under Title Number DMB 36809 and Minute of Agreement between Cumbernauld Development Corporation and Mrs Mary Helen McGinty dated Second and Twelfth August Nineteen Hundred and Ninety Three.</p></content></paragraph><paragraph eId="schedule-paragraph-15"><num>15</num><content><p>Standard Security by Stephen Connolly in favour of Cumbernauld Development Corporation relative to subjects at 129 Braehead Road, Kildrum, Cumbernauld and registered in the Land Register of Scotland under Title Number DMB 16319 and Minute of Agreement between Cumbernauld Development Corporation and Stephen Connolly dated Thirteenth and Twenty-first September Nineteen Hundred and Ninety Three.</p></content></paragraph><paragraph eId="schedule-paragraph-16"><num>16</num><content><p>Standard Security by Edward Shaw and Andrea Shaw in favour of Cumbernauld Development Corporation relative to subjects at 131 Braehead Road, Kildrum, Cumbernauld and registered in the Land Register of Scotland under Title Number DMB 36568 and Minute of Agreement between Cumbernauld Development Corporation and Edward Shaw and Andrea Shaw dated Second and Fifth August Nineteen Hundred and Ninety Three.</p></content></paragraph><paragraph eId="schedule-paragraph-17"><num>17</num><content><p>Standard Security by Lorraine Campbell in favour of Cumbernauld Development Corporation relative to subjects at 135 Braehead Road, Kildrum, Cumbernauld and registered in the Land Register of Scotland under Title Number DMB 30080 and Minute of Agreement between Cumbernauld Development Corporation and Lorraine Campbell dated Twenty-sixth and Thirtieth July Nineteen Hundred and Ninety Three.</p></content></paragraph><paragraph eId="schedule-paragraph-18"><num>18</num><content><p>Standard Security by John Andrew Corney and Phyllis Joan Corney in favour of Cumbernauld Development Corporation relative to subjects at 137 Braehead Road, Kildrum, Cumbernauld and registered in the Land Register of Scotland under Title Number DMB 8745 and Minute of Agreement between Cumbernauld Development Corporation and John Andrew Corney and Phyllis Joan Corney dated Second and Fifth August Nineteen Hundred and Ninety Three.</p></content></paragraph><paragraph eId="schedule-paragraph-19"><num>19</num><content><p>Standard Security by Mary Davidson and John Thomson in favour of Cumbernauld Development Corporation relative to subjects at 143 Braehead Road, Kildrum, Cumbernauld and registered in the Land Register of Scotland under Title Number DMB 23976 and Minute of Agreement between Cumbernauld Development Corporation and Mary Davidson and John Thomson dated Fifth and Twelfth August Nineteen Hundred and Ninety Three.</p></content></paragraph><paragraph eId="schedule-paragraph-20"><num>20</num><content><p>Standard Security by Philip Rodman Mackay in favour of Cumbernauld Development Corporation relative to subjects at 147 Braehead Road, Kildrum, Cumbernauld and registered in the Land Register of Scotland under Title Number DMB 16146 and Minute of Agreement between Cumbernauld Development Corporation and Philip Rodman Mackay dated Tenth and Twelfth August Nineteen Hundred and Ninety Three.</p></content></paragraph><paragraph eId="schedule-paragraph-21"><num>21</num><content><p>Standard Security by Robert Curran and Alison Ann Curran in favour of Cumbernauld Development Corporation relative to subjects at 155 Braehead Road, Kildrum, Cumbernauld and registered in the Land Register of Scotland under Title Number DMB 29642 and Minute of Agreement between Cumbernauld Development Corporation and Robert Curran and Alison Ann Curran dated Twentieth August and First September Nineteen Hundred and Ninety Three.</p></content></paragraph><paragraph eId="schedule-paragraph-22"><num>22</num><content><p>Standard Security by John Love and Catherine Love in favour of Cumbernauld Development Corporation relative to subjects at 159 Braehead Road, Kildrum, Cumbernauld and registered in the Land Register of Scotland under Title Number DMB 45637 and Minute of Agreement between Cumbernauld Development Corporation and John Love and Catherine Love dated Seventeenth August Nineteen Hundred and Ninety Three.</p></content></paragraph><paragraph eId="schedule-paragraph-23"><num>23</num><content><p>Standard Security by Douglas Blake and Elizabeth Blake in favour of Cumbernauld Development Corporation relative to subjects at 171 Braehead Road, Kildrum, Cumbernauld and registered in the Land Register of Scotland under Title Number DMB 17978 and Minute of Agreement between Cumbernauld Development Corporation and Douglas Blake and Elizabeth Blake dated Sixth and Twelfth August Nineteen Hundred and Ninety Three.</p></content></paragraph><paragraph eId="schedule-paragraph-24"><num>24</num><content><p>Standard Security by Catherine Love McIntosh and Janice McIntosh in favour of Cumbernauld Development Corporation relative to subjects at 181 Braehead Road, Kildrum, Cumbernauld and registered in the Land Register of Scotland under Title Number DMB 28148 and Minute of Agreement between Cumbernauld Development Corporation and Catherine Love McIntosh and Janice McIntosh dated Tenth August and First September Nineteen Hundred and Ninety Three.</p></content></paragraph><paragraph eId="schedule-paragraph-25"><num>25</num><content><p>Standard Security by George Anthony Lowis in favour of Cumbernauld Development Corporation relative to subjects at 183 Braehead Road, Kildrum, Cumbernauld and registered in the Land Register of Scotland under Title Number DMB 30098 and Minute of Agreement between Cumbernauld Development Corporation and George Anthony Lowis dated Ninth and Sixteenth September Nineteen Hundred and Ninety Three.</p></content></paragraph><paragraph eId="schedule-paragraph-26"><num>26</num><content><p>Standard Security by James Pyott and Shirley Anne Pyott in favour of Cumbernauld Development Corporation relative to subjects at 187 Braehead Road, Kildrum, Cumbernauld and registered in the Land Register of Scotland under Title Number DMB 45943 and Minute of Agreement between Cumbernauld Development Corporation and James Pyott and Shirley Anne Pyott dated Third and Fifth August Nineteen Hundred and Ninety Three.</p></content></paragraph><paragraph eId="schedule-paragraph-27"><num>27</num><content><p>Standard Security by James Welsh and Christine Harrison Welsh in favour of Cumbernauld Development Corporation relative to subjects at 193 Braehead Road, Kildrum, Cumbernauld and registered in the Land Register of Scotland under Title Number DMB 14602 and Minute of Agreement between Cumbernauld Development Corporation and James Welsh and Christine Harrison Welsh dated Tenth and Twelfth August Nineteen Hundred and Ninety Three.</p></content></paragraph><paragraph eId="schedule-paragraph-28"><num>28</num><content><p>Standard Security by Brian Thomson Elliot and Brenda Ann Stacey or Elliot in favour of Cumbernauld Development Corporation relative to subjects at 195 Braehead Road, Kildrum, Cumbernauld and registered in the Land Register of Scotland under Title Number DMB 23187 and Minute of Agreement between Cumbernauld Development Corporation and Brian Thomson Elliot and Brenda Ann Stacey or Elliott dated Sixteenth September Nineteen Hundred and Ninety Three.</p></content></paragraph><paragraph eId="schedule-paragraph-29"><num>29</num><content><p>Standard Security by Daniel O'Donnell Docherty and Jane Bane O'Donnell Docherty in favour of Cumbernauld Development Corporation relative to subjects at 201 Braehead Road, Kildrum, Cumbernauld and registered in the Land Register of Scotland under Title Number DMB 10475 and Minute of Agreement between Cumbernauld Development Corporation and Daniel O'Donnell Docherty and Jane Bane O'Donnell Docherty dated Sixth and Sixteenth September Nineteen Hundred and Ninety Three.</p></content></paragraph><paragraph eId="schedule-paragraph-30"><num>30</num><content><p>Standard Security by George Wright and Sandra Wright in favour of Cumbernauld Development Corporation relative to subjects at 209 Braehead Road, Kildrum, Cumbernauld and registered in the Land Register of Scotland under Title Number DMB 7279 and Minute of Agreement between Cumbernauld Development Corporation and George Wright and Sandra Wright dated Third and Fifth August Nineteen Hundred and Ninety Three.</p></content></paragraph><paragraph eId="schedule-paragraph-31"><num>31</num><content><p>Standard Security by Margaret McGuire Toal in favour of Cumbernauld Development Corporation relative to subjects at 211 Braehead Road, Kildrum, Cumbernauld and registered in the Land Register of Scotland under Title Number DMB 9103 and Minute of Agreement between Cumbernauld Development Corporation and Margaret McGuire Toal dated Twenty-sixth and Thirtieth July Nineteen Hundred and Ninety Three.</p></content></paragraph><paragraph eId="schedule-paragraph-32"><num>32</num><content><p>Standard Security by David Carruthers in favour of Cumbernauld Development Corporation relative to subjects at 215 Braehead Road, Kildrum, Cumbernauld and registered in the Land Register of Scotland under Title Number DMB 18646 and Minute of Agreement between Cumbernauld Development Corporation and David Carruthers dated Twenty-eighth and Thirtieth July Nineteen Hundred and Ninety Three.</p></content></paragraph><paragraph eId="schedule-paragraph-33"><num>33</num><content><p>Standard Security by William Claude Cullingford and Margaret Fyfe Cullingford in favour of Cumbernauld Development Corporation relative to subjects at 219 Braehead Road, Kildrum, Cumbernauld and registered in the Land Register of Scotland under Title Number DMB 30573 and Minute of Agreement between Cumbernauld Development Corporation and William Claude Cullingford and Margaret Fyfe Cullingford dated Fifth August Nineteen Hundred and Ninety Three.</p></content></paragraph></hcontainer></part><part eId="schedule-part-5"><num>PART 5</num><heading>STANDARD SECURITIES AND MINUTES OF AGREEMENT</heading><hcontainer name="crossheading" eId="schedule-part-5-crossheading-helpup-loans"><heading><em>HELP-UP LOANS</em></heading><paragraph eId="schedule-paragraph-1"><num>1</num><content><p>Standard Security by Alexander Arthur and Lesley McGregor in favour of Cumbernauld Development Corporation (with annexed Minute of Variation dated Nineteenth July and Twenty-Sixth July both in the year Nineteen Hundred and Ninety making Lesley McGregor sole Borrower) relative to subjects at 20 Braehead Road, Cumbernauld registered in the Land Register of Scotland under Title Number DMB 24070 and Minute of Agreement between Cumbernauld Development Corporation and Alexander Arthur and Lesley McGregor dated Seventeenth September and Twenty Ninth September both in the year Nineteen Hundred and Eighty Seven.</p></content></paragraph><paragraph eId="schedule-paragraph-2"><num>2</num><content><p>Standard Security by John Robertson and Mrs Margaret Robertson in favour of Cumbernauld Development Corporation relative to subjects at 62 Braehead Road, Cumbernauld registered in the Land Register of Scotland under Title Number DMB 25592 and Minute of Agreement between Cumbernauld Development Corporation and John Robertson and Mrs Margaret Robertson dated Twenty Ninth January and Tenth February both in the year Nineteen Hundred and Eighty Eight.</p></content></paragraph><paragraph eId="schedule-paragraph-3"><num>3</num><content><p>Standard Security by Christopher Gerard Dunne in favour of Cumbernauld Development Corporation relative to subjects at 87 Braehead Road, Cumbernauld registered in the Land Register of Scotland under Title Number DMB 27169 and Minute of Agreement between Cumbernauld Development Corporation and Christopher Gerard Dunne dated Seventeenth June and Twenty Second June both in the year Nineteen Hundred and Eighty Eight.</p></content></paragraph><paragraph eId="schedule-paragraph-4"><num>4</num><content><p>Standard Security by Miss Lynne Margaret Beveridge in favour of Cumbernauld Development Corporation relative to subjects at 105 Braehead Road, Cumbernauld registered in the Land Register of Scotland under Title Number DMB 28063 and Minute of Agreement between Cumbernauld Development Corporation and Miss Lynne Margaret Beveridge dated Thirty First August and Fifth September both in the year Nineteen Hundred and Eighty Eight.</p></content></paragraph><paragraph eId="schedule-paragraph-5"><num>5</num><content><p>Standard Security by Graeme Kenneth Wilson in favour of Cumbernauld Development Corporation relative to subjects at 297 Braehead Road, Cumbernauld registered in the Land Register of Scotland under Title Number DMB 23340 and Minute of Agreement between Cumbernauld Development Corporation and Graeme Kenneth Wilson dated Eleventh August and Eighteenth August both in the year Nineteen Hundred and Eighty Seven.</p></content></paragraph><paragraph eId="schedule-paragraph-6"><num>6</num><content><p>Standard Security by Sam Cheema and Mrs Karen Cheema in favour of Cumbernauld Development Corporation relative to subjects at 107 Birkenburn Road, Cumbernauld registered in the Land Register of Scotland under Title Number DMB 25302 and Minute of Agreement between Cumbernauld Development Corporation and Sam Cheema and Mrs Karen Cheema dated Twenty Second January and Twenty Eighth January both in the year Nineteen Hundred and Eighty Eight.</p></content></paragraph><paragraph eId="schedule-paragraph-7"><num>7</num><content><p>Standard Security by Donald Matthew Brownlie and Mrs Agnes Miller Brownlie in favour of Cumbernauld Development Corporation relative to subjects at 215 Whitelees Road, Cumbernauld registered in the Land Register of Scotland under Title Number DMB 25430 and Minute of Agreement between Cumbernauld Development Corporation and Donald Matthew Brownlie and Mrs Agnes Miller Brownlie dated Fourth February and Tenth February both in the year Nineteen Hundred and Eighty Eight.</p></content></paragraph><paragraph eId="schedule-paragraph-8"><num>8</num><content><p>Standard Security by Kim McPhie in favour of Cumbernauld Development Corporation relative to subjects at 55 Millcroft Road, Cumbernauld registered in the Land Register of Scotland under Title Number DMB 29200 and Minute of Agreement between Cumbernauld Development Corporation and Kim McPhie dated Twenty Seventh October and Thirty First October both in the year Nineteen Hundred and Eighty Eight.</p></content></paragraph><paragraph eId="schedule-paragraph-9"><num>9</num><content><p>Standard Security by Scott Munroe in favour of Cumbernauld Development Corporation relative to subjects at 192D Millcroft Road, Cumbernauld registered in the Land Register of Scotland under Title Number DMB 30030 and Minute of Agreement between Cumbernauld Development Corporation and Scott Munroe dated Sixteenth November and Twenty First November both in the year Nineteen Hundred and Eighty Eight.</p></content></paragraph><paragraph eId="schedule-paragraph-10"><num>10</num><content><p>Standard Security by Christopher Maher in favour of Cumbernauld Development Corporation relative to subjects at 101 Greenrigg Road, Cumbernauld and garage 15 Greenrigg Road, Cumbernauld registered in the Land Register of Scotland under Title Number DMB 24580 and Minute of Agreement between Cumbernauld Development Corporation and Christopher Maher dated Twenty Ninth September and Twenty Third October both in the year Nineteen Hundred and Eighty Seven.</p></content></paragraph><paragraph eId="schedule-paragraph-11"><num>11</num><content><p>Standard Security by Martin Peter O'Donnell in favour of Cumbernauld Development Corporation relative to subjects at 133 Greenrigg Road, Cumbernauld and garage 18 Greenrigg Road, Cumbernauld registered in the Land Register of Scotland under Title Number DMB 25287 and Minute of Agreement between Cumbernauld Development Corporation and Martin Peter O'Donnell dated Sixteenth January and Twenty Eighth January both in the year Nineteen Hundred and Eighty Eight.</p></content></paragraph><paragraph eId="schedule-paragraph-12"><num>12</num><content><p>Standard Security by Carol McIntyre in favour of Cumbernauld Development Corporation relative to subjects at 61B Baldorran Crescent, Balloch, Cumbernauld registered in the Land Register of Scotland under Title Number DMB 23852 and Minute of Agreement between Cumbernauld Development Corporation and Carol McIntyre dated Seventeenth September and First October both in the year Nineteen Hundred and Eighty Seven.</p></content></paragraph><paragraph eId="schedule-paragraph-13"><num>13</num><content><p>Standard Security by James Quinn and Jean Quinn in favour of Cumbernauld Development Corporation relative to subjects at 95 Baldorran Crescent, Balloch, Cumbernauld registered in the Land Register of Scotland under Title Number DMB 24583 and Minute of Agreement between Cumbernauld Development Corporation and James Quinn and Jean Quinn dated Seventeenth November and Twenty Fifth November both in the year Nineteen Hundred and Eighty Seven.</p></content></paragraph><paragraph eId="schedule-paragraph-14"><num>14</num><content><p>Standard Security by Nesta Allan Still Forsyth or Halpin in favour of Cumbernauld Development Corporation relative to subjects at 42 Grangeneuk Gardens, Cumbernauld registered in the Land Register of Scotland under Title Number DMB 21743 and Minute of Agreement between Cumbernauld Development Corporation and Nesta Allan Still Forsyth or Halpin dated Twenty Ninth July and Third August both in the year Nineteen Hundred and Eighty Eight.</p></content></paragraph><paragraph eId="schedule-paragraph-15"><num>15</num><content><p>Standard Security by Mark Evans (otherwise Mark Anthony Evans) and Evelyn Evans in favour of Cumbernauld Development Corporation relative to subjects at 72 Grangeneuk Gardens, Balloch, Cumbernauld registered in the Land Register of Scotland under Title Number DMB 25969 and Minute of Agreement between Cumbernauld Development Corporation and Mark Evans and Evelyn Evans dated Eleventh September and Twenty Ninth September both in the year Nineteen Hundred and Eighty Seven.</p></content></paragraph></hcontainer></part><hcontainer name="wrapper"><content><blockContainer class="figure"><p><img alt="Image_r00000" src="http://www.legislation.gov.uk/uksi/1996/464/images/uksi_19960464_en_001" width="840" height="595"/></p></blockContainer></content></hcontainer><hcontainer name="wrapper"><content><blockContainer class="figure"><p><img alt="Image_r00001" src="http://www.legislation.gov.uk/uksi/1996/464/images/uksi_19960464_en_002" width="840" height="595"/></p></blockContainer></content></hcontainer><hcontainer name="wrapper"><content><blockContainer class="figure"><p><img alt="Image_r00002" src="http://www.legislation.gov.uk/uksi/1996/464/images/uksi_19960464_en_003" width="840" height="595"/></p></blockContainer></content></hcontainer><hcontainer name="wrapper"><content><blockContainer class="figure"><p><img alt="Image_r00003" src="http://www.legislation.gov.uk/uksi/1996/464/images/uksi_19960464_en_004" width="840" height="595"/></p></blockContainer></content></hcontainer><hcontainer name="wrapper"><content><blockContainer class="figure"><p><img alt="Image_r00004" src="http://www.legislation.gov.uk/uksi/1996/464/images/uksi_19960464_en_005" width="840" height="595"/></p></blockContainer></content></hcontainer><hcontainer name="wrapper"><content><blockContainer class="figure"><p><img alt="Image_r00005" src="http://www.legislation.gov.uk/uksi/1996/464/images/uksi_19960464_en_006" width="840" height="595"/></p></blockContainer></content></hcontainer><hcontainer name="wrapper"><content><blockContainer class="figure"><p><img alt="Image_r00006" src="http://www.legislation.gov.uk/uksi/1996/464/images/uksi_19960464_en_007" width="840" height="595"/></p></blockContainer></content></hcontainer><hcontainer name="wrapper"><content><blockContainer class="figure"><p><img alt="Image_r00007" src="http://www.legislation.gov.uk/uksi/1996/464/images/uksi_19960464_en_008" width="840" height="595"/></p></blockContainer></content></hcontainer><hcontainer name="wrapper"><content><blockContainer class="figure"><p><img alt="Image_r00008" src="http://www.legislation.gov.uk/uksi/1996/464/images/uksi_19960464_en_009" width="840" height="595"/></p></blockContainer></content></hcontainer><hcontainer name="wrapper"><content><blockContainer class="figure"><p><img alt="Image_r00009" src="http://www.legislation.gov.uk/uksi/1996/464/images/uksi_19960464_en_010" width="840" height="595"/></p></blockContainer></content></hcontainer><hcontainer name="wrapper"><content><blockContainer class="figure"><p><img alt="Image_r00010" src="http://www.legislation.gov.uk/uksi/1996/464/images/uksi_19960464_en_011" width="840" height="595"/></p></blockContainer></content></hcontainer><hcontainer name="wrapper"><content><blockContainer class="figure"><p><img alt="Image_r00011" src="http://www.legislation.gov.uk/uksi/1996/464/images/uksi_19960464_en_012" width="840" height="595"/></p></blockContainer></content></hcontainer><hcontainer name="wrapper"><content><blockContainer class="figure"><p><img alt="Image_r00012" src="http://www.legislation.gov.uk/uksi/1996/464/images/uksi_19960464_en_013" width="840" height="595"/></p></blockContainer></content></hcontainer><hcontainer name="wrapper"><content><blockContainer class="figure"><p><img alt="Image_r00013" src="http://www.legislation.gov.uk/uksi/1996/464/images/uksi_19960464_en_014" width="840" height="595"/></p></blockContainer></content></hcontainer><hcontainer name="wrapper"><content><blockContainer class="figure"><p><img alt="Image_r00014" src="http://www.legislation.gov.uk/uksi/1996/464/images/uksi_19960464_en_015" width="840" height="595"/></p></blockContainer></content></hcontainer><hcontainer name="wrapper"><content><blockContainer class="figure"><p><img alt="Image_r00015" src="http://www.legislation.gov.uk/uksi/1996/464/images/uksi_19960464_en_016" width="840" height="595"/></p></blockContainer></content></hcontainer><hcontainer name="wrapper"><content><blockContainer class="figure"><p><img alt="Image_r00016" src="http://www.legislation.gov.uk/uksi/1996/464/images/uksi_19960464_en_017" width="840" height="595"/></p></blockContainer></content></hcontainer><hcontainer name="wrapper"><content><blockContainer class="figure"><p><img alt="Image_r00017" src="http://www.legislation.gov.uk/uksi/1996/464/images/uksi_19960464_en_018" width="840" height="595"/></p></blockContainer></content></hcontainer><hcontainer name="wrapper"><content><blockContainer class="figure"><p><img alt="Image_r00018" src="http://www.legislation.gov.uk/uksi/1996/464/images/uksi_19960464_en_019" width="840" height="595"/></p></blockContainer></content></hcontainer><hcontainer name="wrapper"><content><blockContainer class="figure"><p><img alt="Image_r00019" src="http://www.legislation.gov.uk/uksi/1996/464/images/uksi_19960464_en_020" width="840" height="595"/></p></blockContainer></content></hcontainer><hcontainer name="wrapper"><content><blockContainer class="figure"><p><img alt="Image_r00020" src="http://www.legislation.gov.uk/uksi/1996/464/images/uksi_19960464_en_021" width="840" height="595"/></p></blockContainer></content></hcontainer><hcontainer name="wrapper"><content><blockContainer class="figure"><p><img alt="Image_r00021" src="http://www.legislation.gov.uk/uksi/1996/464/images/uksi_19960464_en_022" width="840" height="595"/></p></blockContainer></content></hcontainer><hcontainer name="wrapper"><content><blockContainer class="figure"><p><img alt="Image_r00022" src="http://www.legislation.gov.uk/uksi/1996/464/images/uksi_19960464_en_023" width="840" height="595"/></p></blockContainer></content></hcontainer><hcontainer name="wrapper"><content><blockContainer class="figure"><p><img alt="Image_r00023" src="http://www.legislation.gov.uk/uksi/1996/464/images/uksi_19960464_en_024" width="840" height="595"/></p></blockContainer></content></hcontainer><hcontainer name="wrapper"><content><blockContainer class="figure"><p><img alt="Image_r00024" src="http://www.legislation.gov.uk/uksi/1996/464/images/uksi_19960464_en_025" width="840" height="595"/></p></blockContainer></content></hcontainer><hcontainer name="wrapper"><content><blockContainer class="figure"><p><img alt="Image_r00025" src="http://www.legislation.gov.uk/uksi/1996/464/images/uksi_19960464_en_026" width="840" height="595"/></p></blockContainer></content></hcontainer><hcontainer name="wrapper"><content><blockContainer class="figure"><p><img alt="Image_r00026" src="http://www.legislation.gov.uk/uksi/1996/464/images/uksi_19960464_en_027" width="840" height="595"/></p></blockContainer></content></hcontainer><hcontainer name="wrapper"><content><blockContainer class="figure"><p><img alt="Image_r00027" src="http://www.legislation.gov.uk/uksi/1996/464/images/uksi_19960464_en_028" width="840" height="595"/></p></blockContainer></content></hcontainer><hcontainer name="wrapper"><content><blockContainer class="figure"><p><img alt="Image_r00028" src="http://www.legislation.gov.uk/uksi/1996/464/images/uksi_19960464_en_029" width="840" height="595"/></p></blockContainer></content></hcontainer><hcontainer name="wrapper"><content><blockContainer class="figure"><p><img alt="Image_r00029" src="http://www.legislation.gov.uk/uksi/1996/464/images/uksi_19960464_en_030" width="840" height="595"/></p></blockContainer></content></hcontainer><hcontainer name="wrapper"><content><blockContainer class="figure"><p><img alt="Image_r00030" src="http://www.legislation.gov.uk/uksi/1996/464/images/uksi_19960464_en_031" width="840" height="595"/></p></blockContainer></content></hcontainer><hcontainer name="wrapper"><content><blockContainer class="figure"><p><img alt="Image_r00031" src="http://www.legislation.gov.uk/uksi/1996/464/images/uksi_19960464_en_032" width="840" height="595"/></p></blockContainer></content></hcontainer><hcontainer name="wrapper"><content><blockContainer class="figure"><p><img alt="Image_r00032" src="http://www.legislation.gov.uk/uksi/1996/464/images/uksi_19960464_en_033" width="840" height="595"/></p></blockContainer></content></hcontainer><hcontainer name="wrapper"><content><blockContainer class="figure"><p><img alt="Image_r00033" src="http://www.legislation.gov.uk/uksi/1996/464/images/uksi_19960464_en_034" width="840" height="595"/></p></blockContainer></content></hcontainer><hcontainer name="wrapper"><content><blockContainer class="figure"><p><img alt="Image_r00034" src="http://www.legislation.gov.uk/uksi/1996/464/images/uksi_19960464_en_035" width="840" height="595"/></p></blockContainer></content></hcontainer><hcontainer name="wrapper"><content><blockContainer class="figure"><p><img alt="Image_r00035" src="http://www.legislation.gov.uk/uksi/1996/464/images/uksi_19960464_en_036" width="840" height="595"/></p></blockContainer></content></hcontainer><hcontainer name="wrapper"><content><blockContainer class="figure"><p><img alt="Image_r00036" src="http://www.legislation.gov.uk/uksi/1996/464/images/uksi_19960464_en_037" width="840" height="595"/></p></blockContainer></content></hcontainer><hcontainer name="wrapper"><content><blockContainer class="figure"><p><img alt="Image_r00037" src="http://www.legislation.gov.uk/uksi/1996/464/images/uksi_19960464_en_038" width="840" height="595"/></p></blockContainer></content></hcontainer><hcontainer name="wrapper"><content><blockContainer class="figure"><p><img alt="Image_r00038" src="http://www.legislation.gov.uk/uksi/1996/464/images/uksi_19960464_en_039" width="840" height="595"/></p></blockContainer></content></hcontainer><hcontainer name="wrapper"><content><blockContainer class="figure"><p><img alt="Image_r00039" src="http://www.legislation.gov.uk/uksi/1996/464/images/uksi_19960464_en_040" width="840" height="595"/></p></blockContainer></content></hcontainer><hcontainer name="wrapper"><content><blockContainer class="figure"><p><img alt="Image_r00040" src="http://www.legislation.gov.uk/uksi/1996/464/images/uksi_19960464_en_041" width="840" height="595"/></p></blockContainer></content></hcontainer><hcontainer name="wrapper"><content><blockContainer class="figure"><p><img alt="Image_r00041" src="http://www.legislation.gov.uk/uksi/1996/464/images/uksi_19960464_en_042" width="840" height="595"/></p></blockContainer></content></hcontainer><hcontainer name="wrapper"><content><blockContainer class="figure"><p><img alt="Image_r00042" src="http://www.legislation.gov.uk/uksi/1996/464/images/uksi_19960464_en_043" width="840" height="595"/></p></blockContainer></content></hcontainer><hcontainer name="wrapper"><content><blockContainer class="figure"><p><img alt="Image_r00043" src="http://www.legislation.gov.uk/uksi/1996/464/images/uksi_19960464_en_044" width="840" height="595"/></p></blockContainer></content></hcontainer><hcontainer name="wrapper"><content><blockContainer class="figure"><p><img alt="Image_r00044" src="http://www.legislation.gov.uk/uksi/1996/464/images/uksi_19960464_en_045" width="840" height="595"/></p></blockContainer></content></hcontainer><hcontainer name="wrapper"><content><blockContainer class="figure"><p><img alt="Image_r00045" src="http://www.legislation.gov.uk/uksi/1996/464/images/uksi_19960464_en_046" width="840" height="595"/></p></blockContainer></content></hcontainer><hcontainer name="wrapper"><content><blockContainer class="figure"><p><img alt="Image_r00046" src="http://www.legislation.gov.uk/uksi/1996/464/images/uksi_19960464_en_047" width="840" height="595"/></p></blockContainer></content></hcontainer><hcontainer name="wrapper"><content><blockContainer class="figure"><p><img alt="Image_r00047" src="http://www.legislation.gov.uk/uksi/1996/464/images/uksi_19960464_en_048" width="840" height="595"/></p></blockContainer></content></hcontainer><hcontainer name="wrapper"><content><blockContainer class="figure"><p><img alt="Image_r00048" src="http://www.legislation.gov.uk/uksi/1996/464/images/uksi_19960464_en_049" width="840" height="595"/></p></blockContainer></content></hcontainer><hcontainer name="wrapper"><content><blockContainer class="figure"><p><img alt="Image_r00049" src="http://www.legislation.gov.uk/uksi/1996/464/images/uksi_19960464_en_050" width="840" height="595"/></p></blockContainer></content></hcontainer><hcontainer name="wrapper"><content><blockContainer class="figure"><p><img alt="Image_r00050" src="http://www.legislation.gov.uk/uksi/1996/464/images/uksi_19960464_en_051" width="840" height="595"/></p></blockContainer></content></hcontainer></hcontainer><wrapUp><blockContainer class="signatures"><block name="signature"><signature><person refersTo="#ref-d4e1324">George Kynoch</person><role refersTo="#ref-d4e1326">Parliamentary Under Secretary of State, Scottish Office</role></signature></block></blockContainer></wrapUp></hcontainer></body><conclusions><blockContainer class="ExplanatoryNotes"><intro><p>(This note is not part of the Order)</p></intro><p><authorialNote><p>This Order makes provision for the transfer of certain property, rights and liabilities of the Cumbernauld Development Corporation to Cumbernauld and Kilsyth District Council on 31st March 1996 in connection with the winding up of the Corporation.</p><p>The property, rights and liabilities which are the subject of the Order comprise the heritable property described in the Schedule and the Corporation’s rights and liabilities under the various standard securities, minutes of agreement and other contracts or agreements specified in the Schedule.</p></authorialNote></p></blockContainer></conclusions></act></akomaNtoso>