<akomaNtoso xmlns:xsi="http://www.w3.org/2001/XMLSchema-instance" xmlns="http://docs.oasis-open.org/legaldocml/ns/akn/3.0" xsi:schemaLocation="http://docs.oasis-open.org/legaldocml/ns/akn/3.0 http://docs.oasis-open.org/legaldocml/akn-core/v1.0/cos01/part2-specs/schemas/akomantoso30.xsd"><act name="UnitedKingdomStatutoryInstrument"><meta><identification source="#source"><FRBRWork><FRBRthis value="http://www.legislation.gov.uk/id/uksi/1996/31"/><FRBRuri value="http://www.legislation.gov.uk/id/uksi/1996/31"/><FRBRdate date="1996-01-10" name="made"/><FRBRauthor href="http://www.legislation.gov.uk/id/government/uk"/><FRBRcountry value="GB-UKM"/><FRBRsubtype value="order"/><FRBRnumber value="31"/><FRBRname value="S.I. 1996/31"/><FRBRprescriptive value="true"/></FRBRWork><FRBRExpression><FRBRthis value="http://www.legislation.gov.uk/uksi/1996/31/made"/><FRBRuri value="http://www.legislation.gov.uk/uksi/1996/31/made"/><FRBRdate date="1996-01-10" name="made"/><FRBRauthor href="#source"/><FRBRlanguage language="eng"/></FRBRExpression><FRBRManifestation><FRBRthis value="http://www.legislation.gov.uk/uksi/1996/31/made/data.akn"/><FRBRuri value="http://www.legislation.gov.uk/uksi/1996/31/made/data.akn"/><FRBRdate date="2021-07-26+01:00" name="transform"/><FRBRauthor href="http://www.legislation.gov.uk"/><FRBRformat value="application/akn+xml"/></FRBRManifestation></identification><classification source="#source"><keyword value="local government" showAs="Local Government" dictionary="http://www.legislation.gov.uk"/><keyword value="public health, england and wales" showAs="PUBLIC HEALTH, ENGLAND AND WALES" dictionary="http://www.legislation.gov.uk"/><keyword value="public health, scotland" showAs="PUBLIC HEALTH, SCOTLAND" dictionary="http://www.legislation.gov.uk"/><keyword value="public health, northern ireland;contamination of food" showAs="PUBLIC HEALTH, NORTHERN IRELAND;CONTAMINATION OF FOOD" dictionary="http://www.legislation.gov.uk"/></classification><lifecycle source="#source"><eventRef date="1996-01-10" type="generation" eId="made-date" source="#source"/><eventRef date="1996-01-11" eId="laid-date-1" source="#source"/><eventRef date="1996-01-17" eId="coming-into-force-date-1" source="#source"/></lifecycle><references source="#source"><TLCOrganization eId="source" href="http://www.legislation.gov.uk/id/publisher/KingsOrQueensPrinterOfActsOfParliament" showAs="Queen's Printer of Acts of Parliament"/><passiveRef href="http://www.legislation.gov.uk/id/ssi/2012/263" showAs="The Food Protection (Emergency Prohibitions) (Radioactivity in Sheep) and the Export of Sheep (Prohibition) Revocation (Scotland) Order 2012"/><TLCLocation eId="pentlandhouse" href="/ontology/location/uk.PentlandHouse" showAs="Pentland House,"/><TLCLocation eId="edinburgh" href="/ontology/location/uk.Edinburgh" showAs="Edinburgh"/><TLCRole eId="ref-d4e171" href="/ontology/role/uk.Assistant Secretary, Scottish Office" showAs="Assistant Secretary, Scottish Office"/><TLCPerson eId="ref-d4e169" href="/ontology/persons/uk.MFoulis" showAs="M Foulis"/><TLCConcept href="/uk/subject/public-health-england-and-wales" showAs="PUBLIC HEALTH, ENGLAND AND WALES" eId="d4e82"/><TLCConcept href="/uk/subject/public-health-scotland" showAs="PUBLIC HEALTH, SCOTLAND" eId="d4e85"/><TLCConcept href="/uk/subject/public-health-northern-ireland" showAs="PUBLIC HEALTH, NORTHERN IRELAND" eId="d4e88"/><TLCConcept href="/uk/subject/contamination-of-food" showAs="CONTAMINATION OF FOOD" eId="d4e90"/></references><notes source="#source"><note class="footnote" eId="f00001"><p><ref href="http://www.legislation.gov.uk/id/ukpga/1985/48">1985 c. 48</ref>; section 1 was amended by section 51 of the Food Safety Act <ref href="http://www.legislation.gov.uk/id/ukpga/1990/16">1990 (c. 16)</ref>. Section 1(2) defines “designating authority” and section 24(1) contains a definition of “the Ministers” relevant to the exercise of the statutory powers under which this Order is made.</p></note><note class="footnote" eId="f00002"><p><abbr class="Acronym" title="Statutory Instrument">S.I.</abbr><ref href="http://www.legislation.gov.uk/id/uksi/1991/20">1991/20</ref>, amended by <abbr class="Acronym" title="Statutory Instrument">S.I.</abbr><ref href="http://www.legislation.gov.uk/id/uksi/1991/2766">1991/2766</ref>, <ref href="http://www.legislation.gov.uk/id/uksi/1993/13">1993/13</ref>, <ref href="http://www.legislation.gov.uk/id/uksi/1994/50">1994/50</ref> and <ref href="http://www.legislation.gov.uk/id/uksi/1995/48">1995/48</ref>.</p></note></notes><proprietary xmlns:ukl="http://www.legislation.gov.uk/namespaces/legislation" xmlns:ukm="http://www.legislation.gov.uk/namespaces/metadata" xmlns:dc="http://purl.org/dc/elements/1.1/" xmlns:dct="http://purl.org/dc/terms/" xmlns:atom="http://www.w3.org/2005/Atom" source="#source"><dc:identifier>http://www.legislation.gov.uk/uksi/1996/31/made</dc:identifier><dc:title>The Food Protection (Emergency Prohibitions) (Radioactivity in Sheep) Partial Revocation Order 1996</dc:title><dc:subject>Local Government</dc:subject><dc:publisher>Queen's Printer of Acts of Parliament</dc:publisher><dc:modified>2016-01-14</dc:modified><dc:subject scheme="SIheading">PUBLIC HEALTH, ENGLAND AND WALES</dc:subject><dc:subject scheme="SIheading">PUBLIC HEALTH, SCOTLAND</dc:subject><dc:subject scheme="SIheading">PUBLIC HEALTH, NORTHERN IRELAND;CONTAMINATION OF FOOD</dc:subject><dc:description>This Order partially revokes the Food Protection (Emergency Prohibitions) (Radioactivity in Sheep) Order 1991 which contains emergency prohibitions restricting various activities in order to prevent human consumption of food which has been, or which may have been, rendered unsuitable for that purpose in consequence of the escape of radioactive substances from a nuclear reactor situated at Chernobyl in the Ukraine.</dc:description><atom:link rel="self" href="http://www.legislation.gov.uk/uksi/1996/31/made/data.xml" type="application/xml"/><atom:link rel="http://www.legislation.gov.uk/def/navigation/resources" href="http://www.legislation.gov.uk/uksi/1996/31/resources" title="More Resources"/><atom:link rel="http://www.legislation.gov.uk/def/navigation/act" href="http://www.legislation.gov.uk/uksi/1996/31/made" title="whole act"/><atom:link rel="http://www.legislation.gov.uk/def/navigation/introduction" href="http://www.legislation.gov.uk/uksi/1996/31/introduction/made" title="introduction"/><atom:link rel="http://www.legislation.gov.uk/def/navigation/signature" href="http://www.legislation.gov.uk/uksi/1996/31/signature/made" title="signature"/><atom:link rel="http://www.legislation.gov.uk/def/navigation/note" href="http://www.legislation.gov.uk/uksi/1996/31/note/made" title="note"/><atom:link rel="http://www.legislation.gov.uk/def/navigation/body" href="http://www.legislation.gov.uk/uksi/1996/31/body/made" title="body"/><atom:link rel="http://www.legislation.gov.uk/def/navigation/schedules" href="http://www.legislation.gov.uk/uksi/1996/31/schedules/made" title="schedules"/><atom:link rel="alternate" type="application/rdf+xml" href="http://www.legislation.gov.uk/uksi/1996/31/made/data.rdf" title="RDF/XML"/><atom:link rel="alternate" type="application/akn+xml" href="http://www.legislation.gov.uk/uksi/1996/31/made/data.akn" title="AKN"/><atom:link rel="alternate" type="application/xhtml+xml" href="http://www.legislation.gov.uk/uksi/1996/31/made/data.xht" title="HTML snippet"/><atom:link rel="alternate" type="application/pdf" href="http://www.legislation.gov.uk/uksi/1996/31/made/data.pdf" title="PDF"/><atom:link rel="alternate" type="application/akn+xhtml" href="http://www.legislation.gov.uk/uksi/1996/31/made/data.html" title="HTML5 snippet"/><atom:link rel="http://purl.org/dc/terms/tableOfContents" hreflang="en" href="http://www.legislation.gov.uk/uksi/1996/31/contents/made" title="Table of Contents"/><ukm:SecondaryMetadata><ukm:DocumentClassification><ukm:DocumentCategory Value="secondary"/><ukm:DocumentMainType Value="UnitedKingdomStatutoryInstrument"/><ukm:DocumentStatus Value="final"/><ukm:DocumentMinorType Value="order"/></ukm:DocumentClassification><ukm:Year Value="1996"/><ukm:Number Value="31"/><ukm:Made Date="1996-01-10"/><ukm:Laid Date="1996-01-11" Class="UnitedKingdomParliament"/><ukm:ComingIntoForce><ukm:DateTime Date="1996-01-17"/></ukm:ComingIntoForce><ukm:ISBN Value="0110551508"/><ukm:UnappliedEffects><ukm:UnappliedEffect EffectId="key-a27856cf66b534ad55d97fcb6a13405d" Created="2013-03-15T14:58:29.931Z" AffectingClass="ScottishStatutoryInstrument" URI="http://www.legislation.gov.uk/id/effect/upload-jfwfhqv-17" Type="revoked" RequiresApplied="true" AffectedProvisions="Order" AffectingEffectsExtent="S" AffectingYear="2012" AffectingNumber="263" AffectingProvisions="Sch." AffectedURI="http://www.legislation.gov.uk/id/uksi/1996/31" AffectedYear="1996" AffectedNumber="31" AffectingURI="http://www.legislation.gov.uk/id/ssi/2012/263" AffectedClass="UnitedKingdomStatutoryInstrument" Modified="2013-03-15T14:58:29.931Z"><ukm:AffectedTitle>The Food Protection (Emergency Prohibitions) (Radioactivity in Sheep) Partial Revocation Order 1996</ukm:AffectedTitle><ukm:AffectedProvisions>Order</ukm:AffectedProvisions><ukm:AffectingTitle>The Food Protection (Emergency Prohibitions) (Radioactivity in Sheep) and the Export of Sheep (Prohibition) Revocation (Scotland) Order 2012</ukm:AffectingTitle><ukm:AffectingProvisions><ukm:Section Ref="schedule" URI="http://www.legislation.gov.uk/id/ssi/2012/263/schedule">Sch.</ukm:Section></ukm:AffectingProvisions><ukm:CommencementAuthority><ukm:Section Ref="article-1" URI="http://www.legislation.gov.uk/id/ssi/2012/263/article/1">art. 1</ukm:Section></ukm:CommencementAuthority><ukm:InForceDates><ukm:InForce Date="2012-10-01" Qualification="wholly in force" Applied="false"/></ukm:InForceDates><ukm:AffectedTitle>UN Arms Embargoes (Somalia. Liberia and Rwanda) (Channel Islands) O</ukm:AffectedTitle><ukm:AffectedTitle>Products of Animal Origin (Import and Export) Regs</ukm:AffectedTitle></ukm:UnappliedEffect></ukm:UnappliedEffects></ukm:SecondaryMetadata><ukm:Statistics><ukm:TotalParagraphs Value="6"/><ukm:BodyParagraphs Value="2"/><ukm:ScheduleParagraphs Value="4"/><ukm:AttachmentParagraphs Value="0"/><ukm:TotalImages Value="0"/></ukm:Statistics></proprietary></meta><preface><p class="number"><docNumber>1996 No. 31</docNumber></p><block name="subject"><concept class="title" refersTo="#d4e82">PUBLIC HEALTH, ENGLAND AND WALES</concept></block><block name="subject"><concept class="title" refersTo="#d4e85">PUBLIC HEALTH, SCOTLAND</concept></block><block name="subject"><concept class="title" refersTo="#d4e88">PUBLIC HEALTH, NORTHERN IRELAND</concept><concept class="subtitle" refersTo="#d4e90">CONTAMINATION OF FOOD</concept></block><p class="title"><shortTitle>The Food Protection (Emergency Prohibitions) (Radioactivity in Sheep) Partial Revocation Order 1996</shortTitle></p><p class="MadeDate"><span>Made</span><docDate date="1996-01-10">10th January 1996</docDate></p><p class="LaidDate"><span>Laid before Parliament</span><docDate date="1996-01-11">11th January 1996</docDate></p><p class="ComingIntoForce"><span>Coming into force</span><docDate date="1996-01-17">17th January 1996</docDate></p></preface><preamble><formula name="EnactingText"><p>The Secretary of State, in exercise of the powers conferred on him by sections 1(1) and (2) and 24(1) and (3) of the Food and Environment Protection Act 1985<noteRef href="#f00001" class="footnote" marker="1"/> and of all other powers enabling him in that behalf, hereby makes the following Order:</p></formula></preamble><body><article eId="article-1"><num>1</num><heading>Citation, commencement and interpretation</heading><paragraph eId="article-1-1"><num>1</num><content><p>This Order may be cited as the Food Protection (Emergency Prohibitions) (Radioactivity in Sheep) Partial Revocation Order 1996 and shall come into force on 17th January 1996.</p></content></paragraph><paragraph eId="article-1-2"><num>2</num><content><p>In this Order, “the <abbr title="Food Protection (Emergency Prohibitions) (Radioactivity in Sheep) Order 1991 (S.I. 1991/20)" xml:lang="">principal Order</abbr>” means the Food Protection (Emergency Prohibitions) (Radioactivity in Sheep) Order 1991<noteRef href="#f00002" class="footnote" marker="2"/>.</p></content></paragraph></article><article eId="article-2"><num>2</num><heading>Partial revocation</heading><paragraph eId="article-2-1"><num>1</num><content><p>The <abbr title="Food Protection (Emergency Prohibitions) (Radioactivity in Sheep) Order 1991 (S.I. 1991/20)" xml:lang="">principal Order</abbr> is revoked so far as it designates any part of the areas set out in Schedule 1 to this Order.</p></content></paragraph><paragraph eId="article-2-2"><num>2</num><content><p>Part II of Schedule 1 to the <abbr title="Food Protection (Emergency Prohibitions) (Radioactivity in Sheep) Order 1991 (S.I. 1991/20)" xml:lang="">principal Order</abbr> shall be amended in accordance with Schedule 2 to this Order.</p></content></paragraph></article><hcontainer name="signatures"><content><block name="signature"><signature><person refersTo="#ref-d4e169">M Foulis</person><role refersTo="#ref-d4e171">Assistant Secretary, Scottish Office</role><location refersTo="#pentlandhouse">Pentland House,</location><location refersTo="#edinburgh">Edinburgh</location><date date="1996-01-10">10th January 1996</date></signature></block></content></hcontainer><hcontainer name="schedules" eId="d4e181"><hcontainer name="schedule" eId="schedule-1"><num>SCHEDULE 1<authorialNote class="referenceNote" placement="right"><p>Article 2(1)</p></authorialNote></num><paragraph eId="d4e188"><heading>Dumfries and Galloway Region</heading><content><p>The area of land within Nithsdale District comprising that part of the Parish of Kirkconnel bounded as follows:—</p><blockList class="unordered"><item><p>On the north from the point where the Polmarlach Burn meets the River Nith and running in an easterly direction by the River Nith to the point national grid reference NS693 130; then in a southerly direction to, and crossing the Road A76 at the point national grid reference NS695 125 and then continuing generally in a south-westerly direction through White Hill and south-westerly until the eastern boundary of the plantation at the point national grid reference NS682 102 north of Polnagrie Hill; then following generally the eastern and northern boundaries of the said plantation until it meets the Polmarlach Burn; and then following the said Burn until it meets the River Nith.</p></item></blockList></content></paragraph><paragraph eId="d4e199"><heading>Strathclyde Region</heading><content><p>The area of land within East Kilbride District comprising that part of the Parish of Avondale bounded as follows:—</p><blockList class="unordered"><item><p>On the north-west from the point national grid reference NS616 346 and continuing in a north-easterly direction to the summit of Graystone Hill and continuing easterly to the summit of Mill Rig; then again continuing easterly to the point national grid reference NS638 348; then south-easterly to the point national grid reference NS642 347; then north-easterly to the point national grid reference NS645 349; then westerly to the point national grid reference NS657 353; then continuing westerly by the Glengavel Water to the access road to Glengavel Reservoir on the Road A723; then in a south-easterly direction on said Road until it meets the boundary between East Kilbride District and Cumnock and Doon Valley District; then generally in a south-westerly direction by said boundary to the point national grid reference NS602 310; then in a north-easterly direction to the summit of Hart Hill; then again in a north-easterly direction to the summit of Little Hartmidden; then continuing in a north-easterly direction to the summit of Anderside Hill; then in a northerly direction to the point national grid reference NS616 346.</p></item></blockList></content></paragraph></hcontainer><hcontainer name="schedule" eId="schedule-2"><num>SCHEDULE 2<authorialNote class="referenceNote" placement="right"><p>Article 2(2)</p></authorialNote></num><paragraph eId="schedule-2-paragraph-1"><num>1</num><content><p>For paragraph 2(d) of Part II of Schedule 1 to the <abbr title="Food Protection (Emergency Prohibitions) (Radioactivity in Sheep) Order 1991 (S.I. 1991/20)" xml:lang="">principal Order</abbr> there shall be substituted the following:—</p><p class="BlockAmendment"><mod><quotedStructure class="unknown unknown unknown default" startQuote="“" endQuote="”"><subparagraph eId="d4e226"><num>d</num><intro><p>Those areas of land within Cumnock and Doon Valley District comprising those parts of the Parish of Muirkirk bounded as follows:—</p></intro><clause eId="d4e232"><num>i</num><content><p>on the north, from the point national grid reference NS610 313 in an easterly direction, following the line of the boundary between Cumnock and Doon Valley District and East Kilbride District, to the summit of Bibblon Hill; then in a southerly direction to the point national grid reference NS663 315; then in a south-easterly direction to the Back Burn; then, following the line of the said Burn, to the point of intersection with a roadway at point national grid reference NS673 287; then, following the line of the said roadway, in a south-westerly direction to the point national grid reference NS669 285; then in a southerly direction to the point national grid reference NS670 285; then continuing in an easterly direction to the point national grid reference NS675 285; then in a southerly direction to Greenock Water at the point national grid reference NS674 284; then in a south-westerly direction, following the line of the said Greenock Water, to the point national grid reference NS670 282; then in a westerly and southerly direction following the northern and western boundaries of the Burnfoot Moor Plantation to the point of intersection with an unnamed burn at point national grid reference NS663 277; then in a generally northerly and westerly direction, following the line of the said burn, to its junction with the said Greenock Water; then in a westerly direction, following the line of the said Greenock Water, to its junction with Polkeboch Burn; then in a north-easterly direction following the said Polkeboch Burn to the point national grid reference NS647 293; then in a northerly direction to the point national grid reference NS647 310; then in a westerly direction to the point national grid reference NS641 311; then in a southwesterly direction to the point national grid reference NS629 289; then in a northerly direction to the point national grid reference NS630 294; then in a north-westerly direction to the point national grid reference NS610 313.</p></content></clause><clause eId="d4e238"><num>ii</num><content><p>on the north from the point national grid reference NS672 324 in an easterly direction, following the boundary between Cumnock and Doon Valley District and East Kilbride District to the point of intersection with the boundary between Cumnock and Doon Valley District and Clydesdale District; then in a south-easterly direction, following the line of the last mentioned boundary, to the summit of Hare Craig; then in a southerly direction to the point national grid reference NS740 304; then in a generally westerly and southerly direction, following the line of the northern and western boundaries of a Plantation, to the point of intersection with Ponesk Burn at the point national grid reference NS724 299; then in a north-westerly direction, following the line of the said Ponesk Burn, to the point national grid reference NS716 306; then in a south-westerly direction to the point national grid reference NS715 305; then in a northerly direction to the point national grid reference NS712 312; then in a westerly direction to the point national grid reference NS705 314; then in a southerly direction to the point national grid reference NS705 310; then in a south-westerly direction to the point of intersection with the Road A723; then in a north-westerly direction, following the line of said Road to the point national grid reference NS689 316; then south-westerly to the point national grid reference NS684 310; then in a westerly direction to the point national grid reference NS674 311; then in a northwesterly direction to the point national grid reference NS673 316; then in a northerly direction to the point national grid reference NS672 324.</p></content></clause><clause eId="d4e244"><num>iii</num><content><p>on the north from the point national grid reference NS651 263 on the River Ayr in a north-easterly direction, following the line of the said River Ayr, to the point national grid reference NS720 281; then in a south-easterly direction to the summit of Hawlk Hill; then in a south-easterly direction to the point national grid reference NS742 262; then in a generally south-westerly direction, following the line of the boundary between Cumnock and Doon Valley District and Clydesdale District, to the point national grid reference NS726 246; then in a north-westerly direction to the point national grid reference NS710 270; then, following the line of the western boundary of March Wood Plantation to the point of intersection with a disused railway line at the point national grid reference NS705 275; then in a south-westerly direction, following the line of the said disused railway line, to the point of intersection with an unnamed burn at the point national grid reference NS701 268; then in a south-easterly and south-westerly direction, following the line of the said burn to the point national grid reference NS704 260; then in a south-easterly direction to the summit of The Steel at spot height 413; then in a south-easterly direction to the point of intersection with the boundary between Cumnock and Doon Valley District and Clydesdale District; then in a southerly direction, following the line of said boundary, to the point of intersection with the boundary between the Parishes of Muirkirk and Auchinleck; then in a north-westerly direction, following the line of the boundary between said Parishes to the point national grid reference NS651 263.</p></content></clause></subparagraph></quotedStructure></mod><inline name="AppendText">.</inline></p></content></paragraph><paragraph eId="schedule-2-paragraph-2"><num>2</num><content><p>For paragraph 3(a) of Part II of Schedule 1 to the <abbr title="Food Protection (Emergency Prohibitions) (Radioactivity in Sheep) Order 1991 (S.I. 1991/20)" xml:lang="">principal Order</abbr> there shall be substituted the following—</p><p class="BlockAmendment"><mod><quotedStructure class="unknown unknown unknown default" startQuote="“" endQuote="”"><subparagraph eId="d4e262"><num>a</num><content><p>The area of land within Stirling District comprising that part of the Parish of Killin bounded as follows:—</p><blockList class="unordered"><item><p>On the north from the point national grid reference NN509 369 on the River Lochay in a south-easterly direction along the River Lochay to the point national grid reference NN570 342 and continuing generally in a southerly direction along the western boundary of the Monemore Plantation to the southernmost corner of said Plantation; then in a south-easterly direction to the River Dochart; then in a south-westerly direction, following the line of the said River Dochart, to the point of intersection with an unnamed burn at the point national grid reference NN508 287; then in a south-easterly direction following the line of said unnamed burn to the point of intersection with the Road A85; then in a north-easterly direction, following the line of said Road, to the point of intersection with the boundary between the Parishes of Killin and Balquhidder; then continuing in a westerly direction by said boundary to the point national grid reference NN470 250; then continuing in a north-westerly direction to the south-eastern corner of the Meall Thairbh Plantation; then continuing north following the Allt Coire Chaorach Burn until it meets the River Dochart; then in a westerly direction along the River Dochart to the point where it joins the Allt Riobain Burn; then northerly along said Burn to the summit of Meall a Churain; then in a north-easterly direction to the summit at spot height 881; then in an easterly direction to the summit at spot height 864; then in a south-easterly direction to the summit at spot height 766; then continuing generally in a northerly direction to and by the Allt Dubhchlair Burn until it meets the River Lochay at the point national grid reference NN509 369.</p></item></blockList></content></subparagraph></quotedStructure></mod><inline name="AppendText">.</inline></p></content></paragraph></hcontainer></hcontainer></body><conclusions><blockContainer class="ExplanatoryNotes"><intro><p>(This note is not part of the Order)</p></intro><p><authorialNote><p>This Order partially revokes the Food Protection (Emergency Prohibitions) (Radioactivity in Sheep) Order 1991 which contains emergency prohibitions restricting various activities in order to prevent human consumption of food which has been, or which may have been, rendered unsuitable for that purpose in consequence of the escape of radioactive substances from a nuclear reactor situated at Chernobyl in the Ukraine.</p><p>This Order reduces the area subject to restriction.</p></authorialNote></p></blockContainer></conclusions></act></akomaNtoso>