<akomaNtoso xmlns:xsi="http://www.w3.org/2001/XMLSchema-instance" xmlns="http://docs.oasis-open.org/legaldocml/ns/akn/3.0" xsi:schemaLocation="http://docs.oasis-open.org/legaldocml/ns/akn/3.0 http://docs.oasis-open.org/legaldocml/akn-core/v1.0/cos01/part2-specs/schemas/akomantoso30.xsd"><act name="UnitedKingdomStatutoryInstrument"><meta><identification source="#source"><FRBRWork><FRBRthis value="http://www.legislation.gov.uk/id/uksi/1996/348"/><FRBRuri value="http://www.legislation.gov.uk/id/uksi/1996/348"/><FRBRdate date="1996-02-19" name="made"/><FRBRauthor href="http://www.legislation.gov.uk/id/government/uk"/><FRBRcountry value="GB-UKM"/><FRBRsubtype value="order"/><FRBRnumber value="348"/><FRBRname value="S.I. 1996/348"/><FRBRprescriptive value="true"/></FRBRWork><FRBRExpression><FRBRthis value="http://www.legislation.gov.uk/uksi/1996/348/made"/><FRBRuri value="http://www.legislation.gov.uk/uksi/1996/348/made"/><FRBRdate date="1996-02-19" name="made"/><FRBRauthor href="#source"/><FRBRlanguage language="eng"/></FRBRExpression><FRBRManifestation><FRBRthis value="http://www.legislation.gov.uk/uksi/1996/348/made/data.akn"/><FRBRuri value="http://www.legislation.gov.uk/uksi/1996/348/made/data.akn"/><FRBRdate date="2021-07-26+01:00" name="transform"/><FRBRauthor href="http://www.legislation.gov.uk"/><FRBRformat value="application/akn+xml"/></FRBRManifestation></identification><classification source="#source"><keyword value="vat" showAs="VAT" dictionary="http://www.legislation.gov.uk"/><keyword value="business sectors" showAs="Business sectors" dictionary="http://www.legislation.gov.uk"/><keyword value="restrictive trade practices" showAs="RESTRICTIVE TRADE PRACTICES" dictionary="http://www.legislation.gov.uk"/></classification><lifecycle source="#source"><eventRef date="1996-02-19" type="generation" eId="made-date" source="#source"/><eventRef date="1996-02-20" eId="laid-date-1" source="#source"/><eventRef date="1996-03-19" eId="coming-into-force-date-1" source="#source"/></lifecycle><references source="#source"><TLCOrganization eId="source" href="http://www.legislation.gov.uk/id/publisher/KingsOrQueensPrinterOfActsOfParliament" showAs="Queen's Printer of Acts of Parliament"/><passiveRef href="http://www.legislation.gov.uk/id/uksi/1997/2944" showAs="The Restrictive Trade Practices (Non-notifiable Agreements) (Turnover Threshold) Amendment Order 1997"/><TLCOrganization eId="ref-d4e234" href="/ontology/organization/uk.Department of Trade and Industry" showAs="Department of Trade and Industry"/><TLCRole eId="ref-d4e232" href="/ontology/role/uk.Parliamentary Under-Secretary of State for Competition and Consumer Affairs," showAs="Parliamentary Under-Secretary of State for Competition and Consumer Affairs,"/><TLCPerson eId="ref-d4e230" href="/ontology/persons/uk.JohnTaylor," showAs="John Taylor,"/><TLCConcept href="/uk/subject/restrictive-trade-practices" showAs="RESTRICTIVE TRADE PRACTICES" eId="d4e87"/></references><notes source="#source"><note class="footnote" eId="f00001"><p><ref href="http://www.legislation.gov.uk/id/ukpga/1976/34">1976 c. 34</ref>; section 27A was inserted by section 10 of the Deregulation and Contracting Out Act <ref href="http://www.legislation.gov.uk/id/ukpga/1994/40">1994 (c. 40)</ref>.</p></note></notes><proprietary xmlns:ukl="http://www.legislation.gov.uk/namespaces/legislation" xmlns:ukm="http://www.legislation.gov.uk/namespaces/metadata" xmlns:dc="http://purl.org/dc/elements/1.1/" xmlns:dct="http://purl.org/dc/terms/" xmlns:atom="http://www.w3.org/2005/Atom" source="#source"><dc:identifier>http://www.legislation.gov.uk/uksi/1996/348/made</dc:identifier><dc:title>The Restrictive Trade Practices (Non-notifiable Agreements) (Turnover Threshold) Order 1996</dc:title><dc:subject>VAT</dc:subject><dc:subject>Business sectors</dc:subject><dc:publisher>Queen's Printer of Acts of Parliament</dc:publisher><dc:modified>2016-08-02</dc:modified><dc:subject scheme="SIheading">RESTRICTIVE TRADE PRACTICES</dc:subject><dc:description>This Order specifies a description of a non-notifiable agreement for the purposes of section 27A of the Restrictive Trade Practices Act 1976. A non-notifiable agreement is an agreement which is registrable under the Act but of which particulars do not have to be furnished to the Director General of Fair Trading unless he requires them by serving a notice on the parties. This Order provides that an agreement to which the parties are persons whose aggregate annual turnover in the United Kingdom does not exceed £20 million on the date on which the agreement is made is a non-notifiable agreement. The Order contains detailed provisions as to how turnover is to be calculated. Section 27A provides that price fixing agreements and agreements of which particulars have been entered on the register of restrictive trading agreements are not non-notifiable agreements. This Order applies to agreements made on or after the date on which it comes into force.</dc:description><atom:link rel="self" href="http://www.legislation.gov.uk/uksi/1996/348/made/data.xml" type="application/xml"/><atom:link rel="http://www.legislation.gov.uk/def/navigation/resources" href="http://www.legislation.gov.uk/uksi/1996/348/resources" title="More Resources"/><atom:link rel="http://www.legislation.gov.uk/def/navigation/act" href="http://www.legislation.gov.uk/uksi/1996/348/made" title="whole act"/><atom:link rel="http://www.legislation.gov.uk/def/navigation/introduction" href="http://www.legislation.gov.uk/uksi/1996/348/introduction/made" title="introduction"/><atom:link rel="http://www.legislation.gov.uk/def/navigation/signature" href="http://www.legislation.gov.uk/uksi/1996/348/signature/made" title="signature"/><atom:link rel="http://www.legislation.gov.uk/def/navigation/note" href="http://www.legislation.gov.uk/uksi/1996/348/note/made" title="note"/><atom:link rel="http://www.legislation.gov.uk/def/navigation/body" href="http://www.legislation.gov.uk/uksi/1996/348/body/made" title="body"/><atom:link rel="http://www.legislation.gov.uk/def/navigation/schedules" href="http://www.legislation.gov.uk/uksi/1996/348/schedules/made" title="schedules"/><atom:link rel="alternate" type="application/rdf+xml" href="http://www.legislation.gov.uk/uksi/1996/348/made/data.rdf" title="RDF/XML"/><atom:link rel="alternate" type="application/akn+xml" href="http://www.legislation.gov.uk/uksi/1996/348/made/data.akn" title="AKN"/><atom:link rel="alternate" type="application/xhtml+xml" href="http://www.legislation.gov.uk/uksi/1996/348/made/data.xht" title="HTML snippet"/><atom:link rel="alternate" type="application/pdf" href="http://www.legislation.gov.uk/uksi/1996/348/made/data.pdf" title="PDF"/><atom:link rel="alternate" type="application/akn+xhtml" href="http://www.legislation.gov.uk/uksi/1996/348/made/data.html" title="HTML5 snippet"/><atom:link rel="http://purl.org/dc/terms/tableOfContents" hreflang="en" href="http://www.legislation.gov.uk/uksi/1996/348/contents/made" title="Table of Contents"/><ukm:SecondaryMetadata><ukm:DocumentClassification><ukm:DocumentCategory Value="secondary"/><ukm:DocumentMainType Value="UnitedKingdomStatutoryInstrument"/><ukm:DocumentStatus Value="final"/><ukm:DocumentMinorType Value="order"/></ukm:DocumentClassification><ukm:Year Value="1996"/><ukm:Number Value="348"/><ukm:Made Date="1996-02-19"/><ukm:Laid Date="1996-02-20" Class="UnitedKingdomParliament"/><ukm:ComingIntoForce><ukm:DateTime Date="1996-03-19"/></ukm:ComingIntoForce><ukm:ISBN Value="0110541804"/><ukm:UnappliedEffects><ukm:UnappliedEffect EffectId="key-1e9d62f55b331ae31f7d2b2b1095b585" AffectedURI="http://www.legislation.gov.uk/id/uksi/1996/348" AffectedClass="UnitedKingdomStatutoryInstrument" AffectingURI="http://www.legislation.gov.uk/id/uksi/1997/2944" AffectingClass="UnitedKingdomStatutoryInstrument" URI="http://www.legislation.gov.uk/id/effect/upload-b4yrers3--4014" Row="4019" Type="amended" RequiresApplied="true" AffectedProvisions="art.3(1)" Comments="art.3(1) am. (9.1.1998)" AffectingYear="1997" AffectingNumber="2944" AffectingProvisions="art.2" AffectedYear="1996" AffectedNumber="348" Created="2019-07-11T00:00:00" Modified="2019-07-11T00:00:00"><ukm:AffectedTitle>The Restrictive Trade Practices (Non-notifiable Agreements) (Turnover Threshold) Order 1996</ukm:AffectedTitle><ukm:AffectedProvisions><ukm:Section Ref="article-3-1" URI="http://www.legislation.gov.uk/id/uksi/1996/348/article/3/1">art.3(1)</ukm:Section></ukm:AffectedProvisions><ukm:AffectingTitle>The Restrictive Trade Practices (Non-notifiable Agreements) (Turnover Threshold) Amendment Order 1997</ukm:AffectingTitle><ukm:AffectingProvisions><ukm:Section Ref="article-2" URI="http://www.legislation.gov.uk/id/uksi/1997/2944/article/2">art.2</ukm:Section></ukm:AffectingProvisions><ukm:InForceDates><ukm:InForce Applied="false" Date="1998-01-09" Qualification=""/></ukm:InForceDates></ukm:UnappliedEffect><ukm:UnappliedEffect EffectId="key-1e9d62f55b331ae31f7d2b2b1095b585" AffectedURI="http://www.legislation.gov.uk/id/uksi/1996/348" AffectedClass="UnitedKingdomStatutoryInstrument" AffectingURI="http://www.legislation.gov.uk/id/uksi/1997/2944" AffectingClass="UnitedKingdomStatutoryInstrument" URI="http://www.legislation.gov.uk/id/effect/key-1e9d62f55b331ae31f7d2b2b1095b585" Row="2756" Type="amended" RequiresApplied="true" AffectedProvisions="art.3(1)" Comments="art.3(1) am. (9.1.1998)" AffectingYear="1997" AffectingNumber="2944" AffectingProvisions="art.2" AffectedYear="1996" AffectedNumber="348" Created="2019-05-02T00:00:00" Modified="2019-05-02T00:00:00"><ukm:AffectedTitle>The Restrictive Trade Practices (Non-notifiable Agreements) (Turnover Threshold) Order 1996</ukm:AffectedTitle><ukm:AffectedProvisions><ukm:Section Ref="article-3-1" URI="http://www.legislation.gov.uk/id/uksi/1996/348/article/3/1">art.3(1)</ukm:Section></ukm:AffectedProvisions><ukm:AffectingTitle>The Restrictive Trade Practices (Non-notifiable Agreements) (Turnover Threshold) Amendment Order 1997</ukm:AffectingTitle><ukm:AffectingProvisions><ukm:Section Ref="article-2" URI="http://www.legislation.gov.uk/id/uksi/1997/2944/article/2">art.2</ukm:Section></ukm:AffectingProvisions><ukm:InForceDates><ukm:InForce Applied="false" Date="1998-01-09" Qualification=""/></ukm:InForceDates></ukm:UnappliedEffect></ukm:UnappliedEffects></ukm:SecondaryMetadata><ukm:Statistics><ukm:TotalParagraphs Value="5"/><ukm:BodyParagraphs Value="3"/><ukm:ScheduleParagraphs Value="2"/><ukm:AttachmentParagraphs Value="0"/><ukm:TotalImages Value="0"/></ukm:Statistics></proprietary></meta><preface><p class="number"><docNumber>1996 No. 348</docNumber></p><block name="subject"><concept class="title" refersTo="#d4e87">RESTRICTIVE TRADE PRACTICES</concept></block><p class="title"><shortTitle>The Restrictive Trade Practices (Non-notifiable Agreements) (Turnover Threshold) Order 1996</shortTitle></p><p class="MadeDate"><span>Made</span><docDate date="1996-02-19">19th February 1996</docDate></p><p class="LaidDate"><span>Laid before Parliament</span><docDate date="1996-02-20">20th February 1996</docDate></p><p class="ComingIntoForce"><span>Coming into force</span><docDate date="1996-03-19">19th March 1996</docDate></p></preface><preamble><formula name="EnactingText"><p>The Secretary of State, in exercise of the power conferred upon him by section 27A of the Restrictive Trade Practices Act 1976<noteRef href="#f00001" class="footnote" marker="1"/>, hereby makes the following Order:—</p></formula></preamble><body><article eId="article-1"><num>1</num><heading>Title and commencement</heading><paragraph eId="article-1-1"><num>1</num><content><p>This Order may be cited as the Restrictive Trade Practices (Non-notifiable Agreements) (Turnover Threshold) Order 1996.</p></content></paragraph><paragraph eId="article-1-2"><num>2</num><content><p>This Order shall come into force on 19th March 1996 and shall apply to agreements made on or after that date.</p></content></paragraph></article><article eId="article-2"><num>2</num><heading>Interpretation</heading><content><p>In this Order—</p><blockList class="unordered"><item><p>“<abbr title="Restrictive Trade Practices Act 1976 c. 34" xml:lang="">the Act</abbr>” means the Restrictive Trade Practices Act 1976;</p></item><item><p>“relevant period” has the meaning set out in paragraph 1 of the Schedule; and</p></item><item><p>“turnover in the United Kingdom” has the meaning set out in paragraph 2 of the Schedule.</p></item></blockList></content></article><article eId="article-3"><num>3</num><heading>Description of non-notifiable agreement</heading><paragraph eId="article-3-1"><num>1</num><content><p>For the purposes of section 27A of <abbr title="Restrictive Trade Practices Act 1976 c. 34" xml:lang="">the Act</abbr>, and subject to the provisions of that section, an agreement is a non-notifiable agreement if the parties to it are persons whose aggregate relevant annual turnover in the United Kingdom does not exceed £20 million on the date on which it is made.</p></content></paragraph><paragraph eId="article-3-2"><num>2</num><content><p>For the purposes of paragraph (1) above the relevant annual turnover in the United Kingdom of a person party to an agreement shall include the relevant annual turnover in the United Kingdom of any person which on the date the agreement is made is a member of the same group of interconnected bodies corporate as that party.</p></content></paragraph><paragraph eId="article-3-3"><num>3</num><intro><p>For the purposes of this article, the relevant annual turnover in the United Kingdom of a person in any particular case is—</p></intro><subparagraph eId="article-3-3-a"><num>a</num><content><p>where the relevant period equals twelve months, the turnover in the United Kingdom of that person during that period, and</p></content></subparagraph><subparagraph eId="article-3-3-b"><num>b</num><content><p>where the relevant period does not equal twelve months, the amount which bears the same proportion to the turnover in the United Kingdom of that person during that period as twelve months does to that period.</p></content></subparagraph></paragraph><paragraph eId="article-3-4"><num>4</num><intro><p>In relation to an agreement to which <abbr title="Restrictive Trade Practices Act 1976 c. 34" xml:lang="">the Act</abbr>—</p></intro><subparagraph eId="article-3-4-a"><num>a</num><content><p>has effect by virtue of section 8 of <abbr title="Restrictive Trade Practices Act 1976 c. 34" xml:lang="">the Act</abbr> as if it were an agreement between members of a trade association, or persons represented on the trade association by such members;</p></content></subparagraph><subparagraph eId="article-3-4-b"><num>b</num><content><p>has effect by virtue of section 16 of <abbr title="Restrictive Trade Practices Act 1976 c. 34" xml:lang="">the Act</abbr> as if it were an agreement between members of a services supply association, or persons represented on the services supply association by such members;</p></content></subparagraph><wrapUp><p>references in this article to the parties to an agreement include references to those members or persons.</p></wrapUp></paragraph></article><hcontainer name="signatures"><content><block name="signature"><signature><person refersTo="#ref-d4e230">John Taylor,</person><role refersTo="#ref-d4e232">Parliamentary Under-Secretary of State for Competition and Consumer Affairs,</role><organization refersTo="#ref-d4e234">Department of Trade and Industry</organization><date date="1996-02-19">19th February 1996</date></signature></block></content></hcontainer><hcontainer name="schedules" eId="d4e239"><hcontainer name="schedule" eId="schedule"><num>SCHEDULE<authorialNote class="referenceNote" placement="right"><p>Article 2</p></authorialNote></num><paragraph eId="schedule-paragraph-1"><num>1</num><intro><p>“Relevant period” means in relation to any particular person—</p></intro><paragraph eId="schedule-paragraph-1-a"><num>a</num><content><p>where that person has, within the two years ending immediately before the date on which the agreement in question was made, completed an accounting period of more than six months, the last such period so completed, or</p></content></paragraph><paragraph eId="schedule-paragraph-1-b"><num>b</num><content><p>where that person has not completed such a period but has, within the six months ending immediately before the date on which the agreement in question was made, completed an accounting period of six months or less, so much of the period of twelve months ending on the last day of the last such period to be completed as during which that person was carrying on a business of supplying goods or services in the United Kingdom or otherwise carrying on business in the United Kingdom, or</p></content></paragraph><paragraph eId="schedule-paragraph-1-c"><num>c</num><content><p>in any other case, so much of the period of twelve months ending immediately before the date on which the agreement in question was made as during which that person was carrying on a business of supplying goods or services in the United Kingdom or otherwise carrying on business in the United Kingdom.</p></content></paragraph></paragraph><paragraph eId="schedule-paragraph-2"><num>2</num><intro><p>“Turnover in the United Kingdom” during any particular period means the total amount charged for the supply of goods and services in the United Kingdom during that period in the ordinary course of a person’s business, after deduction—</p></intro><paragraph eId="schedule-paragraph-2-a"><num>a</num><content><p>of trade discounts, rebates and other allowances;</p></content></paragraph><paragraph eId="schedule-paragraph-2-b"><num>b</num><content><p>of Value Added Tax and other taxes related directly to turnover; and</p></content></paragraph><paragraph eId="schedule-paragraph-2-c"><num>c</num><content><p>of any amount charged for any such supply where both the person supplying the goods or services and the person to whom they were supplied were members of one and the same group of interconnected bodies corporate at the time of the supply:</p></content></paragraph><hcontainer name="wrapper"><content><p>Provided that in a case in which the total amount of revenue receivable by a person during any particular period in the ordinary course of his business in the United Kingdom, after deduction—</p></content></hcontainer><subparagraph eId="schedule-paragraph-2-i"><num>i</num><content><p>of amounts receivable in respect of the supply by him of goods or services;</p></content></subparagraph><subparagraph eId="schedule-paragraph-2-ii"><num>ii</num><content><p>of trade discounts, rebates and other allowances;</p></content></subparagraph><subparagraph eId="schedule-paragraph-2-iii"><num>iii</num><content><p>of Value Added Tax and other taxes directly related to turnover; and</p></content></subparagraph><subparagraph eId="schedule-paragraph-2-iv"><num>iv</num><content><p>of any amount receivable from any other person where both he and that other person were members of one and the same group of interconnected bodies corporate when payment fell due,</p></content></subparagraph><wrapUp><p>equals one third or more of the total amount charged for the supply of goods and services in the United Kingdom during the said period in the ordinary course of his business, after the deductions mentioned in sub-paragraphs (a), (b) and (c) above, “turnover in the United Kingdom”during that period means the aggregate of the two said total amounts after the above mentioned respective deductions.</p></wrapUp></paragraph></hcontainer></hcontainer></body><conclusions><blockContainer class="ExplanatoryNotes"><intro><p>(This note is not part of the Order)</p></intro><p><authorialNote><p>This Order specifies a description of a non-notifiable agreement for the purposes of section 27A of the Restrictive Trade Practices Act 1976. A non-notifiable agreement is an agreement which is registrable under <abbr title="Restrictive Trade Practices Act 1976 c. 34" xml:lang="">the Act</abbr> but of which particulars do not have to be furnished to the Director General of Fair Trading unless he requires them by serving a notice on the parties. This Order provides that an agreement to which the parties are persons whose aggregate annual turnover in the United Kingdom does not exceed £20 million on the date on which the agreement is made is a non-notifiable agreement. The Order contains detailed provisions as to how turnover is to be calculated. Section 27A provides that price fixing agreements and agreements of which particulars have been entered on the register of restrictive trading agreements are not non-notifiable agreements. This Order applies to agreements made on or after the date on which it comes into force.</p></authorialNote></p></blockContainer></conclusions></act></akomaNtoso>