<akomaNtoso xmlns:xsi="http://www.w3.org/2001/XMLSchema-instance" xmlns="http://docs.oasis-open.org/legaldocml/ns/akn/3.0" xsi:schemaLocation="http://docs.oasis-open.org/legaldocml/ns/akn/3.0 http://docs.oasis-open.org/legaldocml/akn-core/v1.0/cos01/part2-specs/schemas/akomantoso30.xsd"><act name="UnitedKingdomStatutoryInstrument"><meta><identification source="#source"><FRBRWork><FRBRthis value="http://www.legislation.gov.uk/id/uksi/1996/323"/><FRBRuri value="http://www.legislation.gov.uk/id/uksi/1996/323"/><FRBRdate date="1996-02-09" name="made"/><FRBRauthor href="http://www.legislation.gov.uk/id/government/uk"/><FRBRcountry value="GB-UKM"/><FRBRsubtype value="order"/><FRBRnumber value="323"/><FRBRname value="S.I. 1996/323 (C. 6)"/><FRBRprescriptive value="true"/></FRBRWork><FRBRExpression><FRBRthis value="http://www.legislation.gov.uk/uksi/1996/323/made"/><FRBRuri value="http://www.legislation.gov.uk/uksi/1996/323/made"/><FRBRdate date="1996-02-09" name="made"/><FRBRauthor href="#source"/><FRBRlanguage language="eng"/></FRBRExpression><FRBRManifestation><FRBRthis value="http://www.legislation.gov.uk/uksi/1996/323/made/data.akn"/><FRBRuri value="http://www.legislation.gov.uk/uksi/1996/323/made/data.akn"/><FRBRdate date="2021-07-26+01:00" name="transform"/><FRBRauthor href="http://www.legislation.gov.uk"/><FRBRformat value="application/akn+xml"/></FRBRManifestation></identification><classification source="#source"><keyword value="council procedures" showAs="Council procedures" dictionary="http://www.legislation.gov.uk"/><keyword value="local government, scotland" showAs="LOCAL GOVERNMENT, SCOTLAND" dictionary="http://www.legislation.gov.uk"/><keyword value="water supply, scotland" showAs="WATER SUPPLY, SCOTLAND" dictionary="http://www.legislation.gov.uk"/></classification><lifecycle source="#source"><eventRef date="1996-02-09" type="generation" eId="made-date" source="#source"/></lifecycle><references source="#source"><TLCOrganization eId="source" href="http://www.legislation.gov.uk/id/publisher/KingsOrQueensPrinterOfActsOfParliament" showAs="Queen's Printer of Acts of Parliament"/><TLCLocation eId="standrew’shouse" href="/ontology/location/uk.StAndrew’sHouse" showAs="St Andrew’s House,"/><TLCLocation eId="edinburgh" href="/ontology/location/uk.Edinburgh" showAs="Edinburgh"/><TLCRole eId="ref-d4e304" href="/ontology/role/uk.Parliamentary Under Secretary of State, Scottish Office" showAs="Parliamentary Under Secretary of State, Scottish Office"/><TLCPerson eId="ref-d4e302" href="/ontology/persons/uk.GeorgeKynoch" showAs="George Kynoch"/><TLCConcept href="/uk/subject/local-government-scotland" showAs="LOCAL GOVERNMENT, SCOTLAND" eId="d4e59"/><TLCConcept href="/uk/subject/water-supply-scotland" showAs="WATER SUPPLY, SCOTLAND" eId="d4e62"/></references><notes source="#source"><note class="footnote" eId="f00001"><p><ref href="http://www.legislation.gov.uk/id/ukpga/1994/39">1994 c. 39</ref>.</p></note><note class="footnote" eId="f00002"><p><ref href="http://www.legislation.gov.uk/id/ukpga/1992/14">1992 c. 14</ref>.</p></note><note class="footnote" eId="f00003"><p><ref href="http://www.legislation.gov.uk/id/ukpga/1973/65">1973 c. 65</ref>.</p></note><note class="footnote" eId="f00004"><p>Section 211 was amended by the Local Government and Housing Act <ref href="http://www.legislation.gov.uk/id/ukpga/1989/42">1989 (c. 42)</ref>, section 159.</p></note><note class="footnote" eId="f00005"><p><ref href="http://www.legislation.gov.uk/id/ukpga/1968/73">1968 c. 73</ref>.</p></note><note class="footnote" eId="f00006"><p><ref href="http://www.legislation.gov.uk/id/ukpga/1975/20">1975 c. 20</ref>.</p></note><note class="footnote" eId="f00007"><p><ref href="http://www.legislation.gov.uk/id/ukpga/1980/44">1980 c. 44</ref>; section 22D was inserted by the Education (Scotland) Act <ref href="http://www.legislation.gov.uk/id/ukpga/1981/58">1981 (c. 58)</ref>, section 6.</p></note><note class="footnote" eId="f00008"><p><ref href="http://www.legislation.gov.uk/id/ukpga/1972/53">1972 c. 53</ref>.</p></note></notes><proprietary xmlns:ukl="http://www.legislation.gov.uk/namespaces/legislation" xmlns:ukm="http://www.legislation.gov.uk/namespaces/metadata" xmlns:dc="http://purl.org/dc/elements/1.1/" xmlns:dct="http://purl.org/dc/terms/" xmlns:atom="http://www.w3.org/2005/Atom" source="#source"><dc:identifier>http://www.legislation.gov.uk/uksi/1996/323/made</dc:identifier><dc:title>The Local Government etc. (Scotland) Act 1994 (Commencement No.7 and Savings) Order 1996</dc:title><dc:subject>Council procedures</dc:subject><dc:publisher>Queen's Printer of Acts of Parliament</dc:publisher><dc:modified>2014-08-19</dc:modified><dc:subject scheme="SIheading">LOCAL GOVERNMENT, SCOTLAND</dc:subject><dc:subject scheme="SIheading">WATER SUPPLY, SCOTLAND</dc:subject><dc:description>This Order provides for commencement on 19th February 1996 of certain provisions of the Local Government etc. (Scotland) Act 1994 (“the Act”) which amend or repeal provisions of the Local Government Finance Act 1992. This will ensure that new Scottish unitary councils will have responsibility for setting and collecting council tax in respect of financial years 1996/97 onwards and that certain water and sewerage charges will not be set for any financial year after 1995/96. Section 46 of the Act (licensing boards) is also commenced on 19th February 1996.</dc:description><atom:link rel="self" href="http://www.legislation.gov.uk/uksi/1996/323/made/data.xml" type="application/xml"/><atom:link rel="http://www.legislation.gov.uk/def/navigation/resources" href="http://www.legislation.gov.uk/uksi/1996/323/resources" title="More Resources"/><atom:link rel="http://www.legislation.gov.uk/def/navigation/act" href="http://www.legislation.gov.uk/uksi/1996/323/made" title="whole act"/><atom:link rel="http://www.legislation.gov.uk/def/navigation/introduction" href="http://www.legislation.gov.uk/uksi/1996/323/introduction/made" title="introduction"/><atom:link rel="http://www.legislation.gov.uk/def/navigation/signature" href="http://www.legislation.gov.uk/uksi/1996/323/signature/made" title="signature"/><atom:link rel="http://www.legislation.gov.uk/def/navigation/note" href="http://www.legislation.gov.uk/uksi/1996/323/note/made" title="note"/><atom:link rel="http://www.legislation.gov.uk/def/navigation/earlier-orders" href="http://www.legislation.gov.uk/uksi/1996/323/earlier-orders/made" title="earlier orders"/><atom:link rel="http://www.legislation.gov.uk/def/navigation/body" href="http://www.legislation.gov.uk/uksi/1996/323/body/made" title="body"/><atom:link rel="http://www.legislation.gov.uk/def/navigation/schedules" href="http://www.legislation.gov.uk/uksi/1996/323/schedules/made" title="schedules"/><atom:link rel="alternate" type="application/rdf+xml" href="http://www.legislation.gov.uk/uksi/1996/323/made/data.rdf" title="RDF/XML"/><atom:link rel="alternate" type="application/akn+xml" href="http://www.legislation.gov.uk/uksi/1996/323/made/data.akn" title="AKN"/><atom:link rel="alternate" type="application/xhtml+xml" href="http://www.legislation.gov.uk/uksi/1996/323/made/data.xht" title="HTML snippet"/><atom:link rel="alternate" type="application/pdf" href="http://www.legislation.gov.uk/uksi/1996/323/made/data.pdf" title="PDF"/><atom:link rel="alternate" type="application/akn+xhtml" href="http://www.legislation.gov.uk/uksi/1996/323/made/data.html" title="HTML5 snippet"/><atom:link rel="http://purl.org/dc/terms/tableOfContents" hreflang="en" href="http://www.legislation.gov.uk/uksi/1996/323/contents/made" title="Table of Contents"/><ukm:SecondaryMetadata><ukm:DocumentClassification><ukm:DocumentCategory Value="secondary"/><ukm:DocumentMainType Value="UnitedKingdomStatutoryInstrument"/><ukm:DocumentStatus Value="final"/><ukm:DocumentMinorType Value="order"/></ukm:DocumentClassification><ukm:Year Value="1996"/><ukm:Number Value="323"/><ukm:AlternativeNumber Category="C" Value="6"/><ukm:Made Date="1996-02-09"/><ukm:ISBN Value="011055275X"/></ukm:SecondaryMetadata><ukm:Statistics><ukm:TotalParagraphs Value="4"/><ukm:BodyParagraphs Value="4"/><ukm:ScheduleParagraphs Value="0"/><ukm:AttachmentParagraphs Value="0"/><ukm:TotalImages Value="0"/></ukm:Statistics></proprietary></meta><preface><p class="number"><docNumber>1996 No. 323 (C.6) (S.23)</docNumber></p><block name="subject"><concept class="title" refersTo="#d4e59">LOCAL GOVERNMENT, SCOTLAND</concept></block><block name="subject"><concept class="title" refersTo="#d4e62">WATER SUPPLY, SCOTLAND</concept></block><p class="title"><shortTitle>The Local Government <abbr title="et cetera" xml:lang="la">etc.</abbr> (Scotland) Act 1994 (Commencement No.7 and Savings) Order 1996</shortTitle></p><p class="MadeDate"><span>Made</span><docDate date="1996-02-09">9th February 1996</docDate></p></preface><preamble><formula name="EnactingText"><p>The Secretary of State, in exercise of the powers conferred on him by section 184(2) and (3) of the Local Government <abbr title="et cetera" xml:lang="la">etc.</abbr> (Scotland) Act 1994<noteRef href="#f00001" class="footnote" marker="1"/> and of all other powers enabling him in that behalf, hereby makes the following Order:</p></formula></preamble><body><article eId="article-1"><num>1</num><heading>Citation and interpretation</heading><paragraph eId="article-1-1"><num>1</num><content><p>This Order may be cited as the Local Government <abbr title="et cetera" xml:lang="la">etc.</abbr> (Scotland) Act 1994 (Commencement No.7 and Savings) Order 1996.</p></content></paragraph><paragraph eId="article-1-2"><num>2</num><content><p>In this Order, “<abbr title="Local Government etc. (Scotland) Act 1994 c. 39" xml:lang="">the Act</abbr>” means the Local Government <abbr title="et cetera" xml:lang="la">etc.</abbr> (Scotland) Act 1994.</p></content></paragraph></article><hcontainer name="P1group" eId="d4e113"><heading>Days appointed and savings</heading><article eId="article-2"><num>2</num><paragraph eId="article-2-1"><num>1</num><intro><p>Subject to paragraph (2) below, 19th February 1996 is the day appointed for the coming into force of—</p></intro><subparagraph eId="article-2-1-a"><num>a</num><content><p>section 46 of <abbr title="Local Government etc. (Scotland) Act 1994 c. 39" xml:lang="">the Act</abbr> (licensing boards);</p></content></subparagraph><subparagraph eId="article-2-1-b"><num>b</num><content><p>section 180 of <abbr title="Local Government etc. (Scotland) Act 1994 c. 39" xml:lang="">the Act</abbr>, so far as it relates to the provisions in Schedules 13 and 14 to <abbr title="Local Government etc. (Scotland) Act 1994 c. 39" xml:lang="">the Act</abbr> specified in sub-paragraphs (c) and (d) below;</p></content></subparagraph><subparagraph eId="article-2-1-c"><num>c</num><content><p>in Schedule 13 to <abbr title="Local Government etc. (Scotland) Act 1994 c. 39" xml:lang="">the Act</abbr>, paragraph 176(2), (10), (12)(b) and (16)(a) to (c); and</p></content></subparagraph><subparagraph eId="article-2-1-d"><num>d</num><intro><p>in Schedule 14 to <abbr title="Local Government etc. (Scotland) Act 1994 c. 39" xml:lang="">the Act</abbr>, the repeals of the following provisions of the Local Government Finance Act 1992<noteRef href="#f00002" class="footnote" marker="2"/>:—</p></intro><clause eId="article-2-1-d-i"><num>i</num><content><p>in section 93(1)(a) the words “regional, islands or district” and “as appropriate”;</p></content></clause><clause eId="article-2-1-d-ii"><num>ii</num><content><p>section 97(2);</p></content></clause><clause eId="article-2-1-d-iii"><num>iii</num><content><p>section 112(2)(d);</p></content></clause><clause eId="article-2-1-d-iv"><num>iv</num><content><p>in Schedule 2, in paragraph 8(5)(b), the words “or where the authority is a regional council, each amount set under section 93 of this Act”, and, in paragraph 12(2), sub-sub-paragraph (b) and, in sub-sub-paragraphs (e) and (f), the word “levying”; and paragraph 19(7)(b); and</p></content></clause><clause eId="article-2-1-d-v"><num>v</num><content><p>in Schedule 11, Parts I and <abbr class="Acronym" title="2">II</abbr> and paragraphs 26 and 27.</p></content></clause></subparagraph></paragraph><paragraph eId="article-2-2"><num>2</num><content><p>In the period until 1st April 1996, the provisions of the Local Government Finance Act 1992 which are amended or repealed by the provisions of <abbr title="Local Government etc. (Scotland) Act 1994 c. 39" xml:lang="">the Act</abbr> brought into force by paragraph (1)(b) to (d) above shall continue to apply (without amendment or repeal) in relation to any financial year which began prior to that date.</p></content></paragraph></article><article eId="article-3"><num>3</num><intro><p>31st March 1996 is the day appointed for the coming into force of—</p></intro><subparagraph eId="article-3-a"><num>a</num><content><p>section 180 of <abbr title="Local Government etc. (Scotland) Act 1994 c. 39" xml:lang="">the Act</abbr>, so far as it relates to the provision in Schedule 13 to <abbr title="Local Government etc. (Scotland) Act 1994 c. 39" xml:lang="">the Act</abbr> specified in paragraph (b) below, and</p></content></subparagraph><subparagraph eId="article-3-b"><num>b</num><content><p>in Schedule 13 to <abbr title="Local Government etc. (Scotland) Act 1994 c. 39" xml:lang="">the Act</abbr>, paragraph 100(9)(h).</p></content></subparagraph></article><article eId="article-4"><num>4</num><paragraph eId="article-4-1"><num>1</num><intro><p>Subject to paragraph (2) below, 1st April 1996 is the day appointed for the coming into force of—</p></intro><subparagraph eId="article-4-1-a"><num>a</num><content><p>the provisions of <abbr title="Local Government etc. (Scotland) Act 1994 c. 39" xml:lang="">the Act</abbr> specified in column 1 of Schedule 1 to this Order (which relate to the matters specified in column 2 of that Schedule);</p></content></subparagraph><subparagraph eId="article-4-1-b"><num>b</num><content><p>section 180 of <abbr title="Local Government etc. (Scotland) Act 1994 c. 39" xml:lang="">the Act</abbr>, so far as it relates to the provisions in Schedules 13 and 14 to <abbr title="Local Government etc. (Scotland) Act 1994 c. 39" xml:lang="">the Act</abbr> specified in sub-paragraphs (c) and (d) below;</p></content></subparagraph><subparagraph eId="article-4-1-c"><num>c</num><content><p>in Schedule 13 to <abbr title="Local Government etc. (Scotland) Act 1994 c. 39" xml:lang="">the Act</abbr>, paragraphs 1, 2, 4 (so far as not already in force), 5, 6, 8 to 26, 27 (so far as not already in force), 28 to 33, 35 to 37, 38(1) and (8), 39 to 56, 58, 59, 60 (so far as not already in force), 61, 63 to 66, 67 (so far as not already in force), 68 to 70, 71 (so far as not already in force), 72 (so far as already not in force), 73, 74, 75 (so far as not already in force), 76 to 84, 85(1), (2) and (3)(b)(ii) and (c), 86 to 91, 92 (other than sub-paragraphs (34), (35) and (48) and so far as not already in force), 93(1) and (3), 94, 95(3), (5) to (7) and (10), 96 to 99, 100(6) to (8) and (9)(a) to (i) (so far as not already in force), 101 to 115, 116(1) to (5), 117, 118, 119 (other than sub-paragraph (54)(a)(ii) and (h)(iii) and so far as not already in force), 120 to 128, 129 (so far as not already in force), 130 to 148, 150 to 155, 156 (so far as not already in force), 157 to 161, 163 to 166, 167 (other than sub-paragraphs (2), (4), (5), (7) and (9)), 168 to 175, 176 (so far as not already in force) and 178 to 184; and</p></content></subparagraph><subparagraph eId="article-4-1-d"><num>d</num><content><p>the repeals in Schedule 14 to <abbr title="Local Government etc. (Scotland) Act 1994 c. 39" xml:lang="">the Act</abbr> specified in Schedule 2 to this Order.</p></content></subparagraph></paragraph><paragraph eId="article-4-2"><num>2</num><content><p>The commencement, by virtue of paragraph (1)(d) above, of Schedule 14 to <abbr title="Local Government etc. (Scotland) Act 1994 c. 39" xml:lang="">the Act</abbr> so far as relating to the repeal of section 223 of the Local Government (Scotland) Act 1973<noteRef href="#f00003" class="footnote" marker="3"/> shall not affect the continuing operation of that section in relation to the councils constituted under section 2 of <abbr title="Local Government etc. (Scotland) Act 1994 c. 39" xml:lang="">the Act</abbr> for the areas of Orkney Islands, Shetland Islands and Western Isles.</p></content></paragraph></article></hcontainer><hcontainer name="signatures"><content><block name="signature"><signature><person refersTo="#ref-d4e302">George Kynoch</person><role refersTo="#ref-d4e304">Parliamentary Under Secretary of State, Scottish Office</role><location refersTo="#standrew’shouse">St Andrew’s House,</location><location refersTo="#edinburgh">Edinburgh</location><date date="1996-02-09">9th February 1996</date></signature></block></content></hcontainer><hcontainer name="schedules" eId="d4e314"><hcontainer name="schedule" eId="schedule-1"><num>SCHEDULE 1<authorialNote class="referenceNote" placement="right"><p>Article 4(1)(a)</p></authorialNote></num><heading>PROVISIONS OF THE ACT COMING INTO FORCE ON 1ST APRIL 1996</heading><content><tblock class="tabular"><table><tr><th colspan="1" rowspan="1"><p><em>Column 1</em></p></th><th colspan="1" rowspan="1"><p><em>Column 2</em></p></th></tr><tr><th colspan="1" rowspan="1"><p><em>Provision of <abbr title="Local Government etc. (Scotland) Act 1994 c. 39" xml:lang="">the Act</abbr></em></p></th><th colspan="1" rowspan="1"><p><em>Subject matter</em></p></th></tr><tr><td colspan="1" rowspan="1"><p>Section 6</p></td><td colspan="1" rowspan="1"><p>Date of elections</p></td></tr><tr><td colspan="1" rowspan="1"><p>Section 21</p></td><td colspan="1" rowspan="1"><p>Application of section 211 of the Local Government (Scotland) Act 1973<noteRef href="#f00004" class="footnote" marker="4"/> to joint boards</p></td></tr><tr><td colspan="1" rowspan="1"><p>Section 22</p></td><td colspan="1" rowspan="1"><p>Community councils</p></td></tr><tr><td colspan="1" rowspan="1"><p>Section 30</p></td><td colspan="1" rowspan="1"><p>Rating authorities</p></td></tr><tr><td colspan="1" rowspan="1"><p>Section 31</p></td><td colspan="1" rowspan="1"><p>Education</p></td></tr><tr><td colspan="1" rowspan="1"><p>Section 32</p></td><td colspan="1" rowspan="1"><p>Co-operation between education authorities</p></td></tr><tr><td colspan="1" rowspan="1"><p>Section 35</p></td><td colspan="1" rowspan="1"><p>Amalgamation schemes</p></td></tr><tr><td colspan="1" rowspan="1"><p>Section 41</p></td><td colspan="1" rowspan="1"><p>Amendment of section 13 of the Transport Act 1968<noteRef href="#f00005" class="footnote" marker="5"/></p></td></tr><tr><td colspan="1" rowspan="1"><p>Section 45</p></td><td colspan="1" rowspan="1"><p>Chief social work officer</p></td></tr><tr><td colspan="1" rowspan="1"><p>Section 48</p></td><td colspan="1" rowspan="1"><p>Amendment of District Courts (Scotland) Act 1975<noteRef href="#f00006" class="footnote" marker="6"/></p></td></tr><tr><td colspan="1" rowspan="1"><p>Section 51(1), (2), (4) and (5)</p></td><td colspan="1" rowspan="1"><p>Registration of births, deaths and marriages</p></td></tr><tr><td colspan="1" rowspan="1"><p>Section 53</p></td><td colspan="1" rowspan="1"><p>Records held by local authorities</p></td></tr><tr><td colspan="1" rowspan="1"><p>Section 54(1) to (4)</p></td><td colspan="1" rowspan="1"><p>Use, acquisition and disposal of records</p></td></tr><tr><td colspan="1" rowspan="1"><p>Section 58 (so far as not already in force)</p></td><td colspan="1" rowspan="1"><p>Further provision as to discharge of functions by authorities</p></td></tr><tr><td colspan="1" rowspan="1"><p>Section 65(1)</p></td><td colspan="1" rowspan="1"><p>General duties of Secretary of State and of new authorities</p></td></tr><tr><td colspan="1" rowspan="1"><p>Section 68(2) and (3)</p></td><td colspan="1" rowspan="1"><p>Functions of Customers Council</p></td></tr><tr><td colspan="1" rowspan="1"><p>Section 72</p></td><td colspan="1" rowspan="1"><p>References to Monopolies and Mergers Commission</p></td></tr><tr><td colspan="1" rowspan="1"><p>Section 75</p></td><td colspan="1" rowspan="1"><p>Maximum charges for services provided with help of new authority</p></td></tr><tr><td colspan="1" rowspan="1"><p>Section 78</p></td><td colspan="1" rowspan="1"><p>Liability of occupiers <abbr title="et cetera" xml:lang="la">etc.</abbr> for charges</p></td></tr><tr><td colspan="1" rowspan="1"><p>Section 79(4)</p></td><td colspan="1" rowspan="1"><p>Recovery of charges by diligence</p></td></tr><tr><td colspan="1" rowspan="1"><p>Section 80</p></td><td colspan="1" rowspan="1"><p>Power to demand and recover charges not to affect duty to maintain domestic water supply <abbr title="et cetera" xml:lang="la">etc.</abbr></p></td></tr><tr><td colspan="1" rowspan="1"><p>Section 82</p></td><td colspan="1" rowspan="1"><p>Arrears of charges: restrictions on voting</p></td></tr><tr><td colspan="1" rowspan="1"><p>Section 99</p></td><td colspan="1" rowspan="1"><p>Compulsory acquisition of land</p></td></tr><tr><td colspan="1" rowspan="1"><p>Section 100</p></td><td colspan="1" rowspan="1"><p>Disposal of land</p></td></tr><tr><td colspan="1" rowspan="1"><p>Section 102</p></td><td colspan="1" rowspan="1"><p>Emptying of septic tanks</p></td></tr><tr><td colspan="1" rowspan="1"><p>Section 105</p></td><td colspan="1" rowspan="1"><p>Restriction on references to Secretary of State of questions regarding water supply</p></td></tr><tr><td colspan="1" rowspan="1"><p>Section 106</p></td><td colspan="1" rowspan="1"><p>Removal of restriction on supply of water to premises outwith water authority’s limits of supply</p></td></tr><tr><td colspan="1" rowspan="1"><p>Section 107</p></td><td colspan="1" rowspan="1"><p>Supply of water for use outwith Scotland</p></td></tr><tr><td colspan="1" rowspan="1"><p>Section 108</p></td><td colspan="1" rowspan="1"><p>Further provision as regards removal of restrictions on supply of water outwith limits of supply</p></td></tr><tr><td colspan="1" rowspan="1"><p>Section 109</p></td><td colspan="1" rowspan="1"><p>Right of objection to proposed laying of mains</p></td></tr><tr><td colspan="1" rowspan="1"><p>Section 110</p></td><td colspan="1" rowspan="1"><p>Vesting of certain supply pipes</p></td></tr><tr><td colspan="1" rowspan="1"><p>Section 111</p></td><td colspan="1" rowspan="1"><p>Duty of water authority to keep map showing water mains <abbr title="et cetera" xml:lang="la">etc.</abbr></p></td></tr><tr><td colspan="1" rowspan="1"><p>Section 112</p></td><td colspan="1" rowspan="1"><p>Simplification of provisions as respects opting for water supply by meter</p></td></tr><tr><td colspan="1" rowspan="1"><p>Section 117</p></td><td colspan="1" rowspan="1"><p>Directions in the interests of national security</p></td></tr><tr><td colspan="1" rowspan="1"><p>Section 118(2) and (3)</p></td><td colspan="1" rowspan="1"><p>Annual report</p></td></tr><tr><td colspan="1" rowspan="1"><p>Section 119</p></td><td colspan="1" rowspan="1"><p>Records held by new authorities</p></td></tr><tr><td colspan="1" rowspan="1"><p>Section 120(2)</p></td><td colspan="1" rowspan="1"><p>Notice of proposal to investigate new source of water supply</p></td></tr><tr><td colspan="1" rowspan="1"><p>Section 121</p></td><td colspan="1" rowspan="1"><p>Power of new authorities to promote or oppose private legislation</p></td></tr><tr><td colspan="1" rowspan="1"><p>Section 127(1) (so far as not already in force)</p></td><td colspan="1" rowspan="1"><p>The Principal Reporter</p></td></tr><tr><td colspan="1" rowspan="1"><p>Section 132</p></td><td colspan="1" rowspan="1"><p>Duty of Administration to provide accommodation <abbr title="et cetera" xml:lang="la">etc.</abbr> for children’s hearings</p></td></tr><tr><td colspan="1" rowspan="1"><p>Section 139</p></td><td colspan="1" rowspan="1"><p>Report by local authority for purpose of investigation preliminary to children’s hearing</p></td></tr><tr><td colspan="1" rowspan="1"><p>Section 140</p></td><td colspan="1" rowspan="1"><p>Power of local authorities to provide assistance to voluntary organisations</p></td></tr><tr><td colspan="1" rowspan="1"><p>Section 142</p></td><td colspan="1" rowspan="1"><p>Organisation of polling districts</p></td></tr><tr><td colspan="1" rowspan="1"><p>Section 144</p></td><td colspan="1" rowspan="1"><p>Denominational schools: proposals under section 22D of Education (Scotland) Act 1980<noteRef href="#f00007" class="footnote" marker="7"/></p></td></tr><tr><td colspan="1" rowspan="1"><p>Section 145</p></td><td colspan="1" rowspan="1"><p>Provision of school transport and other facilities</p></td></tr><tr><td colspan="1" rowspan="1"><p>Section 162(2)</p></td><td colspan="1" rowspan="1"><p>Abolition of Scottish Valuation Advisory Council</p></td></tr><tr><td colspan="1" rowspan="1"><p>Section 164(3), (4) and (5)</p></td><td colspan="1" rowspan="1"><p>Calculation of limits on spending</p></td></tr><tr><td colspan="1" rowspan="1"><p>Section 174</p></td><td colspan="1" rowspan="1"><p>Power of local authority to submit amending schemes to Secretary of State</p></td></tr><tr><td colspan="1" rowspan="1"><p>Section 183(2), (4) and (5)</p></td><td colspan="1" rowspan="1"><p>Interpretation and amendment of statutory references</p></td></tr><tr><td colspan="1" rowspan="1"><p>Schedule 4</p></td><td colspan="1" rowspan="1"><p>Amendments to the Town and Country Planning (Scotland) Act 1972<noteRef href="#f00008" class="footnote" marker="8"/></p></td></tr><tr><td colspan="1" rowspan="1"><p>Schedule 10</p></td><td colspan="1" rowspan="1"><p>Recovery by diligence of charges payable to a collecting authority by virtue of section 79 of <abbr title="Local Government etc. (Scotland) Act 1994 c. 39" xml:lang="">the Act</abbr></p></td></tr></table></tblock></content></hcontainer><hcontainer name="schedule" eId="schedule-2"><num>SCHEDULE 2<authorialNote class="referenceNote" placement="right"><p>Article 4(1)(d)</p></authorialNote></num><heading>REPEALS IN SCHEDULE 14 TO THE ACT COMING INTO FORCE ON 1ST APRIL 1996</heading><content><tblock class="tabular"><table><tr><th colspan="1" rowspan="1"><p><em>Chapter</em></p></th><th colspan="1" rowspan="1"><p><em>Short title</em></p></th><th colspan="1" rowspan="1"><p><em>Extent of repeal</em></p></th></tr><tr><td colspan="1" rowspan="1"><p>7 &amp; 8 Geo.6 c.26.</p></td><td colspan="1" rowspan="1"><p>The Rural Water Supplies and Sewerage Act 1944.</p></td><td colspan="1" rowspan="1"><p>The whole Act.</p></td></tr><tr><td colspan="1" rowspan="1"><p>10 &amp; 11 Geo.6 c.41.</p></td><td colspan="1" rowspan="1"><p>The Fire Services Act 1947.</p></td><td colspan="1" rowspan="1"><p>In section 36, subsections (3) and (6).</p></td></tr><tr><td colspan="1" rowspan="1"><p>10 &amp; 11 Geo.6 c.43.</p></td><td colspan="1" rowspan="1"><p>The Local Government (Scotland) Act 1947.</p></td><td colspan="1" rowspan="1"><p>In section 237(2)(b), the words from “and, if” to “determined”.</p></td></tr><tr><td colspan="1" rowspan="1"><p>11 &amp; 12 Geo.6 c.29.</p></td><td colspan="1" rowspan="1"><p>The National Assistance Act 1948.</p></td><td colspan="1" rowspan="1"><p>In section 33, subsection (2). In the Third Schedule, paragraphs 9 to 13.</p></td></tr><tr><td colspan="1" rowspan="1"><p>12, 13 and 14 Geo.6 c.74.</p></td><td colspan="1" rowspan="1"><p>The Coast Protection Act 1949.</p></td><td colspan="1" rowspan="1"><p>In section 20(5), the words “or the council of a district in Scotland”.</p></td></tr><tr><td colspan="1" rowspan="1"><p>12, 13 and 14 Geo.6 c.97.</p></td><td colspan="1" rowspan="1"><p>The National Parks and Access to the Countryside Act 1949.</p></td><td colspan="1" rowspan="1"><p>In section 21(1), the words “general or district”.</p></td></tr><tr><td colspan="1" rowspan="1"><p>3 &amp; 4 Eliz.2 c.13.</p></td><td colspan="1" rowspan="1"><p>The Rural Water Supplies and Sewerage Act 1955.</p></td><td colspan="1" rowspan="1"><p>The whole Act.</p></td></tr><tr><td colspan="1" rowspan="1"><p>4 &amp; 5 Eliz.2 c.60.</p></td><td colspan="1" rowspan="1"><p>The Valuation and Rating (Scotland) Act 1956.</p></td></tr><tr><td colspan="1" rowspan="1"><p/></td><td colspan="1" rowspan="1"><p/></td><td colspan="1" rowspan="1"><p>Section 1.</p></td></tr><tr><td colspan="1" rowspan="1"><p/></td><td colspan="1" rowspan="1"><p/></td><td colspan="1" rowspan="1"><p>Section 3.</p></td></tr><tr><td colspan="1" rowspan="1"><p/></td><td colspan="1" rowspan="1"><p/></td><td colspan="1" rowspan="1"><p>In section 43(1), the definition of “Advisory Council”.</p></td></tr><tr><td colspan="1" rowspan="1"><p>7 &amp; 8 Eliz.2 c.40.</p></td><td colspan="1" rowspan="1"><p>The Deer (Scotland) Act 1959.</p></td><td colspan="1" rowspan="1"><p>In section 25A, in subsection (2), the words “islands and district”, and in subsections (4) and (5) the words “islands or district”.</p></td></tr><tr><td colspan="1" rowspan="1"><p/></td><td colspan="1" rowspan="1"><p/></td><td colspan="1" rowspan="1"><p>In section 25D, in subsection (8), the words “islands or district”.</p></td></tr><tr><td colspan="1" rowspan="1"><p><ref href="http://www.legislation.gov.uk/id/ukpga/1960/62">1960 c. 62</ref>.</p></td><td colspan="1" rowspan="1"><p>The Caravan Sites and Control of Development Act 1960.</p></td><td colspan="1" rowspan="1"><p>Section 24(8A).</p></td></tr><tr><td colspan="1" rowspan="1"><p><ref href="http://www.legislation.gov.uk/id/ukpga/1961/41">1961 c. 41</ref>.</p></td><td colspan="1" rowspan="1"><p>The Flood Prevention (Scotland) Act 1961.</p></td><td colspan="1" rowspan="1"><p>In section 4(2), the words “(whether a different authority from the local authority or not)”.</p></td></tr><tr><td colspan="1" rowspan="1"><p/></td><td colspan="1" rowspan="1"><p/></td><td colspan="1" rowspan="1"><p>Section 12(2).</p></td></tr><tr><td colspan="1" rowspan="1"><p><ref href="http://www.legislation.gov.uk/id/ukpga/1965/49">1965 c. 49</ref>.</p></td><td colspan="1" rowspan="1"><p>The Registration of Births, Deaths and Marriages (Scotland) Act 1965.</p></td><td colspan="1" rowspan="1"><p>Section 15(4).</p></td></tr><tr><td colspan="1" rowspan="1"><p><ref href="http://www.legislation.gov.uk/id/ukpga/1967/77">1967 c. 77</ref>.</p></td><td colspan="1" rowspan="1"><p>The Police (Scotland) Act 1967.</p></td><td colspan="1" rowspan="1"><p>Section 19(5).</p></td></tr><tr><td colspan="1" rowspan="1"><p/></td><td colspan="1" rowspan="1"><p/></td><td colspan="1" rowspan="1"><p>Section 21A.</p></td></tr><tr><td colspan="1" rowspan="1"><p><ref href="http://www.legislation.gov.uk/id/ukpga/1967/78">1967 c. 78</ref>.</p></td><td colspan="1" rowspan="1"><p>The Water (Scotland) Act 1967.</p></td><td colspan="1" rowspan="1"><p>The whole Act.</p></td></tr><tr><td colspan="1" rowspan="1"><p><ref href="http://www.legislation.gov.uk/id/ukpga/1967/86">1967 c. 86</ref>.</p></td><td colspan="1" rowspan="1"><p>The Countryside (Scotland) Act 1967.</p></td><td colspan="1" rowspan="1"><p>In section 49, subsection (5).</p></td></tr><tr><td colspan="1" rowspan="1"><p/></td><td colspan="1" rowspan="1"><p/></td><td colspan="1" rowspan="1"><p>In section 61, in each of subsections (5), (6) and (8), the word “local”.</p></td></tr><tr><td colspan="1" rowspan="1"><p/></td><td colspan="1" rowspan="1"><p/></td><td colspan="1" rowspan="1"><p>In section 63, in each of subsections (2) and (4) to (9), the word “local” wherever it occurs; and in subsection (11), the word “local” where it first occurs and the words from “and any reference” to the end.</p></td></tr><tr><td colspan="1" rowspan="1"><p/></td><td colspan="1" rowspan="1"><p/></td><td colspan="1" rowspan="1"><p>In section 65(5), paragraph (c) and, in paragraph (f), the words “within the meaning of section 109(1) of the Water (Scotland) Act 1980”; and paragraph (g).</p></td></tr><tr><td colspan="1" rowspan="1"><p><ref href="http://www.legislation.gov.uk/id/ukpga/1968/16">1968 c. 16</ref>.</p></td><td colspan="1" rowspan="1"><p>The New Towns (Scotland) Act 1968.</p></td><td colspan="1" rowspan="1"><p>In section 34(1)(a), the words “water, sewerage or other”.</p></td></tr><tr><td colspan="1" rowspan="1"><p><ref href="http://www.legislation.gov.uk/id/ukpga/1968/46">1968 c. 46</ref>.</p></td><td colspan="1" rowspan="1"><p>The Health Services and Public Health Act 1968.</p></td><td colspan="1" rowspan="1"><p>In section 71, subsection (3).</p></td></tr><tr><td colspan="1" rowspan="1"><p><ref href="http://www.legislation.gov.uk/id/ukpga/1968/47">1968 c. 47</ref>.</p></td><td colspan="1" rowspan="1"><p>The Sewerage (Scotland) Act 1968.</p></td><td colspan="1" rowspan="1"><p>Section 18.</p></td></tr><tr><td colspan="1" rowspan="1"><p/></td><td colspan="1" rowspan="1"><p/></td><td colspan="1" rowspan="1"><p>Section 40.</p></td></tr><tr><td colspan="1" rowspan="1"><p/></td><td colspan="1" rowspan="1"><p/></td><td colspan="1" rowspan="1"><p>Section 47.</p></td></tr><tr><td colspan="1" rowspan="1"><p/></td><td colspan="1" rowspan="1"><p/></td><td colspan="1" rowspan="1"><p>Section 52.</p></td></tr><tr><td colspan="1" rowspan="1"><p/></td><td colspan="1" rowspan="1"><p/></td><td colspan="1" rowspan="1"><p>In section 59(1), the definitions of “authorised officer”, “local authority” and “trunk road”.</p></td></tr><tr><td colspan="1" rowspan="1"><p><ref href="http://www.legislation.gov.uk/id/ukpga/1968/49">1968 c. 49</ref>.</p></td><td colspan="1" rowspan="1"><p>The Social Work (Scotland) Act 1968.</p></td><td colspan="1" rowspan="1"><p>Section 2.</p></td></tr><tr><td colspan="1" rowspan="1"><p/></td><td colspan="1" rowspan="1"><p/></td><td colspan="1" rowspan="1"><p>In section 5A(3), paragraph (b).</p></td></tr><tr><td colspan="1" rowspan="1"><p/></td><td colspan="1" rowspan="1"><p/></td><td colspan="1" rowspan="1"><p>Section 34(3).</p></td></tr><tr><td colspan="1" rowspan="1"><p/></td><td colspan="1" rowspan="1"><p/></td><td colspan="1" rowspan="1"><p>In section 36, subsections (1), (4) and (6).</p></td></tr><tr><td colspan="1" rowspan="1"><p/></td><td colspan="1" rowspan="1"><p/></td><td colspan="1" rowspan="1"><p>In section 76(2), the words “to which the case stands referred”.</p></td></tr><tr><td colspan="1" rowspan="1"><p/></td><td colspan="1" rowspan="1"><p/></td><td colspan="1" rowspan="1"><p>In Schedule 3, in paragraph 3, sub-paragraph (i) and, in sub-paragraph (ii), the words “in any other case,”.</p></td></tr><tr><td colspan="1" rowspan="1"><p><ref href="http://www.legislation.gov.uk/id/ukpga/1968/73">1968 c. 73</ref>.</p></td><td colspan="1" rowspan="1"><p>The Transport Act 1968.</p></td><td colspan="1" rowspan="1"><p>In section 9A(9)(b), the words “regional or islands”.</p></td></tr><tr><td colspan="1" rowspan="1"><p/></td><td colspan="1" rowspan="1"><p/></td><td colspan="1" rowspan="1"><p>In section 56(4)(b), the words “regional or islands”.</p></td></tr><tr><td colspan="1" rowspan="1"><p><ref href="http://www.legislation.gov.uk/id/ukpga/1970/6">1970 c. 6</ref>.</p></td><td colspan="1" rowspan="1"><p>The Rural Water Supplies and Sewerage (Scotland) Act 1970.</p></td><td colspan="1" rowspan="1"><p>The whole Act.</p></td></tr><tr><td colspan="1" rowspan="1"><p><ref href="http://www.legislation.gov.uk/id/ukpga/1971/49">1971 c. 49</ref>.</p></td><td colspan="1" rowspan="1"><p>The Rural Water Supplies and Sewerage Act 1971.</p></td><td colspan="1" rowspan="1"><p>The whole Act.</p></td></tr><tr><td colspan="1" rowspan="1"><p><ref href="http://www.legislation.gov.uk/id/ukpga/1972/52">1972 c. 52</ref>.</p></td><td colspan="1" rowspan="1"><p>The Town and Country Planning (Scotland) Act 1972.</p></td><td colspan="1" rowspan="1"><p>Section 4(5).</p></td></tr><tr><td colspan="1" rowspan="1"><p/></td><td colspan="1" rowspan="1"><p/></td><td colspan="1" rowspan="1"><p>Section 5(5) and (7).</p></td></tr><tr><td colspan="1" rowspan="1"><p/></td><td colspan="1" rowspan="1"><p/></td><td colspan="1" rowspan="1"><p>In section 8(1) the words from “and may provide for” to the end.</p></td></tr><tr><td colspan="1" rowspan="1"><p/></td><td colspan="1" rowspan="1"><p/></td><td colspan="1" rowspan="1"><p>In section 15(1), the words from “or of the provisions of Part IX” to “to be carried out, or”, the words “, after holding a local inquiry or other hearing,” and the words “carrying out the survey or are not”.</p></td></tr><tr><td colspan="1" rowspan="1"><p/></td><td colspan="1" rowspan="1"><p/></td><td colspan="1" rowspan="1"><p>In section 22, the word “(1)” and subsection (2).</p></td></tr><tr><td colspan="1" rowspan="1"><p/></td><td colspan="1" rowspan="1"><p/></td><td colspan="1" rowspan="1"><p>Section 25(4).</p></td></tr><tr><td colspan="1" rowspan="1"><p/></td><td colspan="1" rowspan="1"><p/></td><td colspan="1" rowspan="1"><p>Section 28(3).</p></td></tr><tr><td colspan="1" rowspan="1"><p/></td><td colspan="1" rowspan="1"><p/></td><td colspan="1" rowspan="1"><p>Section 32(7).</p></td></tr><tr><td colspan="1" rowspan="1"><p/></td><td colspan="1" rowspan="1"><p/></td><td colspan="1" rowspan="1"><p>Section 49G.</p></td></tr><tr><td colspan="1" rowspan="1"><p/></td><td colspan="1" rowspan="1"><p/></td><td colspan="1" rowspan="1"><p>Section 50(4).</p></td></tr><tr><td colspan="1" rowspan="1"><p/></td><td colspan="1" rowspan="1"><p/></td><td colspan="1" rowspan="1"><p>In section 52(4), the words “regional, general or district”.</p></td></tr><tr><td colspan="1" rowspan="1"><p/></td><td colspan="1" rowspan="1"><p/></td><td colspan="1" rowspan="1"><p>In section 56F(1), the words from “and section 179” to “1973”.</p></td></tr><tr><td colspan="1" rowspan="1"><p/></td><td colspan="1" rowspan="1"><p/></td><td colspan="1" rowspan="1"><p>In section 56K(10), the words “and section 179 of the Local Government (Scotland) Act 1973”.</p></td></tr><tr><td colspan="1" rowspan="1"><p/></td><td colspan="1" rowspan="1"><p/></td><td colspan="1" rowspan="1"><p>Section 84A.</p></td></tr><tr><td colspan="1" rowspan="1"><p/></td><td colspan="1" rowspan="1"><p/></td><td colspan="1" rowspan="1"><p>In section 87A(1), the words “general and district”.</p></td></tr><tr><td colspan="1" rowspan="1"><p/></td><td colspan="1" rowspan="1"><p/></td><td colspan="1" rowspan="1"><p>In section 102, in subsection (1) the words “to whom this subsection applies”, and subsection (5).</p></td></tr><tr><td colspan="1" rowspan="1"><p/></td><td colspan="1" rowspan="1"><p/></td><td colspan="1" rowspan="1"><p>Section 169(8).</p></td></tr><tr><td colspan="1" rowspan="1"><p/></td><td colspan="1" rowspan="1"><p/></td><td colspan="1" rowspan="1"><p>Section 229A.</p></td></tr><tr><td colspan="1" rowspan="1"><p/></td><td colspan="1" rowspan="1"><p/></td><td colspan="1" rowspan="1"><p>In paragraphs (a) and (b) of section 231(2), the words “or as applied under section 181 of the Local Government (Scotland) Act 1973”.</p></td></tr><tr><td colspan="1" rowspan="1"><p/></td><td colspan="1" rowspan="1"><p/></td><td colspan="1" rowspan="1"><p>Section 254(4).</p></td></tr><tr><td colspan="1" rowspan="1"><p/></td><td colspan="1" rowspan="1"><p/></td><td colspan="1" rowspan="1"><p>Section 265(9).</p></td></tr><tr><td colspan="1" rowspan="1"><p/></td><td colspan="1" rowspan="1"><p/></td><td colspan="1" rowspan="1"><p>In section 275(1), the definition of “district planning functions”.</p></td></tr><tr><td colspan="1" rowspan="1"><p><ref href="http://www.legislation.gov.uk/id/ukpga/1973/65">1973 c. 65</ref>.</p></td><td colspan="1" rowspan="1"><p>The Local Government (Scotland) Act 1973.</p></td><td colspan="1" rowspan="1"><p>Section 1.</p></td></tr><tr><td colspan="1" rowspan="1"><p/></td><td colspan="1" rowspan="1"><p/></td><td colspan="1" rowspan="1"><p>Section 2.</p></td></tr><tr><td colspan="1" rowspan="1"><p/></td><td colspan="1" rowspan="1"><p/></td><td colspan="1" rowspan="1"><p>Section 3.</p></td></tr><tr><td colspan="1" rowspan="1"><p/></td><td colspan="1" rowspan="1"><p/></td><td colspan="1" rowspan="1"><p>Section 3A.</p></td></tr><tr><td colspan="1" rowspan="1"><p/></td><td colspan="1" rowspan="1"><p/></td><td colspan="1" rowspan="1"><p>Section 4.</p></td></tr><tr><td colspan="1" rowspan="1"><p/></td><td colspan="1" rowspan="1"><p/></td><td colspan="1" rowspan="1"><p>Section 5.</p></td></tr><tr><td colspan="1" rowspan="1"><p/></td><td colspan="1" rowspan="1"><p/></td><td colspan="1" rowspan="1"><p>Section 11.</p></td></tr><tr><td colspan="1" rowspan="1"><p/></td><td colspan="1" rowspan="1"><p/></td><td colspan="1" rowspan="1"><p>In section 24(5)(f), the words “regional, islands or district”.</p></td></tr><tr><td colspan="1" rowspan="1"><p/></td><td colspan="1" rowspan="1"><p/></td><td colspan="1" rowspan="1"><p>Section 31(4).</p></td></tr><tr><td colspan="1" rowspan="1"><p/></td><td colspan="1" rowspan="1"><p/></td><td colspan="1" rowspan="1"><p>In section 47, in subsection (4), the words “, other than a water development board within the meaning of the Water (Scotland) Act 1980,”, and subsection (5).</p></td></tr><tr><td colspan="1" rowspan="1"><p/></td><td colspan="1" rowspan="1"><p/></td><td colspan="1" rowspan="1"><p>In section 51, in subsection (1), the words “within the meaning of this Part of this Act” and subsection (3).</p></td></tr><tr><td colspan="1" rowspan="1"><p/></td><td colspan="1" rowspan="1"><p/></td><td colspan="1" rowspan="1"><p>In section 56(6), paragraphs (a) and (c).</p></td></tr><tr><td colspan="1" rowspan="1"><p/></td><td colspan="1" rowspan="1"><p/></td><td colspan="1" rowspan="1"><p>In section 56(9), paragraph (c).</p></td></tr><tr><td colspan="1" rowspan="1"><p/></td><td colspan="1" rowspan="1"><p/></td><td colspan="1" rowspan="1"><p>In section 63, in subsection (2), the words “or a district council” and, in subsection (5)(a), the words “or district council”.</p></td></tr><tr><td colspan="1" rowspan="1"><p/></td><td colspan="1" rowspan="1"><p/></td><td colspan="1" rowspan="1"><p>In section 64(5), paragraphs (c) and (f).</p></td></tr><tr><td colspan="1" rowspan="1"><p/></td><td colspan="1" rowspan="1"><p/></td><td colspan="1" rowspan="1"><p>Section 69(4).</p></td></tr><tr><td colspan="1" rowspan="1"><p/></td><td colspan="1" rowspan="1"><p/></td><td colspan="1" rowspan="1"><p>Section 74(3).</p></td></tr><tr><td colspan="1" rowspan="1"><p/></td><td colspan="1" rowspan="1"><p/></td><td colspan="1" rowspan="1"><p>In section 83, in subsection (2), the words “, subject to subsection (3A) below,”; and subsections (2A), (2B) and (3A).</p></td></tr><tr><td colspan="1" rowspan="1"><p/></td><td colspan="1" rowspan="1"><p/></td><td colspan="1" rowspan="1"><p>In section 87, in subsection (1), the words “any other local authority in the area”, in subsection (2), the words from “and where” to the end, and subsection (3).</p></td></tr><tr><td colspan="1" rowspan="1"><p/></td><td colspan="1" rowspan="1"><p/></td><td colspan="1" rowspan="1"><p>Section 90A.</p></td></tr><tr><td colspan="1" rowspan="1"><p/></td><td colspan="1" rowspan="1"><p/></td><td colspan="1" rowspan="1"><p>In section 106(1), paragraph (c) and the proviso.</p></td></tr><tr><td colspan="1" rowspan="1"><p/></td><td colspan="1" rowspan="1"><p/></td><td colspan="1" rowspan="1"><p>Section 109.</p></td></tr><tr><td colspan="1" rowspan="1"><p/></td><td colspan="1" rowspan="1"><p/></td><td colspan="1" rowspan="1"><p>In section 111(1)(e), the words “or to a water development board within the meaning of the Water (Scotland) Act 1980,”.</p></td></tr><tr><td colspan="1" rowspan="1"><p/></td><td colspan="1" rowspan="1"><p/></td><td colspan="1" rowspan="1"><p>Section 116(1) to (5), (7) and (8).</p></td></tr><tr><td colspan="1" rowspan="1"><p/></td><td colspan="1" rowspan="1"><p/></td><td colspan="1" rowspan="1"><p>In section 118, in subsection (1), the words “(a)” and paragraph (b) and, in subsection (5), the words “or any water development board within the meaning of the Water (Scotland) Act 1980”.</p></td></tr><tr><td colspan="1" rowspan="1"><p/></td><td colspan="1" rowspan="1"><p/></td><td colspan="1" rowspan="1"><p>Section 127.</p></td></tr><tr><td colspan="1" rowspan="1"><p/></td><td colspan="1" rowspan="1"><p/></td><td colspan="1" rowspan="1"><p>Sections 131 and 132.</p></td></tr><tr><td colspan="1" rowspan="1"><p/></td><td colspan="1" rowspan="1"><p/></td><td colspan="1" rowspan="1"><p>In section 133, subsection (1).</p></td></tr><tr><td colspan="1" rowspan="1"><p/></td><td colspan="1" rowspan="1"><p/></td><td colspan="1" rowspan="1"><p>Section 134(1).</p></td></tr><tr><td colspan="1" rowspan="1"><p/></td><td colspan="1" rowspan="1"><p/></td><td colspan="1" rowspan="1"><p>Sections 137(1) and 138(1).</p></td></tr><tr><td colspan="1" rowspan="1"><p/></td><td colspan="1" rowspan="1"><p/></td><td colspan="1" rowspan="1"><p>Section 140.</p></td></tr><tr><td colspan="1" rowspan="1"><p/></td><td colspan="1" rowspan="1"><p/></td><td colspan="1" rowspan="1"><p>Sections 142 and 143.</p></td></tr><tr><td colspan="1" rowspan="1"><p/></td><td colspan="1" rowspan="1"><p/></td><td colspan="1" rowspan="1"><p>Section 146(7).</p></td></tr><tr><td colspan="1" rowspan="1"><p/></td><td colspan="1" rowspan="1"><p/></td><td colspan="1" rowspan="1"><p>Section 148(1).</p></td></tr><tr><td colspan="1" rowspan="1"><p/></td><td colspan="1" rowspan="1"><p/></td><td colspan="1" rowspan="1"><p>In section 153, in subsection (1), the words “regional or islands”, in subsection (2), the words “regional or islands” and, wherever it occurs, “such” and, in subsection (3), the words “regional or islands” and, where it first occurs, “such”.</p></td></tr><tr><td colspan="1" rowspan="1"><p/></td><td colspan="1" rowspan="1"><p/></td><td colspan="1" rowspan="1"><p>In section 154, in subsection (1), the words “Subject to subsection (3A) below” and “regional or islands”, in subsection (2), the word “regional”, in both places where it occurs, in subsection (3), the words “regional or islands” and “such” and subsections (3A) and (3B).</p></td></tr><tr><td colspan="1" rowspan="1"><p/></td><td colspan="1" rowspan="1"><p/></td><td colspan="1" rowspan="1"><p>Sections 154A and 154B.</p></td></tr><tr><td colspan="1" rowspan="1"><p/></td><td colspan="1" rowspan="1"><p/></td><td colspan="1" rowspan="1"><p>Sections 155(1) and 156(1).</p></td></tr><tr><td colspan="1" rowspan="1"><p/></td><td colspan="1" rowspan="1"><p/></td><td colspan="1" rowspan="1"><p>Section 159.</p></td></tr><tr><td colspan="1" rowspan="1"><p/></td><td colspan="1" rowspan="1"><p/></td><td colspan="1" rowspan="1"><p>Section 161.</p></td></tr><tr><td colspan="1" rowspan="1"><p/></td><td colspan="1" rowspan="1"><p/></td><td colspan="1" rowspan="1"><p>In section 163, subsection (1), in subsection (2), the words “as aforesaid” and subsection (3).</p></td></tr><tr><td colspan="1" rowspan="1"><p/></td><td colspan="1" rowspan="1"><p/></td><td colspan="1" rowspan="1"><p>In section 166, subsection (1) and, in subsection (2), paragraphs (a), (e) and (f).</p></td></tr><tr><td colspan="1" rowspan="1"><p/></td><td colspan="1" rowspan="1"><p/></td><td colspan="1" rowspan="1"><p>Section 168.</p></td></tr><tr><td colspan="1" rowspan="1"><p/></td><td colspan="1" rowspan="1"><p/></td><td colspan="1" rowspan="1"><p>Section 170A(5)(a).</p></td></tr><tr><td colspan="1" rowspan="1"><p/></td><td colspan="1" rowspan="1"><p/></td><td colspan="1" rowspan="1"><p>In section 170B(2), the words “or water development boards” where they first occur.</p></td></tr><tr><td colspan="1" rowspan="1"><p/></td><td colspan="1" rowspan="1"><p/></td><td colspan="1" rowspan="1"><p>Section 171(1) and (2).</p></td></tr><tr><td colspan="1" rowspan="1"><p/></td><td colspan="1" rowspan="1"><p/></td><td colspan="1" rowspan="1"><p>Section 173.</p></td></tr><tr><td colspan="1" rowspan="1"><p/></td><td colspan="1" rowspan="1"><p/></td><td colspan="1" rowspan="1"><p>Section 174.</p></td></tr><tr><td colspan="1" rowspan="1"><p/></td><td colspan="1" rowspan="1"><p/></td><td colspan="1" rowspan="1"><p>Section 176.</p></td></tr><tr><td colspan="1" rowspan="1"><p/></td><td colspan="1" rowspan="1"><p/></td><td colspan="1" rowspan="1"><p>Section 177.</p></td></tr><tr><td colspan="1" rowspan="1"><p/></td><td colspan="1" rowspan="1"><p/></td><td colspan="1" rowspan="1"><p>Section 179.</p></td></tr><tr><td colspan="1" rowspan="1"><p/></td><td colspan="1" rowspan="1"><p/></td><td colspan="1" rowspan="1"><p>Section 181.</p></td></tr><tr><td colspan="1" rowspan="1"><p/></td><td colspan="1" rowspan="1"><p/></td><td colspan="1" rowspan="1"><p>Section 182.</p></td></tr><tr><td colspan="1" rowspan="1"><p/></td><td colspan="1" rowspan="1"><p/></td><td colspan="1" rowspan="1"><p>Section 183.</p></td></tr><tr><td colspan="1" rowspan="1"><p/></td><td colspan="1" rowspan="1"><p/></td><td colspan="1" rowspan="1"><p>In section 202, in subsection (1), the words “Subject to subsection (1A) below”; and subsections (1A) and (13).</p></td></tr><tr><td colspan="1" rowspan="1"><p/></td><td colspan="1" rowspan="1"><p/></td><td colspan="1" rowspan="1"><p>In section 215, subsections (3) to (7).</p></td></tr><tr><td colspan="1" rowspan="1"><p/></td><td colspan="1" rowspan="1"><p/></td><td colspan="1" rowspan="1"><p>Sections 222 to 224.</p></td></tr><tr><td colspan="1" rowspan="1"><p/></td><td colspan="1" rowspan="1"><p/></td><td colspan="1" rowspan="1"><p>Section 226.</p></td></tr><tr><td colspan="1" rowspan="1"><p/></td><td colspan="1" rowspan="1"><p/></td><td colspan="1" rowspan="1"><p>Section 230.</p></td></tr><tr><td colspan="1" rowspan="1"><p/></td><td colspan="1" rowspan="1"><p/></td><td colspan="1" rowspan="1"><p>In section 235(1), the definitions of “area”, “college council”, “school council”, “education committee” and “water authority”.</p></td></tr><tr><td colspan="1" rowspan="1"><p/></td><td colspan="1" rowspan="1"><p/></td><td colspan="1" rowspan="1"><p>In section 236(2), the words “Subject to section 74(3) of this Act and to section 20 of the Water (Scotland) Act 1980,”; and paragraph (e).</p></td></tr><tr><td colspan="1" rowspan="1"><p/></td><td colspan="1" rowspan="1"><p/></td><td colspan="1" rowspan="1"><p>Schedules 1 and 2.</p></td></tr><tr><td colspan="1" rowspan="1"><p/></td><td colspan="1" rowspan="1"><p/></td><td colspan="1" rowspan="1"><p>In Schedule 6, in paragraph 2, the letter “(a)”.</p></td></tr><tr><td colspan="1" rowspan="1"><p/></td><td colspan="1" rowspan="1"><p/></td><td colspan="1" rowspan="1"><p>In Schedule 9, paragraph 53.</p></td></tr><tr><td colspan="1" rowspan="1"><p/></td><td colspan="1" rowspan="1"><p/></td><td colspan="1" rowspan="1"><p>Schedule 10.</p></td></tr><tr><td colspan="1" rowspan="1"><p/></td><td colspan="1" rowspan="1"><p/></td><td colspan="1" rowspan="1"><p>Schedules 13 and 14.</p></td></tr><tr><td colspan="1" rowspan="1"><p/></td><td colspan="1" rowspan="1"><p/></td><td colspan="1" rowspan="1"><p>In Schedule 17, in paragraph 1(1)(a), the words “or to a constituent board” and “or to a constituent water authority”; and paragraph 2.</p></td></tr><tr><td colspan="1" rowspan="1"><p/></td><td colspan="1" rowspan="1"><p/></td><td colspan="1" rowspan="1"><p>Schedule 20.</p></td></tr><tr><td colspan="1" rowspan="1"><p/></td><td colspan="1" rowspan="1"><p/></td><td colspan="1" rowspan="1"><p>Schedule 22.</p></td></tr><tr><td colspan="1" rowspan="1"><p/></td><td colspan="1" rowspan="1"><p/></td><td colspan="1" rowspan="1"><p>In Part II of Schedule 27, paragraphs 159, 180 and 182.</p></td></tr><tr><td colspan="1" rowspan="1"><p><ref href="http://www.legislation.gov.uk/id/ukpga/1974/40">1974 c. 40</ref>.</p></td><td colspan="1" rowspan="1"><p>The Control of Pollution Act 1974.</p></td><td colspan="1" rowspan="1"><p>Section 106(3).</p></td></tr><tr><td colspan="1" rowspan="1"><p><ref href="http://www.legislation.gov.uk/id/ukpga/1975/20">1975 c. 20</ref>.</p></td><td colspan="1" rowspan="1"><p>The District Courts (Scotland) Act 1975.</p></td><td colspan="1" rowspan="1"><p>Section 7(3).</p></td></tr><tr><td colspan="1" rowspan="1"><p/></td><td colspan="1" rowspan="1"><p/></td><td colspan="1" rowspan="1"><p>Section 18(3).</p></td></tr><tr><td colspan="1" rowspan="1"><p><ref href="http://www.legislation.gov.uk/id/ukpga/1975/24">1975 c. 24</ref>.</p></td><td colspan="1" rowspan="1"><p>The House of Commons Disqualification Act 1975.</p></td><td colspan="1" rowspan="1"><p>In Schedule 1, in Part IV, the entry relating to Her Majesty’s Lord-Lieutenant or Lieutenant for an islands area in Scotland and, in the entry relating to Her Majesty’s Lord-Lieutenant for the district of the city of Aberdeen, Dundee, Edinburgh, or Glasgow, the words “the district of”.</p></td></tr><tr><td colspan="1" rowspan="1"><p><ref href="http://www.legislation.gov.uk/id/ukpga/1975/30">1975 c. 30</ref>.</p></td><td colspan="1" rowspan="1"><p>The Local Government (Scotland) Act 1975.</p></td><td colspan="1" rowspan="1"><p>In section 1, in subsection (3)(b), the words “, after consultation with the Advisory Council,”, subsection (3)(c), and subsection (7).</p></td></tr><tr><td colspan="1" rowspan="1"><p/></td><td colspan="1" rowspan="1"><p/></td><td colspan="1" rowspan="1"><p>Section 4.</p></td></tr><tr><td colspan="1" rowspan="1"><p/></td><td colspan="1" rowspan="1"><p/></td><td colspan="1" rowspan="1"><p>Section 6(1A).</p></td></tr><tr><td colspan="1" rowspan="1"><p/></td><td colspan="1" rowspan="1"><p/></td><td colspan="1" rowspan="1"><p>In section 7(1A), the words “and, in the case of the non-domestic water rate, the net annual value and the apportioned net annual value of part residential subjects”.</p></td></tr><tr><td colspan="1" rowspan="1"><p/></td><td colspan="1" rowspan="1"><p/></td><td colspan="1" rowspan="1"><p>Section 13.</p></td></tr><tr><td colspan="1" rowspan="1"><p/></td><td colspan="1" rowspan="1"><p/></td><td colspan="1" rowspan="1"><p>In section 16, the words “, water development boards”.</p></td></tr><tr><td colspan="1" rowspan="1"><p/></td><td colspan="1" rowspan="1"><p/></td><td colspan="1" rowspan="1"><p>In section 23, subsections (1)(c) and (d) and (2)(c).</p></td></tr><tr><td colspan="1" rowspan="1"><p/></td><td colspan="1" rowspan="1"><p/></td><td colspan="1" rowspan="1"><p>In section 29A, in subsection (3)(a), the words from “or under” to “committees”.</p></td></tr><tr><td colspan="1" rowspan="1"><p/></td><td colspan="1" rowspan="1"><p/></td><td colspan="1" rowspan="1"><p>In Schedule 3, paragraph 1(4); in paragraph 22, in sub-paragraph (2), the words from “(a)” to “or”, where it occurs immediately following sub-paragraph (b); and in paragraph 28(1) the words “paragraph 1(4) above and” and “, a water development board”.</p></td></tr><tr><td colspan="1" rowspan="1"><p/></td><td colspan="1" rowspan="1"><p/></td><td colspan="1" rowspan="1"><p>In Part II of Schedule 6, paragraphs 23 and 53.</p></td></tr><tr><td colspan="1" rowspan="1"><p><ref href="http://www.legislation.gov.uk/id/ukpga/1975/72">1975 c. 72</ref>.</p></td><td colspan="1" rowspan="1"><p>The Children Act 1975.</p></td><td colspan="1" rowspan="1"><p>In section 99(1), the word “or” immediately preceding paragraph (e).</p></td></tr><tr><td colspan="1" rowspan="1"><p><ref href="http://www.legislation.gov.uk/id/ukpga/1976/66">1976 c. 66</ref>.</p></td><td colspan="1" rowspan="1"><p>The Licensing (Scotland) Act 1976.</p></td><td colspan="1" rowspan="1"><p>In section 1, subsection (3), in subsection (4), the words “district or islands” and, in subsection (5), the words “or electoral division”.</p></td></tr><tr><td colspan="1" rowspan="1"><p/></td><td colspan="1" rowspan="1"><p/></td><td colspan="1" rowspan="1"><p>In section 3(2), the words “of the district or islands area”.</p></td></tr><tr><td colspan="1" rowspan="1"><p/></td><td colspan="1" rowspan="1"><p/></td><td colspan="1" rowspan="1"><p>In section 5(8), the words “district or islands”.</p></td></tr><tr><td colspan="1" rowspan="1"><p/></td><td colspan="1" rowspan="1"><p/></td><td colspan="1" rowspan="1"><p>In section 7, in subsection (1), the words “district and islands” and subsection (2).</p></td></tr><tr><td colspan="1" rowspan="1"><p><ref href="http://www.legislation.gov.uk/id/ukpga/1976/71">1976 c. 71</ref>.</p></td><td colspan="1" rowspan="1"><p>The Supplementary Benefits Act 1976.</p></td><td colspan="1" rowspan="1"><p>In Schedule 5, in paragraph 2(2), the words “and of”, “, regions, islands areas” and “and”, where it thirdly occurs, and, in paragraph 4(2), the words, “, a region, an islands area” and “or”, where it secondly occurs.</p></td></tr><tr><td colspan="1" rowspan="1"><p><ref href="http://www.legislation.gov.uk/id/ukpga/1978/29">1978 c. 29</ref>.</p></td><td colspan="1" rowspan="1"><p>The National Health Service (Scotland) Act 1978.</p></td><td colspan="1" rowspan="1"><p>In section 16A(1), in paragraph (b), the words “of a regional or islands council's”, in paragraph (c), the words “of a district or islands council's” and, in paragraph (d), the words “of a regional or islands council's”.</p></td></tr><tr><td colspan="1" rowspan="1"><p><ref href="http://www.legislation.gov.uk/id/ukpga/1978/50">1978 c. 50</ref>.</p></td><td colspan="1" rowspan="1"><p>The Inner Urban Areas Act 1978.</p></td><td colspan="1" rowspan="1"><p>In section 1(2), the words “or region”.</p></td></tr><tr><td colspan="1" rowspan="1"><p/></td><td colspan="1" rowspan="1"><p/></td><td colspan="1" rowspan="1"><p>In section 2(1), the words “or region”, in both places where they occur.</p></td></tr><tr><td colspan="1" rowspan="1"><p/></td><td colspan="1" rowspan="1"><p/></td><td colspan="1" rowspan="1"><p>In section 7(1)(a), the words “or region”.</p></td></tr><tr><td colspan="1" rowspan="1"><p><ref href="http://www.legislation.gov.uk/id/ukpga/1980/9">1980 c. 9</ref>.</p></td><td colspan="1" rowspan="1"><p>The Reserve Forces Act 1980.</p></td><td colspan="1" rowspan="1"><p>In section 131, in subsection (2), the words “the district of”, subsections (3) and (4) and, in subsection (5), the words “the districts of”.</p></td></tr><tr><td colspan="1" rowspan="1"><p><ref href="http://www.legislation.gov.uk/id/ukpga/1980/44">1980 c. 44</ref>.</p></td><td colspan="1" rowspan="1"><p>The Education (Scotland) Act 1980.</p></td><td colspan="1" rowspan="1"><p>In section 4, the words “regional or island authority”.</p></td></tr><tr><td colspan="1" rowspan="1"><p/></td><td colspan="1" rowspan="1"><p/></td><td colspan="1" rowspan="1"><p>In section 6, in subsection (2), the letter “(a)” and paragraph (b) and subsection (3).</p></td></tr><tr><td colspan="1" rowspan="1"><p/></td><td colspan="1" rowspan="1"><p/></td><td colspan="1" rowspan="1"><p>Section 78.</p></td></tr><tr><td colspan="1" rowspan="1"><p/></td><td colspan="1" rowspan="1"><p/></td><td colspan="1" rowspan="1"><p>In section 86, in paragraph (a), the words from “or” to “authority”, where thirdly occurring and in paragraph (e), the words “or by the director of education”.</p></td></tr><tr><td colspan="1" rowspan="1"><p><ref href="http://www.legislation.gov.uk/id/ukpga/1980/45">1980 c. 45</ref>.</p></td><td colspan="1" rowspan="1"><p>The Water (Scotland) Act 1980.</p></td><td colspan="1" rowspan="1"><p>Sections 3 to 5.</p></td></tr><tr><td colspan="1" rowspan="1"><p/></td><td colspan="1" rowspan="1"><p/></td><td colspan="1" rowspan="1"><p>In section 10, in subsection (1), the words “or water development board”; in subsection (1A) the words “onto agricultural land or forestry land” and “or as the case may be water development board's”; and subsection (6).</p></td></tr><tr><td colspan="1" rowspan="1"><p/></td><td colspan="1" rowspan="1"><p/></td><td colspan="1" rowspan="1"><p>In section 11, in subsection (1), in paragraph (a), the words “or a water development board” and in paragraph (b) the words “or board”; in subsection (2), the words “or board”; in subsection (3), the words “or board” wherever they occur; in subsection (4), the words “or board” wherever they occur and “or “the transferee board””; and in subsections (5) to (7), the words “or board” wherever they occur.</p></td></tr><tr><td colspan="1" rowspan="1"><p/></td><td colspan="1" rowspan="1"><p/></td><td colspan="1" rowspan="1"><p>In section 13, in subsection (1), the words “or water development board”, in both places where they occur, “or board”, in both places where they occur and “or area”; in subsection (2), the words “or water development board”, “or board” wherever they occur, “or area” and “or boards”; in subsection (3), the words “or water development board” and “or area, as the case may be”; and in subsection (6), the words “or water development board”.</p></td></tr><tr><td colspan="1" rowspan="1"><p/></td><td colspan="1" rowspan="1"><p/></td><td colspan="1" rowspan="1"><p>Section 15.</p></td></tr><tr><td colspan="1" rowspan="1"><p/></td><td colspan="1" rowspan="1"><p/></td><td colspan="1" rowspan="1"><p>In section 16, in subsection (1), the words “or water development board”; and in each of subsections (2), (3) and (8), the words “or board” wherever they occur.</p></td></tr><tr><td colspan="1" rowspan="1"><p/></td><td colspan="1" rowspan="1"><p/></td><td colspan="1" rowspan="1"><p>In section 17, in subsection (1), the words “or water development board”; in subsection (2), the words “or water development board” and “or board”; in subsection (3), the words “or water development board” and, in both places where they occur, “or board”; and in subsection (4), the words “or water development board”.</p></td></tr><tr><td colspan="1" rowspan="1"><p/></td><td colspan="1" rowspan="1"><p/></td><td colspan="1" rowspan="1"><p>In section 18, the words “or board” in both places where they occur.</p></td></tr><tr><td colspan="1" rowspan="1"><p/></td><td colspan="1" rowspan="1"><p/></td><td colspan="1" rowspan="1"><p>Section 20.</p></td></tr><tr><td colspan="1" rowspan="1"><p/></td><td colspan="1" rowspan="1"><p/></td><td colspan="1" rowspan="1"><p>In section 22, the words “or water development board”.</p></td></tr><tr><td colspan="1" rowspan="1"><p/></td><td colspan="1" rowspan="1"><p/></td><td colspan="1" rowspan="1"><p>In section 23, in subsection (1), the words “or water development board”; in subsection (2), the words “or board”; and in subsection (3), the words “or water development board”.</p></td></tr><tr><td colspan="1" rowspan="1"><p/></td><td colspan="1" rowspan="1"><p/></td><td colspan="1" rowspan="1"><p>In section 25(2), the words “or district”, where they secondly occur.</p></td></tr><tr><td colspan="1" rowspan="1"><p/></td><td colspan="1" rowspan="1"><p/></td><td colspan="1" rowspan="1"><p>In section 27(1), the words “or district”, where they secondly occur.</p></td></tr><tr><td colspan="1" rowspan="1"><p/></td><td colspan="1" rowspan="1"><p/></td><td colspan="1" rowspan="1"><p>In section 28, in subsection (1), the words “or a water development board”; and in subsection (2), the words “or water development board”.</p></td></tr><tr><td colspan="1" rowspan="1"><p/></td><td colspan="1" rowspan="1"><p/></td><td colspan="1" rowspan="1"><p>In section 29, in subsection (2), the words “or water development board”; and in subsection (3), the words “or board”.</p></td></tr><tr><td colspan="1" rowspan="1"><p/></td><td colspan="1" rowspan="1"><p/></td><td colspan="1" rowspan="1"><p>Section 30.</p></td></tr><tr><td colspan="1" rowspan="1"><p/></td><td colspan="1" rowspan="1"><p/></td><td colspan="1" rowspan="1"><p>In section 32, in subsection (1)(b), the words “subject to subsection (2),”; and subsection (2).</p></td></tr><tr><td colspan="1" rowspan="1"><p/></td><td colspan="1" rowspan="1"><p/></td><td colspan="1" rowspan="1"><p>In section 33, in subsection (1), the words “or water development board”, “or their area, as the case may be” and “or board”; in subsection (3), the words “or water development board” in both places where they occur; and in each of subsections (4), (6)(b), (7), (8), (9) and (11), the words “or board” wherever they occur.</p></td></tr><tr><td colspan="1" rowspan="1"><p/></td><td colspan="1" rowspan="1"><p/></td><td colspan="1" rowspan="1"><p>Section 35(4).</p></td></tr><tr><td colspan="1" rowspan="1"><p/></td><td colspan="1" rowspan="1"><p/></td><td colspan="1" rowspan="1"><p>In section 38(1), the words “or water development board” and, in each of paragraphs (a), (c) and (d), “or board”.</p></td></tr><tr><td colspan="1" rowspan="1"><p/></td><td colspan="1" rowspan="1"><p/></td><td colspan="1" rowspan="1"><p>Sections 40 and 41.</p></td></tr><tr><td colspan="1" rowspan="1"><p/></td><td colspan="1" rowspan="1"><p/></td><td colspan="1" rowspan="1"><p>Sections 42 to 46.</p></td></tr><tr><td colspan="1" rowspan="1"><p/></td><td colspan="1" rowspan="1"><p/></td><td colspan="1" rowspan="1"><p>In section 47(3), the word “and” where it first occurs.</p></td></tr><tr><td colspan="1" rowspan="1"><p/></td><td colspan="1" rowspan="1"><p/></td><td colspan="1" rowspan="1"><p>Sections 48 and 49.</p></td></tr><tr><td colspan="1" rowspan="1"><p/></td><td colspan="1" rowspan="1"><p/></td><td colspan="1" rowspan="1"><p>In section 54, subsection (2); and in subsection (3)(b), the words from “and in the case” to the end.</p></td></tr><tr><td colspan="1" rowspan="1"><p/></td><td colspan="1" rowspan="1"><p/></td><td colspan="1" rowspan="1"><p>In section 58, in subsection (6), the words “or the district of a district council” and “or by that district council”; and subsection (8).</p></td></tr><tr><td colspan="1" rowspan="1"><p/></td><td colspan="1" rowspan="1"><p/></td><td colspan="1" rowspan="1"><p>Sections 60 and 61.</p></td></tr><tr><td colspan="1" rowspan="1"><p/></td><td colspan="1" rowspan="1"><p/></td><td colspan="1" rowspan="1"><p>Section 63(6).</p></td></tr><tr><td colspan="1" rowspan="1"><p/></td><td colspan="1" rowspan="1"><p/></td><td colspan="1" rowspan="1"><p>In section 68, in subsection (1), the words “or water development board” and “or board”; in the proviso to that subsection the words “or board”; and subsection (3).</p></td></tr><tr><td colspan="1" rowspan="1"><p/></td><td colspan="1" rowspan="1"><p/></td><td colspan="1" rowspan="1"><p>In section 70, in subsection (1), the words “or water development board”; in subsection (2), the words “or board”; in subsection (4), the words “or water development board”; and in the proviso to subsection (4), the words “, or as the case may be the Board,”.</p></td></tr><tr><td colspan="1" rowspan="1"><p/></td><td colspan="1" rowspan="1"><p/></td><td colspan="1" rowspan="1"><p>In section 71, in subsection (1), the words “or water development board”; in subsection (5), the words “or board” and, where they secondly occur, “or boards”; and in subsection (6) the words “or boards”.</p></td></tr><tr><td colspan="1" rowspan="1"><p/></td><td colspan="1" rowspan="1"><p/></td><td colspan="1" rowspan="1"><p>In section 72(2), the words “and water development board”.</p></td></tr><tr><td colspan="1" rowspan="1"><p/></td><td colspan="1" rowspan="1"><p/></td><td colspan="1" rowspan="1"><p>In section 73, in subsection (1), the words “or water development board” and “or board”; and in each of subsections (2) and (3), the words “or board” wherever they occur.</p></td></tr><tr><td colspan="1" rowspan="1"><p/></td><td colspan="1" rowspan="1"><p/></td><td colspan="1" rowspan="1"><p>In section 76, in subsection (1), the words “or water development board” and “or board”; in subsection (2), the words “or water development board” and (wherever they occur, both in the subsection and in its proviso) “or board”; in subsection (3), the words “or water development board”; “or their area” and “or board”; and in the proviso to subsection (3), the words “or board”; and “or the area of that board”.</p></td></tr><tr><td colspan="1" rowspan="1"><p/></td><td colspan="1" rowspan="1"><p/></td><td colspan="1" rowspan="1"><p>In section 76L(1), the definition of “local authority”.</p></td></tr><tr><td colspan="1" rowspan="1"><p/></td><td colspan="1" rowspan="1"><p/></td><td colspan="1" rowspan="1"><p>Sections 80 to 92.</p></td></tr><tr><td colspan="1" rowspan="1"><p/></td><td colspan="1" rowspan="1"><p/></td><td colspan="1" rowspan="1"><p>In section 103, the words “or water development board” in both places where they occur.</p></td></tr><tr><td colspan="1" rowspan="1"><p/></td><td colspan="1" rowspan="1"><p/></td><td colspan="1" rowspan="1"><p>In section 107, in subsection (1)(b), the words “or a water development board” and “or board”; and in subsection (5), the words “or a water development board”.</p></td></tr><tr><td colspan="1" rowspan="1"><p/></td><td colspan="1" rowspan="1"><p/></td><td colspan="1" rowspan="1"><p>In section 109, in subsection (1), the definitions of “the 1992 Act”, “apportionment scheme”, “apportionment note”; “Central Board”, “constituent water authority”, “contributing authority”, “council water charge”, “net annual value” and “part residential subjects”; and in subsection (3), the words “and water development board”.</p></td></tr><tr><td colspan="1" rowspan="1"><p/></td><td colspan="1" rowspan="1"><p/></td><td colspan="1" rowspan="1"><p>In Schedule 1, in paragraph 3, the words “and the area of the water development board”; in paragraph 11, the words “where the river purification authority are not the same authority as the water authority”; in paragraph 12, the words “and the area of the board”; in paragraph 13, the words “not exceeding 10 pence”; in paragraph 14, the words “or board”; in paragraph 17, the words “or board” and “or boards”; in paragraph 19, the words “or water development board” in both places where they occur and “or area”; in paragraph 20, the words “or water development board”; in paragraph 23, the words “or board” and “or boards”; in each of paragraphs 24, 26 and 27, the words “or water development board”; in paragraph 30, the words “or water development board” and “or board”; and in paragraph 31, the words “or board” in both places where they occur.</p></td></tr><tr><td colspan="1" rowspan="1"><p/></td><td colspan="1" rowspan="1"><p/></td><td colspan="1" rowspan="1"><p>In Schedule 2, in each of paragraphs 4 and 6, the words “or water development board” wherever they occur.</p></td></tr><tr><td colspan="1" rowspan="1"><p/></td><td colspan="1" rowspan="1"><p/></td><td colspan="1" rowspan="1"><p>In Schedule 3, in paragraph 1, the words “and water development board”, “within their limits of supply or area” and from “and outside” to “removing mains” where they secondly occur; in paragraph 2(2), the words “or board” in both places where they occur; in paragraph 4(1), the words “within their limits of supply” and “within the said limits”; in paragraph 5, the words “within the limits of supply”; and paragraph 8.</p></td></tr><tr><td colspan="1" rowspan="1"><p/></td><td colspan="1" rowspan="1"><p/></td><td colspan="1" rowspan="1"><p>Schedules 7 and 8.</p></td></tr><tr><td colspan="1" rowspan="1"><p/></td><td colspan="1" rowspan="1"><p/></td><td colspan="1" rowspan="1"><p>In Schedule 10, Part II in so far as relating to the Local Government (Scotland) Act 1973.</p></td></tr><tr><td colspan="1" rowspan="1"><p><ref href="http://www.legislation.gov.uk/id/ukpga/1980/65">1980 c. 65</ref>.</p></td><td colspan="1" rowspan="1"><p>The Local Government, Planning and Land Act 1980.</p></td><td colspan="1" rowspan="1"><p>In section 8(1)(b), the words “(ii) a water authority; or”.</p></td></tr><tr><td colspan="1" rowspan="1"><p/></td><td colspan="1" rowspan="1"><p/></td><td colspan="1" rowspan="1"><p>In section 20, in subsection (1), in the definition of “development body”, sub-paragraph (i) of paragraph (b); and subsection (2A).</p></td></tr><tr><td colspan="1" rowspan="1"><p/></td><td colspan="1" rowspan="1"><p/></td><td colspan="1" rowspan="1"><p>In section 87(2), the word “(a)” and paragraph (b).</p></td></tr><tr><td colspan="1" rowspan="1"><p/></td><td colspan="1" rowspan="1"><p/></td><td colspan="1" rowspan="1"><p>In section 148(2), the words “exercising district planning functions”.</p></td></tr><tr><td colspan="1" rowspan="1"><p/></td><td colspan="1" rowspan="1"><p/></td><td colspan="1" rowspan="1"><p>In Schedule 32, in paragraph 33, in sub-paragraph (4), the definition of “rates”.</p></td></tr><tr><td colspan="1" rowspan="1"><p><ref href="http://www.legislation.gov.uk/id/ukpga/1981/23">1981 c. 23</ref>.</p></td><td colspan="1" rowspan="1"><p>The Local Government (Miscellaneous Provisions) (Scotland) Act 1981.</p></td><td colspan="1" rowspan="1"><p>Section 11.</p></td></tr><tr><td colspan="1" rowspan="1"><p/></td><td colspan="1" rowspan="1"><p/></td><td colspan="1" rowspan="1"><p>In Schedule 3, paragraphs 24, 28 and 38.</p></td></tr><tr><td colspan="1" rowspan="1"><p><ref href="http://www.legislation.gov.uk/id/ukpga/1982/16">1982 c. 16</ref>.</p></td><td colspan="1" rowspan="1"><p>The Civil Aviation Act 1982.</p></td><td colspan="1" rowspan="1"><p>In section 30, in subsection (1), the words “, other than a district council in Scotland,” and the words from “and a” to “above” and, in subsection (2), the words “, other than a district council in Scotland,” and, in section 88(10), the words “, other than a district council in Scotland,”.</p></td></tr><tr><td colspan="1" rowspan="1"><p><ref href="http://www.legislation.gov.uk/id/ukpga/1982/43">1982 c. 43</ref>.</p></td><td colspan="1" rowspan="1"><p>The Local Government and Planning (Scotland) Act 1982.</p></td><td colspan="1" rowspan="1"><p>Sections 6 and 7.</p></td></tr><tr><td colspan="1" rowspan="1"><p/></td><td colspan="1" rowspan="1"><p/></td><td colspan="1" rowspan="1"><p>In section 14(2), the words “regional or islands council as”.</p></td></tr><tr><td colspan="1" rowspan="1"><p/></td><td colspan="1" rowspan="1"><p/></td><td colspan="1" rowspan="1"><p>In section 27(4), the words from “Without” to “Act”.</p></td></tr><tr><td colspan="1" rowspan="1"><p/></td><td colspan="1" rowspan="1"><p/></td><td colspan="1" rowspan="1"><p>Sections 33 and 34.</p></td></tr><tr><td colspan="1" rowspan="1"><p/></td><td colspan="1" rowspan="1"><p/></td><td colspan="1" rowspan="1"><p>In section 50, paragraph (c).</p></td></tr><tr><td colspan="1" rowspan="1"><p/></td><td colspan="1" rowspan="1"><p/></td><td colspan="1" rowspan="1"><p>Section 56.</p></td></tr><tr><td colspan="1" rowspan="1"><p/></td><td colspan="1" rowspan="1"><p/></td><td colspan="1" rowspan="1"><p>In Schedule 1, Part I.</p></td></tr><tr><td colspan="1" rowspan="1"><p/></td><td colspan="1" rowspan="1"><p/></td><td colspan="1" rowspan="1"><p>In Schedule 3, paragraph 16.</p></td></tr><tr><td colspan="1" rowspan="1"><p><ref href="http://www.legislation.gov.uk/id/ukpga/1982/45">1982 c. 45</ref>.</p></td><td colspan="1" rowspan="1"><p>The Civic Government (Scotland) Act 1982.</p></td><td colspan="1" rowspan="1"><p>Section 87(6).</p></td></tr><tr><td colspan="1" rowspan="1"><p/></td><td colspan="1" rowspan="1"><p/></td><td colspan="1" rowspan="1"><p>Section 89(10).</p></td></tr><tr><td colspan="1" rowspan="1"><p/></td><td colspan="1" rowspan="1"><p/></td><td colspan="1" rowspan="1"><p>In section 122(2)(b), sub-paragraph (iii) and the word “and” immediately preceding it.</p></td></tr><tr><td colspan="1" rowspan="1"><p><ref href="http://www.legislation.gov.uk/id/ukpga/1983/2">1983 c. 2</ref>.</p></td><td colspan="1" rowspan="1"><p>The Representation of the People Act 1983.</p></td><td colspan="1" rowspan="1"><p>In section 18, in subsection (5), the words “any interested authority or”, “(or in Scotland, the returning officer)”, “or returning officer” in both places where they occur and, in the definition of “interested authority”, sub-paragraph (iii) and, in subsection (6), the words “or returning officer”.</p></td></tr><tr><td colspan="1" rowspan="1"><p/></td><td colspan="1" rowspan="1"><p/></td><td colspan="1" rowspan="1"><p>Section 25(3).</p></td></tr><tr><td colspan="1" rowspan="1"><p/></td><td colspan="1" rowspan="1"><p/></td><td colspan="1" rowspan="1"><p>In section 31(2), the words from “and for” to “polling district”, where it secondly occurs.</p></td></tr><tr><td colspan="1" rowspan="1"><p/></td><td colspan="1" rowspan="1"><p/></td><td colspan="1" rowspan="1"><p>In section 204(1), in the definition of “electoral area”, the words “division or”.</p></td></tr><tr><td colspan="1" rowspan="1"><p><ref href="http://www.legislation.gov.uk/id/ukpga/1984/27">1984 c. 27</ref>.</p></td><td colspan="1" rowspan="1"><p>The Road Traffic Regulation Act 1984.</p></td><td colspan="1" rowspan="1"><p>In section 26(4), paragraph (b) and the word “and” immediately preceding it.</p></td></tr><tr><td colspan="1" rowspan="1"><p/></td><td colspan="1" rowspan="1"><p/></td><td colspan="1" rowspan="1"><p>In section 26(5), paragraph (b) and the word “or” immediately preceding it and the words “or, in Scotland, the district council,”.</p></td></tr><tr><td colspan="1" rowspan="1"><p><ref href="http://www.legislation.gov.uk/id/ukpga/1984/54">1984 c. 54</ref>.</p></td><td colspan="1" rowspan="1"><p>The Roads (Scotland) Act 1984.</p></td><td colspan="1" rowspan="1"><p>In section 4(1), the words “or, in relation to cleansing, with a district council,” and the words “or council”.</p></td></tr><tr><td colspan="1" rowspan="1"><p/></td><td colspan="1" rowspan="1"><p/></td><td colspan="1" rowspan="1"><p>In section 95(2), the words “or by the district council”.</p></td></tr><tr><td colspan="1" rowspan="1"><p/></td><td colspan="1" rowspan="1"><p/></td><td colspan="1" rowspan="1"><p>In Schedule 9, paragraphs 27(3)(a) and 64(5)(c).</p></td></tr><tr><td colspan="1" rowspan="1"><p><ref href="http://www.legislation.gov.uk/id/ukpga/1985/63">1985 c. 63</ref>.</p></td><td colspan="1" rowspan="1"><p>The Water (Fluoridation) Act 1985.</p></td><td colspan="1" rowspan="1"><p>Section 3.</p></td></tr><tr><td colspan="1" rowspan="1"><p/></td><td colspan="1" rowspan="1"><p/></td><td colspan="1" rowspan="1"><p>In section 4, in subsection (6), the words “or to terminate a preserved scheme”; and in subsection (7), the words “or terminate a preserved scheme”.</p></td></tr><tr><td colspan="1" rowspan="1"><p><ref href="http://www.legislation.gov.uk/id/ukpga/1985/69">1985 c. 69</ref>.</p></td><td colspan="1" rowspan="1"><p>The Housing Associations Act 1985.</p></td><td colspan="1" rowspan="1"><p>In section 59, in subsections (1) and (2), the words “or regional council”, wherever they appear.</p></td></tr><tr><td colspan="1" rowspan="1"><p><ref href="http://www.legislation.gov.uk/id/ukpga/1986/33">1986 c. 33</ref>.</p></td><td colspan="1" rowspan="1"><p>The Disabled Persons (Services, Consultation and Representation) Act 1986.</p></td><td colspan="1" rowspan="1"><p>In section 16, in the definition of “local authority”, in paragraph (b), the words “, as read with section 2,”.</p></td></tr><tr><td colspan="1" rowspan="1"><p><ref href="http://www.legislation.gov.uk/id/ukpga/1987/26">1987 c. 26</ref>.</p></td><td colspan="1" rowspan="1"><p>The Housing (Scotland) Act 1987.</p></td><td colspan="1" rowspan="1"><p>In section 61(11)(a), the words “council or”, where first occurring.</p></td></tr><tr><td colspan="1" rowspan="1"><p/></td><td colspan="1" rowspan="1"><p/></td><td colspan="1" rowspan="1"><p>In section 212(4)(e), the words “or a water development board”.</p></td></tr><tr><td colspan="1" rowspan="1"><p/></td><td colspan="1" rowspan="1"><p/></td><td colspan="1" rowspan="1"><p>Section 235.</p></td></tr><tr><td colspan="1" rowspan="1"><p/></td><td colspan="1" rowspan="1"><p/></td><td colspan="1" rowspan="1"><p>In Schedule 15, in paragraph 2(1), head (f).</p></td></tr><tr><td colspan="1" rowspan="1"><p/></td><td colspan="1" rowspan="1"><p/></td><td colspan="1" rowspan="1"><p>In Schedule 23, paragraph 23.</p></td></tr><tr><td colspan="1" rowspan="1"><p><ref href="http://www.legislation.gov.uk/id/ukpga/1989/9">1989 c. 9</ref>.</p></td><td colspan="1" rowspan="1"><p>The Local Government Act 1988.</p></td><td colspan="1" rowspan="1"><p>In section 1, in subsection (1), the words “and (k) a water development board in Scotland,”; and in subsection (3), the words “and (b) “water development board” has the same meaning as in section 109(1) of the Water (Scotland) Act 1980”.</p></td></tr><tr><td colspan="1" rowspan="1"><p/></td><td colspan="1" rowspan="1"><p/></td><td colspan="1" rowspan="1"><p>In Schedule 2, the words “A water development board in Scotland” and “, and (b) “water development board” has the same meaning as in section 109(1) of the Water (Scotland) Act 1980”.</p></td></tr><tr><td colspan="1" rowspan="1"><p><ref href="http://www.legislation.gov.uk/id/ukpga/1988/43">1988 c. 43</ref>.</p></td><td colspan="1" rowspan="1"><p>The Housing (Scotland) Act 1988.</p></td><td colspan="1" rowspan="1"><p>In section 55(1), the word “and” where it occurs immediately after the definition of “tenancy”.</p></td></tr><tr><td colspan="1" rowspan="1"><p/></td><td colspan="1" rowspan="1"><p/></td><td colspan="1" rowspan="1"><p>In section 57(1), the word “neither” and the words from “nor” to “council”, where thirdly occurring.</p></td></tr><tr><td colspan="1" rowspan="1"><p><ref href="http://www.legislation.gov.uk/id/ukpga/1988/47">1988 c. 47</ref>.</p></td><td colspan="1" rowspan="1"><p>The School Boards (Scotland) Act 1988.</p></td><td colspan="1" rowspan="1"><p>In section 22, in subsection (2), the definitions of “islands councillor” and “regional councillor”.</p></td></tr><tr><td colspan="1" rowspan="1"><p/></td><td colspan="1" rowspan="1"><p/></td><td colspan="1" rowspan="1"><p>In Schedule 2, in paragraph 5, the words “Schedule 10 to” and “and Schedule 10 to”.</p></td></tr><tr><td colspan="1" rowspan="1"><p><ref href="http://www.legislation.gov.uk/id/ukpga/1989/29">1989 c. 29</ref>.</p></td><td colspan="1" rowspan="1"><p>The Electricity Act 1989.</p></td><td colspan="1" rowspan="1"><p>In Schedule 5, in paragraph 8(a), the words “; and (iii) the water development board”; in paragraph 9, the words “and the water development board”; and in paragraph 14, the words “, or the area of any water development board,”.</p></td></tr><tr><td colspan="1" rowspan="1"><p><ref href="http://www.legislation.gov.uk/id/ukpga/1989/42">1989 c. 42</ref>.</p></td><td colspan="1" rowspan="1"><p>The Local Government and Housing Act 1989.</p></td><td colspan="1" rowspan="1"><p>In section 2(6)(a), the words “or director of education” and the words from “or section” to “1980”.</p></td></tr><tr><td colspan="1" rowspan="1"><p/></td><td colspan="1" rowspan="1"><p/></td><td colspan="1" rowspan="1"><p>In section 4(5), the words “, or Schedule 10 or 20 to,”.</p></td></tr><tr><td colspan="1" rowspan="1"><p/></td><td colspan="1" rowspan="1"><p/></td><td colspan="1" rowspan="1"><p>In section 5(5), the words “, or Schedule 10 or 20 to,”.</p></td></tr><tr><td colspan="1" rowspan="1"><p/></td><td colspan="1" rowspan="1"><p/></td><td colspan="1" rowspan="1"><p>In section 9(8)(b), the words “, or Schedule 10 or 20 to,”.</p></td></tr><tr><td colspan="1" rowspan="1"><p/></td><td colspan="1" rowspan="1"><p/></td><td colspan="1" rowspan="1"><p>In section 14, subsections (2) and (3) and, in subsection (8), paragraphs (b), (c) and (d).</p></td></tr><tr><td colspan="1" rowspan="1"><p/></td><td colspan="1" rowspan="1"><p/></td><td colspan="1" rowspan="1"><p>In section 155(5), the letter “(d)”.</p></td></tr><tr><td colspan="1" rowspan="1"><p/></td><td colspan="1" rowspan="1"><p/></td><td colspan="1" rowspan="1"><p>In Schedule 1, in paragraph 4, in sub-paragraph (1), in the definition of “ordinary committee”, in paragraph (b), the words from “the authority's” to “or” and, in sub-paragraph (2), the definition of “social work committee” and the word “and” immediately preceding it.</p></td></tr><tr><td colspan="1" rowspan="1"><p/></td><td colspan="1" rowspan="1"><p/></td><td colspan="1" rowspan="1"><p>In Schedule 6, paragraphs 16 to 19.</p></td></tr><tr><td colspan="1" rowspan="1"><p/></td><td colspan="1" rowspan="1"><p/></td><td colspan="1" rowspan="1"><p>In Schedule 11, paragraph 43.</p></td></tr><tr><td colspan="1" rowspan="1"><p><ref href="http://www.legislation.gov.uk/id/ukpga/1990/43">1990 c. 43</ref>.</p></td><td colspan="1" rowspan="1"><p>The Environmental Protection Act 1990.</p></td><td colspan="1" rowspan="1"><p>In section 53, in subsection (4), the words “(other than an islands council)”.</p></td></tr><tr><td colspan="1" rowspan="1"><p/></td><td colspan="1" rowspan="1"><p/></td><td colspan="1" rowspan="1"><p>In section 88(9), in paragraph (a), the words “, a regional council” and, in paragraph (b), the words “, regional council”.</p></td></tr><tr><td colspan="1" rowspan="1"><p/></td><td colspan="1" rowspan="1"><p/></td><td colspan="1" rowspan="1"><p>In section 90(3), the words “, regional council”.</p></td></tr><tr><td colspan="1" rowspan="1"><p/></td><td colspan="1" rowspan="1"><p/></td><td colspan="1" rowspan="1"><p>In section 92(1), the words “, regional council”.</p></td></tr><tr><td colspan="1" rowspan="1"><p/></td><td colspan="1" rowspan="1"><p/></td><td colspan="1" rowspan="1"><p>In section 93(1), the words “, regional council”.</p></td></tr><tr><td colspan="1" rowspan="1"><p/></td><td colspan="1" rowspan="1"><p/></td><td colspan="1" rowspan="1"><p>In section 95(1), the words “, regional council”.</p></td></tr><tr><td colspan="1" rowspan="1"><p><ref href="http://www.legislation.gov.uk/id/ukpga/1991/22">1991 c. 22</ref>.</p></td><td colspan="1" rowspan="1"><p>The New Roads and Street Works Act 1991.</p></td><td colspan="1" rowspan="1"><p>In section 153, in subsection (1), the words “or district council” and “or council” and, in subsection (3), the words “or council”.</p></td></tr><tr><td colspan="1" rowspan="1"><p><ref href="http://www.legislation.gov.uk/id/ukpga/1991/28">1991 c. 28</ref>.</p></td><td colspan="1" rowspan="1"><p>The Natural Heritage (Scotland) Act 1991.</p></td><td colspan="1" rowspan="1"><p>In section 22(1), in the definition of “compensation water”, the words “or water development board”.</p></td></tr><tr><td colspan="1" rowspan="1"><p/></td><td colspan="1" rowspan="1"><p/></td><td colspan="1" rowspan="1"><p>In section 24, in each of subsections (1)(a) and (9)(a), the words “or board”.</p></td></tr><tr><td colspan="1" rowspan="1"><p/></td><td colspan="1" rowspan="1"><p/></td><td colspan="1" rowspan="1"><p>In Schedule 7, in paragraph 5, in sub-paragraph (1), the words “or a water development board” and (in head (a)) “or board”, in sub-paragraph (2), the words “or water development board” and in sub-paragraph (3), the words “or water development board” and “or board”; in paragraph 6, the words from “, including” to the end; and in paragraph 7, the words “or a water development board”.</p></td></tr><tr><td colspan="1" rowspan="1"><p/></td><td colspan="1" rowspan="1"><p/></td><td colspan="1" rowspan="1"><p>In Schedule 8, in paragraph 1, in sub-paragraph (3), in the second column of the Table, in paragraph (a) of the entry relating to “All Orders”, the words “or water development board (not being the applicant)”.</p></td></tr><tr><td colspan="1" rowspan="1"><p><ref href="http://www.legislation.gov.uk/id/ukpga/1991/34">1991 c. 34</ref>.</p></td><td colspan="1" rowspan="1"><p>The Planning and Compensation Act 1991.</p></td><td colspan="1" rowspan="1"><p>In Schedule 13, paragraph 44.</p></td></tr><tr><td colspan="1" rowspan="1"><p><ref href="http://www.legislation.gov.uk/id/ukpga/1992/4">1992 c. 4</ref>.</p></td><td colspan="1" rowspan="1"><p>The Social Security Contributions and Benefits Act 1992.</p></td><td colspan="1" rowspan="1"><p>In section 137(1), the definition of “levying authority”.</p></td></tr><tr><td colspan="1" rowspan="1"><p><ref href="http://www.legislation.gov.uk/id/ukpga/1992/5">1992 c. 5</ref>.</p></td><td colspan="1" rowspan="1"><p>The Social Security Administration Act 1992.</p></td><td colspan="1" rowspan="1"><p>In section 15A(3)(d), the words “, islands council”.</p></td></tr><tr><td colspan="1" rowspan="1"><p/></td><td colspan="1" rowspan="1"><p/></td><td colspan="1" rowspan="1"><p>In section 191, the definition of “levying authority”.</p></td></tr><tr><td colspan="1" rowspan="1"><p><ref href="http://www.legislation.gov.uk/id/ukpga/1992/14">1992 c. 14</ref>.</p></td><td colspan="1" rowspan="1"><p>The Local Government Finance Act 1992.</p></td><td colspan="1" rowspan="1"><p>In section 74(1), the words “regional, islands or district”.</p></td></tr><tr><td colspan="1" rowspan="1"><p/></td><td colspan="1" rowspan="1"><p/></td><td colspan="1" rowspan="1"><p>In section 84, in subsection (1), the words “regional and islands” and, in subsection (2)(a), the words “regional or islands”.</p></td></tr><tr><td colspan="1" rowspan="1"><p/></td><td colspan="1" rowspan="1"><p/></td><td colspan="1" rowspan="1"><p>In section 85, subsection (2), in subsections (3) and (5) the words “regional or islands” and, in subsection (4), the words “(a)” and “and” and paragraph (b).</p></td></tr><tr><td colspan="1" rowspan="1"><p/></td><td colspan="1" rowspan="1"><p/></td><td colspan="1" rowspan="1"><p>In section 86, in subsection (4) the words “region or islands” and, in subsections (10) and (11), the words “regional or islands”.</p></td></tr><tr><td colspan="1" rowspan="1"><p/></td><td colspan="1" rowspan="1"><p/></td><td colspan="1" rowspan="1"><p>In section 87(9)(a), the words “regional or islands”.</p></td></tr><tr><td colspan="1" rowspan="1"><p/></td><td colspan="1" rowspan="1"><p/></td><td colspan="1" rowspan="1"><p>In section 90(3)(a), the words “regional, islands or district”.</p></td></tr><tr><td colspan="1" rowspan="1"><p/></td><td colspan="1" rowspan="1"><p/></td><td colspan="1" rowspan="1"><p>In section 94(9) the word “regional” and the words from “and may recover” to the end.</p></td></tr><tr><td colspan="1" rowspan="1"><p/></td><td colspan="1" rowspan="1"><p/></td><td colspan="1" rowspan="1"><p>Section 95.</p></td></tr><tr><td colspan="1" rowspan="1"><p/></td><td colspan="1" rowspan="1"><p/></td><td colspan="1" rowspan="1"><p>In section 99, in subsection (1), the definitions of “the 1968 Act”, “council water charge”, “levying authority”, “public sewage treatment works”, “public sewer” and “water authority” and in the definition of “housing body”, paragraph (a); and in subsection (2), paragraphs (a)(ii) and (iii), (c) and (d).</p></td></tr><tr><td colspan="1" rowspan="1"><p/></td><td colspan="1" rowspan="1"><p/></td><td colspan="1" rowspan="1"><p>Section 107(1).</p></td></tr><tr><td colspan="1" rowspan="1"><p/></td><td colspan="1" rowspan="1"><p/></td><td colspan="1" rowspan="1"><p>In Schedule 9, paragraphs 9(c) and 25(d).</p></td></tr><tr><td colspan="1" rowspan="1"><p/></td><td colspan="1" rowspan="1"><p/></td><td colspan="1" rowspan="1"><p>In Schedule 11, paragraphs 24, 25, 31 to 34, 36, 37 and 38(a) to (c) and (e).</p></td></tr><tr><td colspan="1" rowspan="1"><p/></td><td colspan="1" rowspan="1"><p/></td><td colspan="1" rowspan="1"><p>In Schedule 13, paragraphs 37 and 93.</p></td></tr><tr><td colspan="1" rowspan="1"><p><ref href="http://www.legislation.gov.uk/id/ukpga/1993/43">1993 c. 43</ref>.</p></td><td colspan="1" rowspan="1"><p>The Railways Act 1993.</p></td><td colspan="1" rowspan="1"><p>In section 151(1), in the definition of “local authority”, the words “regional council, islands council”.</p></td></tr></table></tblock></content></hcontainer></hcontainer></body><conclusions><blockContainer class="ExplanatoryNotes"><intro><p>(This note is not part of the Order)</p></intro><p><authorialNote><p>This Order provides for commencement on 19th February 1996 of certain provisions of the Local Government <abbr title="et cetera" xml:lang="la">etc.</abbr> (Scotland) Act 1994 (“<abbr title="Local Government etc. (Scotland) Act 1994 c. 39" xml:lang="">the Act</abbr>”) which amend or repeal provisions of the Local Government Finance Act 1992. This will ensure that new Scottish unitary councils will have responsibility for setting and collecting council tax in respect of financial years 1996/97 onwards and that certain water and sewerage charges will not be set for any financial year after 1995/96. Section 46 of <abbr title="Local Government etc. (Scotland) Act 1994 c. 39" xml:lang="">the Act</abbr> (licensing boards) is also commenced on 19th February 1996.</p><p>The Order also provides for commencement on 1st April 1996 (and on 31st March 1996 in one respect) of the relevant outstanding provisions of <abbr title="Local Government etc. (Scotland) Act 1994 c. 39" xml:lang="">the Act</abbr> (subject to a saving provision) relating principally to the transfer of functions to the new Scottish unitary councils and the new water and sewerage authorities and the Scottish Children’s Reporter Administration established under <abbr title="Local Government etc. (Scotland) Act 1994 c. 39" xml:lang="">the Act</abbr>.</p></authorialNote></p></blockContainer><blockContainer class="EarlierOrders"><intro><p>(This note is not part of the Order)</p></intro><p><subFlow name="earlierOrders"><p>The Local Government <abbr title="et cetera" xml:lang="la">etc.</abbr> (Scotland) Act 1994 (Commencement No.1) Order 1994 (<abbr class="Acronym" title="Statutory Instrument">S.I.</abbr><ref href="http://www.legislation.gov.uk/id/uksi/1994/2850">1994/2850</ref>) provides for commencement of provisions in <abbr title="Local Government etc. (Scotland) Act 1994 c. 39" xml:lang="">the Act</abbr> as follows:—</p><paragraph eId="article-a"><num>a</num><content><p>on 8th November 1994, sections 1, 5, 7, 12, 57, 61, 97(6), 125, 137(1) (partially), 157, 177 (partially), 178, 181 (partially), 183(1) and 184 and Schedules 1 and 2; and</p></content></paragraph><paragraph eId="article-b"><num>b</num><content><p>on 4th January 1995, sections 8 to 11, 13 to 17, 24, 34, 38, 40, 44, 47, 49, 50, 51(3), 60, 97 (so far as not in force), 101, 104, 113 to 115, 124, 126, 137 (so far as not in force), 141, 143, 146 to 151, 165 to 167, 170, 172, 173, 175, 179, 180 (partially) and 182, Schedule 5 and Schedules 13 and 14 (both partially).</p></content></paragraph><p>The Local Government <abbr title="et cetera" xml:lang="la">etc.</abbr> (Scotland) Act 1994 (Commencement No.2) Order 1994 (<abbr class="Acronym" title="Statutory Instrument">S.I.</abbr><ref href="http://www.legislation.gov.uk/id/uksi/1994/3150">1994/3150</ref>) provides for commencement of provisions in <abbr title="Local Government etc. (Scotland) Act 1994 c. 39" xml:lang="">the Act</abbr> as follows:—</p><paragraph eId="article-a"><num>a</num><content><p>on 31st December 1994, section 180 (partially) and Schedule 13 (partially);</p></content></paragraph><paragraph eId="article-b"><num>b</num><content><p>on 4th January 1995, sections 153, 160, 161 and 180 (partially) and Schedule 14 (partially); and</p></content></paragraph><paragraph eId="article-c"><num>c</num><content><p>on 1st April 1995, sections 152, 154, 155, 156, 158, 159, 162(1) and 180 (partially) and Schedules 13 and 14 (both partially).</p></content></paragraph><p>The Local Government <abbr title="et cetera" xml:lang="la">etc.</abbr> (Scotland) Act 1994 (Commencement No.3) Order 1995 (<abbr class="Acronym" title="Statutory Instrument">S.I.</abbr><ref href="http://www.legislation.gov.uk/id/uksi/1995/702">1995/702</ref>) provides for commencement of provisions in <abbr title="Local Government etc. (Scotland) Act 1994 c. 39" xml:lang="">the Act</abbr> as follows:—</p><paragraph eId="article-a"><num>a</num><content><p>on 10th March 1995, sections 91 to 96 and Schedule 11;</p></content></paragraph><paragraph eId="article-b"><num>b</num><content><p>on 1st April 1995, sections 164(1) and (2), 168, and 180 (partially) and Schedules 13 and 14 (both partially);</p></content></paragraph><paragraph eId="article-c"><num>c</num><content><p>on 6th April 1995, sections 2 to 4, 18, 19, 23, 25 to 29, 36, 39, 42, 43, 55, 56, 59, 127 (partially), 128 to 131, 133 to 136, 138, 169, 177 and 180 (both partially), 181 (so far as not in force) and 183(3) and (6), Schedules 3 and 12, and Schedule 13 (partially);</p></content></paragraph><paragraph eId="article-d"><num>d</num><content><p>on 1st August 1995, section 58 (partially); and</p></content></paragraph><paragraph eId="article-e"><num>e</num><content><p>on 1st April 1996, sections 20, 33 and 52, and Schedule 6.</p></content></paragraph><p>The Local Government <abbr title="et cetera" xml:lang="la">etc.</abbr> (Scotland) Act 1994 (Commencement No.4) Order 1995 (<abbr class="Acronym" title="Statutory Instrument">S.I.</abbr><ref href="http://www.legislation.gov.uk/id/uksi/1995/1898">1995/1898</ref>) provides for commencement on 17th July 1995 of the following provisions in <abbr title="Local Government etc. (Scotland) Act 1994 c. 39" xml:lang="">the Act</abbr>:—</p><blockList class="unordered"><item><p>sections 62 to 64, 65(2), 66, 73, 74, 76, 77, 79(1) to (3) and (5), 81, 83 to 90, 98, 116, 118(1), 120(1), 122, 123, 177 and 180 (both partially), Schedules 7 and 8, and Schedule 13 (partially).</p></item></blockList><p>The Local Government <abbr title="et cetera" xml:lang="la">etc.</abbr> (Scotland) Act 1994 (Commencement No.5) Order 1995 (<abbr class="Acronym" title="Statutory Instrument">S.I.</abbr><ref href="http://www.legislation.gov.uk/id/uksi/1995/2866">1995/2866</ref>) provides for commencement of provisions in <abbr title="Local Government etc. (Scotland) Act 1994 c. 39" xml:lang="">the Act</abbr> as follows:—</p><paragraph eId="article-a"><num>a</num><content><p>on 30th October 1995, sections 67, 68(1), (4) and (5), 69, 70, 71, 171 (partially) and 177 (so far as not in force) and Schedule 9; and</p></content></paragraph><paragraph eId="article-b"><num>b</num><content><p>on 1st April 1996, sections 171 (so far as not in force) and 176.</p></content></paragraph><p>The Local Government <abbr title="et cetera" xml:lang="la">etc.</abbr> (Scotland) Act 1994 (Commencement <abbr title="Number" xml:lang="">No.</abbr> 6 and Saving) Order 1995 (<abbr class="Acronym" title="Statutory Instrument">S.I.</abbr><ref href="http://www.legislation.gov.uk/id/uksi/1995/3326">1995/3326</ref>) provides for commencement of provisions in <abbr title="Local Government etc. (Scotland) Act 1994 c. 39" xml:lang="">the Act</abbr> as follows:—</p><paragraph eId="article-c"><num>c</num><content><p>on 22nd December 1995, section 180(1) and Schedule 13 (both partially); and</p></content></paragraph><paragraph eId="article-d"><num>d</num><content><p>on 1st April 1996, section 180 and Schedules 13 and 14 (all partially).</p></content></paragraph></subFlow></p></blockContainer></conclusions></act></akomaNtoso>