<akomaNtoso xmlns:xsi="http://www.w3.org/2001/XMLSchema-instance" xmlns="http://docs.oasis-open.org/legaldocml/ns/akn/3.0" xsi:schemaLocation="http://docs.oasis-open.org/legaldocml/ns/akn/3.0 http://docs.oasis-open.org/legaldocml/akn-core/v1.0/cos01/part2-specs/schemas/akomantoso30.xsd"><act name="UnitedKingdomStatutoryInstrument"><meta><identification source="#source"><FRBRWork><FRBRthis value="http://www.legislation.gov.uk/id/uksi/1996/571"/><FRBRuri value="http://www.legislation.gov.uk/id/uksi/1996/571"/><FRBRdate date="1996-03-05" name="made"/><FRBRauthor href="http://www.legislation.gov.uk/id/government/uk"/><FRBRcountry value="GB-UKM"/><FRBRsubtype value="order"/><FRBRnumber value="571"/><FRBRname value="S.I. 1996/571"/><FRBRprescriptive value="true"/></FRBRWork><FRBRExpression><FRBRthis value="http://www.legislation.gov.uk/uksi/1996/571/made"/><FRBRuri value="http://www.legislation.gov.uk/uksi/1996/571/made"/><FRBRdate date="1996-03-05" name="made"/><FRBRauthor href="#source"/><FRBRlanguage language="eng"/></FRBRExpression><FRBRManifestation><FRBRthis value="http://www.legislation.gov.uk/uksi/1996/571/made/data.akn"/><FRBRuri value="http://www.legislation.gov.uk/uksi/1996/571/made/data.akn"/><FRBRdate date="2021-07-26+01:00" name="transform"/><FRBRauthor href="http://www.legislation.gov.uk"/><FRBRformat value="application/akn+xml"/></FRBRManifestation></identification><classification source="#source"><keyword value="national health service (nhs)" showAs="National Health Service (NHS)" dictionary="http://www.legislation.gov.uk"/><keyword value="nhs management" showAs="NHS management" dictionary="http://www.legislation.gov.uk"/><keyword value="day care" showAs="Day care" dictionary="http://www.legislation.gov.uk"/><keyword value="secondary health care" showAs="Secondary health care" dictionary="http://www.legislation.gov.uk"/><keyword value="care" showAs="Care" dictionary="http://www.legislation.gov.uk"/><keyword value="national health service, england and wales" showAs="NATIONAL HEALTH SERVICE, ENGLAND AND WALES" dictionary="http://www.legislation.gov.uk"/></classification><lifecycle source="#source"><eventRef date="1996-03-05" type="generation" eId="made-date" source="#source"/><eventRef date="1996-03-06" eId="laid-date-1" source="#source"/><eventRef date="1996-03-28" eId="coming-into-force-date-1" source="#source"/></lifecycle><references source="#source"><TLCOrganization eId="source" href="http://www.legislation.gov.uk/id/publisher/KingsOrQueensPrinterOfActsOfParliament" showAs="Queen's Printer of Acts of Parliament"/><TLCLocation eId="departmentofhealth" href="/ontology/location/uk.DepartmentofHealth" showAs="Department of Health"/><TLCRole eId="ref-d4e145" href="/ontology/role/uk.Parliamentary Under Secretary of State," showAs="Parliamentary Under Secretary of State,"/><TLCPerson eId="ref-d4e143" href="/ontology/persons/uk.JohnHoram" showAs="John Horam"/><TLCConcept href="/uk/subject/national-health-service-england-and-wales" showAs="NATIONAL HEALTH SERVICE, ENGLAND AND WALES" eId="d4e65"/></references><notes source="#source"><note class="footnote" eId="f00001"><p><ref href="http://www.legislation.gov.uk/id/ukpga/1977/49">1977 c. 49</ref>; section 92(1) has been amended by section 11(5) of the National Health Service and Community Care Act <ref href="http://www.legislation.gov.uk/id/ukpga/1990/19">1990 (c. 19)</ref>.</p></note><note class="footnote" eId="f00002"><p><em>See</em><abbr class="Acronym" title="Statutory Instrument">S.I.</abbr><ref href="http://www.legislation.gov.uk/id/uksi/1993/2589">1993/2589</ref>.</p></note><note class="footnote" eId="f00003"><p><em>See</em><abbr class="Acronym" title="Statutory Instrument">S.I.</abbr><ref href="http://www.legislation.gov.uk/id/uksi/1995/562">1995/562</ref>.</p></note></notes><proprietary xmlns:ukl="http://www.legislation.gov.uk/namespaces/legislation" xmlns:ukm="http://www.legislation.gov.uk/namespaces/metadata" xmlns:dc="http://purl.org/dc/elements/1.1/" xmlns:dct="http://purl.org/dc/terms/" xmlns:atom="http://www.w3.org/2005/Atom" source="#source"><dc:identifier>http://www.legislation.gov.uk/uksi/1996/571/made</dc:identifier><dc:title>The Chichester Priority Care Services National Health Service Trust (Transfer of Trust Property) Order 1996</dc:title><dc:subject>National Health Service (NHS)</dc:subject><dc:subject>NHS management</dc:subject><dc:subject>Day care</dc:subject><dc:subject>Secondary health care</dc:subject><dc:subject>Care</dc:subject><dc:publisher>Queen's Printer of Acts of Parliament</dc:publisher><dc:modified>2011-07-22</dc:modified><dc:subject scheme="SIheading">NATIONAL HEALTH SERVICE, ENGLAND AND WALES</dc:subject><dc:description>This Order transfers to the Chichester Priority Care Services National Health Service Trust on 28th March 1996 trust property formerly held by the West Sussex Health Authority. A copy of the schedule of trust property to which the Order refers can be obtained from the Department of Health, NHS Trust Unit, Room 1W29, Quarry House, Quarry Hill, Leeds LS2 7UE.</dc:description><atom:link rel="self" href="http://www.legislation.gov.uk/uksi/1996/571/made/data.xml" type="application/xml"/><atom:link rel="http://www.legislation.gov.uk/def/navigation/resources" href="http://www.legislation.gov.uk/uksi/1996/571/resources" title="More Resources"/><atom:link rel="http://www.legislation.gov.uk/def/navigation/act" href="http://www.legislation.gov.uk/uksi/1996/571/made" title="whole act"/><atom:link rel="http://www.legislation.gov.uk/def/navigation/introduction" href="http://www.legislation.gov.uk/uksi/1996/571/introduction/made" title="introduction"/><atom:link rel="http://www.legislation.gov.uk/def/navigation/signature" href="http://www.legislation.gov.uk/uksi/1996/571/signature/made" title="signature"/><atom:link rel="http://www.legislation.gov.uk/def/navigation/note" href="http://www.legislation.gov.uk/uksi/1996/571/note/made" title="note"/><atom:link rel="http://www.legislation.gov.uk/def/navigation/body" href="http://www.legislation.gov.uk/uksi/1996/571/body/made" title="body"/><atom:link rel="alternate" type="application/rdf+xml" href="http://www.legislation.gov.uk/uksi/1996/571/made/data.rdf" title="RDF/XML"/><atom:link rel="alternate" type="application/akn+xml" href="http://www.legislation.gov.uk/uksi/1996/571/made/data.akn" title="AKN"/><atom:link rel="alternate" type="application/xhtml+xml" href="http://www.legislation.gov.uk/uksi/1996/571/made/data.xht" title="HTML snippet"/><atom:link rel="alternate" type="application/pdf" href="http://www.legislation.gov.uk/uksi/1996/571/made/data.pdf" title="PDF"/><atom:link rel="alternate" type="application/akn+xhtml" href="http://www.legislation.gov.uk/uksi/1996/571/made/data.html" title="HTML5 snippet"/><atom:link rel="http://purl.org/dc/terms/tableOfContents" hreflang="en" href="http://www.legislation.gov.uk/uksi/1996/571/contents/made" title="Table of Contents"/><ukm:SecondaryMetadata><ukm:DocumentClassification><ukm:DocumentCategory Value="secondary"/><ukm:DocumentMainType Value="UnitedKingdomStatutoryInstrument"/><ukm:DocumentStatus Value="final"/><ukm:DocumentMinorType Value="order"/></ukm:DocumentClassification><ukm:Year Value="1996"/><ukm:Number Value="571"/><ukm:Made Date="1996-03-05"/><ukm:Laid Date="1996-03-06" Class="UnitedKingdomParliament"/><ukm:ComingIntoForce><ukm:DateTime Date="1996-03-28"/></ukm:ComingIntoForce><ukm:ISBN Value="0110542045"/></ukm:SecondaryMetadata><ukm:Statistics><ukm:TotalParagraphs Value="2"/><ukm:BodyParagraphs Value="2"/><ukm:ScheduleParagraphs Value="0"/><ukm:AttachmentParagraphs Value="0"/><ukm:TotalImages Value="0"/></ukm:Statistics></proprietary></meta><preface><p class="number"><docNumber>1996 No. 571</docNumber></p><block name="subject"><concept class="title" refersTo="#d4e65">NATIONAL HEALTH SERVICE, ENGLAND AND WALES</concept></block><p class="title"><shortTitle>The Chichester Priority Care Services National Health Service Trust (Transfer of Trust Property) Order 1996</shortTitle></p><p class="MadeDate"><span>Made</span><docDate date="1996-03-05">5th March 1996</docDate></p><p class="LaidDate"><span>Laid before Parliament</span><docDate date="1996-03-06">6th March 1996</docDate></p><p class="ComingIntoForce"><span>Coming into force</span><docDate date="1996-03-28">28th March 1996</docDate></p></preface><preamble><formula name="EnactingText"><p>The Secretary of State for Health, in exercise of the powers conferred on him by section 92(1) of the National Health Service Act 1977<noteRef href="#f00001" class="footnote" marker="1"/> and of all other powers enabling him in that behalf, having regard to the change in the arrangements for the administration of hospitals and other establishments and facilities formerly managed by the Chichester Health Authority resulting from the establishment of the Chichester Priority Care Services National Health Service Trust<noteRef href="#f00002" class="footnote" marker="2"/>, having consulted the West Sussex Health Authority<noteRef href="#f00003" class="footnote" marker="3"/> and that Trust in accordance with section 92(3) of that Act, hereby makes the following Order:</p></formula></preamble><body><article eId="article-1"><num>1</num><heading>Citation, commencement and interpretation</heading><paragraph eId="article-1-1"><num>1</num><content><p>This Order may be cited as the Chichester Priority Care Services National Health Service Trust (Transfer of Trust Property) Order 1996 and shall come into force on 28th March 1996.</p></content></paragraph><paragraph eId="article-1-2"><num>2</num><content><p>In this Order—</p><blockList class="unordered"><item><p>“the Authority” means the West Sussex Health Authority;</p></item><item><p>“the Trust” means the Chichester Priority Care Services National Health Service Trust;</p></item><item><p>“the trust property” means the items specified in a schedule of trust property prepared by and agreed upon by the Authority and the Trust on 21st December 1995, which schedule has been signed on behalf of both the Authority and the Trust.</p></item></blockList></content></paragraph></article><article eId="article-2"><num>2</num><heading>Transfer of trust property</heading><content><p>On 28th March 1996 the trust property shall be transferred from the Authority to the Trust.</p></content></article><hcontainer name="signatures"><content><p>Signed by authority of the Secretary of State for Health</p><block name="signature"><signature><person refersTo="#ref-d4e143">John Horam</person><role refersTo="#ref-d4e145">Parliamentary Under Secretary of State,</role><location refersTo="#departmentofhealth">Department of Health</location><date date="1996-03-05">5th March 1996</date></signature></block></content></hcontainer></body><conclusions><blockContainer class="ExplanatoryNotes"><intro><p>(This note is not part of the Order)</p></intro><p><authorialNote><p>This Order transfers to the Chichester Priority Care Services National Health Service Trust on 28th March 1996 trust property formerly held by the West Sussex Health Authority. A copy of the schedule of trust property to which the Order refers can be obtained from the Department of Health, <abbr class="Acronym" title="National Health Service">NHS</abbr> Trust Unit, Room 1W29, Quarry House, Quarry Hill, Leeds LS2 7UE.</p></authorialNote></p></blockContainer></conclusions></act></akomaNtoso>