<akomaNtoso xmlns:xsi="http://www.w3.org/2001/XMLSchema-instance" xmlns="http://docs.oasis-open.org/legaldocml/ns/akn/3.0" xsi:schemaLocation="http://docs.oasis-open.org/legaldocml/ns/akn/3.0 http://docs.oasis-open.org/legaldocml/akn-core/v1.0/cos01/part2-specs/schemas/akomantoso30.xsd"><act name="UnitedKingdomStatutoryInstrument"><meta><identification source="#source"><FRBRWork><FRBRthis value="http://www.legislation.gov.uk/id/uksi/1996/490"/><FRBRuri value="http://www.legislation.gov.uk/id/uksi/1996/490"/><FRBRdate date="1996-02-29" name="made"/><FRBRauthor href="http://www.legislation.gov.uk/id/government/uk"/><FRBRcountry value="GB-UKM"/><FRBRsubtype value="order"/><FRBRnumber value="490"/><FRBRname value="S.I. 1996/490"/><FRBRprescriptive value="true"/></FRBRWork><FRBRExpression><FRBRthis value="http://www.legislation.gov.uk/uksi/1996/490/made"/><FRBRuri value="http://www.legislation.gov.uk/uksi/1996/490/made"/><FRBRdate date="1996-02-29" name="made"/><FRBRauthor href="#source"/><FRBRlanguage language="eng"/></FRBRExpression><FRBRManifestation><FRBRthis value="http://www.legislation.gov.uk/uksi/1996/490/made/data.akn"/><FRBRuri value="http://www.legislation.gov.uk/uksi/1996/490/made/data.akn"/><FRBRdate date="2021-07-26+01:00" name="transform"/><FRBRauthor href="http://www.legislation.gov.uk"/><FRBRformat value="application/akn+xml"/></FRBRManifestation></identification><classification source="#source"><keyword value="national health service (nhs)" showAs="National Health Service (NHS)" dictionary="http://www.legislation.gov.uk"/><keyword value="health care services and specialisms" showAs="Health care services and specialisms" dictionary="http://www.legislation.gov.uk"/><keyword value="nhs management" showAs="NHS management" dictionary="http://www.legislation.gov.uk"/><keyword value="national health service, england and wales" showAs="NATIONAL HEALTH SERVICE, ENGLAND AND WALES" dictionary="http://www.legislation.gov.uk"/></classification><lifecycle source="#source"><eventRef date="1996-02-29" type="generation" eId="made-date" source="#source"/><eventRef date="1996-03-01" eId="laid-date-1" source="#source"/><eventRef date="1996-04-01" eId="coming-into-force-date-1" source="#source"/></lifecycle><references source="#source"><TLCOrganization eId="source" href="http://www.legislation.gov.uk/id/publisher/KingsOrQueensPrinterOfActsOfParliament" showAs="Queen's Printer of Acts of Parliament"/><TLCOrganization eId="ref-d4e201" href="/ontology/organization/uk.Department of Health" showAs="Department of Health"/><TLCRole eId="ref-d4e199" href="/ontology/role/uk.Parliamentary Under Secretary of State," showAs="Parliamentary Under Secretary of State,"/><TLCPerson eId="ref-d4e197" href="/ontology/persons/uk.JohnBowis" showAs="John Bowis"/><TLCConcept href="/uk/subject/national-health-service-england-and-wales" showAs="NATIONAL HEALTH SERVICE, ENGLAND AND WALES" eId="d4e61"/></references><notes source="#source"><note class="footnote" eId="f00001"><p><ref href="http://www.legislation.gov.uk/id/ukpga/1977/49">1977 c. 49</ref>; section 11 was amended by paragraph 31 of Schedule 1 to the Health Services Act <ref href="http://www.legislation.gov.uk/id/ukpga/1980/53">1980 (c. 53)</ref>, Schedule 10 to the National Health Service and Community Care Act <ref href="http://www.legislation.gov.uk/id/ukpga/1990/19">1990 (c. 19)</ref> (“the 1990 Act”) and paragraph 2 of Schedule 1 to the Health Authorities Act <ref href="http://www.legislation.gov.uk/id/ukpga/1995/17">1995 (c. 17)</ref> (“the 1995 Act”); section 126(3) and (4) is amended by section 65(2) of the 1990 Act and section 126(3) is amended by paragraph 57 of Schedule 2 to the 1995 Act.</p></note><note class="footnote" eId="f00002"><p><abbr class="Acronym" title="Statutory Instrument">S.I.</abbr><ref href="http://www.legislation.gov.uk/id/uksi/1996/488">1996/488</ref> which comes into force on 1st April 1996.</p></note><note class="footnote" eId="f00003"><p><abbr class="Acronym" title="Statutory Instrument">S.I.</abbr><ref href="http://www.legislation.gov.uk/id/uksi/1989/948">1989/948</ref> which was amended by <abbr class="Acronym" title="Statutory Instrument">S.I.</abbr><ref href="http://www.legislation.gov.uk/id/uksi/1990/1905">1990/1905</ref>.</p></note><note class="footnote" eId="f00004"><p><em>See</em> section 4 of the National Health Service Act <ref href="http://www.legislation.gov.uk/id/ukpga/1977/49">1977 (c. 49)</ref>.</p></note><note class="footnote" eId="f00005"><p><abbr class="Acronym" title="Statutory Instrument">S.I.</abbr><ref href="http://www.legislation.gov.uk/id/uksi/1990/1905">1990/1905</ref>.</p></note><note class="footnote" eId="f00006"><p>There have been amendments to section 98 which are not relevant to this Order.</p></note></notes><proprietary xmlns:ukl="http://www.legislation.gov.uk/namespaces/legislation" xmlns:ukm="http://www.legislation.gov.uk/namespaces/metadata" xmlns:dc="http://purl.org/dc/elements/1.1/" xmlns:dct="http://purl.org/dc/terms/" xmlns:atom="http://www.w3.org/2005/Atom" source="#source"><dc:identifier>http://www.legislation.gov.uk/uksi/1996/490/made</dc:identifier><dc:title>The Special Hospitals Service Authority (Abolition) Order 1996</dc:title><dc:subject>National Health Service (NHS)</dc:subject><dc:subject>Health care services and specialisms</dc:subject><dc:subject>NHS management</dc:subject><dc:publisher>Queen's Printer of Acts of Parliament</dc:publisher><dc:modified>2015-03-10</dc:modified><dc:subject scheme="SIheading">NATIONAL HEALTH SERVICE, ENGLAND AND WALES</dc:subject><dc:description>This Order revokes the Special Hospitals Service Authority (Establishment and Constitution) Order 1989 and abolishes the Special Hospitals Service Authority established under that Order. It makes supplemental provision relating to the winding up of the affairs of the old Authority and the transfer of rights and liabilities.</dc:description><atom:link rel="self" href="http://www.legislation.gov.uk/uksi/1996/490/made/data.xml" type="application/xml"/><atom:link rel="http://www.legislation.gov.uk/def/navigation/resources" href="http://www.legislation.gov.uk/uksi/1996/490/resources" title="More Resources"/><atom:link rel="http://www.legislation.gov.uk/def/navigation/act" href="http://www.legislation.gov.uk/uksi/1996/490/made" title="whole act"/><atom:link rel="http://www.legislation.gov.uk/def/navigation/introduction" href="http://www.legislation.gov.uk/uksi/1996/490/introduction/made" title="introduction"/><atom:link rel="http://www.legislation.gov.uk/def/navigation/signature" href="http://www.legislation.gov.uk/uksi/1996/490/signature/made" title="signature"/><atom:link rel="http://www.legislation.gov.uk/def/navigation/note" href="http://www.legislation.gov.uk/uksi/1996/490/note/made" title="note"/><atom:link rel="http://www.legislation.gov.uk/def/navigation/body" href="http://www.legislation.gov.uk/uksi/1996/490/body/made" title="body"/><atom:link rel="alternate" type="application/rdf+xml" href="http://www.legislation.gov.uk/uksi/1996/490/made/data.rdf" title="RDF/XML"/><atom:link rel="alternate" type="application/akn+xml" href="http://www.legislation.gov.uk/uksi/1996/490/made/data.akn" title="AKN"/><atom:link rel="alternate" type="application/xhtml+xml" href="http://www.legislation.gov.uk/uksi/1996/490/made/data.xht" title="HTML snippet"/><atom:link rel="alternate" type="application/pdf" href="http://www.legislation.gov.uk/uksi/1996/490/made/data.pdf" title="PDF"/><atom:link rel="alternate" type="application/akn+xhtml" href="http://www.legislation.gov.uk/uksi/1996/490/made/data.html" title="HTML5 snippet"/><atom:link rel="http://purl.org/dc/terms/tableOfContents" hreflang="en" href="http://www.legislation.gov.uk/uksi/1996/490/contents/made" title="Table of Contents"/><ukm:SecondaryMetadata><ukm:DocumentClassification><ukm:DocumentCategory Value="secondary"/><ukm:DocumentMainType Value="UnitedKingdomStatutoryInstrument"/><ukm:DocumentStatus Value="final"/><ukm:DocumentMinorType Value="order"/></ukm:DocumentClassification><ukm:Year Value="1996"/><ukm:Number Value="490"/><ukm:Made Date="1996-02-29"/><ukm:Laid Date="1996-03-01" Class="UnitedKingdomParliament"/><ukm:ComingIntoForce><ukm:DateTime Date="1996-04-01"/></ukm:ComingIntoForce><ukm:ISBN Value="0110541774"/></ukm:SecondaryMetadata><ukm:Statistics><ukm:TotalParagraphs Value="4"/><ukm:BodyParagraphs Value="4"/><ukm:ScheduleParagraphs Value="0"/><ukm:AttachmentParagraphs Value="0"/><ukm:TotalImages Value="0"/></ukm:Statistics></proprietary></meta><preface><p class="number"><docNumber>1996 No. 490</docNumber></p><block name="subject"><concept class="title" refersTo="#d4e61">NATIONAL HEALTH SERVICE, ENGLAND AND WALES</concept></block><p class="title"><shortTitle>The Special Hospitals Service Authority (Abolition) Order 1996</shortTitle></p><p class="MadeDate"><span>Made</span><docDate date="1996-02-29">29th February 1996</docDate></p><p class="LaidDate"><span>Laid before Parliament</span><docDate date="1996-03-01">1st March 1996</docDate></p><p class="ComingIntoForce"><span>Coming into force</span><docDate date="1996-04-01">1st April 1996</docDate></p></preface><preamble><formula name="EnactingText"><p>The Secretary of State for Health, in exercise of powers conferred on him by sections 11 and 126(3) and (4) of the National Health Service Act 1977<noteRef href="#f00001" class="footnote" marker="1"/> and of all other powers enabling him in that behalf after consulting, in accordance with section 11 of that Act, such bodies as he recognises as representing officers who in his opinion are likely to be transferred or affected by transfers in pursuance of the Order, hereby makes the following Order:—</p></formula></preamble><body><article eId="article-1"><num>1</num><heading>Citation, commencement and interpretation</heading><paragraph eId="article-1-1"><num>1</num><content><p>This Order may be cited as the Special Hospitals Service Authority (Abolition) Order 1996 and shall come into force on 1st April 1996.</p></content></paragraph><paragraph eId="article-1-2"><num>2</num><content><p>In this Order unless the context otherwise requires—</p><blockList class="unordered"><item><p>“the <abbr title="Authorities for Ashworth, Broadmoor and Rampton Hospitals (Establishment and Constitution) Order 1996 (S.I. 1996/488)" xml:lang="">1996 Order</abbr>” means the Authorities for Ashworth, Broadmoor and Rampton Hospitals (Establishment and Constitution) Order 1996<noteRef href="#f00002" class="footnote" marker="2"/>;</p></item><item><p>“<abbr title="National Health Service Act 1977 c. 49" xml:lang="">the Act</abbr>” means the National Health Service Act 1977;</p></item><item><p>“the old Authority” means the Special Hospitals Service Authority established by the Special Hospitals Service Authority (Establishment and Constitution) Order 1989<noteRef href="#f00003" class="footnote" marker="3"/>;</p></item><item><p>“the Broadmoor Hospital Authority” means the special health authority of that name established by the <abbr title="Authorities for Ashworth, Broadmoor and Rampton Hospitals (Establishment and Constitution) Order 1996 (S.I. 1996/488)" xml:lang="">1996 Order</abbr>;</p></item><item><p>“the special hospitals” means the Ashworth, Broadmoor and Rampton special hospitals<noteRef href="#f00004" class="footnote" marker="4"/>.</p></item></blockList></content></paragraph></article><article eId="article-2"><num>2</num><heading>Revocation of Orders and abolition of old Authority</heading><content><p>The Special Hospitals Service Authority (Establishment and Constitution) Order 1989 and the Special Hospitals Service Authority (Establishment and Constitution) Amendment Order 1990<noteRef href="#f00005" class="footnote" marker="5"/> are hereby revoked and the old Authority is abolished.</p></content></article><article eId="article-3"><num>3</num><heading>Enforceability of rights and liabilities</heading><intro><p>Any right which was enforceable by or against the old Authority shall be enforceable—</p></intro><subparagraph eId="article-3-a"><num>a</num><content><p>where that right related solely to one of the special hospitals, by or against the special health authority established by the <abbr title="Authorities for Ashworth, Broadmoor and Rampton Hospitals (Establishment and Constitution) Order 1996 (S.I. 1996/488)" xml:lang="">1996 Order</abbr> to manage that special hospital;</p></content></subparagraph><subparagraph eId="article-3-b"><num>b</num><content><p>where that right did not relate solely to one of the special hospitals, by or against the Broadmoor Hospital Authority.</p></content></subparagraph></article><article eId="article-4"><num>4</num><heading>Accounts of the old Authority</heading><content><p>Any duty imposed on the old Authority by section 98 of <abbr title="National Health Service Act 1977 c. 49" xml:lang="">the Act</abbr><noteRef href="#f00006" class="footnote" marker="6"/> but not performed by the date on which this Order comes into force, shall be performed by the Broadmoor Hospital Authority in accordance with the provisions of that section and of any directions which may be given to it by the Secretary of State.</p></content></article><hcontainer name="signatures"><content><p>Signed by authority of the Secretary of State for Health</p><block name="signature"><signature><person refersTo="#ref-d4e197">John Bowis</person><role refersTo="#ref-d4e199">Parliamentary Under Secretary of State,</role><organization refersTo="#ref-d4e201">Department of Health</organization><date date="1996-02-29">29th February 1996</date></signature></block></content></hcontainer></body><conclusions><blockContainer class="ExplanatoryNotes"><intro><p>(This note is not part of the Regulations)</p></intro><p><authorialNote><p>This Order revokes the Special Hospitals Service Authority (Establishment and Constitution) Order 1989 and abolishes the Special Hospitals Service Authority established under that Order. It makes supplemental provision relating to the winding up of the affairs of the old Authority and the transfer of rights and liabilities.</p></authorialNote></p></blockContainer></conclusions></act></akomaNtoso>