<akomaNtoso xmlns:xsi="http://www.w3.org/2001/XMLSchema-instance" xmlns="http://docs.oasis-open.org/legaldocml/ns/akn/3.0" xsi:schemaLocation="http://docs.oasis-open.org/legaldocml/ns/akn/3.0 http://docs.oasis-open.org/legaldocml/akn-core/v1.0/cos01/part2-specs/schemas/akomantoso30.xsd"><act name="UnitedKingdomStatutoryInstrument"><meta><identification source="#source"><FRBRWork><FRBRthis value="http://www.legislation.gov.uk/id/uksi/1996/154"/><FRBRuri value="http://www.legislation.gov.uk/id/uksi/1996/154"/><FRBRdate date="1996-01-29" name="made"/><FRBRauthor href="http://www.legislation.gov.uk/id/government/uk"/><FRBRcountry value="GB-UKM"/><FRBRsubtype value="regulation"/><FRBRnumber value="154"/><FRBRname value="S.I. 1996/154"/><FRBRprescriptive value="true"/></FRBRWork><FRBRExpression><FRBRthis value="http://www.legislation.gov.uk/uksi/1996/154/made"/><FRBRuri value="http://www.legislation.gov.uk/uksi/1996/154/made"/><FRBRdate date="1996-01-29" name="made"/><FRBRauthor href="#source"/><FRBRlanguage language="eng"/></FRBRExpression><FRBRManifestation><FRBRthis value="http://www.legislation.gov.uk/uksi/1996/154/made/data.akn"/><FRBRuri value="http://www.legislation.gov.uk/uksi/1996/154/made/data.akn"/><FRBRdate date="2021-07-26+01:00" name="transform"/><FRBRauthor href="http://www.legislation.gov.uk"/><FRBRformat value="application/akn+xml"/></FRBRManifestation></identification><classification source="#source"><keyword value="council housing" showAs="Council housing" dictionary="http://www.legislation.gov.uk"/><keyword value="borough councils" showAs="Borough councils" dictionary="http://www.legislation.gov.uk"/><keyword value="local government, england and wales" showAs="LOCAL GOVERNMENT, ENGLAND AND WALES" dictionary="http://www.legislation.gov.uk"/></classification><lifecycle source="#source"><eventRef date="1996-01-29" type="generation" eId="made-date" source="#source"/><eventRef date="1996-02-07" eId="laid-date-1" source="#source"/><eventRef date="1996-02-28" eId="coming-into-force-date-1" source="#source"/></lifecycle><references source="#source"><TLCOrganization eId="source" href="http://www.legislation.gov.uk/id/publisher/KingsOrQueensPrinterOfActsOfParliament" showAs="Queen's Printer of Acts of Parliament"/><TLCOrganization eId="ref-d4e117" href="/ontology/organization/uk.Department of the Environment" showAs="Department of the Environment"/><TLCRole eId="ref-d4e115" href="/ontology/role/uk.Parliamentary Under Secretary of State" showAs="Parliamentary Under Secretary of State"/><TLCPerson eId="ref-d4e113" href="/ontology/persons/uk.PaulBeresford" showAs="Paul Beresford"/><TLCConcept href="/uk/subject/local-government-england-and-wales" showAs="LOCAL GOVERNMENT, ENGLAND AND WALES" eId="d4e60"/></references><notes source="#source"><note class="footnote" eId="f00001"><p><ref href="http://www.legislation.gov.uk/id/ukpga/1988/9">1988 c. 9</ref>. Section 6 is amended by paragraph 12 of Schedule 1 to the Local Government Act <ref href="http://www.legislation.gov.uk/id/ukpga/1992/19">1992 (c. 19)</ref>.</p></note><note class="footnote" eId="f00002"><p><abbr class="Acronym" title="Statutory Instrument">S.I.</abbr><ref href="http://www.legislation.gov.uk/id/uksi/1994/2297">1994/2297</ref>.</p></note></notes><proprietary xmlns:ukl="http://www.legislation.gov.uk/namespaces/legislation" xmlns:ukm="http://www.legislation.gov.uk/namespaces/metadata" xmlns:dc="http://purl.org/dc/elements/1.1/" xmlns:dct="http://purl.org/dc/terms/" xmlns:atom="http://www.w3.org/2005/Atom" source="#source"><dc:identifier>http://www.legislation.gov.uk/uksi/1996/154/made</dc:identifier><dc:title>The Local Government Act 1988 (Competition) (Housing Management) (Rossendale) Regulations 1996</dc:title><dc:subject>Council housing</dc:subject><dc:subject>Borough councils</dc:subject><dc:publisher>Queen's Printer of Acts of Parliament</dc:publisher><dc:modified>2011-07-04</dc:modified><dc:subject scheme="SIheading">LOCAL GOVERNMENT, ENGLAND AND WALES</dc:subject><dc:description>Under Part I of the Local Government Act 1988 (competition), work falling within certain defined activities may be carried out by local authorities only if certain conditions are fulfilled. The Local Government Act 1988 (Competition) (Housing Management) (England) Regulations 1994 apply those conditions to work consisting of housing management.</dc:description><atom:link rel="self" href="http://www.legislation.gov.uk/uksi/1996/154/made/data.xml" type="application/xml"/><atom:link rel="http://www.legislation.gov.uk/def/navigation/resources" href="http://www.legislation.gov.uk/uksi/1996/154/resources" title="More Resources"/><atom:link rel="http://www.legislation.gov.uk/def/navigation/act" href="http://www.legislation.gov.uk/uksi/1996/154/made" title="whole act"/><atom:link rel="http://www.legislation.gov.uk/def/navigation/introduction" href="http://www.legislation.gov.uk/uksi/1996/154/introduction/made" title="introduction"/><atom:link rel="http://www.legislation.gov.uk/def/navigation/signature" href="http://www.legislation.gov.uk/uksi/1996/154/signature/made" title="signature"/><atom:link rel="http://www.legislation.gov.uk/def/navigation/note" href="http://www.legislation.gov.uk/uksi/1996/154/note/made" title="note"/><atom:link rel="http://www.legislation.gov.uk/def/navigation/body" href="http://www.legislation.gov.uk/uksi/1996/154/body/made" title="body"/><atom:link rel="alternate" type="application/rdf+xml" href="http://www.legislation.gov.uk/uksi/1996/154/made/data.rdf" title="RDF/XML"/><atom:link rel="alternate" type="application/akn+xml" href="http://www.legislation.gov.uk/uksi/1996/154/made/data.akn" title="AKN"/><atom:link rel="alternate" type="application/xhtml+xml" href="http://www.legislation.gov.uk/uksi/1996/154/made/data.xht" title="HTML snippet"/><atom:link rel="alternate" type="application/pdf" href="http://www.legislation.gov.uk/uksi/1996/154/made/data.pdf" title="PDF"/><atom:link rel="alternate" type="application/akn+xhtml" href="http://www.legislation.gov.uk/uksi/1996/154/made/data.html" title="HTML5 snippet"/><atom:link rel="http://purl.org/dc/terms/tableOfContents" hreflang="en" href="http://www.legislation.gov.uk/uksi/1996/154/contents/made" title="Table of Contents"/><ukm:SecondaryMetadata><ukm:DocumentClassification><ukm:DocumentCategory Value="secondary"/><ukm:DocumentMainType Value="UnitedKingdomStatutoryInstrument"/><ukm:DocumentStatus Value="final"/><ukm:DocumentMinorType Value="regulation"/></ukm:DocumentClassification><ukm:Year Value="1996"/><ukm:Number Value="154"/><ukm:DepartmentCode Value="DOE 0507"/><ukm:Made Date="1996-01-29"/><ukm:Laid Date="1996-02-07" Class="UnitedKingdomParliament"/><ukm:ComingIntoForce><ukm:DateTime Date="1996-02-28"/></ukm:ComingIntoForce><ukm:ISBN Value="0110539559"/></ukm:SecondaryMetadata><ukm:Statistics><ukm:TotalParagraphs Value="2"/><ukm:BodyParagraphs Value="2"/><ukm:ScheduleParagraphs Value="0"/><ukm:AttachmentParagraphs Value="0"/><ukm:TotalImages Value="0"/></ukm:Statistics></proprietary></meta><preface><p class="number"><docNumber>1996 No. 154</docNumber></p><block name="subject"><concept class="title" refersTo="#d4e60">LOCAL GOVERNMENT, ENGLAND AND WALES</concept></block><p class="title"><shortTitle>The Local Government Act 1988 (Competition) (Housing Management) (Rossendale) Regulations 1996</shortTitle></p><p class="MadeDate"><span>Made</span><docDate date="1996-01-29">29th January 1996</docDate></p><p class="LaidDate"><span>Laid before Parliament</span><docDate date="1996-02-07">7th February 1996</docDate></p><p class="ComingIntoForce"><span>Coming into force</span><docDate date="1996-02-28">28th February 1996</docDate></p></preface><preamble><formula name="EnactingText"><p>The Secretary of State, in exercise of the powers conferred on him by sections 6(3) and 15(6) of the Local Government Act 1988<noteRef href="#f00001" class="footnote" marker="1"/>, and of all other powers enabling him in that behalf, hereby makes the following Regulations:</p></formula></preamble><body><hcontainer name="regulation" eId="regulation-1"><num>1</num><heading>Citation and commencement</heading><content><p>These Regulations may be cited as the Local Government Act 1988 (Competition) (Housing Management) (Rossendale) Regulations 1996 and shall come into force on 28th February 1996.</p></content></hcontainer><hcontainer name="regulation" eId="regulation-2"><num>2</num><heading>Postponement of date</heading><content><p>In its application to the Rossendale Borough Council regulation 3 of the Local Government Act 1988 (Competition) (Housing Management) (England) Regulations 1994<noteRef href="#f00002" class="footnote" marker="2"/> shall have effect as if for the reference to 1st April 1996 there were substituted a reference to 1st December 1996.</p></content></hcontainer><hcontainer name="signatures"><content><p>Signed by authority of the Secretary of State</p><block name="signature"><signature><person refersTo="#ref-d4e113">Paul Beresford</person><role refersTo="#ref-d4e115">Parliamentary Under Secretary of State</role><organization refersTo="#ref-d4e117">Department of the Environment</organization><date date="1996-01-29">29th January 1996</date></signature></block></content></hcontainer></body><conclusions><blockContainer class="ExplanatoryNotes"><intro><p>(This note is not part of the Regulations)</p></intro><p><authorialNote><p>Under Part I of the Local Government Act 1988 (competition), work falling within certain defined activities may be carried out by local authorities only if certain conditions are fulfilled. The Local Government Act 1988 (Competition) (Housing Management) (England) Regulations 1994 apply those conditions to work consisting of housing management.</p><p>Under the 1994 Regulations the Rossendale Borough Council may not carry out more than 95% of such work proposed to be carried out by them without complying, before 1st April 1996, with those conditions. These Regulations postpone the date for such compliance to 1st December 1996.</p></authorialNote></p></blockContainer></conclusions></act></akomaNtoso>