<akomaNtoso xmlns:xsi="http://www.w3.org/2001/XMLSchema-instance" xmlns="http://docs.oasis-open.org/legaldocml/ns/akn/3.0" xsi:schemaLocation="http://docs.oasis-open.org/legaldocml/ns/akn/3.0 http://docs.oasis-open.org/legaldocml/akn-core/v1.0/cos01/part2-specs/schemas/akomantoso30.xsd"><act name="UnitedKingdomStatutoryInstrument"><meta><identification source="#source"><FRBRWork><FRBRthis value="http://www.legislation.gov.uk/id/uksi/1996/161"/><FRBRuri value="http://www.legislation.gov.uk/id/uksi/1996/161"/><FRBRdate date="1996-01-30" name="made"/><FRBRauthor href="http://www.legislation.gov.uk/id/government/uk"/><FRBRcountry value="GB-UKM"/><FRBRsubtype value="order"/><FRBRnumber value="161"/><FRBRname value="S.I. 1996/161"/><FRBRprescriptive value="true"/></FRBRWork><FRBRExpression><FRBRthis value="http://www.legislation.gov.uk/uksi/1996/161/made"/><FRBRuri value="http://www.legislation.gov.uk/uksi/1996/161/made"/><FRBRdate date="1996-01-30" name="made"/><FRBRauthor href="#source"/><FRBRlanguage language="eng"/></FRBRExpression><FRBRManifestation><FRBRthis value="http://www.legislation.gov.uk/uksi/1996/161/made/data.akn"/><FRBRuri value="http://www.legislation.gov.uk/uksi/1996/161/made/data.akn"/><FRBRdate date="2021-07-26+01:00" name="transform"/><FRBRauthor href="http://www.legislation.gov.uk"/><FRBRformat value="application/akn+xml"/></FRBRManifestation></identification><classification source="#source"><keyword value="urban development" showAs="Urban development" dictionary="http://www.legislation.gov.uk"/><keyword value="housing, england and wales" showAs="HOUSING, ENGLAND AND WALES" dictionary="http://www.legislation.gov.uk"/></classification><lifecycle source="#source"><eventRef date="1996-01-30" type="generation" eId="made-date" source="#source"/><eventRef date="1996-02-20" eId="coming-into-force-date-1" source="#source"/></lifecycle><references source="#source"><TLCOrganization eId="source" href="http://www.legislation.gov.uk/id/publisher/KingsOrQueensPrinterOfActsOfParliament" showAs="Queen's Printer of Acts of Parliament"/><TLCOrganization eId="ref-d4e132" href="/ontology/organization/uk.Department of the Environment" showAs="Department of the Environment"/><TLCRole eId="ref-d4e130" href="/ontology/role/uk.Minister of State," showAs="Minister of State,"/><TLCRole eId="ref-d4e146" href="/ontology/role/uk.Two of the Lords Commissioners of Her Majesty’s Treasury" showAs="Two of the Lords Commissioners of Her Majesty’s Treasury"/><TLCPerson eId="ref-d4e128" href="/ontology/persons/uk.DavidCurry" showAs="David Curry"/><TLCPerson eId="ref-d4e142" href="/ontology/persons/uk.SimonBurns" showAs="Simon Burns"/><TLCPerson eId="ref-d4e144" href="/ontology/persons/uk.LiamFox" showAs="Liam Fox"/><TLCConcept href="/uk/subject/housing-england-and-wales" showAs="HOUSING, ENGLAND AND WALES" eId="d4e56"/></references><notes source="#source"><note class="footnote" eId="f00001"><p><ref href="http://www.legislation.gov.uk/id/ukpga/1985/68">1985 c. 68</ref>.</p></note><note class="footnote" eId="f00002"><p>Section 442(5) was amended by the Building Societies Act <ref href="http://www.legislation.gov.uk/id/ukpga/1986/53">1986 (c. 53)</ref>, Schedule 18, paragraph 18(2).</p></note></notes><proprietary xmlns:ukl="http://www.legislation.gov.uk/namespaces/legislation" xmlns:ukm="http://www.legislation.gov.uk/namespaces/metadata" xmlns:dc="http://purl.org/dc/elements/1.1/" xmlns:dct="http://purl.org/dc/terms/" xmlns:atom="http://www.w3.org/2005/Atom" source="#source"><dc:identifier>http://www.legislation.gov.uk/uksi/1996/161/made</dc:identifier><dc:title>The Mortgage Indemnities (Recognised Bodies) Order 1996</dc:title><dc:subject>Urban development</dc:subject><dc:publisher>Queen's Printer of Acts of Parliament</dc:publisher><dc:modified>2011-07-04</dc:modified><dc:subject scheme="SIheading">HOUSING, ENGLAND AND WALES</dc:subject><dc:description>This Order specifies four additional bodies as recognised bodies for the purposes of sections 442 and 443 of the Housing Act 1985. Other bodies have been specified by previous Orders.</dc:description><atom:link rel="self" href="http://www.legislation.gov.uk/uksi/1996/161/made/data.xml" type="application/xml"/><atom:link rel="http://www.legislation.gov.uk/def/navigation/resources" href="http://www.legislation.gov.uk/uksi/1996/161/resources" title="More Resources"/><atom:link rel="http://www.legislation.gov.uk/def/navigation/act" href="http://www.legislation.gov.uk/uksi/1996/161/made" title="whole act"/><atom:link rel="http://www.legislation.gov.uk/def/navigation/introduction" href="http://www.legislation.gov.uk/uksi/1996/161/introduction/made" title="introduction"/><atom:link rel="http://www.legislation.gov.uk/def/navigation/signature" href="http://www.legislation.gov.uk/uksi/1996/161/signature/made" title="signature"/><atom:link rel="http://www.legislation.gov.uk/def/navigation/note" href="http://www.legislation.gov.uk/uksi/1996/161/note/made" title="note"/><atom:link rel="http://www.legislation.gov.uk/def/navigation/body" href="http://www.legislation.gov.uk/uksi/1996/161/body/made" title="body"/><atom:link rel="alternate" type="application/rdf+xml" href="http://www.legislation.gov.uk/uksi/1996/161/made/data.rdf" title="RDF/XML"/><atom:link rel="alternate" type="application/akn+xml" href="http://www.legislation.gov.uk/uksi/1996/161/made/data.akn" title="AKN"/><atom:link rel="alternate" type="application/xhtml+xml" href="http://www.legislation.gov.uk/uksi/1996/161/made/data.xht" title="HTML snippet"/><atom:link rel="alternate" type="application/pdf" href="http://www.legislation.gov.uk/uksi/1996/161/made/data.pdf" title="PDF"/><atom:link rel="alternate" type="application/akn+xhtml" href="http://www.legislation.gov.uk/uksi/1996/161/made/data.html" title="HTML5 snippet"/><atom:link rel="http://purl.org/dc/terms/tableOfContents" hreflang="en" href="http://www.legislation.gov.uk/uksi/1996/161/contents/made" title="Table of Contents"/><ukm:SecondaryMetadata><ukm:DocumentClassification><ukm:DocumentCategory Value="secondary"/><ukm:DocumentMainType Value="UnitedKingdomStatutoryInstrument"/><ukm:DocumentStatus Value="final"/><ukm:DocumentMinorType Value="order"/></ukm:DocumentClassification><ukm:Year Value="1996"/><ukm:Number Value="161"/><ukm:DepartmentCode Value="DOE 0492"/><ukm:Made Date="1996-01-30"/><ukm:ComingIntoForce><ukm:DateTime Date="1996-02-20"/></ukm:ComingIntoForce><ukm:ISBN Value="0110539893"/></ukm:SecondaryMetadata><ukm:Statistics><ukm:TotalParagraphs Value="2"/><ukm:BodyParagraphs Value="2"/><ukm:ScheduleParagraphs Value="0"/><ukm:AttachmentParagraphs Value="0"/><ukm:TotalImages Value="0"/></ukm:Statistics></proprietary></meta><preface><p class="number"><docNumber>1996 No. 161</docNumber></p><block name="subject"><concept class="title" refersTo="#d4e56">HOUSING, ENGLAND AND WALES</concept></block><p class="title"><shortTitle>The Mortgage Indemnities (Recognised Bodies) Order 1996</shortTitle></p><p class="MadeDate"><span>Made</span><docDate date="1996-01-30">30th January 1996</docDate></p><p class="ComingIntoForce"><span>Coming into force</span><docDate date="1996-02-20">20th February 1996</docDate></p></preface><preamble><formula name="EnactingText"><p>The Secretary of State, in exercise of the powers conferred on him by section 444(1) of the Housing Act 1985<noteRef href="#f00001" class="footnote" marker="1"/> and of all other powers enabling him in that behalf, and with the consent of the Treasury, hereby makes the following Order—</p></formula></preamble><body><article eId="article-1"><num>1</num><heading>Citation and commencement</heading><content><p>This Order may be cited as the Mortgage Indemnities (Recognised Bodies) Order 1996 and shall come into force on 20th February 1996.</p></content></article><article eId="article-2"><num>2</num><heading>Specified Bodies</heading><intro><p>The following bodies are hereby specified as recognised bodies for the purposes of sections 442<noteRef href="#f00002" class="footnote" marker="2"/> and 443 of the Housing Act 1985 (agreements to indemnify mortgages and contributions to mortgage costs)—</p></intro><subparagraph eId="article-2-a"><num>a</num><content><p>Bradford &amp; Bingley Loans Limited;</p></content></subparagraph><subparagraph eId="article-2-b"><num>b</num><content><p>Bradford &amp; Bingley Management Limited;</p></content></subparagraph><subparagraph eId="article-2-c"><num>c</num><content><p>Bradford &amp; Bingley Secured Loans Limited;</p></content></subparagraph><subparagraph eId="article-2-d"><num>d</num><content><p>Bradford &amp; Bingley Secured Loans Management Limited.</p></content></subparagraph></article><hcontainer name="signatures"><content><p>Signed by authority of the Secretary of State for the Environment</p><block name="signature"><signature><person refersTo="#ref-d4e128">David Curry</person><role refersTo="#ref-d4e130">Minister of State,</role><organization refersTo="#ref-d4e132">Department of the Environment</organization><date date="1996-01-25">25th January 1996</date></signature></block><p>We consent,</p><block name="signature"><signature><person refersTo="#ref-d4e142">Simon Burns</person><person refersTo="#ref-d4e144">Liam Fox</person><role refersTo="#ref-d4e146">Two of the Lords Commissioners of Her Majesty’s Treasury</role><date date="1996-01-30">30th January 1996</date></signature></block></content></hcontainer></body><conclusions><blockContainer class="ExplanatoryNotes"><intro><p>(This note is not part of the Order)</p></intro><p><authorialNote><p>This Order specifies four additional bodies as recognised bodies for the purposes of sections 442 and 443 of the Housing Act 1985. Other bodies have been specified by previous Orders.</p><p>Section 442 provides for a local authority, with the approval of the Secretary of State, to enter into agreements with a recognised body to indemnify such a body against any loss or expense arising from an advance made by it on the security of a house or flat bought from a local authority, a new town corporation, an urban development corporation, the Housing Corporation, Housing for Wales, Scottish Homes or a registered housing association.</p><p>Section 443 provides for a local authority to contribute towards costs incurred in connection with a legal charge to secure an advance.</p></authorialNote></p></blockContainer></conclusions></act></akomaNtoso>