<akomaNtoso xmlns:xsi="http://www.w3.org/2001/XMLSchema-instance" xmlns="http://docs.oasis-open.org/legaldocml/ns/akn/3.0" xsi:schemaLocation="http://docs.oasis-open.org/legaldocml/ns/akn/3.0 http://docs.oasis-open.org/legaldocml/akn-core/v1.0/cos01/part2-specs/schemas/akomantoso30.xsd"><act name="UnitedKingdomStatutoryInstrument"><meta><identification source="#source"><FRBRWork><FRBRthis value="http://www.legislation.gov.uk/id/uksi/1996/30"/><FRBRuri value="http://www.legislation.gov.uk/id/uksi/1996/30"/><FRBRdate date="1996-01-11" name="made"/><FRBRauthor href="http://www.legislation.gov.uk/id/government/uk"/><FRBRcountry value="GB-UKM"/><FRBRsubtype value="regulation"/><FRBRnumber value="30"/><FRBRname value="S.I. 1996/30"/><FRBRprescriptive value="true"/></FRBRWork><FRBRExpression><FRBRthis value="http://www.legislation.gov.uk/uksi/1996/30/made"/><FRBRuri value="http://www.legislation.gov.uk/uksi/1996/30/made"/><FRBRdate date="1996-01-11" name="made"/><FRBRauthor href="#source"/><FRBRlanguage language="eng"/></FRBRExpression><FRBRManifestation><FRBRthis value="http://www.legislation.gov.uk/uksi/1996/30/made/data.akn"/><FRBRuri value="http://www.legislation.gov.uk/uksi/1996/30/made/data.akn"/><FRBRdate date="2021-07-26+01:00" name="transform"/><FRBRauthor href="http://www.legislation.gov.uk"/><FRBRformat value="application/akn+xml"/></FRBRManifestation></identification><classification source="#source"><keyword value="benefits" showAs="Benefits" dictionary="http://www.legislation.gov.uk"/><keyword value="income support" showAs="Income support" dictionary="http://www.legislation.gov.uk"/><keyword value="attendance allowance" showAs="Attendance allowance" dictionary="http://www.legislation.gov.uk"/><keyword value="care" showAs="Care" dictionary="http://www.legislation.gov.uk"/><keyword value="housing benefit" showAs="Housing benefit" dictionary="http://www.legislation.gov.uk"/><keyword value="social security" showAs="SOCIAL SECURITY" dictionary="http://www.legislation.gov.uk"/></classification><lifecycle source="#source"><eventRef date="1996-01-11" type="generation" eId="made-date" source="#source"/><eventRef date="1996-01-11" eId="laid-date-1" source="#source"/><eventRef date="1996-02-05" eId="coming-into-force-date-1" source="#source"/><eventRef date="2014-01-01" type="amendment" source="#source"/></lifecycle><references source="#source"><TLCOrganization eId="source" href="http://www.legislation.gov.uk/id/publisher/KingsOrQueensPrinterOfActsOfParliament" showAs="Queen's Printer of Acts of Parliament"/><passiveRef href="http://www.legislation.gov.uk/id/ukpga/1996/49" showAs="Asylum and Immigration Act 1996"/><passiveRef href="http://www.legislation.gov.uk/id/uksi/2000/636" showAs="The Social Security (Immigration and Asylum) Consequential Amendments Regulations 2000"/><TLCLocation eId="departmentofsocialsecurity" href="/ontology/location/uk.DepartmentofSocialSecurity" showAs="Department of Social Security"/><TLCRole eId="ref-d4e1446" href="/ontology/role/uk.Parliamentary Under-Secretary of State," showAs="Parliamentary Under-Secretary of State,"/><TLCPerson eId="ref-d4e1444" href="/ontology/persons/uk.RogerEvans" showAs="Roger Evans"/><TLCConcept href="/uk/subject/social-security" showAs="SOCIAL SECURITY" eId="d4e230"/></references><notes source="#source"><note class="footnote" eId="f00001"><p><ref href="http://www.legislation.gov.uk/id/ukpga/1992/4">1992 c. 4</ref>; sections 123(1)(e) and 131 of the Social Security Contributions and Benefits Act 1992 were substituted by the Local Government Finance Act <ref href="http://www.legislation.gov.uk/id/ukpga/1992/14">1992 (c. 14)</ref>, section 103 and Schedule 9, paragraphs 1(1) and 4. Section 137(1) which is an interpretation provision is cited because of the meaning assigned to the word "prescribed".</p></note><note class="footnote" eId="f00002"><p><ref href="http://www.legislation.gov.uk/id/ukpga/1992/5">1992 c. 5</ref>.</p></note><note class="footnote" eId="f00003"><p><em>See</em> the Social Security Administration Act <ref href="http://www.legislation.gov.uk/id/ukpga/1992/5">1992 (c. 5)</ref>, section 176(1).</p></note><note class="footnote" eId="f00004"><p><em>See</em> the Social Security Administration Act <ref href="http://www.legislation.gov.uk/id/ukpga/1992/5">1992 (c. 5)</ref>, section 172(1).</p></note><note class="footnote" eId="f00005"><p><abbr class="Acronym" title="Statutory Instrument">S.I.</abbr><ref href="http://www.legislation.gov.uk/id/uksi/1991/2740">1991/2740</ref>, to which there are amendments not relevant to this regulation.</p></note><note class="footnote" eId="f00006"><p><abbr class="Acronym" title="Statutory Instrument">S.I.</abbr><ref href="http://www.legislation.gov.uk/id/uksi/1992/1814">1992/1814</ref>, to which there are amendments not relevant to this regulation.</p></note><note class="footnote" eId="f00007"><p><abbr class="Acronym" title="Statutory Instrument">S.I.</abbr><ref href="http://www.legislation.gov.uk/id/uksi/1991/2890">1991/2890</ref>, to which there are amendments not relevant to this regulation.</p></note><note class="footnote" eId="f00008"><p><abbr class="Acronym" title="Statutory Instrument">S.I.</abbr><ref href="http://www.legislation.gov.uk/id/uksi/1991/2887">1991/2887</ref>, to which there are amendments not relevant to this regulation.</p></note><note class="footnote" eId="f00009"><p><abbr class="Acronym" title="Statutory Instrument">S.I.</abbr><ref href="http://www.legislation.gov.uk/id/uksi/1987/1973">1987/1973</ref>, to which there are amendments not relevant to this regulation.</p></note><note class="footnote" eId="f00010"><p><abbr class="Acronym" title="Statutory Instrument">S.I.</abbr><ref href="http://www.legislation.gov.uk/id/uksi/1987/1971">1987/1971</ref>, to which there are amendments not relevant to this regulation.</p></note><note class="footnote" eId="f00011"><p><abbr class="Acronym" title="Statutory Instrument">S.I.</abbr><ref href="http://www.legislation.gov.uk/id/uksi/1976/409">1976/409</ref>, to which there are amendments not relevant to this regulation.</p></note><note class="footnote" eId="f00012"><p><abbr class="Acronym" title="Statutory Instrument">S.I.</abbr><ref href="http://www.legislation.gov.uk/id/uksi/1987/1967">1987/1967</ref>, to which there are amendments not relevant to this regulation.</p></note><note class="footnote" eId="f00013"><p><abbr class="Acronym" title="Statutory Instrument">S.I.</abbr><ref href="http://www.legislation.gov.uk/id/uksi/1988/664">1988/664</ref>, to which there are amendments not relevant to this regulation.</p></note><note class="footnote" eId="f00014"><p><abbr class="Acronym" title="Statutory Instrument">S.I.</abbr><ref href="http://www.legislation.gov.uk/id/uksi/1984/1303">1984/1303</ref>, to which there are amendments not relevant to this regulation.</p></note><note class="footnote" eId="f00015"><p><abbr title="Command" xml:lang="">Cmd.</abbr> 9171.</p></note><note class="footnote" eId="f00016"><p><abbr title="Command Paper" xml:lang="">Cmnd.</abbr> 3906.</p></note><note class="footnote" eId="f00017"><p><ref href="http://www.legislation.gov.uk/id/ukpga/1971/77">1971 c. 77</ref>.</p></note><note class="footnote" eId="f00018"><p><abbr class="Acronym" title="Official Journal">OJ</abbr><abbr title="Number" xml:lang="">No.</abbr> L 1, 3.1.1994, p.7.</p></note><note class="footnote" eId="f00019"><p>Article 238 was amended by article G(84) of the Treaty on European Union.</p></note><note class="footnote" eId="f00020"><p>The title of the Treaty of Rome was amended by Article G(1) of the Treaty on European Union.</p></note><note class="footnote" eId="f00021"><p><ref href="http://www.legislation.gov.uk/id/ukpga/1992/5">1992 c. 5</ref>.</p></note><note class="footnote" eId="f00022"><p>Regulation 4A was inserted by <abbr class="Acronym" title="Statutory Instrument">S.I.</abbr><ref href="http://www.legislation.gov.uk/id/uksi/1994/470">1994/470</ref> and further amended by <abbr class="Acronym" title="Statutory Instrument">S.I.</abbr><ref href="http://www.legislation.gov.uk/id/uksi/1994/1807">1994/1807</ref>.</p></note><note class="footnote" eId="f00023"><p><abbr class="Acronym" title="Statutory Instrument">S.I.</abbr><ref href="http://www.legislation.gov.uk/id/uksi/1993/1661">1993/1661</ref>.</p></note><note class="footnote" eId="f00024"><p><abbr title="Command" xml:lang="">Cmd.</abbr> 9171.</p></note><note class="footnote" eId="f00025"><p><abbr title="Command Paper" xml:lang="">Cmnd.</abbr> 3906.</p></note><note class="footnote" eId="f00026"><p>Regulation 2 was amended by <abbr class="Acronym" title="Statutory Instrument">S.I.</abbr><ref href="http://www.legislation.gov.uk/id/uksi/1993/1939">1993/1939</ref>.</p></note><note class="footnote" eId="f00027"><p><abbr title="Command" xml:lang="">Cmd.</abbr> 9171.</p></note><note class="footnote" eId="f00028"><p><abbr title="Command Paper" xml:lang="">Cmnd.</abbr> 3906.</p></note><note class="footnote" eId="f00029"><p><ref href="http://www.legislation.gov.uk/id/ukpga/1971/77">1971 c. 77</ref>.</p></note><note class="footnote" eId="f00030"><p><abbr class="Acronym" title="Official Journal">OJ</abbr><abbr title="Number" xml:lang="">No.</abbr> L 1, 3.1.1994, p.7.</p></note><note class="footnote" eId="f00031"><p>Article 238 was amended by article G(84) of the Treaty on European Union.</p></note><note class="footnote" eId="f00032"><p>The title of the Treaty of Rome was amended by Article G(1) of the Treaty on European Union.</p></note><note class="footnote" eId="f00033"><p><abbr title="Command" xml:lang="">Cmd.</abbr> 9171.</p></note><note class="footnote" eId="f00034"><p><abbr title="Command Paper" xml:lang="">Cmnd.</abbr> 3906.</p></note><note class="footnote" eId="f00035"><p><ref href="http://www.legislation.gov.uk/id/ukpga/1971/77">1971 c. 77</ref>.</p></note><note class="footnote" eId="f00036"><p><abbr class="Acronym" title="Official Journal">OJ</abbr><abbr title="Number" xml:lang="">No.</abbr> L 1, 3.1.1994, p.7.</p></note><note class="footnote" eId="f00037"><p>Article 238 was amended by article G(84) of the Treaty on European Union.</p></note><note class="footnote" eId="f00038"><p>The title of the Treaty of Rome was amended by Article G(1) of the Treaty on European Union.</p></note><note class="footnote" eId="f00039"><p>Regulation 3 was amended by <abbr class="Acronym" title="Statutory Instrument">S.I.</abbr><ref href="http://www.legislation.gov.uk/id/uksi/1991/2742">1991/2742</ref>.</p></note><note class="footnote" eId="f00040"><p><abbr title="Command" xml:lang="">Cmd.</abbr> 9171.</p></note><note class="footnote" eId="f00041"><p><abbr title="Command Paper" xml:lang="">Cmnd.</abbr> 3906.</p></note><note class="footnote" eId="f00042"><p><ref href="http://www.legislation.gov.uk/id/ukpga/1971/77">1971 c. 77</ref>.</p></note><note class="footnote" eId="f00043"><p><abbr class="Acronym" title="Official Journal">OJ</abbr><abbr title="Number" xml:lang="">No.</abbr> L 1, 3.1.1994, p.7.</p></note><note class="footnote" eId="f00044"><p>Article 238 was amended by article G(84) of the Treaty on European Union.</p></note><note class="footnote" eId="f00045"><p>The title of the Treaty of Rome was amended by Article G(1) of the Treaty on European Union.</p></note><note class="footnote" eId="f00046"><p>Regulation 7A was inserted by <abbr class="Acronym" title="Statutory Instrument">S.I.</abbr><ref href="http://www.legislation.gov.uk/id/uksi/1994/470">1994/470</ref> and further amended by <abbr class="Acronym" title="Statutory Instrument">S.I.</abbr><ref href="http://www.legislation.gov.uk/id/uksi/1994/1807">1994/1807</ref>.</p></note><note class="footnote" eId="f00047"><p><abbr class="Acronym" title="Statutory Instrument">S.I.</abbr><ref href="http://www.legislation.gov.uk/id/uksi/1993/1661">1993/1661</ref>.</p></note><note class="footnote" eId="f00048"><p><abbr title="Command" xml:lang="">Cmd.</abbr> 9171.</p></note><note class="footnote" eId="f00049"><p><abbr title="Command Paper" xml:lang="">Cmnd.</abbr> 3906.</p></note><note class="footnote" eId="f00050"><p>Paragraph 3 was amended by <abbr class="Acronym" title="Statutory Instrument">S.I.</abbr><ref href="http://www.legislation.gov.uk/id/uksi/1990/547">1990/547</ref>, <ref href="http://www.legislation.gov.uk/id/uksi/1991/236">1991/236</ref>, <ref href="http://www.legislation.gov.uk/id/uksi/1992/3147">1992/3147</ref>, <ref href="http://www.legislation.gov.uk/id/uksi/1993/315">1993/315</ref>, <ref href="http://www.legislation.gov.uk/id/uksi/1994/1807">1994/1807</ref> and <ref href="http://www.legislation.gov.uk/id/uksi/1994/2139">2139</ref> and <ref href="http://www.legislation.gov.uk/id/uksi/1995/516">1995/516</ref>.</p></note><note class="footnote" eId="f00051"><p><ref href="http://www.legislation.gov.uk/id/ukpga/1971/77">1971 c. 77</ref> as amended by the British Nationality Act <ref href="http://www.legislation.gov.uk/id/ukpga/1981/61">1981 (c. 61)</ref>.</p></note><note class="footnote" eId="f00052"><p>The Convention relating to the Status of Refugees done at Geneva on 28th July 1951 and the Protocol to that Convention.</p></note><note class="footnote" eId="f00053"><p>Sub-paragraph (d) of paragraph (3) was omitted by <abbr class="Acronym" title="Statutory Instrument">S.I.</abbr><ref href="http://www.legislation.gov.uk/id/uksi/1993/1679">1993/1679</ref>.</p></note><note class="footnote" eId="f00054"><p>Paragraph (3A) was inserted by <abbr class="Acronym" title="Statutory Instrument">S.I.</abbr><ref href="http://www.legislation.gov.uk/id/uksi/1993/1679">1993/1679</ref>.</p></note><note class="footnote" eId="f00055"><p><abbr class="Acronym" title="Statutory Instrument">S.I.</abbr><ref href="http://www.legislation.gov.uk/id/uksi/1993/1661">1993/1661</ref>.</p></note><note class="footnote" eId="f00056"><p>Regulation 9 was amended by <abbr class="Acronym" title="Statutory Instrument">S.I.</abbr><ref href="http://www.legislation.gov.uk/id/uksi/1977/342">1977/342</ref> and <ref href="http://www.legislation.gov.uk/id/uksi/1991/2742">1991/2742</ref>.</p></note><note class="footnote" eId="f00057"><p><abbr title="Command" xml:lang="">Cmd.</abbr> 9171.</p></note><note class="footnote" eId="f00058"><p><abbr title="Command Paper" xml:lang="">Cmnd.</abbr> 3906.</p></note><note class="footnote" eId="f00059"><p><ref href="http://www.legislation.gov.uk/id/ukpga/1971/77">1971 c. 77</ref>.</p></note><note class="footnote" eId="f00060"><p><abbr class="Acronym" title="Official Journal">OJ</abbr><abbr title="Number" xml:lang="">No.</abbr> L 1, 3.1.1994, p.7.</p></note><note class="footnote" eId="f00061"><p>Article 238 was amended by article G(84) of the Treaty on European Union.</p></note><note class="footnote" eId="f00062"><p>The title of the Treaty of Rome was amended by Article G(1) of the Treaty on European Union.</p></note><note class="footnote" eId="f00063"><p>Regulation 2 was amended by <abbr class="Acronym" title="Statutory Instrument">S.I.</abbr><ref href="http://www.legislation.gov.uk/id/uksi/1991/2742">1991/2742</ref> and <ref href="http://www.legislation.gov.uk/id/uksi/1993/650">1993/650</ref>.</p></note><note class="footnote" eId="f00064"><p>Regulation 3 was amended by <abbr class="Acronym" title="Statutory Instrument">S.I.</abbr><ref href="http://www.legislation.gov.uk/id/uksi/1991/1747">1991/1747</ref>, <ref href="http://www.legislation.gov.uk/id/uksi/1992/704">1992/704</ref> and <ref href="http://www.legislation.gov.uk/id/uksi/1994/2947">1994/2947</ref>.</p></note><note class="footnote" eId="f00065"><p><abbr title="Command" xml:lang="">Cmd.</abbr> 9171.</p></note><note class="footnote" eId="f00066"><p><abbr title="Command Paper" xml:lang="">Cmnd.</abbr> 3906.</p></note><note class="footnote" eId="f00067"><p><ref href="http://www.legislation.gov.uk/id/ukpga/1971/77">1971 c. 77</ref>.</p></note><note class="footnote" eId="f00068"><p><abbr class="Acronym" title="Official Journal">OJ</abbr><abbr title="Number" xml:lang="">No.</abbr> L 1, 3.1.1994, p.7.</p></note><note class="footnote" eId="f00069"><p>Article 238 was amended by article G(84) of the Treaty on European Union.</p></note><note class="footnote" eId="f00070"><p>The title of the Treaty of Rome was amended by Article G(1) of the Treaty on European Union.</p></note><note class="footnote" eId="f00071"><p><ref href="http://www.legislation.gov.uk/id/ukpga/1992/5">1992 c. 5</ref>.</p></note></notes><proprietary xmlns:ukl="http://www.legislation.gov.uk/namespaces/legislation" xmlns:ukm="http://www.legislation.gov.uk/namespaces/metadata" xmlns:dc="http://purl.org/dc/elements/1.1/" xmlns:dct="http://purl.org/dc/terms/" xmlns:atom="http://www.w3.org/2005/Atom" source="#source"><dc:identifier>http://www.legislation.gov.uk/uksi/1996/30/made</dc:identifier><dc:title>The Social Security (Persons From Abroad) Miscellaneous Amendments Regulations 1996</dc:title><dc:subject>Benefits</dc:subject><dc:subject>Income support</dc:subject><dc:subject>Attendance allowance</dc:subject><dc:subject>Care</dc:subject><dc:subject>Housing benefit</dc:subject><dc:publisher>Queen's Printer of Acts of Parliament</dc:publisher><dc:modified>2016-01-11</dc:modified><dc:subject scheme="SIheading">SOCIAL SECURITY</dc:subject><dc:description>These Regulations further amend the Social Security (Attendance Allowance) Regulations 1991 (S.I. 1991/2740), the Council Tax Benefit (General) Regulations 1992 (S.I. 1992/1814), the Social Security (Disability Living Allowance) Regulations 1991 (S.I. 1991/2890), the Disability Working Allowance (General) Regulations 1991 (S.I. 1991/2887), the Family Credit (General) Regulations 1987 (S.I. 1987/1973), the Housing Benefit (General) Regulations 1987 (S.I. 1987/1971), the Social Security (Invalid Care Allowance) Regulations 1976 (S.I. 1976/409), the Income Support (General) Regulations 1987 (S.I. 1987/1967), the Social Security (Payments on account, Overpayments and Recovery) Regulations 1988 (S.I. 1988/664) and the Social Security (Severe Disablement Allowance) Regulations 1984 (S.I. 1984/1303).</dc:description><atom:link rel="self" href="http://www.legislation.gov.uk/uksi/1996/30/made/data.xml" type="application/xml"/><atom:link rel="http://www.legislation.gov.uk/def/navigation/resources" href="http://www.legislation.gov.uk/uksi/1996/30/resources" title="More Resources"/><atom:link rel="http://www.legislation.gov.uk/def/navigation/act" href="http://www.legislation.gov.uk/uksi/1996/30/made" title="whole act"/><atom:link rel="http://www.legislation.gov.uk/def/navigation/introduction" href="http://www.legislation.gov.uk/uksi/1996/30/introduction/made" title="introduction"/><atom:link rel="http://www.legislation.gov.uk/def/navigation/signature" href="http://www.legislation.gov.uk/uksi/1996/30/signature/made" title="signature"/><atom:link rel="http://www.legislation.gov.uk/def/navigation/note" href="http://www.legislation.gov.uk/uksi/1996/30/note/made" title="note"/><atom:link rel="http://www.legislation.gov.uk/def/navigation/body" href="http://www.legislation.gov.uk/uksi/1996/30/body/made" title="body"/><atom:link rel="alternate" type="application/rdf+xml" href="http://www.legislation.gov.uk/uksi/1996/30/made/data.rdf" title="RDF/XML"/><atom:link rel="alternate" type="application/akn+xml" href="http://www.legislation.gov.uk/uksi/1996/30/made/data.akn" title="AKN"/><atom:link rel="alternate" type="application/xhtml+xml" href="http://www.legislation.gov.uk/uksi/1996/30/made/data.xht" title="HTML snippet"/><atom:link rel="alternate" type="application/pdf" href="http://www.legislation.gov.uk/uksi/1996/30/made/data.pdf" title="PDF"/><atom:link rel="alternate" type="application/akn+xhtml" href="http://www.legislation.gov.uk/uksi/1996/30/made/data.html" title="HTML5 snippet"/><atom:link rel="alternate" href="http://www.legislation.gov.uk/uksi/1996/30/pdfs/uksi_19960030_301114_en.pdf" type="application/pdf" title="Revised PDF"/><atom:link rel="http://purl.org/dc/terms/tableOfContents" hreflang="en" href="http://www.legislation.gov.uk/uksi/1996/30/contents/made" title="Table of Contents"/><atom:link rel="http://purl.org/dc/terms/hasVersion" href="http://www.legislation.gov.uk/uksi/1996/30/2014-01-01" title="2014-01-01"/><atom:link rel="http://purl.org/dc/terms/hasVersion" href="http://www.legislation.gov.uk/uksi/1996/30" title="current"/><ukm:SecondaryMetadata><ukm:DocumentClassification><ukm:DocumentCategory Value="secondary"/><ukm:DocumentMainType Value="UnitedKingdomStatutoryInstrument"/><ukm:DocumentStatus Value="final"/><ukm:DocumentMinorType Value="regulation"/></ukm:DocumentClassification><ukm:Year Value="1996"/><ukm:Number Value="30"/><ukm:Made Date="1996-01-11"/><ukm:Laid Date="1996-01-11" Class="UnitedKingdomParliament"/><ukm:ComingIntoForce><ukm:DateTime Date="1996-02-05"/></ukm:ComingIntoForce><ukm:ISBN Value="0110538846"/><ukm:UnappliedEffects><ukm:UnappliedEffect EffectId="key-12ca9900fb44459e04d1d83acc25a293" AffectedURI="http://www.legislation.gov.uk/id/uksi/1996/30" AffectedClass="UnitedKingdomStatutoryInstrument" AffectingURI="http://www.legislation.gov.uk/id/ukpga/1996/49" AffectingClass="UnitedKingdomPublicGeneralAct" URI="http://www.legislation.gov.uk/id/effect/key-12ca9900fb44459e04d1d83acc25a293" Row="3985" Type="am. (prosp.)" RequiresApplied="true" AffectedProvisions="reg.3(a)-(c)" Comments="reg.3(a)-(c) am. (prosp.)" AffectingYear="1996" AffectingNumber="49" AffectingProvisions="s. 11(4), Sch.1, Pt.I, para.4" AffectedYear="1996" AffectedNumber="30" Created="2019-05-02T00:00:00" Modified="2019-05-02T00:00:00"><ukm:AffectedTitle>The Social Security (Persons From Abroad) Miscellaneous Amendments Regulations 1996</ukm:AffectedTitle><ukm:AffectedProvisions><ukm:Section Ref="regulation-3-a-c" URI="http://www.legislation.gov.uk/id/uksi/1996/30/regulation/3/a/c" FoundRef="regulation-3">reg.3(a)-(c)</ukm:Section></ukm:AffectedProvisions><ukm:AffectingTitle>Asylum and Immigration Act 1996</ukm:AffectingTitle><ukm:AffectingProvisions><ukm:Section Ref="section-11-4" URI="http://www.legislation.gov.uk/id/ukpga/1996/49/section/11/4">s. 11(4)</ukm:Section><ukm:Section Ref="schedule-1" URI="http://www.legislation.gov.uk/id/ukpga/1996/49/schedule/1">Sch.1 Pt.I </ukm:Section><ukm:Section Ref="schedule-1-paragraph-4" URI="http://www.legislation.gov.uk/id/ukpga/1996/49/schedule/1/paragraph/4">para.4</ukm:Section></ukm:AffectingProvisions><ukm:InForceDates><ukm:InForce Applied="false" Prospective="true" Qualification=""/></ukm:InForceDates></ukm:UnappliedEffect><ukm:UnappliedEffect EffectId="key-7dc6dd272790fb2336321bc037b8a450" AffectedURI="http://www.legislation.gov.uk/id/uksi/1996/30" AffectedClass="UnitedKingdomStatutoryInstrument" AffectingURI="http://www.legislation.gov.uk/id/ukpga/1996/49" AffectingClass="UnitedKingdomPublicGeneralAct" URI="http://www.legislation.gov.uk/id/effect/key-7dc6dd272790fb2336321bc037b8a450" Row="3986" Type="am. (prosp.)" RequiresApplied="true" AffectedProvisions="reg.7(a)-(c)" Comments="reg.7(a)-(c) am. (prosp.)" AffectingYear="1996" AffectingNumber="49" AffectingProvisions="s. 11(4), Sch.1, Pt.I, para.3" AffectedYear="1996" AffectedNumber="30" Created="2019-05-02T00:00:00" Modified="2019-05-02T00:00:00"><ukm:AffectedTitle>The Social Security (Persons From Abroad) Miscellaneous Amendments Regulations 1996</ukm:AffectedTitle><ukm:AffectedProvisions><ukm:Section Ref="regulation-7-a-c" URI="http://www.legislation.gov.uk/id/uksi/1996/30/regulation/7/a/c" FoundRef="regulation-7">reg.7(a)-(c)</ukm:Section></ukm:AffectedProvisions><ukm:AffectingTitle>Asylum and Immigration Act 1996</ukm:AffectingTitle><ukm:AffectingProvisions><ukm:Section Ref="section-11-4" URI="http://www.legislation.gov.uk/id/ukpga/1996/49/section/11/4">s. 11(4)</ukm:Section><ukm:Section Ref="schedule-1" URI="http://www.legislation.gov.uk/id/ukpga/1996/49/schedule/1">Sch.1 Pt.I </ukm:Section><ukm:Section Ref="schedule-1-paragraph-3" URI="http://www.legislation.gov.uk/id/ukpga/1996/49/schedule/1/paragraph/3">para.3</ukm:Section></ukm:AffectingProvisions><ukm:InForceDates><ukm:InForce Applied="false" Prospective="true" Qualification=""/></ukm:InForceDates></ukm:UnappliedEffect><ukm:UnappliedEffect EffectId="key-0da0b1cf522790e16452a1edf9e01094" AffectedURI="http://www.legislation.gov.uk/id/uksi/1996/30" AffectedClass="UnitedKingdomStatutoryInstrument" AffectingURI="http://www.legislation.gov.uk/id/ukpga/1996/49" AffectingClass="UnitedKingdomPublicGeneralAct" URI="http://www.legislation.gov.uk/id/effect/key-0da0b1cf522790e16452a1edf9e01094" Row="3987" Type="am. (prosp.)" RequiresApplied="true" AffectedProvisions="reg.8(2)(3)(c)(d)" Comments="reg.8(2)(3)(c)(d) am. (prosp.)" AffectingYear="1996" AffectingNumber="49" AffectingProvisions="s.11(4), Sch.1, Pt.I, para.2" AffectedYear="1996" AffectedNumber="30" Created="2019-05-02T00:00:00" Modified="2019-05-02T00:00:00"><ukm:AffectedTitle>The Social Security (Persons From Abroad) Miscellaneous Amendments Regulations 1996</ukm:AffectedTitle><ukm:AffectedProvisions><ukm:Section Ref="regulation-8-2" URI="http://www.legislation.gov.uk/id/uksi/1996/30/regulation/8/2">reg.8(2)</ukm:Section><ukm:Section Ref="regulation-8-3-c" URI="http://www.legislation.gov.uk/id/uksi/1996/30/regulation/8/3/c">reg.8(3)(c)</ukm:Section><ukm:Section Ref="regulation-8-3-d" URI="http://www.legislation.gov.uk/id/uksi/1996/30/regulation/8/3/d">(d)</ukm:Section></ukm:AffectedProvisions><ukm:AffectingTitle>Asylum and Immigration Act 1996</ukm:AffectingTitle><ukm:AffectingProvisions><ukm:Section Ref="section-11-4" URI="http://www.legislation.gov.uk/id/ukpga/1996/49/section/11/4">s.11(4)</ukm:Section><ukm:Section Ref="schedule-1" URI="http://www.legislation.gov.uk/id/ukpga/1996/49/schedule/1">Sch.1 Pt.I </ukm:Section><ukm:Section Ref="schedule-1-paragraph-2" URI="http://www.legislation.gov.uk/id/ukpga/1996/49/schedule/1/paragraph/2">para.2</ukm:Section></ukm:AffectingProvisions><ukm:InForceDates><ukm:InForce Applied="false" Prospective="true" Qualification=""/></ukm:InForceDates></ukm:UnappliedEffect><ukm:UnappliedEffect EffectId="key-35492832d2e841b133b261cd71a9e5f9" AffectedURI="http://www.legislation.gov.uk/id/uksi/1996/30" AffectedClass="UnitedKingdomStatutoryInstrument" AffectingURI="http://www.legislation.gov.uk/id/ukpga/1996/49" AffectingClass="UnitedKingdomPublicGeneralAct" URI="http://www.legislation.gov.uk/id/effect/key-35492832d2e841b133b261cd71a9e5f9" Row="3988" Type="amended" RequiresApplied="true" AffectedProvisions="reg.12(1)" Comments="reg.12(1) am. (prosp.)" AffectingYear="1996" AffectingNumber="49" AffectingProvisions="s.11(4), Sch.1, Pt.I, para.5" AffectedYear="1996" AffectedNumber="30" Created="2019-05-02T00:00:00" Modified="2019-05-02T00:00:00"><ukm:AffectedTitle>The Social Security (Persons From Abroad) Miscellaneous Amendments Regulations 1996</ukm:AffectedTitle><ukm:AffectedProvisions><ukm:Section Ref="regulation-12-1" URI="http://www.legislation.gov.uk/id/uksi/1996/30/regulation/12/1">reg.12(1)</ukm:Section></ukm:AffectedProvisions><ukm:AffectingTitle>Asylum and Immigration Act 1996</ukm:AffectingTitle><ukm:AffectingProvisions><ukm:Section Ref="section-11-4" URI="http://www.legislation.gov.uk/id/ukpga/1996/49/section/11/4">s.11(4)</ukm:Section><ukm:Section Ref="schedule-1" URI="http://www.legislation.gov.uk/id/ukpga/1996/49/schedule/1">Sch.1 Pt.I </ukm:Section><ukm:Section Ref="schedule-1-paragraph-5" URI="http://www.legislation.gov.uk/id/ukpga/1996/49/schedule/1/paragraph/5">para.5</ukm:Section></ukm:AffectingProvisions><ukm:InForceDates><ukm:InForce Applied="false" Prospective="true" Qualification=""/></ukm:InForceDates></ukm:UnappliedEffect><ukm:UnappliedEffect EffectId="key-12ca9900fb44459e04d1d83acc25a293" AffectedURI="http://www.legislation.gov.uk/id/uksi/1996/30" AffectedClass="UnitedKingdomStatutoryInstrument" AffectingURI="http://www.legislation.gov.uk/id/ukpga/1996/49" AffectingClass="UnitedKingdomPublicGeneralAct" URI="http://www.legislation.gov.uk/id/effect/upload-b507ayy3--76" Row="81" Type="am. (prosp.)" RequiresApplied="true" AffectedProvisions="reg.3(a)-(c)" Comments="reg.3(a)-(c) am. (prosp.)" AffectingYear="1996" AffectingNumber="49" AffectingProvisions="s. 11(4), Sch.1, Pt.I, para.4" AffectedYear="1996" AffectedNumber="30" Created="2019-07-11T00:00:00" Modified="2019-07-11T00:00:00"><ukm:AffectedTitle>The Social Security (Persons From Abroad) Miscellaneous Amendments Regulations 1996</ukm:AffectedTitle><ukm:AffectedProvisions><ukm:Section Ref="regulation-3-a-c" URI="http://www.legislation.gov.uk/id/uksi/1996/30/regulation/3/a/c" FoundRef="regulation-3">reg.3(a)-(c)</ukm:Section></ukm:AffectedProvisions><ukm:AffectingTitle>Asylum and Immigration Act 1996</ukm:AffectingTitle><ukm:AffectingProvisions><ukm:Section Ref="section-11-4" URI="http://www.legislation.gov.uk/id/ukpga/1996/49/section/11/4">s. 11(4)</ukm:Section><ukm:Section Ref="schedule-1-part-I" URI="http://www.legislation.gov.uk/id/ukpga/1996/49/schedule/1/part/I">Sch.1 Pt.I </ukm:Section><ukm:Section Ref="schedule-1-part-I-paragraph-4" URI="http://www.legislation.gov.uk/id/ukpga/1996/49/schedule/1/part/I/paragraph/4" FoundRef="schedule-1-part-I">para.4</ukm:Section></ukm:AffectingProvisions><ukm:InForceDates><ukm:InForce Applied="false" Prospective="true" Qualification=""/></ukm:InForceDates></ukm:UnappliedEffect><ukm:UnappliedEffect EffectId="key-7dc6dd272790fb2336321bc037b8a450" AffectedURI="http://www.legislation.gov.uk/id/uksi/1996/30" AffectedClass="UnitedKingdomStatutoryInstrument" AffectingURI="http://www.legislation.gov.uk/id/ukpga/1996/49" AffectingClass="UnitedKingdomPublicGeneralAct" URI="http://www.legislation.gov.uk/id/effect/upload-b507ayy3--77" Row="82" Type="am. (prosp.)" RequiresApplied="true" AffectedProvisions="reg.7(a)-(c)" Comments="reg.7(a)-(c) am. (prosp.)" AffectingYear="1996" AffectingNumber="49" AffectingProvisions="s. 11(4), Sch.1, Pt.I, para.3" AffectedYear="1996" AffectedNumber="30" Created="2019-07-11T00:00:00" Modified="2019-07-11T00:00:00"><ukm:AffectedTitle>The Social Security (Persons From Abroad) Miscellaneous Amendments Regulations 1996</ukm:AffectedTitle><ukm:AffectedProvisions><ukm:Section Ref="regulation-7-a-c" URI="http://www.legislation.gov.uk/id/uksi/1996/30/regulation/7/a/c" FoundRef="regulation-7">reg.7(a)-(c)</ukm:Section></ukm:AffectedProvisions><ukm:AffectingTitle>Asylum and Immigration Act 1996</ukm:AffectingTitle><ukm:AffectingProvisions><ukm:Section Ref="section-11-4" URI="http://www.legislation.gov.uk/id/ukpga/1996/49/section/11/4">s. 11(4)</ukm:Section><ukm:Section Ref="schedule-1-part-I" URI="http://www.legislation.gov.uk/id/ukpga/1996/49/schedule/1/part/I">Sch.1 Pt.I </ukm:Section><ukm:Section Ref="schedule-1-part-I-paragraph-3" URI="http://www.legislation.gov.uk/id/ukpga/1996/49/schedule/1/part/I/paragraph/3" FoundRef="schedule-1-part-I">para.3</ukm:Section></ukm:AffectingProvisions><ukm:InForceDates><ukm:InForce Applied="false" Prospective="true" Qualification=""/></ukm:InForceDates></ukm:UnappliedEffect><ukm:UnappliedEffect EffectId="key-0da0b1cf522790e16452a1edf9e01094" AffectedURI="http://www.legislation.gov.uk/id/uksi/1996/30" AffectedClass="UnitedKingdomStatutoryInstrument" AffectingURI="http://www.legislation.gov.uk/id/ukpga/1996/49" AffectingClass="UnitedKingdomPublicGeneralAct" URI="http://www.legislation.gov.uk/id/effect/upload-b507ayy3--78" Row="83" Type="am. (prosp.)" RequiresApplied="true" AffectedProvisions="reg.8(2)(3)(c)(d)" Comments="reg.8(2)(3)(c)(d) am. (prosp.)" AffectingYear="1996" AffectingNumber="49" AffectingProvisions="s.11(4), Sch.1, Pt.I, para.2" AffectedYear="1996" AffectedNumber="30" Created="2019-07-11T00:00:00" Modified="2019-07-11T00:00:00"><ukm:AffectedTitle>The Social Security (Persons From Abroad) Miscellaneous Amendments Regulations 1996</ukm:AffectedTitle><ukm:AffectedProvisions><ukm:Section Ref="regulation-8-2" URI="http://www.legislation.gov.uk/id/uksi/1996/30/regulation/8/2">reg.8(2)</ukm:Section><ukm:Section Ref="regulation-8-3-c" URI="http://www.legislation.gov.uk/id/uksi/1996/30/regulation/8/3/c">reg.8(3)(c)</ukm:Section><ukm:Section Ref="regulation-8-3-d" URI="http://www.legislation.gov.uk/id/uksi/1996/30/regulation/8/3/d">(d)</ukm:Section></ukm:AffectedProvisions><ukm:AffectingTitle>Asylum and Immigration Act 1996</ukm:AffectingTitle><ukm:AffectingProvisions><ukm:Section Ref="section-11-4" URI="http://www.legislation.gov.uk/id/ukpga/1996/49/section/11/4">s.11(4)</ukm:Section><ukm:Section Ref="schedule-1-part-I" URI="http://www.legislation.gov.uk/id/ukpga/1996/49/schedule/1/part/I">Sch.1 Pt.I </ukm:Section><ukm:Section Ref="schedule-1-part-I-paragraph-2" URI="http://www.legislation.gov.uk/id/ukpga/1996/49/schedule/1/part/I/paragraph/2" FoundRef="schedule-1-part-I">para.2</ukm:Section></ukm:AffectingProvisions><ukm:InForceDates><ukm:InForce Applied="false" Prospective="true" Qualification=""/></ukm:InForceDates></ukm:UnappliedEffect><ukm:UnappliedEffect EffectId="key-35492832d2e841b133b261cd71a9e5f9" AffectedURI="http://www.legislation.gov.uk/id/uksi/1996/30" AffectedClass="UnitedKingdomStatutoryInstrument" AffectingURI="http://www.legislation.gov.uk/id/ukpga/1996/49" AffectingClass="UnitedKingdomPublicGeneralAct" URI="http://www.legislation.gov.uk/id/effect/upload-b507ayy3--79" Row="84" Type="amended" RequiresApplied="true" AffectedProvisions="reg.12(1)" Comments="reg.12(1) am. (prosp.)" AffectingYear="1996" AffectingNumber="49" AffectingProvisions="s.11(4), Sch.1, Pt.I, para.5" AffectedYear="1996" AffectedNumber="30" Created="2019-07-11T00:00:00" Modified="2019-07-11T00:00:00"><ukm:AffectedTitle>The Social Security (Persons From Abroad) Miscellaneous Amendments Regulations 1996</ukm:AffectedTitle><ukm:AffectedProvisions><ukm:Section Ref="regulation-12-1" URI="http://www.legislation.gov.uk/id/uksi/1996/30/regulation/12/1">reg.12(1)</ukm:Section></ukm:AffectedProvisions><ukm:AffectingTitle>Asylum and Immigration Act 1996</ukm:AffectingTitle><ukm:AffectingProvisions><ukm:Section Ref="section-11-4" URI="http://www.legislation.gov.uk/id/ukpga/1996/49/section/11/4">s.11(4)</ukm:Section><ukm:Section Ref="schedule-1-part-I" URI="http://www.legislation.gov.uk/id/ukpga/1996/49/schedule/1/part/I">Sch.1 Pt.I </ukm:Section><ukm:Section Ref="schedule-1-part-I-paragraph-5" URI="http://www.legislation.gov.uk/id/ukpga/1996/49/schedule/1/part/I/paragraph/5" FoundRef="schedule-1-part-I">para.5</ukm:Section></ukm:AffectingProvisions><ukm:InForceDates><ukm:InForce Applied="false" Prospective="true" Qualification=""/></ukm:InForceDates></ukm:UnappliedEffect><ukm:UnappliedEffect EffectId="key-9af66751dc1cb2c2308dd3411d1f7117" AffectedURI="http://www.legislation.gov.uk/id/uksi/1996/30" AffectedClass="UnitedKingdomStatutoryInstrument" AffectingURI="http://www.legislation.gov.uk/id/uksi/2000/636" AffectingClass="UnitedKingdomStatutoryInstrument" URI="http://www.legislation.gov.uk/id/effect/upload-9mivznu3--3288" Row="3293" Type="rev. in pt." RequiresApplied="true" AffectedProvisions="reg.12" Comments="reg.12 rev.in pt." AffectingYear="2000" AffectingNumber="636" AffectingProvisions="reg.13(2)" AffectedYear="1996" AffectedNumber="30" Created="2019-02-12T00:00:00Z" Modified="2019-02-12T00:00:00Z"><ukm:AffectedTitle>The Social Security (Persons From Abroad) Miscellaneous Amendments Regulations 1996</ukm:AffectedTitle><ukm:AffectedProvisions><ukm:Section Ref="regulation-12" URI="http://www.legislation.gov.uk/id/uksi/1996/30/regulation/12">reg.12</ukm:Section></ukm:AffectedProvisions><ukm:AffectingTitle>The Social Security (Immigration and Asylum) Consequential Amendments Regulations 2000</ukm:AffectingTitle><ukm:AffectingProvisions><ukm:Section Ref="regulation-13-2" URI="http://www.legislation.gov.uk/id/uksi/2000/636/regulation/13/2">reg.13(2)</ukm:Section></ukm:AffectingProvisions><ukm:InForceDates><ukm:InForce Applied="false" Prospective="true" Qualification=""/></ukm:InForceDates><ukm:AffectedTitle>Social Security (Persons from Abroad) Misc Amdts Regs</ukm:AffectedTitle></ukm:UnappliedEffect></ukm:UnappliedEffects></ukm:SecondaryMetadata><ukm:Alternatives><ukm:Alternative URI="http://www.legislation.gov.uk/uksi/1996/30/pdfs/uksi_19960030_301114_en.pdf" Date="2015-04-02" Revised="2014-11-30" Size="22184"/></ukm:Alternatives><ukm:Statistics><ukm:TotalParagraphs Value="12"/><ukm:BodyParagraphs Value="12"/><ukm:ScheduleParagraphs Value="0"/><ukm:AttachmentParagraphs Value="0"/><ukm:TotalImages Value="0"/></ukm:Statistics></proprietary></meta><preface><p class="number"><docNumber>1996 No. 30</docNumber></p><block name="subject"><concept class="title" refersTo="#d4e230">SOCIAL SECURITY</concept></block><p class="title"><shortTitle>The Social Security (Persons From Abroad) Miscellaneous Amendments Regulations 1996</shortTitle></p><p class="MadeDate"><span>Made</span><docDate date="1996-01-11">11th January 1996</docDate></p><p class="LaidDate"><span>Laid before Parliament</span><docDate date="1996-01-11">11th January 1996</docDate></p><p class="ComingIntoForce"><span>Coming into force</span><docDate date="1996-02-05">5th February 1996</docDate></p></preface><preamble><formula name="EnactingText"><p>The Secretary of State for Social Security, in exercise of powers conferred upon him by sections 64(1), 68(4)(c)(i), 70(4), 71(6), 123(1), 124(1), 128(1), 129(1), 130(1) and (2), 131(1) and (3), 135, 137(1) and (2)(a) and (i) and 175(1) and (3) to (5) of the Social Security Contributions and Benefits Act 1992<noteRef href="#f00001" class="footnote" marker="1"/> and section 5(1)(r) of the Social Security Administration Act 1992<noteRef href="#f00002" class="footnote" marker="2"/> and of all other powers enabling him in that behalf, and so far as they relate to housing benefit and council tax benefit after consultation with organisations appearing to him to be representative of the authorities concerned<noteRef href="#f00003" class="footnote" marker="3"/>, and after reference to the Social Security Advisory Committee<noteRef href="#f00004" class="footnote" marker="4"/>, hereby makes the following Regulations:—</p></formula></preamble><body><hcontainer name="regulation" eId="regulation-1"><num>1</num><heading>Citation, commencement and interpretation</heading><paragraph eId="regulation-1-1"><num>1</num><content><p>These Regulations may be cited as the Social Security (Persons From Abroad) Miscellaneous Amendments Regulations 1996 and shall come into force on 5th February 1996.</p></content></paragraph><paragraph eId="regulation-1-2"><num>2</num><content><p>In these Regulations, unless the context otherwise requires —</p><blockList class="unordered"><item><p>“the <abbr title="Social Security (Attendance Allowance) Regulations 1991 (S.I. 1991/2740)" xml:lang="">Attendance Allowance Regulations</abbr>” means the Social Security (Attendance Allowance) Regulations 1991;<noteRef href="#f00005" class="footnote" marker="5"/></p></item><item><p>“the <abbr title="Council Tax Benefit (General) Regulations 1992 (S.I. 1992/1814)" xml:lang="">Council Tax Benefit Regulations</abbr>” means the Council Tax Benefit (General) Regulations 1992;<noteRef href="#f00006" class="footnote" marker="6"/></p></item><item><p>“the <abbr title="Social Security (Disability Living Allowance) Regulations 1991 (S.I. 1991/2890)" xml:lang="">Disability Living Allowance Regulations</abbr>” means the Social Security (Disability Living Allowance) Regulations 1991;<noteRef href="#f00007" class="footnote" marker="7"/></p></item><item><p>“the <abbr title="Disability Working Allowance (General) Regulations 1991 (S.I. 1991/2887)" xml:lang="">Disability Working Allowance Regulations</abbr>” means the Disability Working Allowance (General) Regulations 199;1<noteRef href="#f00008" class="footnote" marker="8"/></p></item><item><p>“the <abbr title="Family Credit (General) Regulations 1987 (S.I. 1987/1973)" xml:lang="">Family Credit Regulations</abbr>” means the Family Credit (General) Regulations 1987;<noteRef href="#f00009" class="footnote" marker="9"/></p></item><item><p>“the <abbr title="Housing Benefit (General) Regulations 1987 (S.I. 1987/1971)" xml:lang="">Housing Benefit Regulations</abbr>” means the Housing Benefit (General) Regulations 1987;<noteRef href="#f00010" class="footnote" marker="10"/></p></item><item><p>“the <abbr title="Social Security (Invalid Care Allowance) Regulations 1976 (S.I. 1976/409)" xml:lang="">Invalid Care Allowance Regulations</abbr>” means the Social Security (Invalid Care Allowance) Regulations 1976;<noteRef href="#f00011" class="footnote" marker="11"/></p></item><item><p>“the <abbr title="Income Support (General) Regulations 1987 (S.I. 1987/1967)" xml:lang="">Income Support Regulations</abbr>” means the Income Support (General) Regulations 1987;<noteRef href="#f00012" class="footnote" marker="12"/></p></item><item><p>“the <abbr title="Social Security (Payments on account, Overpayments and Recovery) Regulations 1988 (S.I. 1988/664)" xml:lang="">Payments on Account, Overpayments and Recovery Regulations</abbr>” means the Social Security (Payments on account, Overpayments and Recovery) Regulations 1988;<noteRef href="#f00013" class="footnote" marker="13"/></p></item><item><p>“the <abbr title="Social Security (Severe Disablement Allowance) Regulations 1984 (S.I. 1984/1303)" xml:lang="">Severe Disablement Allowance Regulations</abbr>” means the Social Security (Severe Disablement Allowance) Regulations 1984.<noteRef href="#f00014" class="footnote" marker="14"/></p></item></blockList></content></paragraph></hcontainer><hcontainer name="regulation" eId="regulation-2"><num>2</num><heading>Amendment of regulation 2 of the <abbr title="Social Security (Attendance Allowance) Regulations 1991 (S.I. 1991/2740)" xml:lang="">Attendance Allowance Regulations</abbr></heading><intro><p>In regulation 2 of the <abbr title="Social Security (Attendance Allowance) Regulations 1991 (S.I. 1991/2740)" xml:lang="">Attendance Allowance Regulations</abbr> (conditions as to residence and presence in Great Britain) —</p></intro><subparagraph eId="regulation-2-a"><num>a</num><content><p>after paragraph (1)(a)(i) there shall be inserted—</p><p class="BlockAmendment"><mod><quotedStructure class="unknown unknown unknown default" startQuote="“" endQuote="”"><subparagraph eId="d4e384"><num>ia</num><content><p>subject to paragraph (1A), his right to reside or remain in Great Britain is not subject to any limitation or condition, and; and</p></content></subparagraph></quotedStructure></mod></p></content></subparagraph><subparagraph eId="regulation-2-b"><num>b</num><content><p>after paragraph (1) there shall be inserted—</p><p class="BlockAmendment"><mod><quotedStructure class="unknown unknown unknown default" startQuote="“" endQuote="”"><paragraph eId="d4e397"><num>1A</num><intro><p>For the purposes of paragraph (1)(a)(ia), a person’s right to reside or remain in Great Britain is not to be treated as if it were subject to a limitation or condition if—</p></intro><subparagraph eId="d4e403"><num>a</num><content><p>he is a person recorded by the Secretary of State as a refugee within the definition in Article 1 of the Convention relating to the Status of Refugees done at Geneva on 28th July 1951<noteRef href="#f00015" class="footnote" marker="15"/>, as extended by Article 1(2) of the Protocol relating to the Status of Refugees done at New York on 31st January 1967;<noteRef href="#f00016" class="footnote" marker="16"/></p></content></subparagraph><subparagraph eId="d4e412"><num>b</num><content><p>he is a person who has been granted exceptional leave outside the provisions of the immigration rules within the meaning of the Immigration Act 1971<noteRef href="#f00017" class="footnote" marker="17"/> to remain in the United Kingdom by the Secretary of State;</p></content></subparagraph><subparagraph eId="d4e420"><num>c</num><content><p>he is a national, or a member of the family of a national, of a State contracting party to the Agreement on the European Economic Area signed at Oporto on 2nd May 1992 as adjusted by the Protocol signed at Brussels on 17th March 1993;<noteRef href="#f00018" class="footnote" marker="18"/></p></content></subparagraph><subparagraph eId="d4e427"><num>d</num><intro><p>he is a person who is—</p></intro><clause eId="d4e433"><num>i</num><content><p>lawfully working in Great Britain and is a national of a State with which the Community has concluded an Agreement under article 238<noteRef href="#f00019" class="footnote" marker="19"/> of the Treaty establishing the European Community<noteRef href="#f00020" class="footnote" marker="20"/> providing, in the field of social security, for the equal treatment of workers who are nationals of the signatory State and their families, or</p></content></clause><clause eId="d4e443"><num>ii</num><content><p>a member of the family of, and living with, such a person; or</p></content></clause></subparagraph><subparagraph eId="d4e449"><num>e</num><content><p>he is a person in respect of whom there is an Order in Council under section 179 of the Social Security Administration Act 1992<noteRef href="#f00021" class="footnote" marker="21"/> giving effect to a reciprocal agreement which, for the purposes of attendance allowance, has the effect that periods of presence or residence in another country are to be treated as periods of presence or residence in Great Britain..</p></content></subparagraph></paragraph></quotedStructure></mod></p></content></subparagraph></hcontainer><hcontainer name="regulation" eId="regulation-3"><num>3</num><heading>Amendment of regulation 4A of the <abbr title="Council Tax Benefit (General) Regulations 1992 (S.I. 1992/1814)" xml:lang="">Council Tax Benefit Regulations</abbr></heading><intro><p>In regulation 4A of the <abbr title="Council Tax Benefit (General) Regulations 1992 (S.I. 1992/1814)" xml:lang="">Council Tax Benefit Regulations</abbr><noteRef href="#f00022" class="footnote" marker="22"/> (persons from abroad)—</p></intro><subparagraph eId="regulation-3-a"><num>a</num><content><p>after paragraph (4)(e) there shall be added—</p><p class="BlockAmendment"><mod><quotedStructure class="unknown unknown unknown default" startQuote="“" endQuote="”"><blockList class="unordered"><item><p>; or</p><blockList class="ordered"><item><num>a</num><p>has been given leave to enter, or remain in, the United Kingdom by the Secretary of State upon an undertaking given by another person or persons in writing in pursuance of immigration rules within the meaning of the 1971 Act, to be responsible for his maintenance and accommodation; and he has not been resident in the United Kingdom for a period of at least 5 years beginning from the date of entry or the date on which the undertaking was given in respect of him, whichever date is the later; or</p></item><item><num>b</num><p>while he is a person to whom any of the definitions in paragraph (2) or sub-paragraphs (a) to (d) and (f) of this paragraph applies, submits a claim to the Secretary of State, which is not finally determined, for asylum under the Convention relating to the Status of Refugees.;</p></item></blockList></item></blockList></quotedStructure></mod></p></content></subparagraph><subparagraph eId="regulation-3-b"><num>b</num><content><p>for paragraph (5) there shall be substituted—</p><p class="BlockAmendment"><mod><quotedStructure class="unknown unknown unknown default" startQuote="“" endQuote="”"><paragraph eId="d4e500"><num>5</num><intro><p>This paragraph applies to a person who—</p></intro><subparagraph eId="d4e506"><num>a</num><content><p>is an asylum seeker and for this purpose a person is an asylum seeker when he submits on his arrival (other than on his re-entry) in the United Kingdom from a country outside the Common Travel Area a claim for asylum to the Secretary of State that it would be contrary to the United Kingdom’s obligations under the Convention relating to the Status of Refugees for him to be removed from, or required to leave, the United Kingdom and that claim is recorded by the Secretary of State as having been made; or</p></content></subparagraph><subparagraph eId="d4e512"><num>b</num><intro><p>becomes, while present in Great Britain, an asylum seeker and for this purpose a person is an asylum seeker when—</p></intro><clause eId="d4e518"><num>i</num><content><p>the Secretary of State makes a declaration to the effect that the country of which he is a national is subject to such a fundamental change in circumstances that he would not normally order the return of a person to that country, and</p></content></clause><clause eId="d4e524"><num>ii</num><content><p>he submits, within a period of 3 months from the day that declaration was made, a claim for asylum to the Secretary of State under the Convention relating to the Status of Refugees, and</p></content></clause><clause eId="d4e530"><num>iii</num><content><p>his claim for asylum under that Convention is recorded by the Secretary of State as having been made; or</p></content></clause></subparagraph><subparagraph eId="d4e536"><num>b</num><content><p>is a person to whom paragraph (4)(f) (sponsored immigrant) applies and the person or persons who gave the undertaking to provide for his maintenance and accommodation has, or as the case may be have, died; or</p></content></subparagraph><subparagraph eId="d4e542"><num>d</num><content><p>is in receipt of income support.;</p></content></subparagraph></paragraph></quotedStructure></mod></p></content></subparagraph><subparagraph eId="regulation-3-c"><num>c</num><content><p>after paragraph (5) there shall be inserted—</p><p class="BlockAmendment"><mod><quotedStructure class="unknown unknown unknown default" startQuote="“" endQuote="”"><paragraph eId="d4e555"><num>5A</num><intro><p>For the purposes of paragraph (5)(a) and (b), a person ceases to be an asylum seeker—</p></intro><subparagraph eId="d4e561"><num>a</num><content><p>in the case of a claim for asylum which, on or after 5th February 1996, is recorded by the Secretary of State as having been determined (other than on appeal) or abandoned, on the date on which it is so recorded, or</p></content></subparagraph><subparagraph eId="d4e567"><num>b</num><content><p>in the case of a claim for asylum which is recorded as determined before 5th February 1996 and in respect of which there is either an appeal pending on 5th February 1996 or an appeal is made within the time limits specified in rule 5 of the Asylum Appeals (Procedure) Rules 1993<noteRef href="#f00023" class="footnote" marker="23"/> on the date on which that appeal is determined.; and</p></content></subparagraph></paragraph></quotedStructure></mod></p></content></subparagraph><subparagraph eId="regulation-3-d"><num>d</num><content><p>in paragraph (7) after the definition of “the 1971 Act” there shall be inserted—</p><p class="BlockAmendment"><mod><quotedStructure class="unknown unknown unknown default" startQuote="“" endQuote="”"><blockList class="unordered"><item><p>“the Common Travel Area” means the United Kingdom, the Channel Islands, the Isle of Man and the Republic of Ireland collectively;</p></item><item><p>“the Convention relating to the Status of Refugees” means the Convention relating to the Status of Refugees done at Geneva on 28th July 1951<noteRef href="#f00024" class="footnote" marker="24"/>, as extended by Article 1(2) of the Protocol relating to the Status of Refugees done at New York on 31st January 1967;<noteRef href="#f00025" class="footnote" marker="25"/>;.</p></item></blockList></quotedStructure></mod></p></content></subparagraph></hcontainer><hcontainer name="regulation" eId="regulation-4"><num>4</num><heading>Amendment of regulation 2 of the <abbr title="Social Security (Disability Living Allowance) Regulations 1991 (S.I. 1991/2890)" xml:lang="">Disability Living Allowance Regulations</abbr></heading><intro><p>In regulation 2 of the <abbr title="Social Security (Disability Living Allowance) Regulations 1991 (S.I. 1991/2890)" xml:lang="">Disability Living Allowance Regulations</abbr><noteRef href="#f00026" class="footnote" marker="26"/> (conditions as to residence and presence in Great Britain)—</p></intro><subparagraph eId="regulation-4-a"><num>a</num><content><p>after paragraph (1)(a)(i) there shall be inserted—</p><p class="BlockAmendment"><mod><quotedStructure class="unknown unknown unknown default" startQuote="“" endQuote="”"><clause eId="d4e617"><num>ia</num><content><p>subject to paragraph (1A), his right to reside or remain in Great Britain is not subject to any limitation or condition, and;</p></content></clause></quotedStructure></mod><inline name="AppendText">and</inline></p></content></subparagraph><subparagraph eId="regulation-4-b"><num>b</num><content><p>after paragraph (1) there shall be inserted—</p><p class="BlockAmendment"><mod><quotedStructure class="unknown unknown unknown default" startQuote="“" endQuote="”"><paragraph eId="d4e632"><num>1A</num><intro><p>For the purposes of paragraph (1)(a)(ia), a person’s right to reside or remain in Great Britain is not to be treated as if it were subject to a limitation or condition if—</p></intro><subparagraph eId="d4e638"><num>a</num><content><p>he is a person recorded by the Secretary of State as a refugee within the definition in Article 1 of the Convention relating to the Status of Refugees done at Geneva on 28th July 1951<noteRef href="#f00027" class="footnote" marker="27"/>, as extended by Article 1(2) of the Protocol relating to the Status of Refugees done at New York on 31st January 1967;<noteRef href="#f00028" class="footnote" marker="28"/></p></content></subparagraph><subparagraph eId="d4e647"><num>b</num><content><p>he is a person who has been granted exceptional leave outside the provisions of the immigration rules within the meaning of the Immigration Act 1971<noteRef href="#f00029" class="footnote" marker="29"/> to remain in the United Kingdom by the Secretary of State;</p></content></subparagraph><subparagraph eId="d4e655"><num>c</num><content><p>he is a national, or a member of the family of a national, of a State contracting party to the Agreement on the European Economic Area signed at Oporto on 2nd May 1992 as adjusted by the Protocol signed at Brussels on 17th March 1993;<noteRef href="#f00030" class="footnote" marker="30"/></p></content></subparagraph><subparagraph eId="d4e662"><num>d</num><intro><p>he is a person who is—</p></intro><clause eId="d4e668"><num>i</num><content><p>lawfully working in Great Britain and is a national of a State with which the Community has concluded an Agreement under article 238<noteRef href="#f00031" class="footnote" marker="31"/> of the Treaty establishing the European Community<noteRef href="#f00032" class="footnote" marker="32"/> providing, in the field of social security, for the equal treatment of workers who are nationals of the signatory State and their families, or</p></content></clause><clause eId="d4e678"><num>ii</num><content><p>a member of the family of, and living with, such a person; or</p></content></clause></subparagraph><subparagraph eId="d4e684"><num>e</num><content><p>he is a person in respect of whom there is an Order in Council under section 179 of the Administration Act 1992 giving effect to a reciprocal agreement which, for the purposes of disability living allowance, has the effect that periods of presence or residence in another country are to be treated as periods of presence or residence in Great Britain..</p></content></subparagraph></paragraph></quotedStructure></mod></p></content></subparagraph></hcontainer><hcontainer name="regulation" eId="regulation-5"><num>5</num><heading>Amendment of regulation 5 of the <abbr title="Disability Working Allowance (General) Regulations 1991 (S.I. 1991/2887)" xml:lang="">Disability Working Allowance Regulations</abbr></heading><intro><p>In regulation 5 of the <abbr title="Disability Working Allowance (General) Regulations 1991 (S.I. 1991/2887)" xml:lang="">Disability Working Allowance Regulations</abbr> (circumstances in which a person is treated as being or as not being in Great Britain)—</p></intro><subparagraph eId="regulation-5-a"><num>a</num><content><p>after paragraph (1)(a) there shall be inserted—</p><p class="BlockAmendment"><mod><quotedStructure class="unknown unknown unknown default" startQuote="“" endQuote="”"><subparagraph eId="d4e711"><num>aa</num><content><p>subject to paragraph (1A), his right to reside or remain in Great Britain is not subject to any limitation or condition; and; and</p></content></subparagraph></quotedStructure></mod></p></content></subparagraph><subparagraph eId="regulation-5-b"><num>b</num><content><p>after paragraph (1) there shall be inserted—</p><p class="BlockAmendment"><mod><quotedStructure class="unknown unknown unknown default" startQuote="“" endQuote="”"><paragraph eId="d4e724"><num>1A</num><intro><p>For the purposes of paragraph (1)(aa), a person’s right to reside or remain in Great Britain is not to be treated as if it were subject to a limitation or condition if—</p></intro><subparagraph eId="d4e730"><num>a</num><content><p>he is a person recorded by the Secretary of State as a refugee within the definition in Article 1 of the Convention relating to the Status of Refugees done at Geneva on 28th July 1951<noteRef href="#f00033" class="footnote" marker="33"/>, as extended by Article 1(2) of the Protocol relating to the Status of Refugees done at New York on 31st January 1967;<noteRef href="#f00034" class="footnote" marker="34"/></p></content></subparagraph><subparagraph eId="d4e739"><num>b</num><content><p>he is a person who has been granted exceptional leave outside the provisions of the immigration rules within the meaning of the Immigration Act 1971<noteRef href="#f00035" class="footnote" marker="35"/> to remain in the United Kingdom by the Secretary of State;</p></content></subparagraph><subparagraph eId="d4e747"><num>c</num><content><p>he is a national, or a member of the family of a national, of a State contracting party to the Agreement on the European Economic Area signed at Oporto on 2nd May 1992 as adjusted by the Protocol signed at Brussels on 17th March 1993;<noteRef href="#f00036" class="footnote" marker="36"/> or</p></content></subparagraph><subparagraph eId="d4e755"><num>d</num><intro><p>he is a person who is—</p></intro><clause eId="d4e761"><num>i</num><content><p>lawfully working in Great Britain and is a national of a State with which the Community has concluded an Agreement under article 238<noteRef href="#f00037" class="footnote" marker="37"/> of the Treaty establishing the European Community<noteRef href="#f00038" class="footnote" marker="38"/> providing, in the field of social security, for the equal treatment of workers who are nationals of the signatory State and their families, or</p></content></clause><clause eId="d4e771"><num>ii</num><content><p>a member of the family of, and living with, such a person..</p></content></clause></subparagraph></paragraph></quotedStructure></mod></p></content></subparagraph></hcontainer><hcontainer name="regulation" eId="regulation-6"><num>6</num><heading>Amendment of regulation 3 of the <abbr title="Family Credit (General) Regulations 1987 (S.I. 1987/1973)" xml:lang="">Family Credit Regulations</abbr></heading><intro><p>In regulation 3 of the <abbr title="Family Credit (General) Regulations 1987 (S.I. 1987/1973)" xml:lang="">Family Credit Regulations</abbr><noteRef href="#f00039" class="footnote" marker="39"/> (circumstances in which a person is treated as being or as not being in Great Britain)—</p></intro><subparagraph eId="regulation-6-a"><num>a</num><content><p>after paragraph (1)(a) there shall be inserted—</p><p class="BlockAmendment"><mod><quotedStructure class="unknown unknown unknown default" startQuote="“" endQuote="”"><subparagraph eId="d4e799"><num>aa</num><content><p>subject to paragraph (1A), his right to reside or remain in Great Britain is not subject to any limitation or condition, and; and</p></content></subparagraph></quotedStructure></mod></p></content></subparagraph><subparagraph eId="regulation-6-b"><num>b</num><content><p>after paragraph (1) there shall be inserted—</p><p class="BlockAmendment"><mod><quotedStructure class="unknown unknown unknown default" startQuote="“" endQuote="”"><paragraph eId="d4e812"><num>1A</num><intro><p>For the purposes of paragraph (1)(aa), a person’s right to reside or remain in Great Britain is not to be treated as if it were subject to a limitation or condition if—</p></intro><subparagraph eId="d4e818"><num>a</num><content><p>he is a person recorded by the Secretary of State as a refugee within the definition in Article 1 of the Convention relating to the Status of Refugees done at Geneva on 28th July 1951<noteRef href="#f00040" class="footnote" marker="40"/>, as extended by Article 1(2) of the Protocol relating to the Status of Refugees done at New York on 31st January 1967;<noteRef href="#f00041" class="footnote" marker="41"/></p></content></subparagraph><subparagraph eId="d4e827"><num>b</num><content><p>he is a person who has been granted exceptional leave outside the provisions of the immigration rules within the meaning of the Immigration Act 1971<noteRef href="#f00042" class="footnote" marker="42"/> to remain in the United Kingdom by the Secretary of State;</p></content></subparagraph><subparagraph eId="d4e835"><num>c</num><content><p>he is a national, or a member of the family of a national, of a State contracting party to the Agreement on the European Economic Area signed at Oporto on 2nd May 1992 as adjusted by the Protocol signed at Brussels on 17th March 1993;<noteRef href="#f00043" class="footnote" marker="43"/> or</p></content></subparagraph><subparagraph eId="d4e843"><num>d</num><intro><p>he is a person who is—</p></intro><clause eId="d4e849"><num>i</num><content><p>lawfully working in Great Britain and is a national of a State with which the Community has concluded an Agreement under article 238<noteRef href="#f00044" class="footnote" marker="44"/> of the Treaty establishing the European Community<noteRef href="#f00045" class="footnote" marker="45"/> providing, in the field of social security, for the equal treatment of workers who are nationals of the signatory State and their families, or</p></content></clause><clause eId="d4e859"><num>ii</num><content><p>a member of the family of, and living with, such a person..</p></content></clause></subparagraph></paragraph></quotedStructure></mod></p></content></subparagraph></hcontainer><hcontainer name="regulation" eId="regulation-7"><num>7</num><heading>Amendment of regulation 7A of the <abbr title="Housing Benefit (General) Regulations 1987 (S.I. 1987/1971)" xml:lang="">Housing Benefit Regulations</abbr></heading><intro><p>In regulation 7A of the <abbr title="Housing Benefit (General) Regulations 1987 (S.I. 1987/1971)" xml:lang="">Housing Benefit Regulations</abbr><noteRef href="#f00046" class="footnote" marker="46"/> (persons from abroad)—</p></intro><subparagraph eId="regulation-7-a"><num>a</num><content><p>after paragraph (4)(e) there shall be added—</p><p class="BlockAmendment"><mod><quotedStructure class="unknown unknown unknown default" startQuote="“" endQuote="”"><blockList class="unordered"><item><p>; or</p><blockList class="ordered"><item><num>a</num><p>has been given leave to enter, or remain in, the United Kingdom by the Secretary of State upon an undertaking given by another person or persons in writing in pursuance of immigration rules within the meaning of the 1971 Act, to be responsible for his maintenance and accommodation; and he has not been resident in the United Kingdom for a period of at least 5 years beginning from the date of entry or the date on which the undertaking was given in respect of him, whichever date is the later; or</p></item><item><num>b</num><p>while he is a person to whom any of the definitions in paragraph (2) or sub-paragraphs (a) to (d) and (f) of this paragraph applies, submits a claim to the Secretary of State, which is not finally determined, for asylum under the Convention relating to the Status of Refugees.;</p></item></blockList></item></blockList></quotedStructure></mod></p></content></subparagraph><subparagraph eId="regulation-7-b"><num>b</num><content><p>for paragraph (5) there shall be substituted—</p><p class="BlockAmendment"><mod><quotedStructure class="unknown unknown unknown default" startQuote="“" endQuote="”"><paragraph eId="d4e908"><num>5</num><intro><p>This paragraph applies to a person who—</p></intro><subparagraph eId="d4e914"><num>a</num><content><p>is an asylum seeker and for this purpose a person is an asylum seeker when he submits on his arrival (other than on his re-entry) in the United Kingdom from a country outside the Common Travel Area a claim for asylum to the Secretary of State that it would be contrary to the United Kingdom’s obligations under the Convention relating to the Status of Refugees for him to be removed from, or required to leave, the United Kingdom and that claim is recorded by the Secretary of State as having been made; or</p></content></subparagraph><subparagraph eId="d4e920"><num>b</num><intro><p>becomes, while present in Great Britain, an asylum seeker and for this purpose a person is an asylum seeker when—</p></intro><clause eId="d4e926"><num>i</num><content><p>the Secretary of State makes a declaration to the effect that the country of which he is a national is subject to such a fundamental change in circumstances that he would not normally order the return of a person to that country, and</p></content></clause><clause eId="d4e932"><num>ii</num><content><p>he submits, within a period of 3 months from the day that declaration was made, a claim for asylum to the Secretary of State under the Convention relating to the Status of Refugees, and</p></content></clause><clause eId="d4e938"><num>iii</num><content><p>his claim for asylum under that Convention is recorded by the Secretary of State as having been made; or</p></content></clause></subparagraph><subparagraph eId="d4e944"><num>c</num><content><p>is a person to whom paragraph (4)(f) (sponsored immigrant) applies and the person or persons who gave the undertaking to provide for his maintenance and accommodation has, or as the case may be have, died; or</p></content></subparagraph><subparagraph eId="d4e950"><num>d</num><content><p>is in receipt of income support.;</p></content></subparagraph></paragraph></quotedStructure></mod></p></content></subparagraph><subparagraph eId="regulation-7-c"><num>c</num><content><p>after paragraph (5) there shall be inserted—</p><p class="BlockAmendment"><mod><quotedStructure class="unknown unknown unknown default" startQuote="“" endQuote="”"><paragraph eId="d4e963"><num>5A</num><intro><p>For the purposes of paragraph (5)(a) and (b), a person ceases to be an asylum seeker—</p></intro><subparagraph eId="d4e969"><num>a</num><content><p>in the case of a claim for asylum which, on or after 5th February 1996, is recorded by the Secretary of State as having been determined (other than on appeal) or abandoned, on the date on which it is so recorded, or</p></content></subparagraph><subparagraph eId="d4e975"><num>b</num><content><p>in the case of a claim for asylum which is recorded as determined before 5th February 1996 and in respect of which there is either an appeal pending on 5th February 1996 or an appeal is made within the time limits specified in rule 5 of the Asylum Appeals (Procedure) Rules 1993<noteRef href="#f00047" class="footnote" marker="47"/>, on the date on which that appeal is determined.; and</p></content></subparagraph></paragraph></quotedStructure></mod></p></content></subparagraph><subparagraph eId="regulation-7-d"><num>d</num><content><p>in paragraph (7) after the definition of “the 1971 Act” there shall be inserted—</p><p class="BlockAmendment"><mod><quotedStructure class="unknown unknown unknown default" startQuote="“" endQuote="”"><blockList class="unordered"><item><p>“the Common Travel Area” means the United Kingdom, the Channel Islands, the Isle of Man and the Republic of Ireland collectively;</p></item><item><p>“the Convention relating to the Status of Refugees” means the Convention relating to the Status of Refugees done at Geneva on 28th July 1951<noteRef href="#f00048" class="footnote" marker="48"/>, as extended by Article 1(2) of the Protocol relating to the Status of Refugees done at New York on 31st January 1967;.<noteRef href="#f00049" class="footnote" marker="49"/></p></item></blockList></quotedStructure></mod></p></content></subparagraph></hcontainer><hcontainer name="regulation" eId="regulation-8"><num>8</num><heading>Amendment of the <abbr title="Income Support (General) Regulations 1987 (S.I. 1987/1967)" xml:lang="">Income Support Regulations</abbr></heading><paragraph eId="regulation-8-1"><num>1</num><content><p>The <abbr title="Income Support (General) Regulations 1987 (S.I. 1987/1967)" xml:lang="">Income Support Regulations</abbr> shall be amended in accordance with the following paragraphs of this regulation.</p></content></paragraph><paragraph eId="regulation-8-2"><num>2</num><content><p>In regulation 21(3)<noteRef href="#f00050" class="footnote" marker="50"/> in the definition of“person from abroad”, after sub-paragraph (h) there shall be added—</p><p class="BlockAmendment"><mod><quotedStructure class="secondary regulation main default" startQuote="“" endQuote="”"><blockList class="unordered"><item><p>; or</p><blockList class="ordered"><item><num>i</num><p>has been given leave to enter, or remain in, the United Kingdom by the Secretary of State upon an undertaking given by another person or persons in writing in pursuance of immigration rules within the meaning of the Immigration Act 1971<noteRef href="#f00051" class="footnote" marker="51"/>, , to be responsible for his maintenance and accommodation; and he has not been resident in the United Kingdom for a period of at least 5 years beginning from the date of entry or the date on which the undertaking was given in respect of him, whichever date is the later; or</p></item><item><num>ii</num><p>while he is a person to whom any of the definitions in sub-paragraphs (a) to (i) applies in his case, submits a claim to the Secretary of State, which is not finally determined, for asylum under the Convention;.<noteRef href="#f00052" class="footnote" marker="52"/></p></item></blockList></item></blockList></quotedStructure></mod></p></content></paragraph><paragraph eId="regulation-8-3"><num>3</num><intro><p>In regulation 70 (urgent cases)—</p></intro><subparagraph eId="regulation-8-3-a"><num>a</num><content><p>for sub-paragraph (c) of paragraph (3) there shall be substituted—</p><p class="BlockAmendment"><mod><quotedStructure class="unknown unknown unknown default" startQuote="“" endQuote="”"><subparagraph eId="d4e1059"><num>c</num><content><p>is a person to whom sub-paragraph (i) of that definition (sponsored immigrant) applies and the person or persons who gave the undertaking to provide for his maintenance and accommodation has, or as the case may be have, died;</p></content></subparagraph></quotedStructure></mod><inline name="AppendText">;</inline></p></content></subparagraph><subparagraph eId="regulation-8-3-b"><num>b</num><content><p>sub-paragraphs (e) to (j) of paragraph (3)<noteRef href="#f00053" class="footnote" marker="53"/> shall be omitted;</p></content></subparagraph><subparagraph eId="regulation-8-3-c"><num>c</num><content><p>for sub-paragraph (a) of paragraph (3A)<noteRef href="#f00054" class="footnote" marker="54"/> there shall be substituted—</p><p class="BlockAmendment"><mod><quotedStructure class="unknown unknown unknown default" startQuote="“" endQuote="”"><subparagraph eId="d4e1088"><num>a</num><content><p>is an asylum seeker when he submits on his arrival (other than on his re-entry) in the United Kingdom from a country outside the Common Travel Area a claim for asylum to the Secretary of State that it would be contrary to the United Kingdom’s obligations under the Convention for him to be removed from, or required to leave, the United Kingdom and that claim is recorded by the Secretary of State as having been made; or</p></content></subparagraph><subparagraph eId="d4e1094"><num>aa</num><intro><p>becomes, while present in Great Britain, an asylum seeker when—</p></intro><clause eId="d4e1100"><num>i</num><content><p>the Secretary of State makes a declaration to the effect that the country of which he is a national is subject to such a fundamental change in circumstances that he would not normally order the return of a person to that country, and</p></content></clause><clause eId="d4e1106"><num>ii</num><content><p>he submits, within a period of 3 months from the day that declaration was made, a claim for asylum to the Secretary of State under the Convention relating to the Status of Refugees, and</p></content></clause><clause eId="d4e1112"><num>iii</num><content><p>his claim for asylum under that Convention is recorded by the Secretary of State as having been made; and;</p></content></clause></subparagraph></quotedStructure></mod></p></content></subparagraph><subparagraph eId="regulation-8-3-d"><num>d</num><content><p>for sub-paragraph (b) of paragraph (3A) there shall be substituted—</p><p class="BlockAmendment"><mod><quotedStructure class="unknown unknown unknown default" startQuote="“" endQuote="”"><subparagraph eId="d4e1125"><num>b</num><intro><p>ceases to be an asylum seeker—</p></intro><clause eId="d4e1131"><num>i</num><content><p>in the case of a claim for asylum which, on or after 5th February 1996, is recorded by the Secretary of State as having been determined (other than on appeal) or abandoned, on the date on which it is so recorded, or</p></content></clause><clause eId="d4e1137"><num>ii</num><content><p>in the case of a claim for asylum which is recorded as determined before 5th February 1996 and in respect of which there is either an appeal pending on 5th February 1996 or an appeal is made within the time limits specified in rule 5 of the Asylum Appeals (Procedure) Rules 1993<noteRef href="#f00055" class="footnote" marker="55"/>, on the date on which that appeal is determined.; and</p></content></clause></subparagraph></quotedStructure></mod></p></content></subparagraph><subparagraph eId="regulation-8-3-e"><num>e</num><content><p>in paragraph (3B), at the end there shall be added—</p><p class="BlockAmendment"><mod><quotedStructure class="unknown unknown unknown default" startQuote="“" endQuote="”"><blockList class="unordered"><item><p>; and “the Common Travel Area” means the United Kingdom, the Channel Islands, the Isle of Man and the Republic of Ireland collectively…</p></item></blockList></quotedStructure></mod></p></content></subparagraph></paragraph><paragraph eId="regulation-8-4"><num>4</num><content><p>In regulation 71 (applicable amounts in urgent cases), sub-paragraphs (b) to (f) of paragraph (2) shall be omitted.</p></content></paragraph></hcontainer><hcontainer name="regulation" eId="regulation-9"><num>9</num><heading>Amendment of regulation 9 of the <abbr title="Social Security (Invalid Care Allowance) Regulations 1976 (S.I. 1976/409)" xml:lang="">Invalid Care Allowance Regulations</abbr></heading><intro><p>In regulation 9 of the <abbr title="Social Security (Invalid Care Allowance) Regulations 1976 (S.I. 1976/409)" xml:lang="">Invalid Care Allowance Regulations</abbr><noteRef href="#f00056" class="footnote" marker="56"/> (conditions relating to residence and presence in Great Britain)—</p></intro><subparagraph eId="regulation-9-a"><num>a</num><content><p>after paragraph (1)(a) shall be inserted—</p><p class="BlockAmendment"><mod><quotedStructure class="unknown unknown unknown default" startQuote="“" endQuote="”"><subparagraph eId="d4e1185"><num>aa</num><content><p>subject to paragraph (1A), his right to reside or remain in Great Britain is not subject to any limitation or condition, and; and</p></content></subparagraph></quotedStructure></mod></p></content></subparagraph><subparagraph eId="regulation-9-b"><num>b</num><content><p>after paragraph (1) there shall be inserted—</p><p class="BlockAmendment"><mod><quotedStructure class="unknown unknown unknown default" startQuote="“" endQuote="”"><paragraph eId="d4e1198"><num>1A</num><intro><p>For the purposes of paragraph (1)(aa), a person’s right to reside or remain in Great Britain is not to be treated as if it were subject to a limitation or condition if—</p></intro><subparagraph eId="d4e1204"><num>a</num><content><p>he is a person recorded by the Secretary of State as a refugee within the definition in Article 1 of the Convention relating to the Status of Refugees done at Geneva on 28th July 1951<noteRef href="#f00057" class="footnote" marker="57"/>, as extended by Article 1(2) of the Protocol relating to the Status of Refugees done at New York on 31st January 1967;<noteRef href="#f00058" class="footnote" marker="58"/></p></content></subparagraph><subparagraph eId="d4e1213"><num>b</num><content><p>he is a person who has been granted exceptional leave outside the provisions of the immigration rules within the meaning of the Immigration Act 1971<noteRef href="#f00059" class="footnote" marker="59"/> to remain in the United Kingdom by the Secretary of State;</p></content></subparagraph><subparagraph eId="d4e1221"><num>c</num><content><p>he is a national, or a member of the family of a national, of a State contracting party to the Agreement on the European Economic Area signed at Oporto on 2nd May 1992 as adjusted by the Protocol signed at Brussels on 17th March 1993;<noteRef href="#f00060" class="footnote" marker="60"/> or</p></content></subparagraph><subparagraph eId="d4e1229"><num>d</num><intro><p>he is a person who is—</p></intro><clause eId="d4e1235"><num>i</num><content><p>lawfully working in Great Britain and is a national of a State with which the Community has concluded an Agreement under article 238<noteRef href="#f00061" class="footnote" marker="61"/> of the Treaty establishing the European Community<noteRef href="#f00062" class="footnote" marker="62"/> providing, in the field of social security, for the equal treatment of workers who are nationals of the signatory State and their families, or</p></content></clause><clause eId="d4e1245"><num>ii</num><content><p>a member of the family of, and living with, such a person..</p></content></clause></subparagraph></paragraph></quotedStructure></mod></p></content></subparagraph></hcontainer><hcontainer name="regulation" eId="regulation-10"><num>10</num><heading>Amendment of regulation 2 of the <abbr title="Social Security (Payments on account, Overpayments and Recovery) Regulations 1988 (S.I. 1988/664)" xml:lang="">Payments on Account, Overpayments and Recovery Regulations</abbr></heading><intro><p>In regulation 2 of the <abbr title="Social Security (Payments on account, Overpayments and Recovery) Regulations 1988 (S.I. 1988/664)" xml:lang="">Payments on Account, Overpayments and Recovery Regulations</abbr><noteRef href="#f00063" class="footnote" marker="63"/> (making of interim payments) —</p></intro><subparagraph eId="regulation-10-a"><num>a</num><content><p>in paragraph (1), at the beginning there shall be inserted the words “Subject to paragraph (1A),”;</p></content></subparagraph><subparagraph eId="regulation-10-b"><num>b</num><content><p>after paragraph (1) there shall be inserted—</p><p class="BlockAmendment"><mod><quotedStructure class="unknown unknown unknown default" startQuote="“" endQuote="”"><paragraph eId="d4e1279"><num>1A</num><content><p>Paragraph (1) shall not apply pending the determination of an appeal unless the Secretary of State is of the opinion that there is entitlement to benefit..</p></content></paragraph></quotedStructure></mod></p></content></subparagraph></hcontainer><hcontainer name="regulation" eId="regulation-11"><num>11</num><heading>Amendment of regulation 3 of the <abbr title="Social Security (Severe Disablement Allowance) Regulations 1984 (S.I. 1984/1303)" xml:lang="">Severe Disablement Allowance Regulations</abbr></heading><intro><p>In regulation 3 of the <abbr title="Social Security (Severe Disablement Allowance) Regulations 1984 (S.I. 1984/1303)" xml:lang="">Severe Disablement Allowance Regulations</abbr><noteRef href="#f00064" class="footnote" marker="64"/> (conditions relating to residence and presence)—</p></intro><subparagraph eId="regulation-11-a"><num>a</num><content><p>after paragraph (1)(a)(i) there shall be inserted—</p><p class="BlockAmendment"><mod><quotedStructure class="unknown unknown unknown default" startQuote="“" endQuote="”"><subparagraph eId="d4e1307"><num>ia</num><content><p>subject to paragraph (1B), his right to reside or remain in Great Britain is not subject to any limitation or condition, and; and</p></content></subparagraph></quotedStructure></mod></p></content></subparagraph><subparagraph eId="regulation-11-b"><num>b</num><content><p>after paragraph (1A) there shall be inserted—</p><p class="BlockAmendment"><mod><quotedStructure class="unknown unknown unknown default" startQuote="“" endQuote="”"><paragraph eId="d4e1320"><num>1B</num><intro><p>For the purposes of paragraph (1)(a)(ia), a person’s right to reside or remain in Great Britain is not to be treated as if it were subject to a limitation or condition if—</p></intro><subparagraph eId="d4e1326"><num>a</num><content><p>he is a person recorded by the Secretary of State as a refugee within the definition in Article 1 of the Convention relating to the Status of Refugees done at Geneva on 28th July 1951<noteRef href="#f00065" class="footnote" marker="65"/>, as extended by Article 1(2) of the Protocol relating to the Status of Refugees done at New York on 31st January 1967;<noteRef href="#f00066" class="footnote" marker="66"/></p></content></subparagraph><subparagraph eId="d4e1335"><num>b</num><content><p>he is a person who has been granted exceptional leave outside the provisions of the immigration rules within the meaning of the Immigration Act 1971<noteRef href="#f00067" class="footnote" marker="67"/> to remain in the United Kingdom by the Secretary of State;</p></content></subparagraph><subparagraph eId="d4e1343"><num>c</num><content><p>he is a national, or a member of the family of a national, of a State contracting party to the Agreement on the European Economic Area signed at Oporto on 2nd May 1992 as adjusted by the Protocol signed at Brussels on 17th March 1993;<noteRef href="#f00068" class="footnote" marker="68"/> or</p></content></subparagraph><subparagraph eId="d4e1351"><num>d</num><intro><p>he is a person who is—</p></intro><clause eId="d4e1357"><num>i</num><content><p>lawfully working in Great Britain and is a national of a State with which the Community has concluded an Agreement under article 238<noteRef href="#f00069" class="footnote" marker="69"/> of the Treaty establishing the European Community<noteRef href="#f00070" class="footnote" marker="70"/> providing, in the field of social security, for the equal treatment of workers who are nationals of the signatory State and their families, or</p></content></clause><clause eId="d4e1367"><num>ii</num><content><p>a member of the family of, and living with, such a person..</p></content></clause></subparagraph></paragraph></quotedStructure></mod></p></content></subparagraph></hcontainer><hcontainer name="regulation" eId="regulation-12"><num>12</num><heading>Saving</heading><paragraph eId="regulation-12-1"><num>1</num><content><p>Where, before the coming into force of these Regulations, a person who becomes an asylum seeker under regulation 4A(5)(a)(i) of the <abbr title="Council Tax Benefit (General) Regulations 1992 (S.I. 1992/1814)" xml:lang="">Council Tax Benefit Regulations</abbr>, regulation 7A(5)(a)(i) of the <abbr title="Housing Benefit (General) Regulations 1987 (S.I. 1987/1971)" xml:lang="">Housing Benefit Regulations</abbr> or regulation 70(3A)(a) of the <abbr title="Income Support (General) Regulations 1987 (S.I. 1987/1967)" xml:lang="">Income Support Regulations</abbr>, as the case may be, is entitled to benefit under any of those Regulations, those provisions of those Regulations as then in force shall continue to have effect as if regulations 3(a) and (b), 7(a) and (b) or 8(2) and (3)(c), as the case may be, of these Regulations had not been made.</p></content></paragraph><paragraph eId="regulation-12-2"><num>2</num><content><p>Where, before the coming into force of these Regulations, a person, in respect of whom an undertaking was given by another person or persons to be responsible for his maintenance and accommodation, claimed benefit to which he is entitled, or is receiving benefit, under the <abbr title="Council Tax Benefit (General) Regulations 1992 (S.I. 1992/1814)" xml:lang="">Council Tax Benefit Regulations</abbr>, the <abbr title="Housing Benefit (General) Regulations 1987 (S.I. 1987/1971)" xml:lang="">Housing Benefit Regulations</abbr> or the <abbr title="Income Support (General) Regulations 1987 (S.I. 1987/1967)" xml:lang="">Income Support Regulations</abbr>, as the case may be, those Regulations as then in force shall have effect as if regulations 3, 7 or 8, as the case may be, of these Regulations had not been made.</p></content></paragraph><paragraph eId="regulation-12-3"><num>3</num><content><p>Where, before the coming into force of these Regulations, a person is receiving attendance allowance, disability living allowance, disability working allowance, family credit, invalid care allowance or severe disablement allowance under, as the case may be, the <abbr title="Social Security (Attendance Allowance) Regulations 1991 (S.I. 1991/2740)" xml:lang="">Attendance Allowance Regulations</abbr>, <abbr title="Social Security (Disability Living Allowance) Regulations 1991 (S.I. 1991/2890)" xml:lang="">Disability Living Allowance Regulations</abbr>, <abbr title="Disability Working Allowance (General) Regulations 1991 (S.I. 1991/2887)" xml:lang="">Disability Working Allowance Regulations</abbr>, <abbr title="Family Credit (General) Regulations 1987 (S.I. 1987/1973)" xml:lang="">Family Credit Regulations</abbr>, <abbr title="Social Security (Invalid Care Allowance) Regulations 1976 (S.I. 1976/409)" xml:lang="">Invalid Care Allowance Regulations</abbr> or <abbr title="Social Security (Severe Disablement Allowance) Regulations 1984 (S.I. 1984/1303)" xml:lang="">Severe Disablement Allowance Regulations</abbr>, those Regulations shall, until such time as his entitlement to that benefit is reviewed under section 25 or 30 of the Social Security Administration Act 1992<noteRef href="#f00071" class="footnote" marker="71"/> have effect as if regulation 2, 4, 5, 6, 9 or 11, as the case may be, of these Regulations had not been made.</p></content></paragraph></hcontainer><hcontainer name="signatures"><content><p>Signed by authority of the Secretary of State for Social Security.</p><block name="signature"><signature><person refersTo="#ref-d4e1444">Roger Evans</person><role refersTo="#ref-d4e1446">Parliamentary Under-Secretary of State,</role><location refersTo="#departmentofsocialsecurity">Department of Social Security</location><date date="1996-01-11">11th January 1996</date></signature></block></content></hcontainer></body><conclusions><blockContainer class="ExplanatoryNotes"><intro><p>(This note is not part of the Regulations)</p></intro><p><authorialNote><p>These Regulations further amend the Social Security (Attendance Allowance) Regulations 1991 (<abbr class="Acronym" title="Statutory Instrument">S.I.</abbr><ref href="http://www.legislation.gov.uk/id/uksi/1991/2740">1991/2740</ref>), the Council Tax Benefit (General) Regulations 1992 (<abbr class="Acronym" title="Statutory Instrument">S.I.</abbr><ref href="http://www.legislation.gov.uk/id/uksi/1992/1814">1992/1814</ref>), the Social Security (Disability Living Allowance) Regulations 1991 (<abbr class="Acronym" title="Statutory Instrument">S.I.</abbr><ref href="http://www.legislation.gov.uk/id/uksi/1991/2890">1991/2890</ref>), the Disability Working Allowance (General) Regulations 1991 (<abbr class="Acronym" title="Statutory Instrument">S.I.</abbr><ref href="http://www.legislation.gov.uk/id/uksi/1991/2887">1991/2887</ref>), the Family Credit (General) Regulations 1987 (<abbr class="Acronym" title="Statutory Instrument">S.I.</abbr><ref href="http://www.legislation.gov.uk/id/uksi/1987/1973">1987/1973</ref>), the Housing Benefit (General) Regulations 1987 (<abbr class="Acronym" title="Statutory Instrument">S.I.</abbr><ref href="http://www.legislation.gov.uk/id/uksi/1987/1971">1987/1971</ref>), the Social Security (Invalid Care Allowance) Regulations 1976 (<abbr class="Acronym" title="Statutory Instrument">S.I.</abbr><ref href="http://www.legislation.gov.uk/id/uksi/1976/409">1976/409</ref>), the Income Support (General) Regulations 1987 (<abbr class="Acronym" title="Statutory Instrument">S.I.</abbr><ref href="http://www.legislation.gov.uk/id/uksi/1987/1967">1987/1967</ref>), the Social Security (Payments on account, Overpayments and Recovery) Regulations 1988 (<abbr class="Acronym" title="Statutory Instrument">S.I.</abbr><ref href="http://www.legislation.gov.uk/id/uksi/1988/664">1988/664</ref>) and the Social Security (Severe Disablement Allowance) Regulations 1984 (<abbr class="Acronym" title="Statutory Instrument">S.I.</abbr><ref href="http://www.legislation.gov.uk/id/uksi/1984/1303">1984/1303</ref>).</p><p>These Regulations exclude a person from entitlement to certain non-contributory benefits if his right to reside or remain in Great Britain is subject to any limitation or condition (regulations 2, 4, 5, 6, 9, and 11); make provision regarding interim payments in the course of an appeal (regulation 10); make provision in respect of asylum seekers and sponsored immigrants who, except in certain circumstances, are denied income related benefits (regulations 3, 7 and 8); and make saving provisions (regulation 12).</p><p>These Regulations do not impose a charge on business.</p><p>The Report of the Social Security Advisory Committee dated 8th December 1995 on the proposals referred to them, together with a statement showing the extent to which these Regulations give effect to the Report and in so far as they do not give effect to it, the reasons why not, are contained in Command Paper <abbr title="Command Paper" xml:lang="">Cm.</abbr> 3062, published by Her Majesty’s Stationery Office.</p></authorialNote></p></blockContainer></conclusions></act></akomaNtoso>