<akomaNtoso xmlns:xsi="http://www.w3.org/2001/XMLSchema-instance" xmlns="http://docs.oasis-open.org/legaldocml/ns/akn/3.0" xsi:schemaLocation="http://docs.oasis-open.org/legaldocml/ns/akn/3.0 http://docs.oasis-open.org/legaldocml/akn-core/v1.0/cos01/part2-specs/schemas/akomantoso30.xsd"><act name="UnitedKingdomStatutoryInstrument"><meta><identification source="#source"><FRBRWork><FRBRthis value="http://www.legislation.gov.uk/id/uksi/1996/2"/><FRBRuri value="http://www.legislation.gov.uk/id/uksi/1996/2"/><FRBRdate date="1996-01-03" name="made"/><FRBRauthor href="http://www.legislation.gov.uk/id/government/uk"/><FRBRcountry value="GB-UKM"/><FRBRsubtype value="order"/><FRBRnumber value="2"/><FRBRname value="S.I. 1996/2"/><FRBRprescriptive value="true"/></FRBRWork><FRBRExpression><FRBRthis value="http://www.legislation.gov.uk/uksi/1996/2/made"/><FRBRuri value="http://www.legislation.gov.uk/uksi/1996/2/made"/><FRBRdate date="1996-01-03" name="made"/><FRBRauthor href="#source"/><FRBRlanguage language="eng"/></FRBRExpression><FRBRManifestation><FRBRthis value="http://www.legislation.gov.uk/uksi/1996/2/made/data.akn"/><FRBRuri value="http://www.legislation.gov.uk/uksi/1996/2/made/data.akn"/><FRBRdate date="2021-07-26+01:00" name="transform"/><FRBRauthor href="http://www.legislation.gov.uk"/><FRBRformat value="application/akn+xml"/></FRBRManifestation></identification><classification source="#source"><keyword value="local government" showAs="Local Government" dictionary="http://www.legislation.gov.uk"/><keyword value="sea fisheries" showAs="SEA FISHERIES" dictionary="http://www.legislation.gov.uk"/></classification><lifecycle source="#source"><eventRef date="1996-01-03" type="generation" eId="made-date" source="#source"/><eventRef date="1996-01-04" eId="laid-date-1" source="#source"/><eventRef date="1996-01-05" eId="coming-into-force-date-1" source="#source"/></lifecycle><references source="#source"><TLCOrganization eId="source" href="http://www.legislation.gov.uk/id/publisher/KingsOrQueensPrinterOfActsOfParliament" showAs="Queen's Printer of Acts of Parliament"/><passiveRef href="http://www.legislation.gov.uk/id/ssi/2000/7" showAs="The Sea Fishing (Enforcement of Community Control Measures) (Scotland) Order 2000"/><passiveRef href="http://www.legislation.gov.uk/id/uksi/2000/51" showAs="The Sea Fishing (Enforcement of Community Control Measures) Order 2000"/><passiveRef href="http://www.legislation.gov.uk/id/wsi/2000/1075" showAs="The Sea Fishing (Enforcement of Community Control Measures) (Wales) Order 2000"/><TLCRole eId="ref-d5e528" href="/ontology/role/uk.Parliamentary Secretary, Ministry of Agriculture, Fisheries and Food" showAs="Parliamentary Secretary, Ministry of Agriculture, Fisheries and Food"/><TLCRole eId="ref-d5e537" href="/ontology/role/uk.Minister of State, Scottish Office" showAs="Minister of State, Scottish Office"/><TLCRole eId="ref-d5e549" href="/ontology/role/uk.Parliamentary Under Secretary of State, Welsh Office" showAs="Parliamentary Under Secretary of State, Welsh Office"/><TLCRole eId="ref-d5e558" href="/ontology/role/uk.Secretary of State for Northern Ireland" showAs="Secretary of State for Northern Ireland"/><TLCPerson eId="ref-d5e526" href="/ontology/persons/uk.TimBoswell" showAs="Tim Boswell"/><TLCPerson eId="ref-d5e535" href="/ontology/persons/uk.JamesDouglas-Hamilton" showAs="James Douglas-Hamilton"/><TLCPerson eId="ref-d5e547" href="/ontology/persons/uk.RodRichards" showAs="Rod Richards"/><TLCPerson eId="ref-d5e556" href="/ontology/persons/uk.PatrickMayhew" showAs="Patrick Mayhew"/><TLCConcept href="/uk/subject/sea-fisheries" showAs="SEA FISHERIES" eId="d5e103"/></references><notes source="#source"><note class="footnote" eId="f00001"><p><ref href="http://www.legislation.gov.uk/id/ukpga/1981/29">1981 c. 29</ref>.</p></note><note class="footnote" eId="f00002"><p><abbr class="Acronym" title="Statutory Instrument">S.I.</abbr><ref href="http://www.legislation.gov.uk/id/uksi/1994/451">1994/451</ref>.</p></note><note class="footnote" eId="f00003"><p><abbr class="Acronym" title="Official Journal">OJ</abbr><abbr title="Number" xml:lang="">No.</abbr> L276, 10.10.83, p.1.</p></note><note class="footnote" eId="f00004"><p><abbr class="Acronym" title="Official Journal">OJ</abbr><abbr title="Number" xml:lang="">No.</abbr> L53, 25.2.89, p.34.</p></note><note class="footnote" eId="f00005"><p><abbr class="Acronym" title="Official Journal">OJ</abbr><abbr title="Number" xml:lang="">No.</abbr> L308, 21. 12.95, p.18.</p></note><note class="footnote" eId="f00006"><p><abbr class="Acronym" title="Official Journal">OJ</abbr><abbr title="Number" xml:lang="">No.</abbr> L207, 29.7.87, p.1.</p></note><note class="footnote" eId="f00007"><p><abbr class="Acronym" title="Official Journal">OJ</abbr><abbr title="Number" xml:lang="">No.</abbr> L306, 11.11.88, p.2.</p></note><note class="footnote" eId="f00008"><p><abbr class="Acronym" title="Official Journal">OJ</abbr><abbr title="Number" xml:lang="">No.</abbr> L261, 20.10.93, p.1.</p></note><note class="footnote" eId="f00009"><p><abbr class="Acronym" title="Official Journal">OJ</abbr><abbr title="Number" xml:lang="">No.</abbr> L301, 14.12.95, p.1.</p></note><note class="footnote" eId="f00010"><p><abbr class="Acronym" title="Official Journal">OJ</abbr><abbr title="Number" xml:lang="">No.</abbr> L71, 31.3.95, p.5. The provisions laid down in articles 2 and 3 of Regulation 685/95 apply only to vessels over 15 metres in length between perpendiculars. Under article 19a.2 of Regulation 2847/93 vessels over 15 metres in length between perpendiculars are considered equivalent to vessels over 18 metres in overall length. Article 19f.3 of Regulation 2870/95 requires the Commission of the European Communities to ensure that member States responsible for control have available data concerning identification of fishing boats having access to their waters.</p></note></notes><proprietary xmlns:ukl="http://www.legislation.gov.uk/namespaces/legislation" xmlns:ukm="http://www.legislation.gov.uk/namespaces/metadata" xmlns:dc="http://purl.org/dc/elements/1.1/" xmlns:dct="http://purl.org/dc/terms/" xmlns:atom="http://www.w3.org/2005/Atom" source="#source"><dc:identifier>http://www.legislation.gov.uk/uksi/1996/2/made</dc:identifier><dc:title>The Sea Fishing (Enforcement of Community Control Measures) (Amendment) Order 1996</dc:title><dc:subject>Local Government</dc:subject><dc:publisher>Queen's Printer of Acts of Parliament</dc:publisher><dc:modified>2016-06-07</dc:modified><dc:subject scheme="SIheading">SEA FISHERIES</dc:subject><dc:description>This Order amends the Sea Fishing (Enforcement of Community Control Measures Order 1994 (“the principal Order”), which includes provision for the enforcement of—Council Regulation (EEC) No. 2241/87 establishing certain control measures for fishing activities (OJ No. L207, 29.7.87, p.1) (“the first Council Regulation”) and Commission Regulation (EEC) No. 2807/83 laying down detailed rules for recording information on Member States' catches of fish (OJ No. L276, 10.10.83, p.1) (“the Commission Regulation”), in so far as those Regulations relate to a duty to keep and submit logbooks, in consequence of the Commission Regulation having been amended by Commission Regulation (EC) No. 2945/95 (OJ No. L308, 21.12.95, p.18);Council Regulation (EEC) No. 2847/93 establishing a control system applicable to the common fisheries policy (OJ No. L261, 20.10.93, p.1) (“the second Council Regulation”), in consequence of the second Council Regulation having been amended by Council Regulation (EC) No. 2870/95 (OJ No. L301, 14.12.95, p.1).</dc:description><atom:link rel="self" href="http://www.legislation.gov.uk/uksi/1996/2/made/data.xml" type="application/xml"/><atom:link rel="http://www.legislation.gov.uk/def/navigation/resources" href="http://www.legislation.gov.uk/uksi/1996/2/resources" title="More Resources"/><atom:link rel="http://www.legislation.gov.uk/def/navigation/act" href="http://www.legislation.gov.uk/uksi/1996/2/made" title="whole act"/><atom:link rel="http://www.legislation.gov.uk/def/navigation/introduction" href="http://www.legislation.gov.uk/uksi/1996/2/introduction/made" title="introduction"/><atom:link rel="http://www.legislation.gov.uk/def/navigation/signature" href="http://www.legislation.gov.uk/uksi/1996/2/signature/made" title="signature"/><atom:link rel="http://www.legislation.gov.uk/def/navigation/note" href="http://www.legislation.gov.uk/uksi/1996/2/note/made" title="note"/><atom:link rel="http://www.legislation.gov.uk/def/navigation/body" href="http://www.legislation.gov.uk/uksi/1996/2/body/made" title="body"/><atom:link rel="http://www.legislation.gov.uk/def/navigation/schedules" href="http://www.legislation.gov.uk/uksi/1996/2/schedules/made" title="schedules"/><atom:link rel="alternate" type="application/rdf+xml" href="http://www.legislation.gov.uk/uksi/1996/2/made/data.rdf" title="RDF/XML"/><atom:link rel="alternate" type="application/akn+xml" href="http://www.legislation.gov.uk/uksi/1996/2/made/data.akn" title="AKN"/><atom:link rel="alternate" type="application/xhtml+xml" href="http://www.legislation.gov.uk/uksi/1996/2/made/data.xht" title="HTML snippet"/><atom:link rel="alternate" type="application/pdf" href="http://www.legislation.gov.uk/uksi/1996/2/made/data.pdf" title="PDF"/><atom:link rel="alternate" type="application/akn+xhtml" href="http://www.legislation.gov.uk/uksi/1996/2/made/data.html" title="HTML5 snippet"/><atom:link rel="http://purl.org/dc/terms/tableOfContents" hreflang="en" href="http://www.legislation.gov.uk/uksi/1996/2/contents/made" title="Table of Contents"/><ukm:SecondaryMetadata><ukm:DocumentClassification><ukm:DocumentCategory Value="secondary"/><ukm:DocumentMainType Value="UnitedKingdomStatutoryInstrument"/><ukm:DocumentStatus Value="final"/><ukm:DocumentMinorType Value="order"/></ukm:DocumentClassification><ukm:Year Value="1996"/><ukm:Number Value="2"/><ukm:Made Date="1996-01-03"/><ukm:Laid Date="1996-01-04" Class="UnitedKingdomParliament"/><ukm:ComingIntoForce><ukm:DateTime Date="1996-01-05"/></ukm:ComingIntoForce><ukm:ISBN Value="0110540018"/><ukm:UnappliedEffects><ukm:UnappliedEffect EffectId="key-1994e95a731a921a06cefa6a4f4e138d" AffectedURI="http://www.legislation.gov.uk/id/uksi/1996/2" AffectedClass="UnitedKingdomStatutoryInstrument" AffectingURI="http://www.legislation.gov.uk/id/ssi/2000/7" AffectingClass="ScottishStatutoryInstrument" URI="http://www.legislation.gov.uk/id/effect/upload-9mivznu3--3282" Row="3287" Type="revoked" RequiresApplied="true" AffectedProvisions="Act" Comments="rev. (S)" AffectedExtent="S" AffectingYear="2000" AffectingNumber="7" AffectingProvisions="art.13" AffectedYear="1996" AffectedNumber="2" Created="2019-02-12T00:00:00Z" Modified="2019-02-12T00:00:00Z"><ukm:AffectedTitle>The Sea Fishing (Enforcement of Community Control Measures) (Amendment) Order 1996</ukm:AffectedTitle><ukm:AffectedProvisions>Act</ukm:AffectedProvisions><ukm:AffectingTitle>The Sea Fishing (Enforcement of Community Control Measures) (Scotland) Order 2000</ukm:AffectingTitle><ukm:AffectingProvisions><ukm:Section Ref="article-13" URI="http://www.legislation.gov.uk/id/ssi/2000/7/article/13">art.13</ukm:Section></ukm:AffectingProvisions><ukm:InForceDates><ukm:InForce Applied="false" Prospective="true" Qualification=""/></ukm:InForceDates><ukm:AffectedTitle>Sea Fishing (Enforcement of Community Control Measures) (Amdt) O</ukm:AffectedTitle></ukm:UnappliedEffect><ukm:UnappliedEffect EffectId="key-45f4b75cf8117c347ef406d5a1f2b1fd" AffectedURI="http://www.legislation.gov.uk/id/uksi/1996/2" AffectedClass="UnitedKingdomStatutoryInstrument" AffectingURI="http://www.legislation.gov.uk/id/wsi/2000/1075" AffectingClass="WelshStatutoryInstrument" URI="http://www.legislation.gov.uk/id/effect/upload-9mivznu3--3284" Row="3289" Type="revoked" RequiresApplied="true" AffectedProvisions="Act" Comments="rev. (W)" AffectedExtent="W" AffectingYear="2000" AffectingNumber="1075" AffectingProvisions="art.13" AffectedYear="1996" AffectedNumber="2" Created="2019-02-12T00:00:00Z" Modified="2019-02-12T00:00:00Z"><ukm:AffectedTitle>The Sea Fishing (Enforcement of Community Control Measures) (Amendment) Order 1996</ukm:AffectedTitle><ukm:AffectedProvisions>Act</ukm:AffectedProvisions><ukm:AffectingTitle>The Sea Fishing (Enforcement of Community Control Measures) (Wales) Order 2000</ukm:AffectingTitle><ukm:AffectingTitle xml:lang="cy">Gorchymyn Pysgota Môr (Gorfodi Mesurau Rheoli'r Gymuned) (Cymru) 2000</ukm:AffectingTitle><ukm:AffectingProvisions><ukm:Section Ref="article-13" URI="http://www.legislation.gov.uk/id/wsi/2000/1075/article/13">art.13</ukm:Section></ukm:AffectingProvisions><ukm:InForceDates><ukm:InForce Applied="false" Prospective="true" Qualification=""/></ukm:InForceDates><ukm:AffectedTitle>Sea Fishing (Enforcement of Community Control Measures) (Amdt) O</ukm:AffectedTitle></ukm:UnappliedEffect><ukm:UnappliedEffect EffectId="key-eb3ea428cc4e44d0950f708708b41e4a" AffectedURI="http://www.legislation.gov.uk/id/uksi/1996/2" AffectedClass="UnitedKingdomStatutoryInstrument" AffectingURI="http://www.legislation.gov.uk/id/uksi/2000/51" AffectingClass="UnitedKingdomStatutoryInstrument" URI="http://www.legislation.gov.uk/id/effect/upload-9mivznu3--3283" Row="3288" Type="revoked" RequiresApplied="true" AffectedProvisions="Act" Comments="rev. (insofar as it extends to England and Northern Ireland)" AffectingYear="2000" AffectingNumber="51" AffectingProvisions="art. 13" AffectedYear="1996" AffectedNumber="2" Created="2019-02-12T00:00:00Z" Modified="2019-02-12T00:00:00Z"><ukm:AffectedTitle>The Sea Fishing (Enforcement of Community Control Measures) (Amendment) Order 1996</ukm:AffectedTitle><ukm:AffectedProvisions>Act</ukm:AffectedProvisions><ukm:AffectingTitle>The Sea Fishing (Enforcement of Community Control Measures) Order 2000</ukm:AffectingTitle><ukm:AffectingProvisions><ukm:Section Ref="article-13" URI="http://www.legislation.gov.uk/id/uksi/2000/51/article/13">art. 13</ukm:Section></ukm:AffectingProvisions><ukm:InForceDates><ukm:InForce Applied="false" Prospective="true" Qualification=""/></ukm:InForceDates><ukm:AffectedTitle>Sea Fishing (Enforcement of Community Control Measures) (Amdt) O</ukm:AffectedTitle></ukm:UnappliedEffect></ukm:UnappliedEffects></ukm:SecondaryMetadata><ukm:Statistics><ukm:TotalParagraphs Value="11"/><ukm:BodyParagraphs Value="11"/><ukm:ScheduleParagraphs Value="0"/><ukm:AttachmentParagraphs Value="0"/><ukm:TotalImages Value="0"/></ukm:Statistics></proprietary></meta><preface><p class="number"><docNumber>1996 No. 2</docNumber></p><block name="subject"><concept class="title" refersTo="#d5e103">SEA FISHERIES</concept></block><p class="title"><shortTitle>The Sea Fishing (Enforcement of Community Control Measures) (Amendment) Order 1996</shortTitle></p><p class="MadeDate"><span>Made</span><docDate date="1996-01-03">3rd January 1996</docDate></p><p class="LaidDate"><span>Laid before Parliament</span><docDate date="1996-01-04">4th January 1996</docDate></p><p class="ComingIntoForce"><span>Coming into force</span><docDate date="1996-01-05">5th January 1996</docDate></p></preface><preamble><formula name="EnactingText"><p>The Minister of Agriculture, Fisheries and Food and the Secretaries of State respectively concerned with sea fishing in Scotland, Wales and Northern Ireland, in exercise of the powers conferred on them by section 30(2) and (3) of the Fisheries Act 1981<noteRef href="#f00001" class="footnote" marker="1"/>, and of all other powers enabling them in that behalf, hereby make the following Order:</p></formula></preamble><body><article eId="article-1"><num>1</num><heading>Title, commencement and interpretation</heading><paragraph eId="article-1-1"><num>1</num><content><p>This Order may be cited as the Sea Fishing (Enforcement of Community Control Measures) (Amendment) Order 1996 and shall come into force on 5th January 1996.</p></content></paragraph><paragraph eId="article-1-2"><num>2</num><content><p>In this Order “the <abbr title="Sea Fishing (Enforcement of Community Control Measures) Order 1994 (S.I. 1994/451)" xml:lang="">principal Order</abbr>” means the Sea Fishing (Enforcement of Community Control Measures) Order 1994<noteRef href="#f00002" class="footnote" marker="2"/>.</p></content></paragraph></article><hcontainer name="P1group" eId="d5e154"><heading>Amendment of the <abbr title="Sea Fishing (Enforcement of Community Control Measures) Order 1994 (S.I. 1994/451)" xml:lang="">principal Order</abbr></heading><article eId="article-2"><num>2</num><content><p>The <abbr title="Sea Fishing (Enforcement of Community Control Measures) Order 1994 (S.I. 1994/451)" xml:lang="">principal Order</abbr> shall be amended in accordance with articles 3 to 11 of this Order and any reference in those provisions to any specified provision shall, unless the context requires otherwise, be taken to be a reference to the provision so specified of the <abbr title="Sea Fishing (Enforcement of Community Control Measures) Order 1994 (S.I. 1994/451)" xml:lang="">principal Order</abbr>.</p></content></article><article eId="article-3"><num>3</num><intro><p>In article 2(1)—</p></intro><subparagraph eId="article-3-a"><num>a</num><content><p>for the definition of “Regulation 2807/83” there shall be substituted the following definition—</p><p class="BlockAmendment"><mod><quotedStructure class="unknown unknown unknown default" startQuote="“" endQuote="”"><blockList class="unordered"><item><p>“Regulation 2807/83” means Commission Regulation <ref href="http://www.legislation.gov.uk/european/regulation/1983/2807">(<abbr class="Acronym" title="European Economic Community">EEC</abbr>) <abbr title="Number" xml:lang="">No.</abbr> 2807/83</ref> laying down detailed rules for recording information on member States' catches of fish<noteRef href="#f00003" class="footnote" marker="3"/> as amended by Commission Regulation <ref href="http://www.legislation.gov.uk/european/regulation/1989/0473">(<abbr class="Acronym" title="European Economic Community">EEC</abbr>) <abbr title="Number" xml:lang="">No.</abbr> 473/89</ref><noteRef href="#f00004" class="footnote" marker="4"/> and Commission Regulation <ref href="http://www.legislation.gov.uk/european/regulation/1995/2945">(<abbr class="Acronym" title="European Community">EC</abbr>) <abbr title="Number" xml:lang="">No.</abbr> 2945/95</ref><noteRef href="#f00005" class="footnote" marker="5"/></p></item></blockList></quotedStructure></mod><inline name="AppendText">;</inline></p></content></subparagraph><subparagraph eId="article-3-b"><num>b</num><content><p>for the definition of “Regulation 2241/87” there shall be substituted the following definition—</p><p class="BlockAmendment"><mod><quotedStructure class="unknown unknown unknown default" startQuote="“" endQuote="”"><blockList class="unordered"><item><p>“Regulation 2241/87” means Council Regulation <ref href="http://www.legislation.gov.uk/european/regulation/1987/2241">(<abbr class="Acronym" title="European Economic Community">EEC</abbr>) <abbr title="Number" xml:lang="">No.</abbr> 2241/87</ref> establishing certain control measures for fishing activities<noteRef href="#f00006" class="footnote" marker="6"/> as amended by Council Regulation <ref href="http://www.legislation.gov.uk/european/regulation/1988/3483">(<abbr class="Acronym" title="European Economic Community">EEC</abbr>) <abbr title="Number" xml:lang="">No.</abbr> 3483/88</ref><noteRef href="#f00007" class="footnote" marker="7"/></p></item></blockList></quotedStructure></mod><inline name="AppendText">;</inline></p></content></subparagraph><subparagraph eId="article-3-c"><num>c</num><content><p>for the definition of “Regulation 2847/93” there shall be substituted the following definition—</p><p class="BlockAmendment"><mod><quotedStructure class="unknown unknown unknown default" startQuote="“" endQuote="”"><blockList class="unordered"><item><p>“Regulation 2847/93” means Council Regulation <ref href="http://www.legislation.gov.uk/european/regulation/1993/2847">(<abbr class="Acronym" title="European Economic Community">EEC</abbr>) <abbr title="Number" xml:lang="">No.</abbr> 2847/93</ref> establishing a control system applicable to the common fisheries policy<noteRef href="#f00008" class="footnote" marker="8"/> as amended by Council Regulation <ref href="http://www.legislation.gov.uk/european/regulation/1995/2870">(<abbr class="Acronym" title="European Community">EC</abbr>) <abbr title="Number" xml:lang="">No.</abbr> 2870/95</ref><noteRef href="#f00009" class="footnote" marker="9"/></p></item></blockList></quotedStructure></mod><inline name="AppendText">.</inline></p></content></subparagraph></article><article eId="article-4"><num>4</num><intro><p>In article 3—</p></intro><subparagraph eId="article-4-a"><num>a</num><intro><p>in paragraph (1)—</p></intro><clause eId="article-4-a-i"><num>i</num><content><p>the words “as read with any qualifying words relating thereto in the Schedule” shall be omitted;</p></content></clause><clause eId="article-4-a-ii"><num>ii</num><content><p>in paragraphs (i), (ii) and (iii), for the words “or the charterer” (wherever they occur) there shall be substituted the words “and the charterer”;</p></content></clause><clause eId="article-4-a-iii"><num>iii</num><content><p>in paragraph (ii), for the words “article 3.1, 3.2 or 3.3 of Regulation 1382/87” there shall be substituted the words “article 3.1 of, article 3.2 of and Annex <abbr class="Acronym" title="2">II</abbr> to, or article 3.3 of, Regulation 1382/87”;</p></content></clause><clause eId="article-4-a-iv"><num>iv</num><intro><p>in paragraph (iii)—</p></intro><subclause eId="article-4-a-iv-aa"><num>aa</num><content><p>for the words “article 6, 7, 10.1, 11, 12, 17.2, 20.1 or 21.3” there shall be substituted the words “article 6, 7, 10.1 11, 12, 17.2, 19a.2, 19e.1, 19e.2, 19e.3, 20.1, 20.2, 20a, 21.3 or 21c.2”;</p></content></subclause><subclause eId="article-4-a-iv-bb"><num>bb</num><content><p>for the words “article 8.1” there shall be substituted the words “article 8.1 or articles 19b and 19c”;</p></content></subclause></clause></subparagraph><subparagraph eId="article-4-b"><num>b</num><intro><p>in paragraph (2)—</p></intro><clause eId="article-4-b-i"><num>i</num><content><p>for the words “set out” there shall be substituted the word “specified”;</p></content></clause><clause eId="article-4-b-ii"><num>ii</num><content><p>in sub-paragraph (a), for the words “or the charterer” there shall be substituted the words“and the charterer”;</p></content></clause><clause eId="article-4-b-iii"><num>iii</num><content><p>in sub-paragraphs (b) and (c), for the words “in the case of the provision of” (wherever they occur) there shall be substituted the words “in relation to the requirement to provide”;</p></content></clause></subparagraph><subparagraph eId="article-4-c"><num>c</num><content><p>in paragraph (3), for the words “articles 6 to 13, 17.2 or 21” there shall be substituted the words “articles 6, 7, 8.1, 9, 10.1, 11, 12, 13 or 17.2, articles 19b and 19c or article 19e or 20.2”;</p></content></subparagraph><subparagraph eId="article-4-d"><num>d</num><content><p>at the end of the article there shall be inserted the following paragraph—</p><p class="BlockAmendment"><mod><quotedStructure class="unknown unknown unknown default" startQuote="“" endQuote="”"><paragraph eId="d5e377"><num>4</num><content><p>Where there is in respect of any fishing boat a contravention of, or failure to comply with, articles 19b and 19c of Regulation 2847/93 in so far as it concerns entry into British fishery limits, the master and his representative, the owner and the charterer (if any) shall each be guilty of an offence.</p></content></paragraph></quotedStructure></mod><inline name="AppendText">.</inline></p></content></subparagraph></article><article eId="article-5"><num>5</num><intro><p>In article 4—</p></intro><subparagraph eId="article-5-a"><num>a</num><content><p>in paragraph (1), for the words “article 3(1) or (2)” there shall be substituted the words“article 3(1), (2) or (4)”;</p></content></subparagraph><subparagraph eId="article-5-b"><num>b</num><intro><p>in paragraph (2)—</p></intro><clause eId="article-5-b-i"><num>i</num><content><p>for the words “article 3(1) or (2)” there shall be substituted the words “article 3(1), (2) or (4)”;</p></content></clause><clause eId="article-5-b-ii"><num>ii</num><content><p>in sub-paragraph (a), for the words “articles 20.1 or 21” there shall be substituted the words“article 19a.2, 20.1, 20a, 21.3 or 21c.2”;</p></content></clause><clause eId="article-5-b-iii"><num>iii</num><content><p>in sub-paragraph (b), for the words “article 6, 8.1 or 9 to 13 or 17.2” there shall be substituted the words “article 6, 8.1, 9, 10.1, 11, 12, 13 or 17.2, articles 19b and 19c or article 19e or 20.2”.</p></content></clause></subparagraph></article><article eId="article-6"><num>6</num><intro><p>In article 5—</p></intro><subparagraph eId="article-6-a"><num>a</num><content><p>in paragraphs (1) and (2), for the words “on the master and the owner or the charterer (if any), any other person responsible for the vessel and any other person, who is convicted” (in each place that they occur) there shall be substituted the words “on the master, owner, charterer, person responsible for the vessel or any other person who is convicted”;</p></content></subparagraph><subparagraph eId="article-6-b"><num>b</num><content><p>in paragraphs (1)(b) and (2)(b), for the words “if the boat is a foreign fishing boat, order it” (in each place that they occur) there shall be substituted the words “order the boat”.</p></content></subparagraph></article><article eId="article-7"><num>7</num><content><p>In article 6(4), the words “within British fishery limits” shall be omitted.</p></content></article><article eId="article-8"><num>8</num><intro><p>In article 8—</p></intro><subparagraph eId="article-8-a"><num>a</num><intro><p>in paragraph (a)—</p></intro><clause eId="article-8-a-i"><num>i</num><content><p>after the word “fish” there shall be inserted the words “(including any receptacle which contains the fish)”;</p></content></clause><clause eId="article-8-a-ii"><num>ii</num><content><p>for the words “article 6, 8.1, 9 to 13, 17.2 or 21” there shall be substituted the words “article 6, 8.1, 9, 10.1, 11, 12, 13, 17.2 or 19a.2, articles 19b and 19c or article 19e, 20.2, 21.3 or 21c.2”;</p></content></clause></subparagraph><subparagraph eId="article-8-b"><num>b</num><content><p>in paragraph (b), for the words “article 20.1” there shall be substituted the words “article 20.1 or 20a”;</p></content></subparagraph><subparagraph eId="article-8-c"><num>c</num><intro><p>in paragraph (c)—</p></intro><clause eId="article-8-c-i"><num>i</num><content><p>in sub-paragraph (i), for the words “article 20.1” there shall be substituted the words“article 20.1 or 20a”;</p></content></clause><clause eId="article-8-c-ii"><num>ii</num><content><p>in sub-paragraph (ii), for the words “article 21” there shall be substituted the words “article 19a.2, 21.3 or 21c.2”.</p></content></clause></subparagraph></article><article eId="article-9"><num>9</num><content><p>In article 10(c) the word “intentionally” shall be omitted.</p></content></article><article eId="article-10"><num>10</num><content><p>In article 12, before the words “and any document drawn up under article 9” there shall be inserted the words “, any effort report completed under articles 19b and 19c of Regulation 2847/93”.</p></content></article><article eId="article-11"><num>11</num><intro><p>In the Schedule—</p></intro><subparagraph eId="article-11-a"><num>a</num><content><p>items 5(k) and (l) shall be omitted;</p></content></subparagraph><subparagraph eId="article-11-b"><num>b</num><content><p>after item 5(j) there shall be inserted, in the appropriate columns, the Community provisions, subject matters and maximum fines on summary conviction which are specified in the Schedule to this Order.</p></content></subparagraph></article></hcontainer><hcontainer name="signatures"><content><block name="signature"><signature><person refersTo="#ref-d5e526">Tim Boswell</person><role refersTo="#ref-d5e528">Parliamentary Secretary, Ministry of Agriculture, Fisheries and Food</role><date date="1996-01-03">3rd January 1996</date></signature></block><block name="signature"><signature><person refersTo="#ref-d5e535">James Douglas-Hamilton</person><role refersTo="#ref-d5e537">Minister of State, Scottish Office</role><date date="1995-12-28">28th December 1995</date></signature></block><p>Signed by authority of the Secretary of State for Wales</p><block name="signature"><signature><person refersTo="#ref-d5e547">Rod Richards</person><role refersTo="#ref-d5e549">Parliamentary Under Secretary of State, Welsh Office</role><date date="1996-01-02">2nd January 1996</date></signature></block><block name="signature"><signature><person refersTo="#ref-d5e556">Patrick Mayhew</person><role refersTo="#ref-d5e558">Secretary of State for Northern Ireland</role><date date="1996-01-03">3rd January 1996</date></signature></block></content></hcontainer><hcontainer name="schedules" eId="d5e563"><hcontainer name="schedule" eId="schedule"><num>SCHEDULE<authorialNote class="referenceNote" placement="right"><p>Article 11</p></authorialNote></num><heading>AMENDMENTS TO THE SCHEDULE TO THE PRINCIPAL ORDER</heading><content><tblock class="tabular"><table><tr><th colspan="1" rowspan="1"><p><em>Column 1</em></p></th><th colspan="1" rowspan="1"><p><em>Column 2</em></p></th><th colspan="1" rowspan="1"><p><em>Column 3</em></p></th></tr><tr><th colspan="1" rowspan="1"><p><em>Community provision</em></p></th><th colspan="1" rowspan="1"><p><em>Subject matter</em></p></th><th colspan="1" rowspan="1"><p><em>Maximum fine on summary conviction</em></p></th></tr><tr><td colspan="1" rowspan="1"><p><embeddedStructure><paragraph eId="schedule-paragraph-k"><num>k</num><content><p>Article 19a.2</p></content></paragraph></embeddedStructure></p></td><td colspan="1" rowspan="1"><p>Prohibition from carrying out of fishing activities in the areas specified in article 19a.1 of Regulation 2847/93 in relation to Community fishing boats exceeding 15 metres in length between perpendiculars or over 18 metres in overall length which have not been authorised by member States in accordance with articles 2, 3.5 and 9 of Council Regulation <ref href="http://www.legislation.gov.uk/european/regulation/1995/0685">(<abbr class="Acronym" title="European Economic Community">EEC</abbr>) <abbr title="Number" xml:lang="">No.</abbr> 685/95</ref> on the management of the fishing effort relating to certain Community fishing areas and resources<noteRef href="#f00010" class="footnote" marker="10"/></p></td><td colspan="1" rowspan="1"><p>£50,000</p></td></tr><tr><td colspan="1" rowspan="1"><p><embeddedStructure><paragraph eId="schedule-paragraph-l"><num>l</num><content><p>Articles 19b and 19c, as read with article 3a of, and Annexes VIIIa and VIIIb to, Regulation 2807/83</p></content></paragraph></embeddedStructure></p></td><td colspan="1" rowspan="1"><p>Requirement in relation to Community fishing boats exceeding 15 metres in length between perpendiculars or over 18 metres in overall length authorised to carry out fishing activities directed at demersal species to complete an effort report containing the information prescribed in article 19b of Regulation 2847/93–</p><blockList class="ordered"><item><num>a</num><p>by one of the methods prescribed in article 19c.1 (as read with article 19c.3) of Regulation 2847/93 or, in the case of boats carrying out fishing activities in the waters of the State in which they are registered, in accordance with arrangements adopted under article 19c.2, second indent, of Regulation 2847/93;</p></item></blockList></td><td colspan="1" rowspan="1"><p>£50,000</p></td></tr><tr><td colspan="1" rowspan="1"><p/></td><td colspan="1" rowspan="1"><p><embeddedStructure><paragraph eId="schedule-paragraph-b"><num>b</num><content><p>to the authorities prescribed in article 19c.1 of Regulation 2847/93;</p></content></paragraph></embeddedStructure></p></td><td colspan="1" rowspan="1"><p>£50,000</p></td></tr><tr><td colspan="1" rowspan="1"><p/></td><td colspan="1" rowspan="1"><p><embeddedStructure><paragraph eId="schedule-paragraph-c"><num>c</num><intro><p>at the time or times prescribed in article 19c.1 of Regulation 2847/93 or–</p></intro><subparagraph eId="schedule-paragraph-c-i"><num>i</num><content><p>in the case of boats conducting trans-zonal fisheries as defined in article 19b.2, prescribed in article 19b.2 and 19c.2, first indent, of Regulation 2847/93;</p></content></subparagraph><subparagraph eId="schedule-paragraph-c-ii"><num>ii</num><content><p>in the case of boats spending less than 72 hours at sea, prescribed in article 19c.2, third indent, of Regulation 2847/93 (including the requirement in such case to notify changes occurring in the information provided in the report).</p></content></subparagraph></paragraph></embeddedStructure></p></td><td colspan="1" rowspan="1"><p>£50,000</p></td></tr><tr><td colspan="1" rowspan="1"><p><embeddedStructure><paragraph eId="schedule-paragraph-m"><num>m</num><content><p>Article 19e.1 and 19e.2, as read with article 1a of, and Annexes I, IVa and VIa to, Regulation 2807/83</p></content></paragraph></embeddedStructure></p></td><td colspan="1" rowspan="1"><p>Requirement in relation to Community fishing boats exceeding 15 metres in length between perpendiculars or over 18 metres in overall length to record in logbooks the information (as regards time spent at sea) prescribed in article 19e.1 of Regulation 2847/93 or, in the case of boats conducting trans-zonal fisheries as defined in article 19b.2 of Regulation 2847/93, prescribed in article 19e.2 of Regulation 2847/93.</p></td><td colspan="1" rowspan="1"><p>£50,000</p></td></tr><tr><td colspan="1" rowspan="1"><p><embeddedStructure><paragraph eId="schedule-paragraph-n"><num>n</num><content><p>Article 19e.3, as read with article 1a of, and Annexes I, IVa and VIa to, Regulation 2807/83</p></content></paragraph></embeddedStructure></p></td><td colspan="1" rowspan="1"><p>Requirement on Community fishing boats exceeding 15 metres in length between perpendiculars or over 18 metres in overall length authorised to carry out fishing activities directed at demersal species to record in logbooks an effort report containing the information prescribed in article 19b of Regulation 2847/93.</p></td><td colspan="1" rowspan="1"><p>£50,000</p></td></tr><tr><td colspan="1" rowspan="1"><p><embeddedStructure><paragraph eId="schedule-paragraph-o"><num>o</num><content><p>Article 20.1</p></content></paragraph></embeddedStructure></p></td><td colspan="1" rowspan="1"><p>Requirement relating to stowage of nets, when not in use, in Community fishing boats.</p></td><td colspan="1" rowspan="1"><p>The statutory maximum</p></td></tr><tr><td colspan="1" rowspan="1"><p><embeddedStructure><paragraph eId="schedule-paragraph-p"><num>p</num><content><p>Article 20.2</p></content></paragraph></embeddedStructure></p></td><td colspan="1" rowspan="1"><p>Requirement in relation to Community fishing boats to record in log books and landing declarations all changes in mesh size and catch composition at moment of change.</p></td><td colspan="1" rowspan="1"><p>£50,000</p></td></tr><tr><td colspan="1" rowspan="1"><p><embeddedStructure><paragraph eId="schedule-paragraph-q"><num>q</num><content><p>Article 20a</p></content></paragraph></embeddedStructure></p></td><td colspan="1" rowspan="1"><p>Requirements relating to carriage, use and stowage of gear in Community fishing boats exceeding 15 metres in length between perpendiculars or over 18 metres in overall length carrying out fishing activities in the areas specified in article 19a.1 of Regulation 2847/93.</p></td><td colspan="1" rowspan="1"><p>The statutory maximum</p></td></tr><tr><td colspan="1" rowspan="1"><p><embeddedStructure><paragraph eId="schedule-paragraph-r"><num>r</num><content><p>Article 21.3</p></content></paragraph></embeddedStructure></p></td><td colspan="1" rowspan="1"><p>Prohibitions in relation to Community fishing boats from fishing for, and retention on board, trans-shipment and landing of, stock subject to quota or total allowable catch from the date, fixed by the Commission of the European Communities, on which the quota or total allowable catch for such stock is deemed to have been exhausted.</p></td><td colspan="1" rowspan="1"><p>£50,000</p></td></tr><tr><td colspan="1" rowspan="1"><p><embeddedStructure><paragraph eId="schedule-paragraph-s"><num>s</num><content><p>Article 21c.2</p></content></paragraph></embeddedStructure></p></td><td colspan="1" rowspan="1"><p>Prohibition in relation to fishing boats of a member State from carrying out fishing activities in a fishery from the date, fixed by the Commission of the European Communities, on which the maximum fishing effort of that State for that fishery is deemed to have been exhausted.</p></td><td colspan="1" rowspan="1"><p>£50,000</p></td></tr></table></tblock></content></hcontainer></hcontainer></body><conclusions><blockContainer class="ExplanatoryNotes"><intro><p>(This note is not part of the Order)</p></intro><p><authorialNote><p>This Order amends the Sea Fishing (Enforcement of Community Control Measures Order 1994 (“the <abbr title="Sea Fishing (Enforcement of Community Control Measures) Order 1994 (S.I. 1994/451)" xml:lang="">principal Order</abbr>”), which includes provision for the enforcement of—</p><paragraph eId="d5e767"><num>a</num><content><p>Council Regulation <ref href="http://www.legislation.gov.uk/european/regulation/1987/2241">(<abbr class="Acronym" title="European Economic Community">EEC</abbr>) <abbr title="Number" xml:lang="">No.</abbr> 2241/87</ref> establishing certain control measures for fishing activities (<abbr class="Acronym" title="Official Journal">OJ</abbr><abbr title="Number" xml:lang="">No.</abbr> L207, 29.7.87, p.1) (“the first Council Regulation”) and Commission Regulation <ref href="http://www.legislation.gov.uk/european/regulation/1983/2807">(<abbr class="Acronym" title="European Economic Community">EEC</abbr>) <abbr title="Number" xml:lang="">No.</abbr> 2807/83</ref> laying down detailed rules for recording information on Member States' catches of fish (<abbr class="Acronym" title="Official Journal">OJ</abbr><abbr title="Number" xml:lang="">No.</abbr> L276, 10.10.83, p.1) (“the Commission Regulation”), in so far as those Regulations relate to a duty to keep and submit logbooks, in consequence of the Commission Regulation having been amended by Commission Regulation <ref href="http://www.legislation.gov.uk/european/regulation/1995/2945">(<abbr class="Acronym" title="European Community">EC</abbr>) <abbr title="Number" xml:lang="">No.</abbr> 2945/95</ref> (<abbr class="Acronym" title="Official Journal">OJ</abbr><abbr title="Number" xml:lang="">No.</abbr> L308, 21.12.95, p.18);</p></content></paragraph><paragraph eId="d5e816"><num>b</num><content><p>Council Regulation <ref href="http://www.legislation.gov.uk/european/regulation/1993/2847">(<abbr class="Acronym" title="European Economic Community">EEC</abbr>) <abbr title="Number" xml:lang="">No.</abbr> 2847/93</ref> establishing a control system applicable to the common fisheries policy (<abbr class="Acronym" title="Official Journal">OJ</abbr><abbr title="Number" xml:lang="">No.</abbr> L261, 20.10.93, p.1) (“the second Council Regulation”), in consequence of the second Council Regulation having been amended by Council Regulation <ref href="http://www.legislation.gov.uk/european/regulation/1995/2870">(<abbr class="Acronym" title="European Community">EC</abbr>) <abbr title="Number" xml:lang="">No.</abbr> 2870/95</ref> (<abbr class="Acronym" title="Official Journal">OJ</abbr><abbr title="Number" xml:lang="">No.</abbr> L301, 14.12.95, p.1).</p></content></paragraph><p>The <abbr title="Sea Fishing (Enforcement of Community Control Measures) Order 1994 (S.I. 1994/451)" xml:lang="">principal Order</abbr> creates offences in respect of breaches of provisions of the first Council Regulation, the Commission Regulation and the second Council Regulation referred to in column 1 (and briefly described in column 2) of the Schedule to that Order and in article 3 of that Order. The <abbr title="Sea Fishing (Enforcement of Community Control Measures) Order 1994 (S.I. 1994/451)" xml:lang="">principal Order</abbr> also specifies penalties for such offences and confers powers of enforcement.</p><p>Council Regulation <ref href="http://www.legislation.gov.uk/european/regulation/1995/2870">(<abbr class="Acronym" title="European Community">EC</abbr>) <abbr title="Number" xml:lang="">No.</abbr> 2870/95</ref> provides for control and monitoring measures applicable to Community fishing boats exceeding 18 metres in overall length (equivalent to 15 metres in length between perpendiculars) when carrying out fishing activities in ICES divisions Vb, <abbr class="Acronym" title="6">VI</abbr>, <abbr class="Acronym" title="7">VII</abbr>, <abbr class="Acronym" title="8">VIII</abbr>, <abbr class="Acronym" title="9">IX</abbr> and X and CECAF areas 34.1.1, 34.1.2 and 34.2.0 (“Western waters”), so as to ensure compliance with the system for the management of fishing effort for certain fishery resources in Western waters established by Council Regulation <ref href="http://www.legislation.gov.uk/european/regulation/1995/0685">(<abbr class="Acronym" title="European Community">EC</abbr>) <abbr title="Number" xml:lang="">No.</abbr> 685/95</ref> (<abbr class="Acronym" title="Official Journal">OJ</abbr><abbr title="Number" xml:lang="">No.</abbr> L71, 31.3.95, p.5) in implementation of Council Regulation <ref href="http://www.legislation.gov.uk/european/regulation/1994/1275">(<abbr class="Acronym" title="European Community">EC</abbr>) <abbr title="Number" xml:lang="">No.</abbr> 1275/94</ref> (<abbr class="Acronym" title="Official Journal">OJ</abbr><abbr title="Number" xml:lang="">No.</abbr> L140, 3.6.94, p.1) on adjustments to the arrangements in the fisheries chapters of the Acts of Accession of Spain and Portugal.</p><p>The amendments made by Council Regulation <ref href="http://www.legislation.gov.uk/european/regulation/1995/2870">(<abbr class="Acronym" title="European Community">EC</abbr>) <abbr title="Number" xml:lang="">No.</abbr> 2870/95</ref> include in particular—</p><paragraph eId="d5e924"><num>a</num><content><p>a prohibition on the carrying out of fishing activities by boats which have not been authorised by member States in accordance with Articles 2, 3.5 and 9 of Council Regulation <ref href="http://www.legislation.gov.uk/european/regulation/1995/0685">(<abbr class="Acronym" title="European Community">EC</abbr>) <abbr title="Number" xml:lang="">No.</abbr> 685/95</ref>;</p></content></paragraph><paragraph eId="d5e939"><num>b</num><content><p>a requirement on boats authorised to carry out fishing activities directed at demersal species to complete an effort report detailing each entry into, and exit from, ports located inside each Western waters area, and each entry and exit from such area, either immediately prior to such entry and exit or, in the case of boats conducting trans-zonal fisheries or spending less than 72 hours at sea, at the times prescribed in the Regulation;</p></content></paragraph><paragraph eId="d5e945"><num>c</num><content><p>a requirement on boats to record in their logbooks entries into, and exits from, ports and areas, as well as additional information in the case of boats using static gear;</p></content></paragraph><paragraph eId="d5e951"><num>d</num><content><p>requirements relating to carriage, use and stowage of gear;</p></content></paragraph><paragraph eId="d5e957"><num>e</num><content><p>a prohibition on boats of a member State from carrying out fishing activities in a fishery from the date, fixed by the Commission of the European Communities, on which the maximum fishing effort of that State for that fishery is deemed to have been exhausted.</p></content></paragraph><p>Commission Regulation <ref href="http://www.legislation.gov.uk/european/regulation/1995/2945">(<abbr class="Acronym" title="European Community">EC</abbr>) <abbr title="Number" xml:lang="">No.</abbr> 2945/95</ref> supplements Council Regulation <ref href="http://www.legislation.gov.uk/european/regulation/1995/2870">(<abbr class="Acronym" title="European Community">EC</abbr>) <abbr title="Number" xml:lang="">No.</abbr> 2870/95</ref> by specifying the radio stations via which, and the details of the competent authorities to whom, communications of effort reports may be made and by setting out detailed rules for the requirement to record information in logbooks.</p><p>The Order makes contravention of each of these provisions an offence by incorporating them in the Schedule to the <abbr title="Sea Fishing (Enforcement of Community Control Measures) Order 1994 (S.I. 1994/451)" xml:lang="">principal Order</abbr>.</p><p>The Order additionally provides for certain other, incidental, amendments to the <abbr title="Sea Fishing (Enforcement of Community Control Measures) Order 1994 (S.I. 1994/451)" xml:lang="">principal Order</abbr>.</p><p>A compliance cost assessment in relation to Council Regulation <ref href="http://www.legislation.gov.uk/european/regulation/1995/2870">(<abbr class="Acronym" title="European Community">EC</abbr>) <abbr title="Number" xml:lang="">No.</abbr> 2870/95</ref> has been prepared and a copy has been placed in the library of each House of Parliament. A copy of it can be obtained from Fisheries <abbr class="Acronym" title="4">IV</abbr> Division of the Ministry of Agriculture, Fisheries and Food, Nobel House, 17 Smith Square, London SW1P 3JR.</p></authorialNote></p></blockContainer></conclusions></act></akomaNtoso>