<akomaNtoso xmlns:xsi="http://www.w3.org/2001/XMLSchema-instance" xmlns="http://docs.oasis-open.org/legaldocml/ns/akn/3.0" xsi:schemaLocation="http://docs.oasis-open.org/legaldocml/ns/akn/3.0 http://docs.oasis-open.org/legaldocml/akn-core/v1.0/cos01/part2-specs/schemas/akomantoso30.xsd"><act name="UnitedKingdomStatutoryInstrument"><meta><identification source="#source"><FRBRWork><FRBRthis value="http://www.legislation.gov.uk/id/uksi/1996/180"/><FRBRuri value="http://www.legislation.gov.uk/id/uksi/1996/180"/><FRBRdate date="1996-02-01" name="made"/><FRBRauthor href="http://www.legislation.gov.uk/id/government/uk"/><FRBRcountry value="GB-UKM"/><FRBRsubtype value="regulation"/><FRBRnumber value="180"/><FRBRname value="S.I. 1996/180"/><FRBRprescriptive value="true"/></FRBRWork><FRBRExpression><FRBRthis value="http://www.legislation.gov.uk/uksi/1996/180/made"/><FRBRuri value="http://www.legislation.gov.uk/uksi/1996/180/made"/><FRBRdate date="1996-02-01" name="made"/><FRBRauthor href="#source"/><FRBRlanguage language="eng"/></FRBRExpression><FRBRManifestation><FRBRthis value="http://www.legislation.gov.uk/uksi/1996/180/made/data.akn"/><FRBRuri value="http://www.legislation.gov.uk/uksi/1996/180/made/data.akn"/><FRBRdate date="2021-07-26+01:00" name="transform"/><FRBRauthor href="http://www.legislation.gov.uk"/><FRBRformat value="application/akn+xml"/></FRBRManifestation></identification><classification source="#source"><keyword value="united reformed church" showAs="United Reformed Church" dictionary="http://www.legislation.gov.uk"/><keyword value="register of charities" showAs="Register of charities" dictionary="http://www.legislation.gov.uk"/><keyword value="charities" showAs="CHARITIES" dictionary="http://www.legislation.gov.uk"/></classification><lifecycle source="#source"><eventRef date="1996-02-01" type="generation" eId="made-date" source="#source"/><eventRef date="1996-03-01" eId="coming-into-force-date-1" source="#source"/></lifecycle><references source="#source"><TLCOrganization eId="source" href="http://www.legislation.gov.uk/id/publisher/KingsOrQueensPrinterOfActsOfParliament" showAs="Queen's Printer of Acts of Parliament"/><passiveRef href="http://www.legislation.gov.uk/id/uksi/2001/260" showAs="The Charities (Exception from Registration) (Amendment) Regulations 2001"/><passiveRef href="http://www.legislation.gov.uk/id/uksi/2002/1598" showAs="The Charities (Exception From Registration) (Amendment) Regulations 2002"/><passiveRef href="http://www.legislation.gov.uk/id/uksi/2007/2655" showAs="The Charities (Exception from Registration) (Amendment) Regulations 2007"/><passiveRef href="http://www.legislation.gov.uk/id/uksi/2012/1734" showAs="The Charities (Exception from Registration) (Amendment) Regulations 2012"/><passiveRef href="http://www.legislation.gov.uk/id/uksi/2012/3012" showAs="The Charitable Incorporated Organisations (General) Regulations 2012"/><passiveRef href="http://www.legislation.gov.uk/id/uksi/2014/242" showAs="The Charities (Exception from Registration) (Amendment) Regulations 2014"/><passiveRef href="http://www.legislation.gov.uk/id/uksi/2021/55" showAs="The Charities (Exception from Registration) (Amendment) Regulations 2021"/><TLCLocation eId="homeoffice" href="/ontology/location/uk.HomeOffice" showAs="Home Office"/><TLCRole eId="ref-d4e406" href="/ontology/role/uk.Minister of State" showAs="Minister of State"/><TLCPerson eId="ref-d4e404" href="/ontology/persons/uk.Blatch" showAs="Blatch"/><TLCConcept href="/uk/subject/charities" showAs="CHARITIES" eId="d4e212"/></references><notes source="#source"><note class="footnote" eId="f00001"><p><ref href="http://www.legislation.gov.uk/id/ukpga/1993/10">1993 c. 10</ref>.</p></note><note class="footnote" eId="f00002"><p><abbr class="Acronym" title="Statutory Instrument">S.I.</abbr><ref href="http://www.legislation.gov.uk/id/uksi/1963/2074">1963/2074</ref>.</p></note><note class="footnote" eId="f00003"><p><abbr class="Acronym" title="Statutory Instrument">S.I.</abbr><ref href="http://www.legislation.gov.uk/id/uksi/1964/1825">1964/1825</ref>.</p></note><note class="footnote" eId="f00004"><p><ref href="http://www.legislation.gov.uk/id/ukla/1951/17">1951 c.xvii</ref>.</p></note></notes><proprietary xmlns:ukl="http://www.legislation.gov.uk/namespaces/legislation" xmlns:ukm="http://www.legislation.gov.uk/namespaces/metadata" xmlns:dc="http://purl.org/dc/elements/1.1/" xmlns:dct="http://purl.org/dc/terms/" xmlns:atom="http://www.w3.org/2005/Atom" source="#source"><dc:identifier>http://www.legislation.gov.uk/uksi/1996/180/made</dc:identifier><dc:title>The Charities (Exception from Registration) Regulations 1996</dc:title><dc:subject>United Reformed Church</dc:subject><dc:subject>Register of charities</dc:subject><dc:publisher>Queen's Printer of Acts of Parliament</dc:publisher><dc:modified>2016-08-02</dc:modified><dc:subject scheme="SIheading">CHARITIES</dc:subject><dc:description>These Regulations (which extend to England and Wales only) except specified religious charities from the duty to register under the Charities Act 1993. In the case of regulation 4, which concerns charities connected with the religious bodies identified by list, preconditions for exception established by the Regulations revoked by regulation 3 are modified, in particular by removing requirements to notify particulars to the Charity Commission from time to time, and the list of religious bodies consolidates and adds to comparable lists in those Regulations. In all those cases to which regulation 4 now applies, exception expires on 1st March 2001. Regulation 5 increases the previous maximum level of income which the specified charities may receive before being required to register from £50 a year.</dc:description><atom:link rel="self" href="http://www.legislation.gov.uk/uksi/1996/180/made/data.xml" type="application/xml"/><atom:link rel="http://www.legislation.gov.uk/def/navigation/resources" href="http://www.legislation.gov.uk/uksi/1996/180/resources" title="More Resources"/><atom:link rel="http://www.legislation.gov.uk/def/navigation/act" href="http://www.legislation.gov.uk/uksi/1996/180/made" title="whole act"/><atom:link rel="http://www.legislation.gov.uk/def/navigation/introduction" href="http://www.legislation.gov.uk/uksi/1996/180/introduction/made" title="introduction"/><atom:link rel="http://www.legislation.gov.uk/def/navigation/signature" href="http://www.legislation.gov.uk/uksi/1996/180/signature/made" title="signature"/><atom:link rel="http://www.legislation.gov.uk/def/navigation/note" href="http://www.legislation.gov.uk/uksi/1996/180/note/made" title="note"/><atom:link rel="http://www.legislation.gov.uk/def/navigation/body" href="http://www.legislation.gov.uk/uksi/1996/180/body/made" title="body"/><atom:link rel="alternate" type="application/rdf+xml" href="http://www.legislation.gov.uk/uksi/1996/180/made/data.rdf" title="RDF/XML"/><atom:link rel="alternate" type="application/akn+xml" href="http://www.legislation.gov.uk/uksi/1996/180/made/data.akn" title="AKN"/><atom:link rel="alternate" type="application/xhtml+xml" href="http://www.legislation.gov.uk/uksi/1996/180/made/data.xht" title="HTML snippet"/><atom:link rel="alternate" type="application/pdf" href="http://www.legislation.gov.uk/uksi/1996/180/made/data.pdf" title="PDF"/><atom:link rel="alternate" type="application/akn+xhtml" href="http://www.legislation.gov.uk/uksi/1996/180/made/data.html" title="HTML5 snippet"/><atom:link rel="http://purl.org/dc/terms/tableOfContents" hreflang="en" href="http://www.legislation.gov.uk/uksi/1996/180/contents/made" title="Table of Contents"/><ukm:SecondaryMetadata><ukm:DocumentClassification><ukm:DocumentCategory Value="secondary"/><ukm:DocumentMainType Value="UnitedKingdomStatutoryInstrument"/><ukm:DocumentStatus Value="final"/><ukm:DocumentMinorType Value="regulation"/></ukm:DocumentClassification><ukm:Year Value="1996"/><ukm:Number Value="180"/><ukm:Made Date="1996-02-01"/><ukm:ComingIntoForce><ukm:DateTime Date="1996-03-01"/></ukm:ComingIntoForce><ukm:ISBN Value="0110539699"/><ukm:UnappliedEffects><ukm:UnappliedEffect URI="http://www.legislation.gov.uk/id/effect/upload-53iu63p-4" Type="words substituted" AffectedProvisions="reg. 4(1)" AffectingEffectsExtent="E+W" AffectingYear="2012" AffectingNumber="1734" AffectingProvisions="reg. 2(2)" AffectedURI="http://www.legislation.gov.uk/id/uksi/1996/180" AffectedYear="1996" AffectedNumber="180" AffectingURI="http://www.legislation.gov.uk/id/uksi/2012/1734" Created="2012-10-08T16:04:28.268+01:00" Modified="2012-10-08T16:04:28.268+01:00" AffectedClass="UnitedKingdomStatutoryInstrument" AffectingClass="UnitedKingdomStatutoryInstrument" EffectId="key-40c03798857a82bd29a8f5a7e23cdacc" RequiresApplied="true"><ukm:AffectedTitle>The Charities (Exception from Registration) Regulations 1996</ukm:AffectedTitle><ukm:AffectedProvisions><ukm:Section Ref="regulation-4-1" URI="http://www.legislation.gov.uk/id/uksi/1996/180/regulation/4/1">reg. 4(1)</ukm:Section></ukm:AffectedProvisions><ukm:AffectingTitle>The Charities (Exception from Registration) (Amendment) Regulations 2012</ukm:AffectingTitle><ukm:AffectingProvisions><ukm:Section Ref="regulation-2-2" URI="http://www.legislation.gov.uk/id/uksi/2012/1734/regulation/2/2">reg. 2(2)</ukm:Section></ukm:AffectingProvisions><ukm:CommencementAuthority><ukm:Section Ref="regulation-1" URI="http://www.legislation.gov.uk/id/uksi/2012/1734/regulation/1">reg. 1</ukm:Section></ukm:CommencementAuthority><ukm:InForceDates><ukm:InForce Date="2012-09-01" Qualification="wholly in force" Applied="false"/></ukm:InForceDates></ukm:UnappliedEffect><ukm:UnappliedEffect EffectId="key-ad73a45385bf617154e7d1dd552a94bd" Modified="2013-04-08T15:33:21.124+01:00" AffectedClass="UnitedKingdomStatutoryInstrument" Created="2013-04-08T15:33:21.124+01:00" AffectingClass="UnitedKingdomStatutoryInstrument" URI="http://www.legislation.gov.uk/id/effect/upload-21id98w-34" Type="words inserted" RequiresApplied="true" AffectedProvisions="reg. 4(2)" AffectingEffectsExtent="E+W" AffectingYear="2012" AffectingNumber="3012" AffectingProvisions="Sch. 4 para. 4(2)(a)" AffectedURI="http://www.legislation.gov.uk/id/uksi/1996/180" AffectedYear="1996" AffectedNumber="180" AffectingURI="http://www.legislation.gov.uk/id/uksi/2012/3012"><ukm:AffectedTitle>The Charities (Exception from Registration) Regulations 1996</ukm:AffectedTitle><ukm:AffectedProvisions><ukm:Section Ref="regulation-4-2" URI="http://www.legislation.gov.uk/id/uksi/1996/180/regulation/4/2">reg. 4(2)</ukm:Section></ukm:AffectedProvisions><ukm:AffectingTitle>The Charitable Incorporated Organisations (General) Regulations 2012</ukm:AffectingTitle><ukm:AffectingProvisions><ukm:Section Ref="schedule-4" URI="http://www.legislation.gov.uk/id/uksi/2012/3012/schedule/4">Sch. 4 </ukm:Section><ukm:Section Ref="schedule-4-paragraph-4-2-a" URI="http://www.legislation.gov.uk/id/uksi/2012/3012/schedule/4/paragraph/4/2/a">para. 4(2)(a)</ukm:Section></ukm:AffectingProvisions><ukm:CommencementAuthority><ukm:Section Ref="regulation-1" URI="http://www.legislation.gov.uk/id/uksi/2012/3012/regulation/1">reg. 1</ukm:Section></ukm:CommencementAuthority><ukm:InForceDates><ukm:InForce Date="2013-01-02" Qualification="wholly in force" Applied="false"/></ukm:InForceDates></ukm:UnappliedEffect><ukm:UnappliedEffect EffectId="key-4da85376bcc2afe1c0ca3689dffa2fea" AffectedClass="UnitedKingdomStatutoryInstrument" Modified="2013-04-08T15:33:21.124+01:00" AffectingClass="UnitedKingdomStatutoryInstrument" URI="http://www.legislation.gov.uk/id/effect/upload-21id98w-35" Type="inserted" RequiresApplied="true" AffectedProvisions="reg. 4(4)" AffectingEffectsExtent="E+W" AffectingYear="2012" AffectingNumber="3012" AffectingProvisions="Sch. 4 para. 4(2)(b)" AffectedURI="http://www.legislation.gov.uk/id/uksi/1996/180" AffectedYear="1996" AffectedNumber="180" AffectingURI="http://www.legislation.gov.uk/id/uksi/2012/3012" Created="2013-04-08T15:33:21.124+01:00"><ukm:AffectedTitle>The Charities (Exception from Registration) Regulations 1996</ukm:AffectedTitle><ukm:AffectedProvisions><ukm:Section Ref="regulation-4-4" URI="http://www.legislation.gov.uk/id/uksi/1996/180/regulation/4/4" FoundRef="regulation-4">reg. 4(4)</ukm:Section></ukm:AffectedProvisions><ukm:AffectingTitle>The Charitable Incorporated Organisations (General) Regulations 2012</ukm:AffectingTitle><ukm:AffectingProvisions><ukm:Section Ref="schedule-4" URI="http://www.legislation.gov.uk/id/uksi/2012/3012/schedule/4">Sch. 4 </ukm:Section><ukm:Section Ref="schedule-4-paragraph-4-2-b" URI="http://www.legislation.gov.uk/id/uksi/2012/3012/schedule/4/paragraph/4/2/b">para. 4(2)(b)</ukm:Section></ukm:AffectingProvisions><ukm:CommencementAuthority><ukm:Section Ref="regulation-1" URI="http://www.legislation.gov.uk/id/uksi/2012/3012/regulation/1">reg. 1</ukm:Section></ukm:CommencementAuthority><ukm:InForceDates><ukm:InForce Date="2013-01-02" Qualification="wholly in force" Applied="false"/></ukm:InForceDates></ukm:UnappliedEffect><ukm:UnappliedEffect EffectId="key-70a1235b9b6bda39fcd772ec83d864df" Created="2013-04-08T15:33:21.124+01:00" AffectedClass="UnitedKingdomStatutoryInstrument" URI="http://www.legislation.gov.uk/id/effect/upload-21id98w-36" Type="words inserted" RequiresApplied="true" AffectedProvisions="reg. 5(2)" AffectingEffectsExtent="E+W" AffectingYear="2012" AffectingNumber="3012" AffectingProvisions="Sch. 4 para. 4(3)(a)" AffectedURI="http://www.legislation.gov.uk/id/uksi/1996/180" AffectedYear="1996" AffectedNumber="180" AffectingURI="http://www.legislation.gov.uk/id/uksi/2012/3012" AffectingClass="UnitedKingdomStatutoryInstrument" Modified="2013-04-08T15:33:21.124+01:00"><ukm:AffectedTitle>The Charities (Exception from Registration) Regulations 1996</ukm:AffectedTitle><ukm:AffectedProvisions><ukm:Section Ref="regulation-5-2" URI="http://www.legislation.gov.uk/id/uksi/1996/180/regulation/5/2">reg. 5(2)</ukm:Section></ukm:AffectedProvisions><ukm:AffectingTitle>The Charitable Incorporated Organisations (General) Regulations 2012</ukm:AffectingTitle><ukm:AffectingProvisions><ukm:Section Ref="schedule-4" URI="http://www.legislation.gov.uk/id/uksi/2012/3012/schedule/4">Sch. 4 </ukm:Section><ukm:Section Ref="schedule-4-paragraph-4-3-a" URI="http://www.legislation.gov.uk/id/uksi/2012/3012/schedule/4/paragraph/4/3/a">para. 4(3)(a)</ukm:Section></ukm:AffectingProvisions><ukm:CommencementAuthority><ukm:Section Ref="regulation-1" URI="http://www.legislation.gov.uk/id/uksi/2012/3012/regulation/1">reg. 1</ukm:Section></ukm:CommencementAuthority><ukm:InForceDates><ukm:InForce Date="2013-01-02" Qualification="wholly in force" Applied="false"/></ukm:InForceDates></ukm:UnappliedEffect><ukm:UnappliedEffect EffectId="key-d6bf35050a2e3baec070363c1f7337ac" URI="http://www.legislation.gov.uk/id/effect/upload-21id98w-37" Type="inserted" RequiresApplied="true" AffectedProvisions="reg. 5(3)" AffectingEffectsExtent="E+W" AffectingYear="2012" AffectingNumber="3012" AffectingProvisions="Sch. 4 para. 4(3)(b)" AffectedURI="http://www.legislation.gov.uk/id/uksi/1996/180" AffectedYear="1996" AffectedNumber="180" AffectingURI="http://www.legislation.gov.uk/id/uksi/2012/3012" Modified="2013-04-08T15:33:21.124+01:00" Created="2013-04-08T15:33:21.124+01:00" AffectedClass="UnitedKingdomStatutoryInstrument" AffectingClass="UnitedKingdomStatutoryInstrument"><ukm:AffectedTitle>The Charities (Exception from Registration) Regulations 1996</ukm:AffectedTitle><ukm:AffectedProvisions><ukm:Section Ref="regulation-5-3" URI="http://www.legislation.gov.uk/id/uksi/1996/180/regulation/5/3" FoundRef="regulation-5">reg. 5(3)</ukm:Section></ukm:AffectedProvisions><ukm:AffectingTitle>The Charitable Incorporated Organisations (General) Regulations 2012</ukm:AffectingTitle><ukm:AffectingProvisions><ukm:Section Ref="schedule-4" URI="http://www.legislation.gov.uk/id/uksi/2012/3012/schedule/4">Sch. 4 </ukm:Section><ukm:Section Ref="schedule-4-paragraph-4-3-b" URI="http://www.legislation.gov.uk/id/uksi/2012/3012/schedule/4/paragraph/4/3/b">para. 4(3)(b)</ukm:Section></ukm:AffectingProvisions><ukm:CommencementAuthority><ukm:Section Ref="regulation-1" URI="http://www.legislation.gov.uk/id/uksi/2012/3012/regulation/1">reg. 1</ukm:Section></ukm:CommencementAuthority><ukm:InForceDates><ukm:InForce Date="2013-01-02" Qualification="wholly in force" Applied="false"/></ukm:InForceDates></ukm:UnappliedEffect><ukm:UnappliedEffect EffectId="key-4c96ea0d67d607a36aedd068e6e8e64d" Created="2013-10-13T00:46:44.07+01:00" AffectedClass="UnitedKingdomStatutoryInstrument" AffectingClass="UnitedKingdomStatutoryInstrument" URI="http://www.legislation.gov.uk/id/effect/uksi-2001-260xls-4" Type="am" RequiresApplied="true" AffectedProvisions="reg 4" AffectingYear="2001" AffectingNumber="260" AffectingProvisions="reg 2" AffectedURI="http://www.legislation.gov.uk/id/uksi/1996/180" AffectedYear="1996" AffectedNumber="180" AffectingURI="http://www.legislation.gov.uk/id/uksi/2001/260" Modified="2013-10-13T00:46:44.07+01:00"><ukm:AffectedTitle>The Charities (Exception from Registration) Regulations 1996</ukm:AffectedTitle><ukm:AffectedProvisions><ukm:Section Ref="regulation-4" URI="http://www.legislation.gov.uk/id/uksi/1996/180/regulation/4">reg 4</ukm:Section></ukm:AffectedProvisions><ukm:AffectingTitle>The Charities (Exception from Registration) (Amendment) Regulations 2001</ukm:AffectingTitle><ukm:AffectingProvisions><ukm:Section Ref="regulation-2" URI="http://www.legislation.gov.uk/id/uksi/2001/260/regulation/2">reg 2</ukm:Section></ukm:AffectingProvisions></ukm:UnappliedEffect><ukm:UnappliedEffect EffectId="key-734060eefba903aada5eed6f52ead18e" AffectedClass="UnitedKingdomStatutoryInstrument" URI="http://www.legislation.gov.uk/id/effect/uksi-2002-1598xls-4" Type="am" RequiresApplied="true" AffectedProvisions="reg 4" AffectingYear="2002" AffectingNumber="1598" AffectingProvisions="reg 2" AffectedURI="http://www.legislation.gov.uk/id/uksi/1996/180" AffectedYear="1996" AffectedNumber="180" AffectingURI="http://www.legislation.gov.uk/id/uksi/2002/1598" AffectingClass="UnitedKingdomStatutoryInstrument" Created="2013-10-13T01:38:50.973+01:00" Modified="2013-10-13T01:38:50.973+01:00"><ukm:AffectedTitle>The Charities (Exception from Registration) Regulations 1996</ukm:AffectedTitle><ukm:AffectedProvisions><ukm:Section Ref="regulation-4" URI="http://www.legislation.gov.uk/id/uksi/1996/180/regulation/4">reg 4</ukm:Section></ukm:AffectedProvisions><ukm:AffectingTitle>The Charities (Exception From Registration) (Amendment) Regulations 2002</ukm:AffectingTitle><ukm:AffectingProvisions><ukm:Section Ref="regulation-2" URI="http://www.legislation.gov.uk/id/uksi/2002/1598/regulation/2">reg 2</ukm:Section></ukm:AffectingProvisions></ukm:UnappliedEffect><ukm:UnappliedEffect EffectId="key-a8d9b35b78cf386cb3396dbc0266147b" AffectedClass="UnitedKingdomStatutoryInstrument" URI="http://www.legislation.gov.uk/id/effect/uksi-2007-2655xls-4" Type="am" RequiresApplied="true" AffectedProvisions="reg 4" AffectingYear="2007" AffectingNumber="2655" AffectingProvisions="reg 2" AffectedURI="http://www.legislation.gov.uk/id/uksi/1996/180" AffectedYear="1996" AffectedNumber="180" AffectingURI="http://www.legislation.gov.uk/id/uksi/2007/2655" Created="2013-10-12T16:51:32.353+01:00" AffectingClass="UnitedKingdomStatutoryInstrument" Modified="2013-10-12T16:51:32.353+01:00"><ukm:AffectedTitle>The Charities (Exception from Registration) Regulations 1996</ukm:AffectedTitle><ukm:AffectedProvisions><ukm:Section Ref="regulation-4" URI="http://www.legislation.gov.uk/id/uksi/1996/180/regulation/4">reg 4</ukm:Section></ukm:AffectedProvisions><ukm:AffectingTitle>The Charities (Exception from Registration) (Amendment) Regulations 2007</ukm:AffectingTitle><ukm:AffectingProvisions><ukm:Section Ref="regulation-2" URI="http://www.legislation.gov.uk/id/uksi/2007/2655/regulation/2">reg 2</ukm:Section></ukm:AffectingProvisions></ukm:UnappliedEffect><ukm:UnappliedEffect EffectId="key-3ee025db334d11a2eec9b009f63ca4d7" Modified="2014-04-02T12:09:52.008+01:00" Created="2014-04-02T12:09:52.008+01:00" URI="http://www.legislation.gov.uk/id/effect/uksi-2014-242-b4tqhvs1-4" Type="words substituted" RequiresApplied="true" AffectedProvisions="reg. 4(1)" AffectingEffectsExtent="E+W" AffectingYear="2014" AffectingNumber="242" AffectingProvisions="reg. 2(2)" AffectedURI="http://www.legislation.gov.uk/id/uksi/1996/180" AffectedYear="1996" AffectedNumber="180" AffectingURI="http://www.legislation.gov.uk/id/uksi/2014/242" AffectedClass="UnitedKingdomStatutoryInstrument" AffectingClass="UnitedKingdomStatutoryInstrument"><ukm:AffectedTitle>The Charities (Exception from Registration) Regulations 1996</ukm:AffectedTitle><ukm:AffectedProvisions><ukm:Section Ref="regulation-4-1" URI="http://www.legislation.gov.uk/id/uksi/1996/180/regulation/4/1">reg. 4(1)</ukm:Section></ukm:AffectedProvisions><ukm:AffectingTitle>The Charities (Exception from Registration) (Amendment) Regulations 2014</ukm:AffectingTitle><ukm:AffectingProvisions><ukm:Section Ref="regulation-2-2" URI="http://www.legislation.gov.uk/id/uksi/2014/242/regulation/2/2">reg. 2(2)</ukm:Section></ukm:AffectingProvisions><ukm:CommencementAuthority><ukm:Section Ref="regulation-1" URI="http://www.legislation.gov.uk/id/uksi/2014/242/regulation/1">reg. 1</ukm:Section></ukm:CommencementAuthority><ukm:InForceDates><ukm:InForce Date="2014-03-31" Qualification="wholly in force" Applied="false"/></ukm:InForceDates></ukm:UnappliedEffect><ukm:UnappliedEffect EffectId="key-93ebffab87ff39aca021383499cd9d5b" AffectedURI="http://www.legislation.gov.uk/id/uksi/1996/180" AffectedClass="UnitedKingdomStatutoryInstrument" AffectingURI="http://www.legislation.gov.uk/id/uksi/2021/55" AffectingClass="UnitedKingdomStatutoryInstrument" URI="http://www.legislation.gov.uk/id/effect/uksi-2021-55-1t6ackl4-5" Row="5" Type="words substituted" RequiresApplied="true" AffectedProvisions="reg. 4(1)" AffectingEffectsExtent="E+W" AffectingYear="2021" AffectingNumber="55" AffectingProvisions="reg. 2(2)" AffectedYear="1996" AffectedNumber="180" Created="2021-01-21T01:10:43Z" Modified="2021-01-21T01:10:43Z"><ukm:AffectedTitle>The Charities (Exception from Registration) Regulations 1996</ukm:AffectedTitle><ukm:AffectedProvisions><ukm:Section Ref="regulation-4-1" URI="http://www.legislation.gov.uk/id/uksi/1996/180/regulation/4/1">reg. 4(1)</ukm:Section></ukm:AffectedProvisions><ukm:AffectingTitle>The Charities (Exception from Registration) (Amendment) Regulations 2021</ukm:AffectingTitle><ukm:AffectingProvisions><ukm:Section Ref="regulation-2-2" URI="http://www.legislation.gov.uk/id/uksi/2021/55/regulation/2/2">reg. 2(2)</ukm:Section></ukm:AffectingProvisions><ukm:CommencementAuthority><ukm:Section Ref="regulation-1" URI="http://www.legislation.gov.uk/id/uksi/2021/55/regulation/1">reg. 1</ukm:Section></ukm:CommencementAuthority><ukm:InForceDates><ukm:InForce Applied="false" Date="2021-03-31" Qualification="wholly in force"/></ukm:InForceDates></ukm:UnappliedEffect></ukm:UnappliedEffects></ukm:SecondaryMetadata><ukm:Statistics><ukm:TotalParagraphs Value="5"/><ukm:BodyParagraphs Value="5"/><ukm:ScheduleParagraphs Value="0"/><ukm:AttachmentParagraphs Value="0"/><ukm:TotalImages Value="0"/></ukm:Statistics></proprietary></meta><preface><p class="number"><docNumber>1996 No. 180</docNumber></p><block name="subject"><concept class="title" refersTo="#d4e212">CHARITIES</concept></block><p class="title"><shortTitle>The Charities (Exception from Registration) Regulations 1996</shortTitle></p><p class="MadeDate"><span>Made</span><docDate date="1996-02-01">1st February 1996</docDate></p><p class="LaidDate"><span>Laid before Parliament</span><docDate date="">th February 1996</docDate></p><p class="ComingIntoForce"><span>Coming into force</span><docDate date="1996-03-01">1st March 1996</docDate></p></preface><preamble><formula name="EnactingText"><p>The Secretary of State, in exercise of the powers conferred upon him by sections 3(5) and (13) and 86(3) of the Charities Act 1993<noteRef href="#f00001" class="footnote" marker="1"/>, hereby makes the following Regulations:</p></formula></preamble><body><hcontainer name="regulation" eId="regulation-1"><num>1</num><heading>Citation and commencement</heading><content><p>These Regulations may be cited as the Charities (Exception from Registration) Regulations 1996 and shall come into force on 1st March 1996.</p></content></hcontainer><hcontainer name="regulation" eId="regulation-2"><num>2</num><heading>Interpretation</heading><content><p>In these Regulations—</p><blockList class="unordered"><item><p>“advancement of religion” includes the relief of ministers and former ministers of religion and their families;</p></item><item><p>“<abbr title="Charities Act 1993 c. 10" xml:lang="">the Act</abbr>” means the Charities Act 1993.</p></item></blockList></content></hcontainer><hcontainer name="regulation" eId="regulation-3"><num>3</num><heading>Revocations</heading><content><p>The Charities (Exception from Registration and Accounts) Regulations 1963<noteRef href="#f00002" class="footnote" marker="2"/>, and the Charities (Exception from Registration and Accounts) Regulations 1964<noteRef href="#f00003" class="footnote" marker="3"/>, are hereby revoked.</p></content></hcontainer><hcontainer name="regulation" eId="regulation-4"><num>4</num><heading>Temporary exception of certain religious charities connected with certain bodies</heading><paragraph eId="regulation-4-1"><num>1</num><content><p>A charity to which this regulation applies is hereby excepted until 1st March 2001 from the duty to be registered under section 3(2) of <abbr title="Charities Act 1993 c. 10" xml:lang="">the Act</abbr>.</p></content></paragraph><paragraph eId="regulation-4-2"><num>2</num><intro><p>This regulation shall apply to a charity wholly or mainly concerned with the advancement of religion, being a charity connected with a body named in paragraph (3) below and either—</p></intro><subparagraph eId="regulation-4-2-a"><num>a</num><content><p>having as a trustee a trust corporation connected with that body; or</p></content></subparagraph><subparagraph eId="regulation-4-2-b"><num>b</num><content><p>established wholly or mainly to make provision for public religious worship; or</p></content></subparagraph><subparagraph eId="regulation-4-2-c"><num>c</num><content><p>in respect of which accounts are sent annually to the Methodist Conference, a Methodist Synod or any connexional or other committee or department appointed or established by the Methodist Conference.</p></content></subparagraph></paragraph><paragraph eId="regulation-4-3"><num>3</num><content><p>The bodies referred to in paragraph (2) above are—</p><blockList class="unordered"><item><p>a church within the meaning of section 2 of the Baptist and Congregational Trusts Act 1951<noteRef href="#f00004" class="footnote" marker="4"/>;</p></item><item><p>a church which is affiliated to the Fellowship of Independent Evangelical Churches;</p></item><item><p>a church which is a member of the General Assembly of Unitarian and Free Christian Churches;</p></item><item><p>the Calvinistic Methodist or Presbyterian Church of Wales;</p></item><item><p>the Church of England;</p></item><item><p>the Church in Wales;</p></item><item><p>the Methodist Church;</p></item><item><p>the Religious Society of Friends;</p></item><item><p>the United Reformed Church.</p></item></blockList></content></paragraph></hcontainer><hcontainer name="regulation" eId="regulation-5"><num>5</num><heading>Permanent exception of trusts conditional upon the upkeep of graves</heading><paragraph eId="regulation-5-1"><num>1</num><content><p>A charity to which this regulation applies is hereby excepted from the duty to be registered under section 3(2) of <abbr title="Charities Act 1993 c. 10" xml:lang="">the Act</abbr>.</p></content></paragraph><paragraph eId="regulation-5-2"><num>2</num><intro><p>This regulation shall apply to a charity for the advancement of religion where—</p></intro><subparagraph eId="regulation-5-2-a"><num>a</num><content><p>the application of its income in a particular manner is conditional upon a grave, tomb or personal monument being kept in good order; and</p></content></subparagraph><subparagraph eId="regulation-5-2-b"><num>b</num><content><p>the income of the charity does not amount to more than £1,000 a year.</p></content></subparagraph></paragraph></hcontainer><hcontainer name="signatures"><content><block name="signature"><signature><person refersTo="#ref-d4e404">Blatch</person><role refersTo="#ref-d4e406">Minister of State</role><location refersTo="#homeoffice">Home Office</location><date date="1996-02-01">1st February 1996</date></signature></block></content></hcontainer></body><conclusions><blockContainer class="ExplanatoryNotes"><intro><p>(This note is not part of the Regulations)</p></intro><p><authorialNote><p>These Regulations (which extend to England and Wales only) except specified religious charities from the duty to register under the Charities Act 1993. In the case of regulation 4, which concerns charities connected with the religious bodies identified by list, preconditions for exception established by the Regulations revoked by regulation 3 are modified, in particular by removing requirements to notify particulars to the Charity Commission from time to time, and the list of religious bodies consolidates and adds to comparable lists in those Regulations. In all those cases to which regulation 4 now applies, exception expires on 1st March 2001. Regulation 5 increases the previous maximum level of income which the specified charities may receive before being required to register from £50 a year.</p></authorialNote></p></blockContainer></conclusions></act></akomaNtoso>