<akomaNtoso xmlns:xsi="http://www.w3.org/2001/XMLSchema-instance" xmlns="http://docs.oasis-open.org/legaldocml/ns/akn/3.0" xsi:schemaLocation="http://docs.oasis-open.org/legaldocml/ns/akn/3.0 http://docs.oasis-open.org/legaldocml/akn-core/v1.0/cos01/part2-specs/schemas/akomantoso30.xsd"><act name="UnitedKingdomStatutoryInstrument"><meta><identification source="#source"><FRBRWork><FRBRthis value="http://www.legislation.gov.uk/id/uksi/1996/578"/><FRBRuri value="http://www.legislation.gov.uk/id/uksi/1996/578"/><FRBRdate date="1996-03-05" name="made"/><FRBRauthor href="http://www.legislation.gov.uk/id/government/uk"/><FRBRcountry value="GB-UKM"/><FRBRsubtype value="order"/><FRBRnumber value="578"/><FRBRname value="S.I. 1996/578 (S. 56)"/><FRBRprescriptive value="true"/></FRBRWork><FRBRExpression><FRBRthis value="http://www.legislation.gov.uk/uksi/1996/578/made"/><FRBRuri value="http://www.legislation.gov.uk/uksi/1996/578/made"/><FRBRdate date="1996-03-05" name="made"/><FRBRauthor href="#source"/><FRBRlanguage language="eng"/></FRBRExpression><FRBRManifestation><FRBRthis value="http://www.legislation.gov.uk/uksi/1996/578/made/data.akn"/><FRBRuri value="http://www.legislation.gov.uk/uksi/1996/578/made/data.akn"/><FRBRdate date="2021-07-26+01:00" name="transform"/><FRBRauthor href="http://www.legislation.gov.uk"/><FRBRformat value="application/akn+xml"/></FRBRManifestation></identification><classification source="#source"><keyword value="local government" showAs="Local Government" dictionary="http://www.legislation.gov.uk"/><keyword value="local government, scotland" showAs="LOCAL GOVERNMENT, SCOTLAND" dictionary="http://www.legislation.gov.uk"/></classification><lifecycle source="#source"><eventRef date="1996-03-05" type="generation" eId="made-date" source="#source"/><eventRef date="1996-03-11" eId="laid-date-1" source="#source"/><eventRef date="1996-04-01" eId="coming-into-force-date-1" source="#source"/></lifecycle><references source="#source"><TLCOrganization eId="source" href="http://www.legislation.gov.uk/id/publisher/KingsOrQueensPrinterOfActsOfParliament" showAs="Queen's Printer of Acts of Parliament"/><passiveRef href="http://www.legislation.gov.uk/id/uksi/1997/2880" showAs="The Local Government Property Commission (Scotland) (Winding Up) Order 1997"/><TLCLocation eId="standrew’shouse" href="/ontology/location/uk.StAndrew’sHouse" showAs="St Andrew’s House,"/><TLCLocation eId="edinburgh" href="/ontology/location/uk.Edinburgh" showAs="Edinburgh"/><TLCRole eId="ref-d4e183" href="/ontology/role/uk.Parliamentary Under Secretary of State, Scottish Office" showAs="Parliamentary Under Secretary of State, Scottish Office"/><TLCPerson eId="ref-d4e181" href="/ontology/persons/uk.GeorgeKynoch" showAs="George Kynoch"/><TLCConcept href="/uk/subject/local-government-scotland" showAs="LOCAL GOVERNMENT, SCOTLAND" eId="d4e82"/></references><notes source="#source"><note class="footnote" eId="f00001"><p><ref href="http://www.legislation.gov.uk/id/ukpga/1994/39">1994 c. 39</ref>.</p></note><note class="footnote" eId="f00002"><p><abbr class="Acronym" title="Statutory Instrument">S.I.</abbr><ref href="http://www.legislation.gov.uk/id/uksi/1995/2499">1995/2499</ref>.</p></note></notes><proprietary xmlns:ukl="http://www.legislation.gov.uk/namespaces/legislation" xmlns:ukm="http://www.legislation.gov.uk/namespaces/metadata" xmlns:dc="http://purl.org/dc/elements/1.1/" xmlns:dct="http://purl.org/dc/terms/" xmlns:atom="http://www.w3.org/2005/Atom" source="#source"><dc:identifier>http://www.legislation.gov.uk/uksi/1996/578/made</dc:identifier><dc:title>The Local Authorities (Property Transfer) (Scotland) Amendment Order 1996</dc:title><dc:subject>Local Government</dc:subject><dc:publisher>Queen's Printer of Acts of Parliament</dc:publisher><dc:modified>2011-07-04</dc:modified><dc:subject scheme="SIheading">LOCAL GOVERNMENT, SCOTLAND</dc:subject><dc:description>The Order makes additional provision relating to the transfer of heritable property to new Scottish local authorities on 1st April 1996. It enables successor authorities other than the authority in which heritable property vests by virtue of article 3(2) of the Local Authorities (Property Transfer) (Scotland) Order 1995 to be granted—user rights;a right to share in the proceeds of disposal of that property;a right to receive a payment from the authority in which the property has vested,</dc:description><atom:link rel="self" href="http://www.legislation.gov.uk/uksi/1996/578/made/data.xml" type="application/xml"/><atom:link rel="http://www.legislation.gov.uk/def/navigation/resources" href="http://www.legislation.gov.uk/uksi/1996/578/resources" title="More Resources"/><atom:link rel="http://www.legislation.gov.uk/def/navigation/act" href="http://www.legislation.gov.uk/uksi/1996/578/made" title="whole act"/><atom:link rel="http://www.legislation.gov.uk/def/navigation/introduction" href="http://www.legislation.gov.uk/uksi/1996/578/introduction/made" title="introduction"/><atom:link rel="http://www.legislation.gov.uk/def/navigation/signature" href="http://www.legislation.gov.uk/uksi/1996/578/signature/made" title="signature"/><atom:link rel="http://www.legislation.gov.uk/def/navigation/note" href="http://www.legislation.gov.uk/uksi/1996/578/note/made" title="note"/><atom:link rel="http://www.legislation.gov.uk/def/navigation/body" href="http://www.legislation.gov.uk/uksi/1996/578/body/made" title="body"/><atom:link rel="alternate" type="application/rdf+xml" href="http://www.legislation.gov.uk/uksi/1996/578/made/data.rdf" title="RDF/XML"/><atom:link rel="alternate" type="application/akn+xml" href="http://www.legislation.gov.uk/uksi/1996/578/made/data.akn" title="AKN"/><atom:link rel="alternate" type="application/xhtml+xml" href="http://www.legislation.gov.uk/uksi/1996/578/made/data.xht" title="HTML snippet"/><atom:link rel="alternate" type="application/pdf" href="http://www.legislation.gov.uk/uksi/1996/578/made/data.pdf" title="PDF"/><atom:link rel="alternate" type="application/akn+xhtml" href="http://www.legislation.gov.uk/uksi/1996/578/made/data.html" title="HTML5 snippet"/><atom:link rel="http://purl.org/dc/terms/tableOfContents" hreflang="en" href="http://www.legislation.gov.uk/uksi/1996/578/contents/made" title="Table of Contents"/><ukm:SecondaryMetadata><ukm:DocumentClassification><ukm:DocumentCategory Value="secondary"/><ukm:DocumentMainType Value="UnitedKingdomStatutoryInstrument"/><ukm:DocumentStatus Value="final"/><ukm:DocumentMinorType Value="order"/></ukm:DocumentClassification><ukm:Year Value="1996"/><ukm:Number Value="578"/><ukm:AlternativeNumber Category="S" Value="56"/><ukm:Made Date="1996-03-05"/><ukm:Laid Date="1996-03-11" Class="UnitedKingdomParliament"/><ukm:ComingIntoForce><ukm:DateTime Date="1996-04-01"/></ukm:ComingIntoForce><ukm:ISBN Value="0110553055"/><ukm:UnappliedEffects><ukm:UnappliedEffect EffectId="key-fb78142822a985803b238c11e4c0e351" AffectedURI="http://www.legislation.gov.uk/id/uksi/1996/578" AffectedClass="UnitedKingdomStatutoryInstrument" AffectingURI="http://www.legislation.gov.uk/id/uksi/1997/2880" AffectingClass="UnitedKingdomStatutoryInstrument" URI="http://www.legislation.gov.uk/id/effect/upload-b4yrers3--4094" Row="4099" Type="revoked" RequiresApplied="true" AffectedProvisions="Instrument" Comments="rev. (30.9.1998)" AffectingYear="1997" AffectingNumber="2880" AffectingProvisions="art.3(c)" AffectedYear="1996" AffectedNumber="578" Created="2019-07-11T00:00:00" Modified="2019-07-11T00:00:00"><ukm:AffectedTitle>The Local Authorities (Property Transfer) (Scotland) Amendment Order 1996</ukm:AffectedTitle><ukm:AffectedProvisions>Instrument</ukm:AffectedProvisions><ukm:AffectingTitle>The Local Government Property Commission (Scotland) (Winding Up) Order 1997</ukm:AffectingTitle><ukm:AffectingProvisions><ukm:Section Ref="article-3-c" URI="http://www.legislation.gov.uk/id/uksi/1997/2880/article/3/c">art.3(c)</ukm:Section></ukm:AffectingProvisions><ukm:InForceDates><ukm:InForce Applied="false" Date="1998-09-30" Qualification=""/></ukm:InForceDates></ukm:UnappliedEffect><ukm:UnappliedEffect EffectId="key-9c74bbfcec334f6bce4aa890afa5279b" AffectedURI="http://www.legislation.gov.uk/id/uksi/1996/578" AffectedClass="UnitedKingdomStatutoryInstrument" AffectingURI="http://www.legislation.gov.uk/id/uksi/1997/2880" AffectingClass="UnitedKingdomStatutoryInstrument" URI="http://www.legislation.gov.uk/id/effect/key-9c74bbfcec334f6bce4aa890afa5279b" Row="3055" Type="revoked" RequiresApplied="true" AffectedProvisions="Act" Comments="rev. (30.9.1998)" AffectingYear="1997" AffectingNumber="2880" AffectingProvisions="art.3(c)" AffectedYear="1996" AffectedNumber="578" Created="2019-05-02T00:00:00" Modified="2019-05-02T00:00:00"><ukm:AffectedTitle>The Local Authorities (Property Transfer) (Scotland) Amendment Order 1996</ukm:AffectedTitle><ukm:AffectedProvisions>Act</ukm:AffectedProvisions><ukm:AffectingTitle>The Local Government Property Commission (Scotland) (Winding Up) Order 1997</ukm:AffectingTitle><ukm:AffectingProvisions><ukm:Section Ref="article-3-c" URI="http://www.legislation.gov.uk/id/uksi/1997/2880/article/3/c">art.3(c)</ukm:Section></ukm:AffectingProvisions><ukm:InForceDates><ukm:InForce Applied="false" Date="1998-09-30" Qualification=""/></ukm:InForceDates></ukm:UnappliedEffect></ukm:UnappliedEffects></ukm:SecondaryMetadata><ukm:Statistics><ukm:TotalParagraphs Value="3"/><ukm:BodyParagraphs Value="3"/><ukm:ScheduleParagraphs Value="0"/><ukm:AttachmentParagraphs Value="0"/><ukm:TotalImages Value="0"/></ukm:Statistics></proprietary></meta><preface><p class="number"><docNumber>1996 No. 578 (S.56)</docNumber></p><block name="subject"><concept class="title" refersTo="#d4e82">LOCAL GOVERNMENT, SCOTLAND</concept></block><p class="title"><shortTitle>The Local Authorities (Property Transfer) (Scotland) Amendment Order 1996</shortTitle></p><p class="MadeDate"><span>Made</span><docDate date="1996-03-05">5th March 1996</docDate></p><p class="LaidDate"><span>Laid before Parliament</span><docDate date="1996-03-11">11th March 1996</docDate></p><p class="ComingIntoForce"><span>Coming into force</span><docDate date="1996-04-01">1st April 1996</docDate></p></preface><preamble><formula name="EnactingText"><p>The Secretary of State, in exercise of the powers conferred on him by section 181(1) and (2)(a) of the Local Government <abbr title="et cetera" xml:lang="la">etc.</abbr> (Scotland) Act 1994<noteRef href="#f00001" class="footnote" marker="1"/>, and of all other powers enabling him in that behalf, hereby makes the following Order:</p></formula></preamble><body><article eId="article-1"><num>1</num><heading>Citation and commencement</heading><content><p>This Order may be cited as the Local Authorities (Property Transfer) (Scotland) Amendment Order 1996 and shall come into force on 1st April 1996.</p></content></article><article eId="article-2"><num>2</num><heading>Amendment of Order</heading><content><p>The Local Authorities (Property Transfer) (Scotland) Order 1995<noteRef href="#f00002" class="footnote" marker="2"/> shall be amended by the insertion after article 7 of the following article:—</p><p class="BlockAmendment"><mod><quotedStructure class="unknown unknown unknown default" startQuote="“" endQuote="”"><article eId="d4e136"><num>7A</num><heading>Directions as to rights in transferred property</heading><paragraph eId="d4e140"><num>1</num><intro><p>Where any heritable property of a disaggregating authority has transferred to a successor authority (“the first authority”) by virtue of article 3(2) above and the property commission has before 1st April 1996 received an appropriate request from another of the successor authorities of that disaggregating authority, the commission may on or after that date direct the first authority—</p></intro><subparagraph eId="d4e146"><num>a</num><content><p>to grant use of that property to such one or more successor authorities as may be specified by the commission, for such period and on such terms as may be so specified;</p></content></subparagraph><subparagraph eId="d4e152"><num>b</num><content><p>to dispose of that property within such period, in such manner and on such terms and subject to such conditions as may be specified by the commission and to make payment of such part of the proceeds as may be so specified to such successor authorities, and in such proportions, as may be so specified;</p></content></subparagraph><subparagraph eId="d4e158"><num>c</num><content><p>to make payment, within such period and in such manner as may be specified by the commission, of such sums, and to such successor authorities, as may be so specified.</p></content></subparagraph></paragraph><paragraph eId="d4e164"><num>2</num><content><p>In considering whether to give a direction under paragraph (1)(a) above, the property commission shall take into account in particular the consideration referred to in article 6(2) above.</p></content></paragraph><paragraph eId="d4e170"><num>3</num><content><p>In relation to a direction under paragraph (1)(b) or (1)(c) above, paragraphs (3) and (4) of article 7 above shall have effect as if that direction was a condition imposed by the property commission under paragraph (1) of that article.</p></content></paragraph></article></quotedStructure></mod><inline name="AppendText">.</inline></p></content></article><hcontainer name="signatures"><content><block name="signature"><signature><person refersTo="#ref-d4e181">George Kynoch</person><role refersTo="#ref-d4e183">Parliamentary Under Secretary of State, Scottish Office</role><location refersTo="#standrew’shouse">St Andrew’s House,</location><location refersTo="#edinburgh">Edinburgh</location><date date="1996-03-05">5th March 1996</date></signature></block></content></hcontainer></body><conclusions><blockContainer class="ExplanatoryNotes"><intro><p>(This note is not part of the Order)</p></intro><p><authorialNote><p>The Order makes additional provision relating to the transfer of heritable property to new Scottish local authorities on 1st April 1996. It enables successor authorities other than the authority in which heritable property vests by virtue of article 3(2) of the Local Authorities (Property Transfer) (Scotland) Order 1995 to be granted—</p><paragraph eId="d4e201"><num>a</num><content><p>user rights;</p></content></paragraph><paragraph eId="d4e207"><num>b</num><content><p>a right to share in the proceeds of disposal of that property;</p></content></paragraph><paragraph eId="d4e213"><num>c</num><content><p>a right to receive a payment from the authority in which the property has vested,</p></content></paragraph><p>where an application for such a grant has been made to the Local Government Property Commission (Scotland) before 1st April 1996.</p></authorialNote></p></blockContainer></conclusions></act></akomaNtoso>