<akomaNtoso xmlns:xsi="http://www.w3.org/2001/XMLSchema-instance" xmlns="http://docs.oasis-open.org/legaldocml/ns/akn/3.0" xsi:schemaLocation="http://docs.oasis-open.org/legaldocml/ns/akn/3.0 http://docs.oasis-open.org/legaldocml/akn-core/v1.0/cos01/part2-specs/schemas/akomantoso30.xsd"><act name="UnitedKingdomStatutoryInstrument"><meta><identification source="#source"><FRBRWork><FRBRthis value="http://www.legislation.gov.uk/id/uksi/1996/335"/><FRBRuri value="http://www.legislation.gov.uk/id/uksi/1996/335"/><FRBRdate date="1996-02-19" name="made"/><FRBRauthor href="http://www.legislation.gov.uk/id/government/uk"/><FRBRcountry value="GB-UKM"/><FRBRsubtype value="order"/><FRBRnumber value="335"/><FRBRname value="S.I. 1996/335"/><FRBRprescriptive value="true"/></FRBRWork><FRBRExpression><FRBRthis value="http://www.legislation.gov.uk/uksi/1996/335/made"/><FRBRuri value="http://www.legislation.gov.uk/uksi/1996/335/made"/><FRBRdate date="1996-02-19" name="made"/><FRBRauthor href="#source"/><FRBRlanguage language="eng"/></FRBRExpression><FRBRManifestation><FRBRthis value="http://www.legislation.gov.uk/uksi/1996/335/made/data.akn"/><FRBRuri value="http://www.legislation.gov.uk/uksi/1996/335/made/data.akn"/><FRBRdate date="2021-07-26+01:00" name="transform"/><FRBRauthor href="http://www.legislation.gov.uk"/><FRBRformat value="application/akn+xml"/></FRBRManifestation></identification><classification source="#source"><keyword value="reorganisation" showAs="Reorganisation" dictionary="http://www.legislation.gov.uk"/><keyword value="council tax" showAs="Council tax" dictionary="http://www.legislation.gov.uk"/><keyword value="local government, england and wales;wales" showAs="LOCAL GOVERNMENT, ENGLAND AND WALES;WALES" dictionary="http://www.legislation.gov.uk"/></classification><lifecycle source="#source"><eventRef date="1996-02-19" type="generation" eId="made-date" source="#source"/><eventRef date="1996-02-20" eId="laid-date-1" source="#source"/><eventRef date="1996-02-21" eId="coming-into-force-date-1" source="#source"/></lifecycle><references source="#source"><TLCOrganization eId="source" href="http://www.legislation.gov.uk/id/publisher/KingsOrQueensPrinterOfActsOfParliament" showAs="Queen's Printer of Acts of Parliament"/><TLCRole eId="ref-d4e158" href="/ontology/role/uk.Parliamentary Under Secretary of State, Welsh Office" showAs="Parliamentary Under Secretary of State, Welsh Office"/><TLCPerson eId="ref-d4e156" href="/ontology/persons/uk.GwilymJones" showAs="Gwilym Jones"/><TLCConcept href="/uk/subject/local-government-england-and-wales" showAs="LOCAL GOVERNMENT, ENGLAND AND WALES" eId="d4e59"/><TLCConcept href="/uk/subject/wales" showAs="WALES" eId="d4e61"/></references><notes source="#source"><note class="footnote" eId="f00001"><p><ref href="http://www.legislation.gov.uk/id/ukpga/1994/19">1994 c. 19</ref></p></note><note class="footnote" eId="f00002"><p><ref href="http://www.legislation.gov.uk/id/ukpga/1992/14">1992 c. 14</ref>. Section 33(3) was substituted and section 33(3A) was added by <abbr class="Acronym" title="Statutory Instrument">S.I.</abbr><ref href="http://www.legislation.gov.uk/id/uksi/1994/246">1994/246</ref>.</p></note></notes><proprietary xmlns:ukl="http://www.legislation.gov.uk/namespaces/legislation" xmlns:ukm="http://www.legislation.gov.uk/namespaces/metadata" xmlns:dc="http://purl.org/dc/elements/1.1/" xmlns:dct="http://purl.org/dc/terms/" xmlns:atom="http://www.w3.org/2005/Atom" source="#source"><dc:identifier>http://www.legislation.gov.uk/uksi/1996/335/made</dc:identifier><dc:title>The Local Government Reorganisation (Wales) (Calculation of Basic Amount of Council Tax) Order 1996</dc:title><dc:subject>Reorganisation</dc:subject><dc:subject>Council tax</dc:subject><dc:publisher>Queen's Printer of Acts of Parliament</dc:publisher><dc:modified>2011-07-04</dc:modified><dc:subject scheme="SIheading">LOCAL GOVERNMENT, ENGLAND AND WALES;WALES</dc:subject><dc:description>The Local Government (Wales) Act 1994 provides for local government changes in Wales. The new Welsh county councils and county borough councils, which were elected on 4th May 1995, are the Welsh billing authorities for financial year commencing on and after 1st April 1996.</dc:description><atom:link rel="self" href="http://www.legislation.gov.uk/uksi/1996/335/made/data.xml" type="application/xml"/><atom:link rel="http://www.legislation.gov.uk/def/navigation/resources" href="http://www.legislation.gov.uk/uksi/1996/335/resources" title="More Resources"/><atom:link rel="http://www.legislation.gov.uk/def/navigation/act" href="http://www.legislation.gov.uk/uksi/1996/335/made" title="whole act"/><atom:link rel="http://www.legislation.gov.uk/def/navigation/introduction" href="http://www.legislation.gov.uk/uksi/1996/335/introduction/made" title="introduction"/><atom:link rel="http://www.legislation.gov.uk/def/navigation/signature" href="http://www.legislation.gov.uk/uksi/1996/335/signature/made" title="signature"/><atom:link rel="http://www.legislation.gov.uk/def/navigation/note" href="http://www.legislation.gov.uk/uksi/1996/335/note/made" title="note"/><atom:link rel="http://www.legislation.gov.uk/def/navigation/body" href="http://www.legislation.gov.uk/uksi/1996/335/body/made" title="body"/><atom:link rel="alternate" type="application/rdf+xml" href="http://www.legislation.gov.uk/uksi/1996/335/made/data.rdf" title="RDF/XML"/><atom:link rel="alternate" type="application/akn+xml" href="http://www.legislation.gov.uk/uksi/1996/335/made/data.akn" title="AKN"/><atom:link rel="alternate" type="application/xhtml+xml" href="http://www.legislation.gov.uk/uksi/1996/335/made/data.xht" title="HTML snippet"/><atom:link rel="alternate" type="application/pdf" href="http://www.legislation.gov.uk/uksi/1996/335/made/data.pdf" title="PDF"/><atom:link rel="alternate" type="application/akn+xhtml" href="http://www.legislation.gov.uk/uksi/1996/335/made/data.html" title="HTML5 snippet"/><atom:link rel="http://purl.org/dc/terms/tableOfContents" hreflang="en" href="http://www.legislation.gov.uk/uksi/1996/335/contents/made" title="Table of Contents"/><ukm:SecondaryMetadata><ukm:DocumentClassification><ukm:DocumentCategory Value="secondary"/><ukm:DocumentMainType Value="UnitedKingdomStatutoryInstrument"/><ukm:DocumentStatus Value="final"/><ukm:DocumentMinorType Value="order"/></ukm:DocumentClassification><ukm:Year Value="1996"/><ukm:Number Value="335"/><ukm:Made Date="1996-02-19"/><ukm:Laid Date="1996-02-20" Class="UnitedKingdomParliament"/><ukm:ComingIntoForce><ukm:DateTime Date="1996-02-21"/></ukm:ComingIntoForce><ukm:ISBN Value="0110542193"/></ukm:SecondaryMetadata><ukm:Statistics><ukm:TotalParagraphs Value="2"/><ukm:BodyParagraphs Value="2"/><ukm:ScheduleParagraphs Value="0"/><ukm:AttachmentParagraphs Value="0"/><ukm:TotalImages Value="1"/></ukm:Statistics></proprietary></meta><preface><p class="number"><docNumber>1996 No. 335</docNumber></p><block name="subject"><concept class="title" refersTo="#d4e59">LOCAL GOVERNMENT, ENGLAND AND WALES</concept><concept class="subtitle" refersTo="#d4e61">WALES</concept></block><p class="title"><shortTitle>The Local Government Reorganisation (Wales) (Calculation of Basic Amount of Council Tax) Order 1996</shortTitle></p><p class="MadeDate"><span>Made</span><docDate date="1996-02-19">19th February 1996</docDate></p><p class="LaidDate"><span>Laid before Parliament</span><docDate date="1996-02-20">20th February 1996</docDate></p><p class="ComingIntoForce"><span>Coming into force</span><docDate date="1996-02-21">21st February 1996</docDate></p></preface><preamble><formula name="EnactingText"><p>The Secretary of State, in exercise of the powers conferred on him by section 54(1) and (2) of the Local Government (Wales) Act 1994<noteRef href="#f00001" class="footnote" marker="1"/> and of all other powers enabling him in that behalf, hereby makes the following Order:</p></formula></preamble><body><article eId="article-1"><num>1</num><heading>Citation and commencement</heading><content><p>This Order may be cited as the the Local Government Reorganisation (Wales) (Calculation of Basic Amount of Council Tax) Order 1996 and shall come into force on 21st February 1996.</p></content></article><article eId="article-2"><num>2</num><heading>Amendment of Local Government Finance Act 1992</heading><content><p>Section 33 of the Local Government Finance Act 1992<noteRef href="#f00002" class="footnote" marker="2"/> shall be amended by the insertion after subsection (3A) of the following subsection—</p><p class="BlockAmendment"><mod><quotedStructure class="primary unknown main default" startQuote="“" endQuote="”"><subsection eId="d4e109"><num>3B</num><content><p>In the case of a Welsh county council or county borough council, the aggregate of the sums mentioned in item P in subsection (1) above shall be reduced by the amount calculated in accordance with the following formula—</p><foreign><math xmlns="http://www.w3.org/1998/Math/MathML" display="inline" overflow="scroll" altimg="http://www.legislation.gov.uk/uksi/1996/335/images/uksi_19960335_en_001"><mrow><mrow><mo fence="true">(</mo><mrow><mi mathvariant="normal">J</mi><mo>+</mo><mi mathvariant="normal">K</mi></mrow><mo fence="true">)</mo></mrow><mo>-</mo><mi mathvariant="normal">L</mi></mrow></math></foreign><blockContainer class="where"><blockList class="unordered"><item><p>J is the council’s estimate of the amount by which the aggregate for the year of the chargeable amounts under Part III of the 1988 Act (non-domestic rating) will be less than it would be apart from section 47 of that Act (discretionary relief);</p></item><item><p>K is the council’s estimate of the reductions and remittances which will be made for the year under section 49 of that Act (reduction or remission of liability);</p></item><item><p>L is the council’s estimate of the deductions which, in pursuance of rules made by virtue of paragraph 4(5)(a) of Schedule 8 to that Act (non-domestic rating contributions), will be made for the year as regards the operation of sections 47 and 49 of that Act.</p></item></blockList></blockContainer></content></subsection></quotedStructure></mod><inline name="AppendText">.</inline></p></content></article><hcontainer name="signatures"><content><p>Signed by authority of the Secretary of State for Wales</p><block name="signature"><signature><person refersTo="#ref-d4e156">Gwilym Jones</person><role refersTo="#ref-d4e158">Parliamentary Under Secretary of State, Welsh Office</role><date date="1996-02-19">19th February 1996</date></signature></block></content></hcontainer></body><conclusions><blockContainer class="ExplanatoryNotes"><intro><p>(This note is not part of the Order)</p></intro><p><authorialNote><p>The Local Government (Wales) Act 1994 provides for local government changes in Wales. The new Welsh county councils and county borough councils, which were elected on 4th May 1995, are the Welsh billing authorities for financial year commencing on and after 1st April 1996.</p><p>Under section 33 of the Local Government Finance Act 1992 billing authorities are required to calculate the basic amount of council tax. This order amends section 33 to require the new Welsh billing authorities, when making their calculations, to take account of that portion of discretionary non-domestic rate relief which will be funded by council tax payers.</p></authorialNote></p></blockContainer></conclusions></act></akomaNtoso>