<akomaNtoso xmlns:xsi="http://www.w3.org/2001/XMLSchema-instance" xmlns="http://docs.oasis-open.org/legaldocml/ns/akn/3.0" xsi:schemaLocation="http://docs.oasis-open.org/legaldocml/ns/akn/3.0 http://docs.oasis-open.org/legaldocml/akn-core/v1.0/cos01/part2-specs/schemas/akomantoso30.xsd"><act name="UnitedKingdomStatutoryInstrument"><meta><identification source="#source"><FRBRWork><FRBRthis value="http://www.legislation.gov.uk/id/uksi/1996/64"/><FRBRuri value="http://www.legislation.gov.uk/id/uksi/1996/64"/><FRBRdate date="1996-01-12" name="made"/><FRBRauthor href="http://www.legislation.gov.uk/id/government/uk"/><FRBRcountry value="GB-UKM"/><FRBRsubtype value="order"/><FRBRnumber value="64"/><FRBRname value="S.I. 1996/64"/><FRBRprescriptive value="true"/></FRBRWork><FRBRExpression><FRBRthis value="http://www.legislation.gov.uk/uksi/1996/64/made"/><FRBRuri value="http://www.legislation.gov.uk/uksi/1996/64/made"/><FRBRdate date="1996-01-12" name="made"/><FRBRauthor href="#source"/><FRBRlanguage language="eng"/></FRBRExpression><FRBRManifestation><FRBRthis value="http://www.legislation.gov.uk/uksi/1996/64/made/data.akn"/><FRBRuri value="http://www.legislation.gov.uk/uksi/1996/64/made/data.akn"/><FRBRdate date="2021-07-26+01:00" name="transform"/><FRBRauthor href="http://www.legislation.gov.uk"/><FRBRformat value="application/akn+xml"/></FRBRManifestation></identification><classification source="#source"><keyword value="roads and highways" showAs="Roads and highways" dictionary="http://www.legislation.gov.uk"/><keyword value="road signs" showAs="Road signs" dictionary="http://www.legislation.gov.uk"/><keyword value="road traffic" showAs="ROAD TRAFFIC" dictionary="http://www.legislation.gov.uk"/></classification><lifecycle source="#source"><eventRef date="1996-01-12" type="generation" eId="made-date" source="#source"/><eventRef date="1996-01-25" eId="coming-into-force-date-1" source="#source"/></lifecycle><references source="#source"><TLCOrganization eId="source" href="http://www.legislation.gov.uk/id/publisher/KingsOrQueensPrinterOfActsOfParliament" showAs="Queen's Printer of Acts of Parliament"/><TLCRole eId="ref-d4e117" href="/ontology/role/uk.Traffic Director for London" showAs="Traffic Director for London"/><TLCPerson eId="ref-d4e115" href="/ontology/persons/uk.DerekTurner" showAs="Derek Turner"/><TLCConcept href="/uk/subject/road-traffic" showAs="ROAD TRAFFIC" eId="d4e55"/></references><notes source="#source"><note class="footnote" eId="f00001"><p><ref href="http://www.legislation.gov.uk/id/ukpga/1991/40">1991 c. 40</ref>.</p></note><note class="footnote" eId="f00002"><p><ref href="http://www.legislation.gov.uk/id/ukpga/1984/227">1984 c. 227</ref>.</p></note></notes><proprietary xmlns:ukl="http://www.legislation.gov.uk/namespaces/legislation" xmlns:ukm="http://www.legislation.gov.uk/namespaces/metadata" xmlns:dc="http://purl.org/dc/elements/1.1/" xmlns:dct="http://purl.org/dc/terms/" xmlns:atom="http://www.w3.org/2005/Atom" source="#source"><dc:identifier>http://www.legislation.gov.uk/uksi/1996/64/made</dc:identifier><dc:title>The A41 Trunk Road (Barnet) Red Route (Prescribed Route) Experimental Traffic Order 1996</dc:title><dc:subject>Roads and highways</dc:subject><dc:subject>Road signs</dc:subject><dc:publisher>Queen's Printer of Acts of Parliament</dc:publisher><dc:modified>2011-07-04</dc:modified><dc:subject scheme="SIheading">ROAD TRAFFIC</dc:subject><atom:link rel="self" href="http://www.legislation.gov.uk/uksi/1996/64/made/data.xml" type="application/xml"/><atom:link rel="http://www.legislation.gov.uk/def/navigation/resources" href="http://www.legislation.gov.uk/uksi/1996/64/resources" title="More Resources"/><atom:link rel="http://www.legislation.gov.uk/def/navigation/act" href="http://www.legislation.gov.uk/uksi/1996/64/made" title="whole act"/><atom:link rel="http://www.legislation.gov.uk/def/navigation/introduction" href="http://www.legislation.gov.uk/uksi/1996/64/introduction/made" title="introduction"/><atom:link rel="http://www.legislation.gov.uk/def/navigation/signature" href="http://www.legislation.gov.uk/uksi/1996/64/signature/made" title="signature"/><atom:link rel="http://www.legislation.gov.uk/def/navigation/body" href="http://www.legislation.gov.uk/uksi/1996/64/body/made" title="body"/><atom:link rel="alternate" type="application/rdf+xml" href="http://www.legislation.gov.uk/uksi/1996/64/made/data.rdf" title="RDF/XML"/><atom:link rel="alternate" type="application/akn+xml" href="http://www.legislation.gov.uk/uksi/1996/64/made/data.akn" title="AKN"/><atom:link rel="alternate" type="application/xhtml+xml" href="http://www.legislation.gov.uk/uksi/1996/64/made/data.xht" title="HTML snippet"/><atom:link rel="alternate" type="application/pdf" href="http://www.legislation.gov.uk/uksi/1996/64/made/data.pdf" title="PDF"/><atom:link rel="alternate" type="application/akn+xhtml" href="http://www.legislation.gov.uk/uksi/1996/64/made/data.html" title="HTML5 snippet"/><atom:link rel="http://purl.org/dc/terms/tableOfContents" hreflang="en" href="http://www.legislation.gov.uk/uksi/1996/64/contents/made" title="Table of Contents"/><ukm:SecondaryMetadata><ukm:DocumentClassification><ukm:DocumentCategory Value="secondary"/><ukm:DocumentMainType Value="UnitedKingdomStatutoryInstrument"/><ukm:DocumentStatus Value="final"/><ukm:DocumentMinorType Value="order"/></ukm:DocumentClassification><ukm:Year Value="1996"/><ukm:Number Value="64"/><ukm:DepartmentCode Value="R62.1 P"/><ukm:Made Date="1996-01-12"/><ukm:ComingIntoForce><ukm:DateTime Date="1996-01-25"/></ukm:ComingIntoForce><ukm:ISBN Value="0110539710"/></ukm:SecondaryMetadata><ukm:Statistics><ukm:TotalParagraphs Value="4"/><ukm:BodyParagraphs Value="4"/><ukm:ScheduleParagraphs Value="0"/><ukm:AttachmentParagraphs Value="0"/><ukm:TotalImages Value="0"/></ukm:Statistics></proprietary></meta><preface><p class="number"><docNumber>1996 No. 64</docNumber></p><block name="subject"><concept class="title" refersTo="#d4e55">ROAD TRAFFIC</concept></block><p class="title"><shortTitle>The A41 Trunk Road (Barnet) Red Route (Prescribed Route) Experimental Traffic Order 1996</shortTitle></p><p class="MadeDate"><span>Made</span><docDate date="1996-01-12">12th January 1996</docDate></p><p class="ComingIntoForce"><span>Coming into force</span><docDate date="1996-01-25">25th January 1996</docDate></p></preface><preamble><formula name="EnactingText"><p>The Traffic Director for London, in accordance with a direction given to him by the Secretary of State for Transport under section 58(1) of the Road Traffic Act 1991<noteRef href="#f00001" class="footnote" marker="1"/> and in exercise of the powers conferred on the Secretary of State by sections 9 and 10 of the Road Traffic Regulation Act 1984<noteRef href="#f00002" class="footnote" marker="2"/>, and of all other enabling powers, hereby makes the following Order:—</p></formula></preamble><body><hcontainer name="P1group" eId="d4e79"><heading>Commencement and citation</heading><article eId="article-1"><num>1</num><content><p>This Order may be cited as the A41 Trunk Road (Barnet) Red Route (Prescribed Route) Experimental Traffic Order 1996, and shall come into force on 25th January 1996.</p></content></article><article eId="article-2"><num>2</num><content><p>Save as provided in article 3 below, No person shall cause any vehicle proceeding west bound to enter the area of carriageway situated at or adjacent to the junction of the A41 Hendon Way and Ridge Hill in the London Borough of Barnet which lies between the eastern kerb line of A41 Hendon Way and a line between the western boundaries of 60 and 73 Ridge Hill.</p></content></article><article eId="article-3"><num>3</num><content><p>The provisions of article 2 shall not apply to anything done with the permission or at the direction of a police constable in uniform or a traffic warden.</p></content></article></hcontainer><article eId="article-4"><num>4</num><heading>Power to modify or suspend this Order</heading><content><p>In pursuance of section 10(2) of the Road Traffic Regulation Act 1984, the Traffic Director for London, or some person authorised by him, may, if it appears to him or that other person essential in the interests of the expeditious, convenient and safe movement of traffic, or of the provision of suitable and adequate parking facilities on the highway, or for preserving or improving the amenities of the area through which any road affected by this Order runs, and after consulting with the Commissioner of Police of the Metropolis, modify or suspend any provision of this Order, save that no modification shall make an addition.</p></content></article><hcontainer name="signatures"><content><p>Signed in accordance with a direction from the Secretary of State for Transport.</p><block name="signature"><signature><person refersTo="#ref-d4e115">Derek Turner</person><role refersTo="#ref-d4e117">Traffic Director for London</role><date date="1996-01-12">12th January 1996</date></signature></block></content></hcontainer></body></act></akomaNtoso>