<akomaNtoso xmlns:xsi="http://www.w3.org/2001/XMLSchema-instance" xmlns="http://docs.oasis-open.org/legaldocml/ns/akn/3.0" xsi:schemaLocation="http://docs.oasis-open.org/legaldocml/ns/akn/3.0 http://docs.oasis-open.org/legaldocml/akn-core/v1.0/cos01/part2-specs/schemas/akomantoso30.xsd"><act name="UnitedKingdomStatutoryInstrument"><meta><identification source="#source"><FRBRWork><FRBRthis value="http://www.legislation.gov.uk/id/uksi/1996/398"/><FRBRuri value="http://www.legislation.gov.uk/id/uksi/1996/398"/><FRBRdate date="1996-02-21" name="made"/><FRBRauthor href="http://www.legislation.gov.uk/id/government/uk"/><FRBRcountry value="GB-UKM"/><FRBRsubtype value="order"/><FRBRnumber value="398"/><FRBRname value="S.I. 1996/398"/><FRBRprescriptive value="true"/></FRBRWork><FRBRExpression><FRBRthis value="http://www.legislation.gov.uk/uksi/1996/398/made"/><FRBRuri value="http://www.legislation.gov.uk/uksi/1996/398/made"/><FRBRdate date="1996-02-21" name="made"/><FRBRauthor href="#source"/><FRBRlanguage language="eng"/></FRBRExpression><FRBRManifestation><FRBRthis value="http://www.legislation.gov.uk/uksi/1996/398/made/data.akn"/><FRBRuri value="http://www.legislation.gov.uk/uksi/1996/398/made/data.akn"/><FRBRdate date="2021-07-26+01:00" name="transform"/><FRBRauthor href="http://www.legislation.gov.uk"/><FRBRformat value="application/akn+xml"/></FRBRManifestation></identification><classification source="#source"><keyword value="borough councils" showAs="Borough councils" dictionary="http://www.legislation.gov.uk"/><keyword value="local government structure" showAs="Local government structure" dictionary="http://www.legislation.gov.uk"/><keyword value="employment terms and conditions" showAs="Employment terms and conditions" dictionary="http://www.legislation.gov.uk"/><keyword value="trade unions" showAs="Trade unions" dictionary="http://www.legislation.gov.uk"/><keyword value="county councils" showAs="County councils" dictionary="http://www.legislation.gov.uk"/><keyword value="local government, england and wales" showAs="LOCAL GOVERNMENT, ENGLAND AND WALES" dictionary="http://www.legislation.gov.uk"/></classification><lifecycle source="#source"><eventRef date="1996-02-21" type="generation" eId="made-date" source="#source"/><eventRef date="1996-03-01" eId="laid-date-1" source="#source"/><eventRef date="1996-04-01" eId="coming-into-force-date-1" source="#source"/></lifecycle><references source="#source"><TLCOrganization eId="source" href="http://www.legislation.gov.uk/id/publisher/KingsOrQueensPrinterOfActsOfParliament" showAs="Queen's Printer of Acts of Parliament"/><TLCLocation eId="departmentoftheenvironment" href="/ontology/location/uk.DepartmentoftheEnvironment" showAs="Department of the Environment"/><TLCRole eId="ref-d4e205" href="/ontology/role/uk.Parliamentary Under Secretary of State," showAs="Parliamentary Under Secretary of State,"/><TLCPerson eId="ref-d4e203" href="/ontology/persons/uk.PaulBeresford" showAs="Paul Beresford"/><TLCConcept href="/uk/subject/local-government-england-and-wales" showAs="LOCAL GOVERNMENT, ENGLAND AND WALES" eId="d4e66"/></references><notes source="#source"><note class="footnote" eId="f00001"><p><ref href="http://www.legislation.gov.uk/id/ukpga/1992/19">1992 c. 19</ref>.</p></note><note class="footnote" eId="f00002"><p><ref href="http://www.legislation.gov.uk/id/uksi/1995/187">S.I 1995/187</ref>.</p></note><note class="footnote" eId="f00003"><p><ref href="http://www.legislation.gov.uk/id/ukpga/1978/44">1978 c. 44</ref> to which there are amendments not relevant to these regulations.</p></note><note class="footnote" eId="f00004"><p><abbr class="Acronym" title="Statutory Instrument">S.I.</abbr><ref href="http://www.legislation.gov.uk/id/uksi/1981/1974">1981/1974</ref> as amended by section 33 of the Trade Union Reform and Employment Rights Act <ref href="http://www.legislation.gov.uk/id/ukpga/1993/19">1993 c. 19</ref>.</p></note></notes><proprietary xmlns:ukl="http://www.legislation.gov.uk/namespaces/legislation" xmlns:ukm="http://www.legislation.gov.uk/namespaces/metadata" xmlns:dc="http://purl.org/dc/elements/1.1/" xmlns:dct="http://purl.org/dc/terms/" xmlns:atom="http://www.w3.org/2005/Atom" source="#source"><dc:identifier>http://www.legislation.gov.uk/uksi/1996/398/made</dc:identifier><dc:title>The Cleveland (Staff Transfer) Order 1996</dc:title><dc:subject>Borough councils</dc:subject><dc:subject>Local government structure</dc:subject><dc:subject>Employment terms and conditions</dc:subject><dc:subject>Trade unions</dc:subject><dc:subject>County councils</dc:subject><dc:publisher>Queen's Printer of Acts of Parliament</dc:publisher><dc:modified>2011-07-04</dc:modified><dc:subject scheme="SIheading">LOCAL GOVERNMENT, ENGLAND AND WALES</dc:subject><dc:description>This Order is supplemental to the Cleveland (Structural Change) Order 1995 which alters the structure of local government in the county of Cleveland. This Order specifies the staff employed by the Cleveland County Council whose employment is to be transferred to the four Cleveland borough councils.</dc:description><atom:link rel="self" href="http://www.legislation.gov.uk/uksi/1996/398/made/data.xml" type="application/xml"/><atom:link rel="http://www.legislation.gov.uk/def/navigation/resources" href="http://www.legislation.gov.uk/uksi/1996/398/resources" title="More Resources"/><atom:link rel="http://www.legislation.gov.uk/def/navigation/act" href="http://www.legislation.gov.uk/uksi/1996/398/made" title="whole act"/><atom:link rel="http://www.legislation.gov.uk/def/navigation/introduction" href="http://www.legislation.gov.uk/uksi/1996/398/introduction/made" title="introduction"/><atom:link rel="http://www.legislation.gov.uk/def/navigation/signature" href="http://www.legislation.gov.uk/uksi/1996/398/signature/made" title="signature"/><atom:link rel="http://www.legislation.gov.uk/def/navigation/note" href="http://www.legislation.gov.uk/uksi/1996/398/note/made" title="note"/><atom:link rel="http://www.legislation.gov.uk/def/navigation/body" href="http://www.legislation.gov.uk/uksi/1996/398/body/made" title="body"/><atom:link rel="alternate" type="application/rdf+xml" href="http://www.legislation.gov.uk/uksi/1996/398/made/data.rdf" title="RDF/XML"/><atom:link rel="alternate" type="application/akn+xml" href="http://www.legislation.gov.uk/uksi/1996/398/made/data.akn" title="AKN"/><atom:link rel="alternate" type="application/xhtml+xml" href="http://www.legislation.gov.uk/uksi/1996/398/made/data.xht" title="HTML snippet"/><atom:link rel="alternate" type="application/pdf" href="http://www.legislation.gov.uk/uksi/1996/398/made/data.pdf" title="PDF"/><atom:link rel="alternate" type="application/akn+xhtml" href="http://www.legislation.gov.uk/uksi/1996/398/made/data.html" title="HTML5 snippet"/><atom:link rel="http://purl.org/dc/terms/tableOfContents" hreflang="en" href="http://www.legislation.gov.uk/uksi/1996/398/contents/made" title="Table of Contents"/><ukm:SecondaryMetadata><ukm:DocumentClassification><ukm:DocumentCategory Value="secondary"/><ukm:DocumentMainType Value="UnitedKingdomStatutoryInstrument"/><ukm:DocumentStatus Value="final"/><ukm:DocumentMinorType Value="order"/></ukm:DocumentClassification><ukm:Year Value="1996"/><ukm:Number Value="398"/><ukm:DepartmentCode Value="DOE 0504"/><ukm:Made Date="1996-02-21"/><ukm:Laid Date="1996-03-01" Class="UnitedKingdomParliament"/><ukm:ComingIntoForce><ukm:DateTime Date="1996-04-01"/></ukm:ComingIntoForce><ukm:ISBN Value="0110541340"/></ukm:SecondaryMetadata><ukm:Statistics><ukm:TotalParagraphs Value="3"/><ukm:BodyParagraphs Value="3"/><ukm:ScheduleParagraphs Value="0"/><ukm:AttachmentParagraphs Value="0"/><ukm:TotalImages Value="0"/></ukm:Statistics></proprietary></meta><preface><p class="number"><docNumber>1996 No. 398</docNumber></p><block name="subject"><concept class="title" refersTo="#d4e66">LOCAL GOVERNMENT, ENGLAND AND WALES</concept></block><p class="title"><shortTitle>The Cleveland (Staff Transfer) Order 1996</shortTitle></p><p class="MadeDate"><span>Made</span><docDate date="1996-02-21">21st February 1996</docDate></p><p class="LaidDate"><span>Laid before Parliament</span><docDate date="1996-03-01">1st March 1996</docDate></p><p class="ComingIntoForce"><span>Coming into force</span><docDate date="1996-04-01">1st April 1996</docDate></p></preface><preamble><formula name="EnactingText"><p>The Secretary of State, in exercise of his powers under section 17(1) and 26(5) (b) of the Local Government Act 1992<noteRef href="#f00001" class="footnote" marker="1"/>, and of all other powers enabling him in that behalf, hereby makes the following Order:</p></formula></preamble><body><article eId="article-1"><num>1</num><heading>Citation, Commencement and Application</heading><paragraph eId="article-1-1"><num>1</num><content><p>This Order may be cited as the Cleveland (Staff Transfer) Order 1996 and shall come into force on 1st April 1996.</p></content></paragraph><paragraph eId="article-1-2"><num>2</num><content><p>This Order makes provisions which are consequential or supplementary to the Cleveland (Structural Change) Order 1995.<noteRef href="#f00002" class="footnote" marker="2"/></p></content></paragraph></article><article eId="article-2"><num>2</num><heading>Interpretation</heading><content><p>In this Order—</p><blockList class="unordered"><item><p>“Cleveland district council” has the same meaning as in the Cleveland (Structural Change) Order 1995;</p></item><item><p>“contract of employment” means a contract under which a person works for another person whether under a contract of service or apprenticeship or otherwise but does not include a contract for services;</p></item><item><p>“designated list” means the list marked “The Cleveland (Staff Transfer) Order 1996 Designated List” which is signed by the Secretary of State for the Environment, one copy of which is deposited with each of the four Cleveland borough councils and one in the offices of the Secretary of State;</p></item><item><p>“employee” means a person employed under a contract of employment including a person employed under a fixed term contract the expiry date of which is after 31st March 1996, but does not include a person whose employment is on a temporary basis and who on 31st March 1996 has had a continuous period of employment (when calculated in accordance with section 151 of, and Schedule 13 to, the Employment Protection (Consolidation) Act 1978<noteRef href="#f00003" class="footnote" marker="3"/>) of less than two years.</p></item></blockList></content></article><article eId="article-3"><num>3</num><heading>Transfer of Staff</heading><paragraph eId="article-3-1"><num>1</num><intro><p>This article shall apply to any employee (a “designated employee”)—</p></intro><subparagraph eId="article-3-1-a"><num>a</num><content><p>who immediately before 1st April 1996 (“the reorganisation date”) was employed by the Cleveland County Council;</p></content></subparagraph><subparagraph eId="article-3-1-b"><num>b</num><content><p>whose employment would continue but for the abolition of that council; and</p></content></subparagraph><subparagraph eId="article-3-1-c"><num>c</num><content><p>whose name is mentioned, or who falls within a class or description of employees which is mentioned, in the designated list.</p></content></subparagraph></paragraph><paragraph eId="article-3-2"><num>2</num><intro><p>The contract of employment of a designated employee shall not be terminated on the reorganisation date but shall have effect —</p></intro><subparagraph eId="article-3-2-a"><num>a</num><content><p>in the case of an employee who falls within a class or description of employees mentioned in any section of Part I of the designated list as if originally made between that employee, and the borough council mentioned at the head of that section;</p></content></subparagraph><subparagraph eId="article-3-2-b"><num>b</num><content><p>in the case of an employee whose name is mentioned in any section of Part II of that list as if originally made between that employee, and the borough council mentioned at the head of that section.</p></content></subparagraph></paragraph><paragraph eId="article-3-3"><num>3</num><content><p>This article is without prejudice to any provision of the Transfer of Undertakings (Protection of Employment) Regulations 1981.<noteRef href="#f00004" class="footnote" marker="4"/></p></content></paragraph></article><hcontainer name="signatures"><content><p>Signed by authority of the Secretary of State</p><block name="signature"><signature><person refersTo="#ref-d4e203">Paul Beresford</person><role refersTo="#ref-d4e205">Parliamentary Under Secretary of State,</role><location refersTo="#departmentoftheenvironment">Department of the Environment</location><date date="1996-02-21">21st February 1996</date></signature></block></content></hcontainer></body><conclusions><blockContainer class="ExplanatoryNotes"><intro><p>(This note is not part of the Order)</p></intro><p><authorialNote><p>This Order is supplemental to the Cleveland (Structural Change) Order 1995 which alters the structure of local government in the county of Cleveland. This Order specifies the staff employed by the Cleveland County Council whose employment is to be transferred to the four Cleveland borough councils.</p></authorialNote></p></blockContainer></conclusions></act></akomaNtoso>