<akomaNtoso xmlns:xsi="http://www.w3.org/2001/XMLSchema-instance" xmlns="http://docs.oasis-open.org/legaldocml/ns/akn/3.0" xsi:schemaLocation="http://docs.oasis-open.org/legaldocml/ns/akn/3.0 http://docs.oasis-open.org/legaldocml/akn-core/v1.0/cos01/part2-specs/schemas/akomantoso30.xsd"><act name="UnitedKingdomStatutoryInstrument"><meta><identification source="#source"><FRBRWork><FRBRthis value="http://www.legislation.gov.uk/id/uksi/1996/472"/><FRBRuri value="http://www.legislation.gov.uk/id/uksi/1996/472"/><FRBRdate date="1996-02-27" name="made"/><FRBRauthor href="http://www.legislation.gov.uk/id/government/uk"/><FRBRcountry value="GB-UKM"/><FRBRsubtype value="regulation"/><FRBRnumber value="472"/><FRBRname value="S.I. 1996/472 (S. 37)"/><FRBRprescriptive value="true"/></FRBRWork><FRBRExpression><FRBRthis value="http://www.legislation.gov.uk/uksi/1996/472/made"/><FRBRuri value="http://www.legislation.gov.uk/uksi/1996/472/made"/><FRBRdate date="1996-02-27" name="made"/><FRBRauthor href="#source"/><FRBRlanguage language="eng"/></FRBRExpression><FRBRManifestation><FRBRthis value="http://www.legislation.gov.uk/uksi/1996/472/made/data.akn"/><FRBRuri value="http://www.legislation.gov.uk/uksi/1996/472/made/data.akn"/><FRBRdate date="2021-07-26+01:00" name="transform"/><FRBRauthor href="http://www.legislation.gov.uk"/><FRBRformat value="application/akn+xml"/></FRBRManifestation></identification><classification source="#source"><keyword value="national health service (nhs)" showAs="National Health Service (NHS)" dictionary="http://www.legislation.gov.uk"/><keyword value="health care services and specialisms" showAs="Health care services and specialisms" dictionary="http://www.legislation.gov.uk"/><keyword value="primary health care" showAs="Primary health care" dictionary="http://www.legislation.gov.uk"/><keyword value="national health service, scotland" showAs="NATIONAL HEALTH SERVICE, SCOTLAND" dictionary="http://www.legislation.gov.uk"/></classification><lifecycle source="#source"><eventRef date="1996-02-27" type="generation" eId="made-date" source="#source"/><eventRef date="1996-03-11" eId="laid-date-1" source="#source"/><eventRef date="1996-04-01" eId="coming-into-force-date-1" source="#source"/></lifecycle><references source="#source"><TLCOrganization eId="source" href="http://www.legislation.gov.uk/id/publisher/KingsOrQueensPrinterOfActsOfParliament" showAs="Queen's Printer of Acts of Parliament"/><passiveRef href="http://www.legislation.gov.uk/id/ssi/2003/158" showAs="The National Health Service (Dental Charges) (Scotland) Regulations 2003"/><TLCLocation eId="standrew’shouse" href="/ontology/location/uk.StAndrew’sHouse" showAs="St Andrew’s House,"/><TLCLocation eId="edinburgh" href="/ontology/location/uk.Edinburgh" showAs="Edinburgh"/><TLCRole eId="ref-d4e157" href="/ontology/role/uk.Minister of State, Scottish Office" showAs="Minister of State, Scottish Office"/><TLCPerson eId="ref-d4e155" href="/ontology/persons/uk.JamesDouglas-Hamilton" showAs="James Douglas-Hamilton"/><TLCConcept href="/uk/subject/national-health-service-scotland" showAs="NATIONAL HEALTH SERVICE, SCOTLAND" eId="d4e75"/></references><notes source="#source"><note class="footnote" eId="f00001"><p><ref href="http://www.legislation.gov.uk/id/ukpga/1978/29">1978 c. 29</ref>; section 70(1A) and 71A were inserted by, and section 71 was amended by, section 11 of the Health and Medicines Act <ref href="http://www.legislation.gov.uk/id/ukpga/1988/49">1988 (c. 49)</ref>; section 105(7), which contains provisions relevant to the making of regulations, was amended by the Health Services Act <ref href="http://www.legislation.gov.uk/id/ukpga/1980/53">1980 (c. 53)</ref>, Schedule 6, paragraph 5 and Schedule 7, paragraph 24 and by the Health and Social Services and Social Security Adjudications Act <ref href="http://www.legislation.gov.uk/id/ukpga/1983/41">1983 (c. 41)</ref>, Schedule 9, paragraph 24; for the definitions of “prescribed” and “regulations” see section 108(1).</p></note><note class="footnote" eId="f00002"><p><abbr class="Acronym" title="Statutory Instrument">S.I.</abbr><ref href="http://www.legislation.gov.uk/id/uksi/1989/363">1989/363</ref>; relevant amending instruments are <abbr class="Acronym" title="Statutory Instrument">S.I.</abbr><ref href="http://www.legislation.gov.uk/id/uksi/1991/569">1991/569</ref>, <ref href="http://www.legislation.gov.uk/id/uksi/1992/458">1992/458</ref>, <ref href="http://www.legislation.gov.uk/id/uksi/1993/523">1993/523</ref>, <ref href="http://www.legislation.gov.uk/id/uksi/1994/636">1994/636</ref> and <ref href="http://www.legislation.gov.uk/id/uksi/1995/703">1995/703</ref>.</p></note></notes><proprietary xmlns:ukl="http://www.legislation.gov.uk/namespaces/legislation" xmlns:ukm="http://www.legislation.gov.uk/namespaces/metadata" xmlns:dc="http://purl.org/dc/elements/1.1/" xmlns:dct="http://purl.org/dc/terms/" xmlns:atom="http://www.w3.org/2005/Atom" source="#source"><dc:identifier>http://www.legislation.gov.uk/uksi/1996/472/made</dc:identifier><dc:title>The National Health Service (Dental Charges) (Scotland) Amendment Regulations 1996</dc:title><dc:subject>National Health Service (NHS)</dc:subject><dc:subject>Health care services and specialisms</dc:subject><dc:subject>Primary health care</dc:subject><dc:publisher>Queen's Printer of Acts of Parliament</dc:publisher><dc:modified>2016-01-20</dc:modified><dc:subject scheme="SIheading">NATIONAL HEALTH SERVICE, SCOTLAND</dc:subject><dc:description>These Regulations amend the National Health Service (Dental Charges) (Scotland) Regulations 1989 (“the principal Regulations”), which provide for the making and recovery of charges for dental appliances supplied or repaired under the National Health Service in Scotland, and for other dental treatment provided as part of NHS general dental services.</dc:description><atom:link rel="self" href="http://www.legislation.gov.uk/uksi/1996/472/made/data.xml" type="application/xml"/><atom:link rel="http://www.legislation.gov.uk/def/navigation/resources" href="http://www.legislation.gov.uk/uksi/1996/472/resources" title="More Resources"/><atom:link rel="http://www.legislation.gov.uk/def/navigation/act" href="http://www.legislation.gov.uk/uksi/1996/472/made" title="whole act"/><atom:link rel="http://www.legislation.gov.uk/def/navigation/introduction" href="http://www.legislation.gov.uk/uksi/1996/472/introduction/made" title="introduction"/><atom:link rel="http://www.legislation.gov.uk/def/navigation/signature" href="http://www.legislation.gov.uk/uksi/1996/472/signature/made" title="signature"/><atom:link rel="http://www.legislation.gov.uk/def/navigation/note" href="http://www.legislation.gov.uk/uksi/1996/472/note/made" title="note"/><atom:link rel="http://www.legislation.gov.uk/def/navigation/body" href="http://www.legislation.gov.uk/uksi/1996/472/body/made" title="body"/><atom:link rel="alternate" type="application/rdf+xml" href="http://www.legislation.gov.uk/uksi/1996/472/made/data.rdf" title="RDF/XML"/><atom:link rel="alternate" type="application/akn+xml" href="http://www.legislation.gov.uk/uksi/1996/472/made/data.akn" title="AKN"/><atom:link rel="alternate" type="application/xhtml+xml" href="http://www.legislation.gov.uk/uksi/1996/472/made/data.xht" title="HTML snippet"/><atom:link rel="alternate" type="application/pdf" href="http://www.legislation.gov.uk/uksi/1996/472/made/data.pdf" title="PDF"/><atom:link rel="alternate" type="application/akn+xhtml" href="http://www.legislation.gov.uk/uksi/1996/472/made/data.html" title="HTML5 snippet"/><atom:link rel="http://purl.org/dc/terms/tableOfContents" hreflang="en" href="http://www.legislation.gov.uk/uksi/1996/472/contents/made" title="Table of Contents"/><ukm:SecondaryMetadata><ukm:DocumentClassification><ukm:DocumentCategory Value="secondary"/><ukm:DocumentMainType Value="UnitedKingdomStatutoryInstrument"/><ukm:DocumentStatus Value="final"/><ukm:DocumentMinorType Value="regulation"/></ukm:DocumentClassification><ukm:Year Value="1996"/><ukm:Number Value="472"/><ukm:AlternativeNumber Category="S" Value="37"/><ukm:Made Date="1996-02-27"/><ukm:Laid Date="1996-03-11" Class="UnitedKingdomParliament"/><ukm:ComingIntoForce><ukm:DateTime Date="1996-04-01"/></ukm:ComingIntoForce><ukm:ISBN Value="0110552881"/><ukm:UnappliedEffects><ukm:UnappliedEffect EffectId="key-160c1fb943a90bef780c521f171ac2be" Modified="2013-10-13T00:41:47.787+01:00" URI="http://www.legislation.gov.uk/id/effect/ssi-2003-158xls-11" Type="rev" RequiresApplied="true" AffectingYear="2003" AffectingNumber="158" AffectingProvisions="reg 14, Sch 4" AffectedURI="http://www.legislation.gov.uk/id/uksi/1996/472" AffectedYear="1996" AffectedNumber="472" AffectingURI="http://www.legislation.gov.uk/id/ssi/2003/158" AffectedClass="UnitedKingdomStatutoryInstrument" AffectingClass="ScottishStatutoryInstrument" Created="2013-10-13T00:41:47.787+01:00"><ukm:AffectedTitle>The National Health Service (Dental Charges) (Scotland) Amendment Regulations 1996</ukm:AffectedTitle><ukm:AffectingTitle>The National Health Service (Dental Charges) (Scotland) Regulations 2003</ukm:AffectingTitle><ukm:AffectingProvisions><ukm:Section Ref="regulation-14" URI="http://www.legislation.gov.uk/id/ssi/2003/158/regulation/14">reg 14</ukm:Section><ukm:Section Ref="schedule-4" URI="http://www.legislation.gov.uk/id/ssi/2003/158/schedule/4">Sch 4</ukm:Section></ukm:AffectingProvisions><ukm:InForceDates><ukm:InForce Prospective="true" Qualification="" Applied="false"/></ukm:InForceDates></ukm:UnappliedEffect></ukm:UnappliedEffects></ukm:SecondaryMetadata><ukm:Statistics><ukm:TotalParagraphs Value="3"/><ukm:BodyParagraphs Value="3"/><ukm:ScheduleParagraphs Value="0"/><ukm:AttachmentParagraphs Value="0"/><ukm:TotalImages Value="0"/></ukm:Statistics></proprietary></meta><preface><p class="number"><docNumber>1996 No. 472 (S.37)</docNumber></p><block name="subject"><concept class="title" refersTo="#d4e75">NATIONAL HEALTH SERVICE, SCOTLAND</concept></block><p class="title"><shortTitle>The National Health Service (Dental Charges) (Scotland) Amendment Regulations 1996</shortTitle></p><p class="MadeDate"><span>Made</span><docDate date="1996-02-27">27th February 1996</docDate></p><p class="LaidDate"><span>Laid before Parliament</span><docDate date="1996-03-11">11th March 1996</docDate></p><p class="ComingIntoForce"><span>Coming into force</span><docDate date="1996-04-01">1st April 1996</docDate></p></preface><preamble><formula name="EnactingText"><p>The Secretary of State, in exercise of the powers conferred on him by sections 70(1A), 71(1), 71A, 105(7) and 108(1) of, and paragraph 3(3) of Schedule 11 to, the National Health Service (Scotland) Act 1978<noteRef href="#f00001" class="footnote" marker="1"/> and of all other powers enabling him in that behalf, hereby makes the following Regulations:</p></formula></preamble><body><hcontainer name="regulation" eId="regulation-1"><num>1</num><heading>Citation, commencement and interpretation</heading><paragraph eId="regulation-1-1"><num>1</num><content><p>These Regulations may be cited as the National Health Service (Dental Charges) (Scotland) Amendment Regulations 1996 and shall come into force on 1st April 1996.</p></content></paragraph><paragraph eId="regulation-1-2"><num>2</num><content><p>In these Regulations “the <abbr title="National Health Service (Dental Charges) (Scotland) Regulations 1989 (S.I. 1989/363)" xml:lang="">principal Regulations</abbr>” means the National Health Service (Dental Charges) (Scotland) Regulations 1989<noteRef href="#f00002" class="footnote" marker="2"/>.</p></content></paragraph></hcontainer><hcontainer name="regulation" eId="regulation-2"><num>2</num><heading>Amendment of regulation 4 of the <abbr title="National Health Service (Dental Charges) (Scotland) Regulations 1989 (S.I. 1989/363)" xml:lang="">principal Regulations</abbr></heading><content><p>In regulation 4 of the <abbr title="National Health Service (Dental Charges) (Scotland) Regulations 1989 (S.I. 1989/363)" xml:lang="">principal Regulations</abbr> (calculation of charges) for the amount “£300” in both places where it occurs in paragraph (5) there shall be substituted the amount “£325”.</p></content></hcontainer><hcontainer name="regulation" eId="regulation-3"><num>3</num><heading>Transitional provision</heading><content><p>Where, on or after 1st April 1996, appliances are supplied, or other general dental services are provided, in pursuance of a contract or arrangement for the provision of general dental services made before that date, the provisions of regulation 4(5) of the <abbr title="National Health Service (Dental Charges) (Scotland) Regulations 1989 (S.I. 1989/363)" xml:lang="">principal Regulations</abbr> shall have effect in respect of that supply, or that other provision, as if regulation 2 of these Regulations had not come into force.</p></content></hcontainer><hcontainer name="signatures"><content><block name="signature"><signature><person refersTo="#ref-d4e155">James Douglas-Hamilton</person><role refersTo="#ref-d4e157">Minister of State, Scottish Office</role><location refersTo="#standrew’shouse">St Andrew’s House,</location><location refersTo="#edinburgh">Edinburgh</location><date date="1996-02-27">27th February 1996</date></signature></block></content></hcontainer></body><conclusions><blockContainer class="ExplanatoryNotes"><intro><p>(This note is not part of the Regulations)</p></intro><p><authorialNote><p>These Regulations amend the National Health Service (Dental Charges) (Scotland) Regulations 1989 (“the <abbr title="National Health Service (Dental Charges) (Scotland) Regulations 1989 (S.I. 1989/363)" xml:lang="">principal Regulations</abbr>”), which provide for the making and recovery of charges for dental appliances supplied or repaired under the National Health Service in Scotland, and for other dental treatment provided as part of <abbr class="Acronym" title="National Health Service">NHS</abbr> general dental services.</p><p>Regulation 2 amends the <abbr title="National Health Service (Dental Charges) (Scotland) Regulations 1989 (S.I. 1989/363)" xml:lang="">principal Regulations</abbr> to increase from £300 to £325 the maximum contribution which a patient may be required to make towards the aggregate cost of dental treatment and appliances under Part II of the National Health Service (Scotland) Act 1978, where the contract or arrangement leading to the provision of such treatment and the supply of such appliances is made on or after 1st April 1996.</p></authorialNote></p></blockContainer></conclusions></act></akomaNtoso>