<akomaNtoso xmlns:xsi="http://www.w3.org/2001/XMLSchema-instance" xmlns="http://docs.oasis-open.org/legaldocml/ns/akn/3.0" xsi:schemaLocation="http://docs.oasis-open.org/legaldocml/ns/akn/3.0 http://docs.oasis-open.org/legaldocml/akn-core/v1.0/cos01/part2-specs/schemas/akomantoso30.xsd"><act name="UnitedKingdomStatutoryInstrument"><meta><identification source="#source"><FRBRWork><FRBRthis value="http://www.legislation.gov.uk/id/uksi/1996/391"/><FRBRuri value="http://www.legislation.gov.uk/id/uksi/1996/391"/><FRBRdate date="1996-02-22" name="made"/><FRBRauthor href="http://www.legislation.gov.uk/id/government/uk"/><FRBRcountry value="GB-UKM"/><FRBRsubtype value="regulation"/><FRBRnumber value="391"/><FRBRname value="S.I. 1996/391"/><FRBRprescriptive value="true"/></FRBRWork><FRBRExpression><FRBRthis value="http://www.legislation.gov.uk/uksi/1996/391/made"/><FRBRuri value="http://www.legislation.gov.uk/uksi/1996/391/made"/><FRBRdate date="1996-02-22" name="made"/><FRBRauthor href="#source"/><FRBRlanguage language="eng"/></FRBRExpression><FRBRManifestation><FRBRthis value="http://www.legislation.gov.uk/uksi/1996/391/made/data.akn"/><FRBRuri value="http://www.legislation.gov.uk/uksi/1996/391/made/data.akn"/><FRBRdate date="2021-07-26+01:00" name="transform"/><FRBRauthor href="http://www.legislation.gov.uk"/><FRBRformat value="application/akn+xml"/></FRBRManifestation></identification><classification source="#source"><keyword value="care" showAs="Care" dictionary="http://www.legislation.gov.uk"/><keyword value="health care services and specialisms" showAs="Health care services and specialisms" dictionary="http://www.legislation.gov.uk"/><keyword value="national assistance services" showAs="NATIONAL ASSISTANCE SERVICES" dictionary="http://www.legislation.gov.uk"/></classification><lifecycle source="#source"><eventRef date="1996-02-22" type="generation" eId="made-date" source="#source"/><eventRef date="1996-02-23" eId="laid-date-1" source="#source"/><eventRef date="1996-04-08" eId="coming-into-force-date-1" source="#source"/></lifecycle><references source="#source"><TLCOrganization eId="source" href="http://www.legislation.gov.uk/id/publisher/KingsOrQueensPrinterOfActsOfParliament" showAs="Queen's Printer of Acts of Parliament"/><passiveRef href="http://www.legislation.gov.uk/id/uksi/1997/486" showAs="The National Assistance (Sums for Personal Requirements) Regulations 1997"/><TLCLocation eId="departmentofhealth" href="/ontology/location/uk.DepartmentofHealth" showAs="Department of Health"/><TLCRole eId="ref-d4e137" href="/ontology/role/uk.One of Her Majesty’s Principal Secretaries of State," showAs="One of Her Majesty’s Principal Secretaries of State,"/><TLCPerson eId="ref-d4e135" href="/ontology/persons/uk.StephenDorrell" showAs="Stephen Dorrell"/><TLCConcept href="/uk/subject/national-assistance-services" showAs="NATIONAL ASSISTANCE SERVICES" eId="d4e72"/></references><notes source="#source"><note class="footnote" eId="f00001"><p><ref href="http://www.legislation.gov.uk/id/ukpga/1948/29">1948 c. 29</ref>;<em>see</em> sections 35(1) and 64(1) of the National Assistance Act 1948 for the definitions of “the Minister” and “prescribed” respectively.</p></note><note class="footnote" eId="f00002"><p><ref href="http://www.legislation.gov.uk/id/ukpga/1968/49">1968 c. 49</ref>; section 87 was amended by paragraph 10(13) of Schedule 9 to the National Health Service and Community Care Act <ref href="http://www.legislation.gov.uk/id/ukpga/1990/19">1990 (c. 19)</ref>.</p></note><note class="footnote" eId="f00003"><p><em>See</em> article 2 of the Secretary of State for Social Services Order 1968 (<abbr class="Acronym" title="Statutory Instrument">S.I.</abbr><ref href="http://www.legislation.gov.uk/id/uksi/1968/1699">1968/1699</ref>) which transferred all functions of the Minister of Health to the Secretary of State. <em>See also</em> the Transfer of Functions (Health and Social Security) Order 1988 (<abbr class="Acronym" title="Statutory Instrument">S.I.</abbr><ref href="http://www.legislation.gov.uk/id/uksi/1988/1843">1988/1843</ref>).</p></note><note class="footnote" eId="f00004"><p><abbr class="Acronym" title="Statutory Instrument">S.I.</abbr><ref href="http://www.legislation.gov.uk/id/uksi/1995/443">1995/443</ref>.</p></note></notes><proprietary xmlns:ukl="http://www.legislation.gov.uk/namespaces/legislation" xmlns:ukm="http://www.legislation.gov.uk/namespaces/metadata" xmlns:dc="http://purl.org/dc/elements/1.1/" xmlns:dct="http://purl.org/dc/terms/" xmlns:atom="http://www.w3.org/2005/Atom" source="#source"><dc:identifier>http://www.legislation.gov.uk/uksi/1996/391/made</dc:identifier><dc:title>The National Assistance (Sums for Personal Requirements) Regulations 1996</dc:title><dc:subject>Care</dc:subject><dc:subject>Health care services and specialisms</dc:subject><dc:publisher>Queen's Printer of Acts of Parliament</dc:publisher><dc:modified>2011-07-04</dc:modified><dc:subject scheme="SIheading">NATIONAL ASSISTANCE SERVICES</dc:subject><dc:description>These Regulations set out the weekly sum which local authorities are to assume, in the absence of special circumstances, that residents in accommodation arranged under Part III of the National Assistance Act 1948, the Social Work (Scotland) Act 1968 or section 7 of the Mental Health (Scotland) Act 1984 will need for their personal requirements.</dc:description><atom:link rel="self" href="http://www.legislation.gov.uk/uksi/1996/391/made/data.xml" type="application/xml"/><atom:link rel="http://www.legislation.gov.uk/def/navigation/resources" href="http://www.legislation.gov.uk/uksi/1996/391/resources" title="More Resources"/><atom:link rel="http://www.legislation.gov.uk/def/navigation/act" href="http://www.legislation.gov.uk/uksi/1996/391/made" title="whole act"/><atom:link rel="http://www.legislation.gov.uk/def/navigation/introduction" href="http://www.legislation.gov.uk/uksi/1996/391/introduction/made" title="introduction"/><atom:link rel="http://www.legislation.gov.uk/def/navigation/signature" href="http://www.legislation.gov.uk/uksi/1996/391/signature/made" title="signature"/><atom:link rel="http://www.legislation.gov.uk/def/navigation/note" href="http://www.legislation.gov.uk/uksi/1996/391/note/made" title="note"/><atom:link rel="http://www.legislation.gov.uk/def/navigation/body" href="http://www.legislation.gov.uk/uksi/1996/391/body/made" title="body"/><atom:link rel="alternate" type="application/rdf+xml" href="http://www.legislation.gov.uk/uksi/1996/391/made/data.rdf" title="RDF/XML"/><atom:link rel="alternate" type="application/akn+xml" href="http://www.legislation.gov.uk/uksi/1996/391/made/data.akn" title="AKN"/><atom:link rel="alternate" type="application/xhtml+xml" href="http://www.legislation.gov.uk/uksi/1996/391/made/data.xht" title="HTML snippet"/><atom:link rel="alternate" type="application/pdf" href="http://www.legislation.gov.uk/uksi/1996/391/made/data.pdf" title="PDF"/><atom:link rel="alternate" type="application/akn+xhtml" href="http://www.legislation.gov.uk/uksi/1996/391/made/data.html" title="HTML5 snippet"/><atom:link rel="http://purl.org/dc/terms/tableOfContents" hreflang="en" href="http://www.legislation.gov.uk/uksi/1996/391/contents/made" title="Table of Contents"/><ukm:SecondaryMetadata><ukm:DocumentClassification><ukm:DocumentCategory Value="secondary"/><ukm:DocumentMainType Value="UnitedKingdomStatutoryInstrument"/><ukm:DocumentStatus Value="final"/><ukm:DocumentMinorType Value="regulation"/></ukm:DocumentClassification><ukm:Year Value="1996"/><ukm:Number Value="391"/><ukm:Made Date="1996-02-22"/><ukm:Laid Date="1996-02-23" Class="UnitedKingdomParliament"/><ukm:ComingIntoForce><ukm:DateTime Date="1996-04-08"/></ukm:ComingIntoForce><ukm:ISBN Value="0110541197"/><ukm:UnappliedEffects><ukm:UnappliedEffect EffectId="key-a4e70b56b44d932902a241fd4a3e39a2" AffectedURI="http://www.legislation.gov.uk/id/uksi/1996/391" AffectedClass="UnitedKingdomStatutoryInstrument" AffectingURI="http://www.legislation.gov.uk/id/uksi/1997/486" AffectingClass="UnitedKingdomStatutoryInstrument" URI="http://www.legislation.gov.uk/id/effect/upload-b4yrers3--4019" Row="4024" Type="revoked" RequiresApplied="true" AffectedProvisions="Instrument" Comments="revoked" AffectingYear="1997" AffectingNumber="486" AffectingProvisions="reg.3" AffectedYear="1996" AffectedNumber="391" Created="2019-07-11T00:00:00" Modified="2019-07-11T00:00:00"><ukm:AffectedTitle>The National Assistance (Sums for Personal Requirements) Regulations 1996</ukm:AffectedTitle><ukm:AffectedProvisions>Instrument</ukm:AffectedProvisions><ukm:AffectingTitle>The National Assistance (Sums for Personal Requirements) Regulations 1997</ukm:AffectingTitle><ukm:AffectingProvisions><ukm:Section Ref="regulation-3" URI="http://www.legislation.gov.uk/id/uksi/1997/486/regulation/3">reg.3</ukm:Section></ukm:AffectingProvisions><ukm:InForceDates><ukm:InForce Applied="false" Prospective="true" Qualification=""/></ukm:InForceDates></ukm:UnappliedEffect></ukm:UnappliedEffects></ukm:SecondaryMetadata><ukm:Statistics><ukm:TotalParagraphs Value="3"/><ukm:BodyParagraphs Value="3"/><ukm:ScheduleParagraphs Value="0"/><ukm:AttachmentParagraphs Value="0"/><ukm:TotalImages Value="0"/></ukm:Statistics></proprietary></meta><preface><p class="number"><docNumber>1996 No. 391</docNumber></p><block name="subject"><concept class="title" refersTo="#d4e72">NATIONAL ASSISTANCE SERVICES</concept></block><p class="title"><shortTitle>The National Assistance (Sums for Personal Requirements) Regulations 1996</shortTitle></p><p class="MadeDate"><span>Made</span><docDate date="1996-02-22">22nd February 1996</docDate></p><p class="LaidDate"><span>Laid before Parliament</span><docDate date="1996-02-23">23rd February 1996</docDate></p><p class="ComingIntoForce"><span>Coming into force</span><docDate date="1996-04-08">8th April 1996</docDate></p></preface><preamble><formula name="EnactingText"><p>In exercise of the power conferred by section 22(4) of the National Assistance Act 1948<noteRef href="#f00001" class="footnote" marker="1"/> (including that provision as applied by section 87(3) and (4) of the Social Work (Scotland) Act 1968<noteRef href="#f00002" class="footnote" marker="2"/>) and as respects England and Wales now vested in me<noteRef href="#f00003" class="footnote" marker="3"/> and of all other powers enabling me in that behalf, I hereby make the following Regulations:—</p></formula></preamble><body><hcontainer name="regulation" eId="regulation-1"><num>1</num><heading>Citation and commencement</heading><content><p>These Regulations may be cited as the National Assistance (Sums for Personal Requirements) Regulations 1996 and shall come into force on 8th April 1996.</p></content></hcontainer><hcontainer name="regulation" eId="regulation-2"><num>2</num><heading>Sums needed for personal requirements</heading><content><p>The sum which under section 22(4) of the National Assistance Act 1948 a local authority shall assume that a person will need for his personal requirements shall be £13.75 per week.</p></content></hcontainer><hcontainer name="regulation" eId="regulation-3"><num>3</num><heading>Revocation</heading><content><p>The National Assistance (Sums for Personal Requirements) Regulations 1995<noteRef href="#f00004" class="footnote" marker="4"/> are hereby revoked.</p></content></hcontainer><hcontainer name="signatures"><content><block name="signature"><signature><person refersTo="#ref-d4e135">Stephen Dorrell</person><role refersTo="#ref-d4e137">One of Her Majesty’s Principal Secretaries of State,</role><location refersTo="#departmentofhealth">Department of Health</location><date date="1996-02-22">22nd February 1996</date></signature></block></content></hcontainer></body><conclusions><blockContainer class="ExplanatoryNotes"><intro><p>(This note is not part of the Rules)</p></intro><p><authorialNote><p>These Regulations set out the weekly sum which local authorities are to assume, in the absence of special circumstances, that residents in accommodation arranged under Part III of the National Assistance Act 1948, the Social Work (Scotland) Act 1968 or section 7 of the Mental Health (Scotland) Act 1984 will need for their personal requirements.</p><p>From 8th April 1996, all residents will be assumed to need £13.75 per week for their personal requirements.</p><p>These Regulations supersede the National Assistance (Sums for Personal Requirements) Regulations 1995 (which provided for the sum residents were assumed to need from 10th April 1995) which are revoked.</p></authorialNote></p></blockContainer></conclusions></act></akomaNtoso>