<akomaNtoso xmlns:xsi="http://www.w3.org/2001/XMLSchema-instance" xmlns="http://docs.oasis-open.org/legaldocml/ns/akn/3.0" xsi:schemaLocation="http://docs.oasis-open.org/legaldocml/ns/akn/3.0 http://docs.oasis-open.org/legaldocml/akn-core/v1.0/cos01/part2-specs/schemas/akomantoso30.xsd"><act name="UnitedKingdomStatutoryInstrument"><meta><identification source="#source"><FRBRWork><FRBRthis value="http://www.legislation.gov.uk/id/uksi/1996/142"/><FRBRuri value="http://www.legislation.gov.uk/id/uksi/1996/142"/><FRBRdate date="1995-01-24" name="made"/><FRBRauthor href="http://www.legislation.gov.uk/id/government/uk"/><FRBRcountry value="GB-UKM"/><FRBRsubtype value="scheme"/><FRBRnumber value="142"/><FRBRname value="S.I. 1996/142"/><FRBRprescriptive value="true"/></FRBRWork><FRBRExpression><FRBRthis value="http://www.legislation.gov.uk/uksi/1996/142/made"/><FRBRuri value="http://www.legislation.gov.uk/uksi/1996/142/made"/><FRBRdate date="1995-01-24" name="made"/><FRBRauthor href="#source"/><FRBRlanguage language="eng"/></FRBRExpression><FRBRManifestation><FRBRthis value="http://www.legislation.gov.uk/uksi/1996/142/made/data.akn"/><FRBRuri value="http://www.legislation.gov.uk/uksi/1996/142/made/data.akn"/><FRBRdate date="2021-07-26+01:00" name="transform"/><FRBRauthor href="http://www.legislation.gov.uk"/><FRBRformat value="application/akn+xml"/></FRBRManifestation></identification><classification source="#source"><keyword value="roads and highways" showAs="Roads and highways" dictionary="http://www.legislation.gov.uk"/><keyword value="road building" showAs="Road building" dictionary="http://www.legislation.gov.uk"/><keyword value="council policies and plans" showAs="Council policies and plans" dictionary="http://www.legislation.gov.uk"/><keyword value="borough councils" showAs="Borough councils" dictionary="http://www.legislation.gov.uk"/><keyword value="highways, england and wales" showAs="HIGHWAYS, ENGLAND AND WALES" dictionary="http://www.legislation.gov.uk"/></classification><lifecycle source="#source"><eventRef date="1995-01-24" type="generation" eId="made-date" source="#source"/></lifecycle><references source="#source"><TLCOrganization eId="source" href="http://www.legislation.gov.uk/id/publisher/KingsOrQueensPrinterOfActsOfParliament" showAs="Queen's Printer of Acts of Parliament"/><TLCRole eId="ref-d4e110" href="/ontology/role/uk.Regional Director, Government Office for the North East" showAs="Regional Director, Government Office for the North East"/><TLCRole eId="ref-d4e171" href="/ontology/role/uk.Assistant Borough Solicitor" showAs="Assistant Borough Solicitor"/><TLCPerson eId="ref-d4e108" href="/ontology/persons/uk.PamelaDenham" showAs="Pamela Denham"/><TLCPerson eId="ref-d4e169" href="/ontology/persons/uk.AKDavy" showAs="A K Davy"/><TLCConcept href="/uk/subject/highways-england-and-wales" showAs="HIGHWAYS, ENGLAND AND WALES" eId="d4e59"/></references><notes source="#source"><note class="footnote" eId="f00001"><p><ref href="http://www.legislation.gov.uk/id/ukpga/1980/66">1980 c. 66</ref>.</p></note><note class="footnote" eId="f00002"><p><abbr class="Acronym" title="Statutory Instrument">S.I.</abbr><ref href="http://www.legislation.gov.uk/id/uksi/1981/238">1981/238</ref>.</p></note></notes><proprietary xmlns:ukl="http://www.legislation.gov.uk/namespaces/legislation" xmlns:ukm="http://www.legislation.gov.uk/namespaces/metadata" xmlns:dc="http://purl.org/dc/elements/1.1/" xmlns:dct="http://purl.org/dc/terms/" xmlns:atom="http://www.w3.org/2005/Atom" source="#source"><dc:identifier>http://www.legislation.gov.uk/uksi/1996/142/made</dc:identifier><dc:title>The Tameside (Ashton Northern By-Pass Stage 1 Ashton-Under-Lyne) (Special Roads) Scheme 1994 Confirmation Instrument 1996</dc:title><dc:subject>Roads and highways</dc:subject><dc:subject>Road building</dc:subject><dc:subject>Council policies and plans</dc:subject><dc:subject>Borough councils</dc:subject><dc:publisher>Queen's Printer of Acts of Parliament</dc:publisher><dc:modified>2012-09-06</dc:modified><dc:subject scheme="SIheading">HIGHWAYS, ENGLAND AND WALES</dc:subject><atom:link rel="self" href="http://www.legislation.gov.uk/uksi/1996/142/made/data.xml" type="application/xml"/><atom:link rel="http://www.legislation.gov.uk/def/navigation/resources" href="http://www.legislation.gov.uk/uksi/1996/142/resources" title="More Resources"/><atom:link rel="http://www.legislation.gov.uk/def/navigation/act" href="http://www.legislation.gov.uk/uksi/1996/142/made" title="whole act"/><atom:link rel="http://www.legislation.gov.uk/def/navigation/introduction" href="http://www.legislation.gov.uk/uksi/1996/142/introduction/made" title="introduction"/><atom:link rel="http://www.legislation.gov.uk/def/navigation/signature" href="http://www.legislation.gov.uk/uksi/1996/142/signature/made" title="signature"/><atom:link rel="http://www.legislation.gov.uk/def/navigation/body" href="http://www.legislation.gov.uk/uksi/1996/142/body/made" title="body"/><atom:link rel="http://www.legislation.gov.uk/def/navigation/schedules" href="http://www.legislation.gov.uk/uksi/1996/142/schedules/made" title="schedules"/><atom:link rel="alternate" type="application/rdf+xml" href="http://www.legislation.gov.uk/uksi/1996/142/made/data.rdf" title="RDF/XML"/><atom:link rel="alternate" type="application/akn+xml" href="http://www.legislation.gov.uk/uksi/1996/142/made/data.akn" title="AKN"/><atom:link rel="alternate" type="application/xhtml+xml" href="http://www.legislation.gov.uk/uksi/1996/142/made/data.xht" title="HTML snippet"/><atom:link rel="alternate" type="application/pdf" href="http://www.legislation.gov.uk/uksi/1996/142/made/data.pdf" title="PDF"/><atom:link rel="alternate" type="application/akn+xhtml" href="http://www.legislation.gov.uk/uksi/1996/142/made/data.html" title="HTML5 snippet"/><atom:link rel="http://purl.org/dc/terms/tableOfContents" hreflang="en" href="http://www.legislation.gov.uk/uksi/1996/142/contents/made" title="Table of Contents"/><ukm:SecondaryMetadata><ukm:DocumentClassification><ukm:DocumentCategory Value="secondary"/><ukm:DocumentMainType Value="UnitedKingdomStatutoryInstrument"/><ukm:DocumentStatus Value="final"/><ukm:DocumentMinorType Value="scheme"/></ukm:DocumentClassification><ukm:Year Value="1996"/><ukm:Number Value="142"/><ukm:DepartmentCode Value="DOT 1007"/><ukm:Made Date="1995-01-24"/><ukm:ISBN Value="011053946X"/></ukm:SecondaryMetadata><ukm:Statistics><ukm:TotalParagraphs Value="10"/><ukm:BodyParagraphs Value="4"/><ukm:ScheduleParagraphs Value="6"/><ukm:AttachmentParagraphs Value="0"/><ukm:TotalImages Value="1"/></ukm:Statistics></proprietary></meta><preface><p class="number"><docNumber>1996 No. 142</docNumber></p><block name="subject"><concept class="title" refersTo="#d4e59">HIGHWAYS, ENGLAND AND WALES</concept></block><p class="title"><shortTitle>The Tameside (Ashton Northern By-Pass Stage 1 Ashton-Under-Lyne) (Special Roads) Scheme 1994 Confirmation Instrument 1996</shortTitle></p><p class="MadeDate"><span>Made</span><docDate date="1995-01-24">24th January 1995</docDate></p></preface><preamble><formula name="EnactingText"><p>The Secretary of State for Transport makes this Instrument in exercise of powers conferred by Section 16 of the Highways Act 1980<noteRef href="#f00001" class="footnote" marker="1"/>, and now vested in him<noteRef href="#f00002" class="footnote" marker="2"/>, and of all other powers enabling him in that behalf:</p></formula></preamble><body><section eId="section-1"><num>1</num><content><p>The Tameside (Ashton Northern By-Pass Stage 1 Ashton-under-Lyne) (Special Roads) Scheme 1994 is hereby confirmed with modifications.</p></content></section><section eId="section-2"><num>2</num><content><p>The said Scheme as confirmed (hereinafter referred to as “the Scheme”) is set out in the Schedule hereto and copies of the Scheme and its accompanying plan are deposited at the offices of the Department of Transport, 76 Marsham Street, London SW1 4DR and at the offices of Tameside Metropolitan Borough Council, Ashton Information Office, Council Offices, Wellington Road, Ashton-under-Lyne, Tameside OL6 6DL.</p></content></section><section eId="section-3"><num>3</num><content><p>The Scheme will come into force on the date on which notice that it has been confirmed is first published in accordance with paragraph 1 of Schedule 2 to the Highways Act 1980.</p></content></section><section eId="section-4"><num>4</num><content><p>This Instrument may be cited as the Tameside (Ashton Northern By-Pass Stage 1 Ashton-under-Lyne) (Special Roads) Scheme 1994 Confirmation Instrument 1996.</p></content></section><hcontainer name="signatures"><content><p>Signed by authority of the Secretary of State for Transport</p><block name="signature"><signature><person refersTo="#ref-d4e108">Pamela Denham</person><role refersTo="#ref-d4e110">Regional Director, Government Office for the North East</role><date date="1996-01-24">24th January 1996</date></signature></block></content></hcontainer><hcontainer name="schedules" eId="d4e115"><hcontainer name="schedule" eId="schedule"><num>THE SCHEDULE</num><heading>THE TAMESIDE (ASHTON NORTHERN BY-PASS STAGE 1 ASHTON-UNDERLYNE) (SPECIAL ROADS) SCHEME 1994</heading><hcontainer name="wrapper" eId="d4e123"><intro><p>Tameside Metropolitan Borough Council (herewith referred to as “the Council”) make this Scheme in exercise of their powers under Section 16 of the Highway Act 1980 and of all other powers enabling them in that behalf:</p></intro><paragraph eId="schedule-paragraph-1"><num>1</num><content><p>The Council are authorised to provide special roads by constructing new highways along the routes specified in the Schedule to this Scheme as indicated by heavy black lines on the deposited plan.</p></content></paragraph><paragraph eId="schedule-paragraph-2"><num>2</num><content><p>Special roads provided pursuant to this Scheme shall be used only by traffic of Class I or <abbr class="Acronym" title="2">II</abbr> as defined in Schedule 4 to the Highways Act 1980.</p></content></paragraph><paragraph eId="schedule-paragraph-3"><num>3</num><content><p>In this Scheme “the deposited plan” means the plan marked “The Tameside (Ashton Northern By-Pass Stage 1, Ashton-under-Lyne) (Special Roads) Scheme 1994” sealed with the Common Seal of the Council and deposited at the offices of the Council at the Ashton Information Office, Council Offices, Wellington Road, Ashton-under-Lyne, Lancashire. A certified copy has been deposited at the Department of Transport, Sunley Tower, Piccadilly Plaza, Manchester, M1 4BE.</p></content></paragraph><paragraph eId="schedule-paragraph-4"><num>4</num><content><p>This Scheme may be cited as the Tameside (Ashton Northern By-Pass Stage 1 Ashton-under-Lyne) (Special Roads) Scheme 1994.</p></content></paragraph></hcontainer></hcontainer><hcontainer name="schedule" eId="schedule-2"><num>THE SCHEDULE TO THE SCHEME</num><content><p>Three routes (respectively given the reference numbers 1, 2 and 3 on the deposited plan) comprising of slip roads to connect the northbound and southbound carriageways of the M66 Manchester Outer Ringroad Motorway with the Ashton Northern By-pass Stage 1 and southbound carriageway of the M66 Manchester Outer Ringroad Motorway with the A635 Manchester Road at Ashton-under-Lyne Tameside Greater Manchester.</p><blockContainer class="figure"><p><img alt="Image_r00000" src="http://www.legislation.gov.uk/uksi/1996/142/images/uksi_19960142_en_001" width="524" height="807"/></p></blockContainer></content></hcontainer><wrapUp><blockContainer class="signatures"><p>THE COMMON SEAL OF TAMESIDE METROPOLITAN BOROUGH COUNCIL was hereunto affixed in the presence of:</p><block name="signature"><signature><marker name="seal"/><person refersTo="#ref-d4e169">A K Davy</person><role refersTo="#ref-d4e171">Assistant Borough Solicitor</role></signature></block></blockContainer></wrapUp></hcontainer></body></act></akomaNtoso>