<akomaNtoso xmlns:xsi="http://www.w3.org/2001/XMLSchema-instance" xmlns="http://docs.oasis-open.org/legaldocml/ns/akn/3.0" xsi:schemaLocation="http://docs.oasis-open.org/legaldocml/ns/akn/3.0 http://docs.oasis-open.org/legaldocml/akn-core/v1.0/cos01/part2-specs/schemas/akomantoso30.xsd"><act name="UnitedKingdomStatutoryInstrument"><meta><identification source="#source"><FRBRWork><FRBRthis value="http://www.legislation.gov.uk/id/uksi/1996/511"/><FRBRuri value="http://www.legislation.gov.uk/id/uksi/1996/511"/><FRBRdate date="1996-03-06" name="made"/><FRBRauthor href="http://www.legislation.gov.uk/id/government/uk"/><FRBRcountry value="GB-UKM"/><FRBRsubtype value="order"/><FRBRnumber value="511"/><FRBRname value="S.I. 1996/511"/><FRBRprescriptive value="true"/></FRBRWork><FRBRExpression><FRBRthis value="http://www.legislation.gov.uk/uksi/1996/511/made"/><FRBRuri value="http://www.legislation.gov.uk/uksi/1996/511/made"/><FRBRdate date="1996-03-06" name="made"/><FRBRauthor href="#source"/><FRBRlanguage language="eng"/></FRBRExpression><FRBRManifestation><FRBRthis value="http://www.legislation.gov.uk/uksi/1996/511/made/data.akn"/><FRBRuri value="http://www.legislation.gov.uk/uksi/1996/511/made/data.akn"/><FRBRdate date="2021-07-26+01:00" name="transform"/><FRBRauthor href="http://www.legislation.gov.uk"/><FRBRformat value="application/akn+xml"/></FRBRManifestation></identification><classification source="#source"><keyword value="hospitals" showAs="Hospitals" dictionary="http://www.legislation.gov.uk"/><keyword value="national health service (nhs)" showAs="National Health Service (NHS)" dictionary="http://www.legislation.gov.uk"/><keyword value="nhs management" showAs="NHS management" dictionary="http://www.legislation.gov.uk"/><keyword value="care" showAs="Care" dictionary="http://www.legislation.gov.uk"/><keyword value="health care services and specialisms" showAs="Health care services and specialisms" dictionary="http://www.legislation.gov.uk"/><keyword value="national health service, england and wales" showAs="NATIONAL HEALTH SERVICE, ENGLAND AND WALES" dictionary="http://www.legislation.gov.uk"/></classification><lifecycle source="#source"><eventRef date="1996-03-06" type="generation" eId="made-date" source="#source"/><eventRef date="1996-03-07" eId="laid-date-1" source="#source"/><eventRef date="1996-04-01" eId="coming-into-force-date-1" source="#source"/></lifecycle><references source="#source"><TLCOrganization eId="source" href="http://www.legislation.gov.uk/id/publisher/KingsOrQueensPrinterOfActsOfParliament" showAs="Queen's Printer of Acts of Parliament"/><passiveRef href="http://www.legislation.gov.uk/id/uksi/2015/864" showAs="The Health and Social Care (Miscellaneous Revocations etc.) Order 2015"/><TLCOrganization eId="ref-d4e347" href="/ontology/organization/uk.Department of Health" showAs="Department of Health"/><TLCRole eId="ref-d4e345" href="/ontology/role/uk.Parliamentary Under Secretary of State," showAs="Parliamentary Under Secretary of State,"/><TLCPerson eId="ref-d4e343" href="/ontology/persons/uk.JohnHoram" showAs="John Horam"/><TLCConcept href="/uk/subject/national-health-service-england-and-wales" showAs="NATIONAL HEALTH SERVICE, ENGLAND AND WALES" eId="d4e81"/></references><notes source="#source"><note class="footnote" eId="f00001"><p><ref href="http://www.legislation.gov.uk/id/ukpga/1977/49">1977 c. 49</ref>; section 11 was amended by the Health Services Act <ref href="http://www.legislation.gov.uk/id/ukpga/1980/53">1980 (c. 53)</ref>, Schedule 1, paragraph 31, by the National Health Service and Community Care Act <ref href="http://www.legislation.gov.uk/id/ukpga/1990/19">1990 (c. 19)</ref> (“the <abbr title="National Health Service and Community Care Act 1990 c. 19" xml:lang="">1990 Act</abbr>”), Schedule 10 and by the Health Authorities Act <ref href="http://www.legislation.gov.uk/id/ukpga/1995/17">1995 (c. 17)</ref> (“the <abbr title="Health Authorities Act 1995 c. 17" xml:lang="">1995 Act</abbr>”), Schedule 1, Paragraph 2; section 126(3) was amended by the <abbr title="National Health Service and Community Care Act 1990 c. 19" xml:lang="">1990 Act</abbr>, section 65(2) and by the <abbr title="Health Authorities Act 1995 c. 17" xml:lang="">1995 Act</abbr>, Schedule 1, paragraph 57; section 126(4) was amended by the <abbr title="National Health Service and Community Care Act 1990 c. 19" xml:lang="">1990 Act</abbr>, section 65(2).</p></note><note class="footnote" eId="f00002"><p><em>See</em><ref href="http://www.legislation.gov.uk/id/uksi/1996/401">S.I. 1996/401</ref>.</p></note><note class="footnote" eId="f00003"><p><ref href="http://www.legislation.gov.uk/id/ukpga/1990/19">1990 c. 19</ref>. Orders under section 8 are not made by statutory instrument.</p></note><note class="footnote" eId="f00004"><p>Section 98 was amended by paragraphs 69 and 97 of Schedule 1 to the Health Services Act <ref href="http://www.legislation.gov.uk/id/ukpga/1980/53">1980 (c. 53)</ref>, paragraph 3 of Schedule 5 to the Health and Social Services and Social Security Adjudications Act <ref href="http://www.legislation.gov.uk/id/ukpga/1983/41">1983 (c. 41)</ref>, section 6(2) of, and Part I of Schedule 8 to, the Health and Social Security Act <ref href="http://www.legislation.gov.uk/id/ukpga/1984/48">1984 (c. 48)</ref>, section 20 of the National Health Service and Community Care Act <ref href="http://www.legislation.gov.uk/id/ukpga/1990/19">1990 (c. 19)</ref> and paragraph 50 of Schedule 1 to the Health Authorities Act <ref href="http://www.legislation.gov.uk/id/ukpga/1995/17">1995 (c. 17)</ref>.</p></note><note class="footnote" eId="f00005"><p><ref href="http://www.legislation.gov.uk/id/ukpga/1993/46">1993 c. 46</ref>, as amended by paragraph 126 of Schedule 1 to the Health Authorites Act <ref href="http://www.legislation.gov.uk/id/ukpga/1995/17">1995 (c. 17)</ref>.</p></note><note class="footnote" eId="f00006"><p><ref href="http://www.legislation.gov.uk/id/uksi/1990/1525">S.I. 1990/1525</ref>.</p></note><note class="footnote" eId="f00007"><p><ref href="http://www.legislation.gov.uk/id/uksi/1990/1855">S.I. 1990/1855</ref>.</p></note><note class="footnote" eId="f00008"><p><ref href="http://www.legislation.gov.uk/id/uksi/1994/1831">S.I. 1994/1831</ref>.</p></note></notes><proprietary xmlns:ukl="http://www.legislation.gov.uk/namespaces/legislation" xmlns:ukm="http://www.legislation.gov.uk/namespaces/metadata" xmlns:dc="http://purl.org/dc/elements/1.1/" xmlns:dct="http://purl.org/dc/terms/" xmlns:atom="http://www.w3.org/2005/Atom" source="#source"><dc:identifier>http://www.legislation.gov.uk/uksi/1996/511/made</dc:identifier><dc:title>The Authorities for London Post-Graduate Teaching Hospitals (Abolition) Order 1996</dc:title><dc:subject>Hospitals</dc:subject><dc:subject>National Health Service (NHS)</dc:subject><dc:subject>NHS management</dc:subject><dc:subject>Care</dc:subject><dc:subject>Health care services and specialisms</dc:subject><dc:publisher>Queen's Printer of Acts of Parliament</dc:publisher><dc:modified>2017-05-04</dc:modified><dc:subject scheme="SIheading">NATIONAL HEALTH SERVICE, ENGLAND AND WALES</dc:subject><dc:description>This Order abolishes, on 1st April 1996, the Board of Governors of the National Hospital for Neurology and Neurosurgery and the Board of Governors of the Eastman Dental Hospital which are special health authorities continued in being by the Authorities for London Post-Graduate Teaching Hospitals Order 1990.</dc:description><atom:link rel="self" href="http://www.legislation.gov.uk/uksi/1996/511/made/data.xml" type="application/xml"/><atom:link rel="http://www.legislation.gov.uk/def/navigation/resources" href="http://www.legislation.gov.uk/uksi/1996/511/resources" title="More Resources"/><atom:link rel="http://www.legislation.gov.uk/def/navigation/act" href="http://www.legislation.gov.uk/uksi/1996/511/made" title="whole act"/><atom:link rel="http://www.legislation.gov.uk/def/navigation/introduction" href="http://www.legislation.gov.uk/uksi/1996/511/introduction/made" title="introduction"/><atom:link rel="http://www.legislation.gov.uk/def/navigation/signature" href="http://www.legislation.gov.uk/uksi/1996/511/signature/made" title="signature"/><atom:link rel="http://www.legislation.gov.uk/def/navigation/note" href="http://www.legislation.gov.uk/uksi/1996/511/note/made" title="note"/><atom:link rel="http://www.legislation.gov.uk/def/navigation/body" href="http://www.legislation.gov.uk/uksi/1996/511/body/made" title="body"/><atom:link rel="alternate" type="application/rdf+xml" href="http://www.legislation.gov.uk/uksi/1996/511/made/data.rdf" title="RDF/XML"/><atom:link rel="alternate" type="application/akn+xml" href="http://www.legislation.gov.uk/uksi/1996/511/made/data.akn" title="AKN"/><atom:link rel="alternate" type="application/xhtml+xml" href="http://www.legislation.gov.uk/uksi/1996/511/made/data.xht" title="HTML snippet"/><atom:link rel="alternate" type="application/pdf" href="http://www.legislation.gov.uk/uksi/1996/511/made/data.pdf" title="PDF"/><atom:link rel="alternate" type="application/akn+xhtml" href="http://www.legislation.gov.uk/uksi/1996/511/made/data.html" title="HTML5 snippet"/><atom:link rel="http://purl.org/dc/terms/tableOfContents" hreflang="en" href="http://www.legislation.gov.uk/uksi/1996/511/contents/made" title="Table of Contents"/><ukm:SecondaryMetadata><ukm:DocumentClassification><ukm:DocumentCategory Value="secondary"/><ukm:DocumentMainType Value="UnitedKingdomStatutoryInstrument"/><ukm:DocumentStatus Value="final"/><ukm:DocumentMinorType Value="order"/></ukm:DocumentClassification><ukm:Year Value="1996"/><ukm:Number Value="511"/><ukm:Made Date="1996-03-06"/><ukm:Laid Date="1996-03-07" Class="UnitedKingdomParliament"/><ukm:ComingIntoForce><ukm:DateTime Date="1996-04-01"/></ukm:ComingIntoForce><ukm:ISBN Value="0110542363"/><ukm:UnappliedEffects><ukm:UnappliedEffect EffectId="key-211ab7290741a0fb1cc1d62d630bd3c7" AffectedClass="UnitedKingdomStatutoryInstrument" AffectedURI="http://www.legislation.gov.uk/id/uksi/1996/511" AffectingURI="http://www.legislation.gov.uk/id/uksi/2015/864" AffectingClass="UnitedKingdomStatutoryInstrument" URI="http://www.legislation.gov.uk/id/effect/key-211ab7290741a0fb1cc1d62d630bd3c7" Row="8" Type="revoked" RequiresApplied="true" AffectedProvisions="Order" AffectingEffectsExtent="E+W" AffectingYear="2015" AffectingNumber="864" AffectingProvisions="art. 2(1)(d)" AffectedYear="1996" AffectedNumber="511" Modified="2015-06-05T14:13:08Z"><ukm:AffectedTitle>The Authorities for London Post-Graduate Teaching Hospitals (Abolition) Order 1996</ukm:AffectedTitle><ukm:AffectedProvisions>Order</ukm:AffectedProvisions><ukm:AffectingTitle>The Health and Social Care (Miscellaneous Revocations etc.) Order 2015</ukm:AffectingTitle><ukm:AffectingProvisions><ukm:Section Ref="article-2-1-d" URI="http://www.legislation.gov.uk/id/uksi/2015/864/article/2/1/d">art. 2(1)(d)</ukm:Section></ukm:AffectingProvisions><ukm:CommencementAuthority><ukm:Section Ref="article-1-2" URI="http://www.legislation.gov.uk/id/uksi/2015/864/article/1/2">art. 1(2)</ukm:Section></ukm:CommencementAuthority><ukm:InForceDates><ukm:InForce Applied="false" Date="2015-07-01" Qualification="wholly in force"/></ukm:InForceDates></ukm:UnappliedEffect></ukm:UnappliedEffects></ukm:SecondaryMetadata><ukm:Statistics><ukm:TotalParagraphs Value="11"/><ukm:BodyParagraphs Value="11"/><ukm:ScheduleParagraphs Value="0"/><ukm:AttachmentParagraphs Value="0"/><ukm:TotalImages Value="0"/></ukm:Statistics></proprietary></meta><preface><p class="number"><docNumber>1996 No. 511</docNumber></p><block name="subject"><concept class="title" refersTo="#d4e81">NATIONAL HEALTH SERVICE, ENGLAND AND WALES</concept></block><p class="title"><shortTitle>The Authorities for London Post-Graduate Teaching Hospitals (Abolition) Order 1996</shortTitle></p><p class="MadeDate"><span>Made</span><docDate date="1996-03-06">6th March 1996</docDate></p><p class="LaidDate"><span>Laid before Parliament</span><docDate date="1996-03-07">7th March 1996</docDate></p><p class="ComingIntoForce"><span>Coming into force</span><docDate date="1996-04-01">1st April 1996</docDate></p></preface><preamble><formula name="EnactingText"><p>The Secretary of State for Health, in exercise of powers conferred on him by sections 11 and 126(3) and (4) of the National Health Service Act 1977<noteRef href="#f00001" class="footnote" marker="1"/> and of all other powers enabling him in that behalf, hereby makes the following Order:</p></formula></preamble><body><article eId="article-1"><num>1</num><heading>Citation, commencement and interpretation</heading><paragraph eId="article-1-1"><num>1</num><content><p>This Order may be cited as the Authorities for London Post-Graduate Teaching Hospitals (Abolition) Order 1996 and shall come into force on 1st April 1996.</p></content></paragraph><paragraph eId="article-1-2"><num>2</num><content><p>In this Order—</p><blockList class="unordered"><item><p>“<abbr title="National Health Service Act 1977 c. 49" xml:lang="">the Act</abbr>” means the National Health Service Act 1977;</p></item><item><p>“the material date” means 1st April 1996;</p></item><item><p>“Authorities” means the Board of Governors of the National Hospital for Neurology and Neurosurgery and the Board of Governors of the Eastman Dental Hospital;</p></item><item><p>“the trust” means the University College London Hospitals National Health Service Trust<noteRef href="#f00002" class="footnote" marker="2"/>.</p></item></blockList></content></paragraph></article><article eId="article-2"><num>2</num><heading>Abolition of Authorities</heading><content><p>The Authorities are hereby abolished.</p></content></article><article eId="article-3"><num>3</num><heading>Transfer of property and enforceability of rights</heading><paragraph eId="article-3-1"><num>1</num><intro><p>Subject to paragraph (2) of this article—</p></intro><subparagraph eId="article-3-1-a"><num>a</num><content><p>any property of the Authorities is transferred to the Secretary of State; and</p></content></subparagraph><subparagraph eId="article-3-1-b"><num>b</num><content><p>any right which was enforceable by or against either of the Authorities immediately before the material date is enforceable by or against the Secretary of State.</p></content></subparagraph></paragraph><paragraph eId="article-3-2"><num>2</num><intro><p>Paragraph (1) of this article does not apply in relation to—</p></intro><subparagraph eId="article-3-2-a"><num>a</num><content><p>any property transferred to the trust on the material date by an order under section 8 of the National Health Service and Community Care Act 1990<noteRef href="#f00003" class="footnote" marker="3"/>; or</p></content></subparagraph><subparagraph eId="article-3-2-b"><num>b</num><content><p>any right which becomes exercisable by or against the trust by virtue of such an order.</p></content></subparagraph></paragraph></article><article eId="article-4"><num>4</num><heading>Winding up of affairs of Authorities</heading><content><p>It is the duty of the trust to take such action as may be necessary for the winding-up of the affairs of the Authorities.</p></content></article><article eId="article-5"><num>5</num><heading>Accounts of Authorities</heading><content><p>Any duty imposed on either of the Authorities by section 98<noteRef href="#f00004" class="footnote" marker="4"/> of <abbr title="National Health Service Act 1977 c. 49" xml:lang="">the Act</abbr>, but not performed by the material date, shall be performed by the trust.</p></content></article><article eId="article-6"><num>6</num><heading>Investigation of complaints by Health Service Commissioner</heading><paragraph eId="article-6-1"><num>1</num><content><p>A complaint made under the Health Service Commissioners Act 1993<noteRef href="#f00005" class="footnote" marker="5"/> to the Health Service Commissioner for England in relation to any hospital, establishment or facility managed by either of the Authorities, whether made before, on or after the material date, may be investigated by that Commissioner, notwithstanding the abolition of the Authorities, as if the complaint had been made in relation to the trust.</p></content></paragraph><paragraph eId="article-6-2"><num>2</num><content><p>The Health Service Commissioner for England, where he conducts such an investigation, shall send a report of the result of his investigation to the trust.</p></content></paragraph></article><article eId="article-7"><num>7</num><heading>Transfer of trust property of Authorities</heading><content><p>Any trust property vested immediately before the material date in either of the Authorities is on the material date transferred to the trust.</p></content></article><article eId="article-8"><num>8</num><heading>Exercise of powers in relation to trusts</heading><content><p>Where, immediately before the material date, any power to appoint trustees of a charity connected with purposes relating to the health service is under the trusts of the charity vested in either of the Authorities, that power vests on the material date in the trust.</p></content></article><article eId="article-9"><num>9</num><heading>Appointment of new trustees</heading><content><p>Where, under the trusts of a charity connected with health service purposes, the trustees immediately before the material date include a person who is a trustee by virtue of his office with either of the Authorities, the trustees shall from that date instead include the holder of the corresponding office with the trust.</p></content></article><article eId="article-10"><num>10</num><heading>Provision for continuity in exercise of functions</heading><paragraph eId="article-10-1"><num>1</num><content><p>Any application duly made by, or any direction, authorisation or notice given to or by either of the Authorities shall be deemed to have been made by or given to or by the trust.</p></content></paragraph><paragraph eId="article-10-2"><num>2</num><content><p>Any instrument made by either of the Authorities continues in force until it is varied or revoked by the trust.</p></content></paragraph><paragraph eId="article-10-3"><num>3</num><content><p>Any form supplied by either of the Authorities and any form supplied by the Secretary of State in relation to either of the Authorities continues to be a valid form in relation to the trust until it is cancelled or withdrawn by the Secretary of State or the trust, as if any reference contained in the form to an Authority were a reference to the trust.</p></content></paragraph></article><article eId="article-11"><num>11</num><heading>Revocation and amendment of Instruments</heading><paragraph eId="article-11-1"><num>1</num><content><p>The Authorities for London Post-Graduate Teaching Hospitals (Constitution) Order 1990<noteRef href="#f00006" class="footnote" marker="6"/> and the Authorities for London Post-Graduate Teaching Hospitals (Constitution) Amendment Order 1990<noteRef href="#f00007" class="footnote" marker="7"/> are hereby revoked.</p></content></paragraph><paragraph eId="article-11-2"><num>2</num><intro><p>In the Authorities for London Post-Graduate Teaching Hospitals (Abolition) Order 1994<noteRef href="#f00008" class="footnote" marker="8"/>—</p></intro><subparagraph eId="article-11-2-a"><num>a</num><content><p>in article 1(2) the definition of “the Order” shall be omitted; and</p></content></subparagraph><subparagraph eId="article-11-2-b"><num>b</num><content><p>in article 2 the words from “, and accordingly” to the end of the article shall be omitted.</p></content></subparagraph></paragraph></article><hcontainer name="signatures"><content><p>Signed by authority of the Secretary of State for Health,</p><block name="signature"><signature><person refersTo="#ref-d4e343">John Horam</person><role refersTo="#ref-d4e345">Parliamentary Under Secretary of State,</role><organization refersTo="#ref-d4e347">Department of Health</organization><date date="1996-03-06">6th March 1996</date></signature></block></content></hcontainer></body><conclusions><blockContainer class="ExplanatoryNotes"><intro><p>(This note is not part of the Order)</p></intro><p><authorialNote><p>This Order abolishes, on 1st April 1996, the Board of Governors of the National Hospital for Neurology and Neurosurgery and the Board of Governors of the Eastman Dental Hospital which are special health authorities continued in being by the Authorities for London Post-Graduate Teaching Hospitals Order 1990.</p><p>The Order makes provision for the transfer of property, rights and liabilities from those special health authorities to the Secretary of State (article 3). It also makes further provision consequential on the abolition of those special health authorities.</p><p>A copy of the order referred to in article 3(2) of this Order may be obtained from the Department of Health, <abbr class="Acronym" title="National Health Service">NHS</abbr> Trust Unit, Room 1W29, Quarry House, Quarry Hill, Leeds LS2 7UE.</p></authorialNote></p></blockContainer></conclusions></act></akomaNtoso>