<akomaNtoso xmlns:xsi="http://www.w3.org/2001/XMLSchema-instance" xmlns="http://docs.oasis-open.org/legaldocml/ns/akn/3.0" xsi:schemaLocation="http://docs.oasis-open.org/legaldocml/ns/akn/3.0 http://docs.oasis-open.org/legaldocml/akn-core/v1.0/cos01/part2-specs/schemas/akomantoso30.xsd"><act name="UnitedKingdomStatutoryInstrument"><meta><identification source="#source"><FRBRWork><FRBRthis value="http://www.legislation.gov.uk/id/uksi/1996/324"/><FRBRuri value="http://www.legislation.gov.uk/id/uksi/1996/324"/><FRBRdate date="1996-02-12" name="made"/><FRBRauthor href="http://www.legislation.gov.uk/id/government/uk"/><FRBRcountry value="GB-UKM"/><FRBRsubtype value="order"/><FRBRnumber value="324"/><FRBRname value="S.I. 1996/324 (S. 24)"/><FRBRprescriptive value="true"/></FRBRWork><FRBRExpression><FRBRthis value="http://www.legislation.gov.uk/uksi/1996/324/made"/><FRBRuri value="http://www.legislation.gov.uk/uksi/1996/324/made"/><FRBRdate date="1996-02-12" name="made"/><FRBRauthor href="#source"/><FRBRlanguage language="eng"/></FRBRExpression><FRBRManifestation><FRBRthis value="http://www.legislation.gov.uk/uksi/1996/324/made/data.akn"/><FRBRuri value="http://www.legislation.gov.uk/uksi/1996/324/made/data.akn"/><FRBRdate date="2021-07-26+01:00" name="transform"/><FRBRauthor href="http://www.legislation.gov.uk"/><FRBRformat value="application/akn+xml"/></FRBRManifestation></identification><classification source="#source"><keyword value="national health service (nhs)" showAs="National Health Service (NHS)" dictionary="http://www.legislation.gov.uk"/><keyword value="nhs management" showAs="NHS management" dictionary="http://www.legislation.gov.uk"/><keyword value="hospitals" showAs="Hospitals" dictionary="http://www.legislation.gov.uk"/><keyword value="health care services and specialisms" showAs="Health care services and specialisms" dictionary="http://www.legislation.gov.uk"/><keyword value="care" showAs="Care" dictionary="http://www.legislation.gov.uk"/><keyword value="national health service, scotland" showAs="NATIONAL HEALTH SERVICE, SCOTLAND" dictionary="http://www.legislation.gov.uk"/></classification><lifecycle source="#source"><eventRef date="1996-02-12" type="generation" eId="made-date" source="#source"/><eventRef date="1996-02-14" eId="coming-into-force-date-1" source="#source"/></lifecycle><references source="#source"><TLCOrganization eId="source" href="http://www.legislation.gov.uk/id/publisher/KingsOrQueensPrinterOfActsOfParliament" showAs="Queen's Printer of Acts of Parliament"/><passiveRef href="http://www.legislation.gov.uk/id/uksi/1999/1070" showAs="The National Health Service Trusts (Dissolution) (Scotland) Order 1999"/><TLCLocation eId="standrew’shouse" href="/ontology/location/uk.StAndrew’sHouse" showAs="St Andrew’s House,"/><TLCLocation eId="edinburgh" href="/ontology/location/uk.Edinburgh" showAs="Edinburgh"/><TLCRole eId="ref-d4e176" href="/ontology/role/uk.Minister of State, Scottish Office" showAs="Minister of State, Scottish Office"/><TLCPerson eId="ref-d4e174" href="/ontology/persons/uk.JamesDouglas-Hamilton" showAs="James Douglas-Hamilton"/><TLCConcept href="/uk/subject/national-health-service-scotland" showAs="NATIONAL HEALTH SERVICE, SCOTLAND" eId="d4e80"/></references><notes source="#source"><note class="footnote" eId="f00001"><p><ref href="http://www.legislation.gov.uk/id/ukpga/1978/29">1978 c. 29</ref>; section 12A(1) was inserted by the National Health Service and Community Care Act <ref href="http://www.legislation.gov.uk/id/ukpga/1990/19">1990 (c. 19)</ref> (“the <abbr title="National Health Service and Community Care Act 1990 c. 19" xml:lang="">1990 Act</abbr>”), section 31; Schedule 7A was inserted by the <abbr title="National Health Service and Community Care Act 1990 c. 19" xml:lang="">1990 Act</abbr>, Schedule 6; paragraph 1 of Schedule 7A is cited for the definition of “an order”.</p></note><note class="footnote" eId="f00002"><p><ref href="http://www.legislation.gov.uk/id/uksi/1993/3025">S.I. 1993/3025</ref>.</p></note></notes><proprietary xmlns:ukl="http://www.legislation.gov.uk/namespaces/legislation" xmlns:ukm="http://www.legislation.gov.uk/namespaces/metadata" xmlns:dc="http://purl.org/dc/elements/1.1/" xmlns:dct="http://purl.org/dc/terms/" xmlns:atom="http://www.w3.org/2005/Atom" source="#source"><dc:identifier>http://www.legislation.gov.uk/uksi/1996/324/made</dc:identifier><dc:title>The West Glasgow Hospitals University National Health Service Trust (Establishment) Amendment Order 1996</dc:title><dc:subject>National Health Service (NHS)</dc:subject><dc:subject>NHS management</dc:subject><dc:subject>Hospitals</dc:subject><dc:subject>Health care services and specialisms</dc:subject><dc:subject>Care</dc:subject><dc:publisher>Queen's Printer of Acts of Parliament</dc:publisher><dc:modified>2017-05-04</dc:modified><dc:subject scheme="SIheading">NATIONAL HEALTH SERVICE, SCOTLAND</dc:subject><dc:description>This Order substitutes a new article 3 in the West Glasgow Hospitals University National Health Service Trust (Establishment) Order 1993 to empower the trust to provide a new hospital to replace Glasgow Homeopathic Hospital.</dc:description><atom:link rel="self" href="http://www.legislation.gov.uk/uksi/1996/324/made/data.xml" type="application/xml"/><atom:link rel="http://www.legislation.gov.uk/def/navigation/resources" href="http://www.legislation.gov.uk/uksi/1996/324/resources" title="More Resources"/><atom:link rel="http://www.legislation.gov.uk/def/navigation/act" href="http://www.legislation.gov.uk/uksi/1996/324/made" title="whole act"/><atom:link rel="http://www.legislation.gov.uk/def/navigation/introduction" href="http://www.legislation.gov.uk/uksi/1996/324/introduction/made" title="introduction"/><atom:link rel="http://www.legislation.gov.uk/def/navigation/signature" href="http://www.legislation.gov.uk/uksi/1996/324/signature/made" title="signature"/><atom:link rel="http://www.legislation.gov.uk/def/navigation/note" href="http://www.legislation.gov.uk/uksi/1996/324/note/made" title="note"/><atom:link rel="http://www.legislation.gov.uk/def/navigation/body" href="http://www.legislation.gov.uk/uksi/1996/324/body/made" title="body"/><atom:link rel="alternate" type="application/rdf+xml" href="http://www.legislation.gov.uk/uksi/1996/324/made/data.rdf" title="RDF/XML"/><atom:link rel="alternate" type="application/akn+xml" href="http://www.legislation.gov.uk/uksi/1996/324/made/data.akn" title="AKN"/><atom:link rel="alternate" type="application/xhtml+xml" href="http://www.legislation.gov.uk/uksi/1996/324/made/data.xht" title="HTML snippet"/><atom:link rel="alternate" type="application/pdf" href="http://www.legislation.gov.uk/uksi/1996/324/made/data.pdf" title="PDF"/><atom:link rel="alternate" type="application/akn+xhtml" href="http://www.legislation.gov.uk/uksi/1996/324/made/data.html" title="HTML5 snippet"/><atom:link rel="http://purl.org/dc/terms/tableOfContents" hreflang="en" href="http://www.legislation.gov.uk/uksi/1996/324/contents/made" title="Table of Contents"/><ukm:SecondaryMetadata><ukm:DocumentClassification><ukm:DocumentCategory Value="secondary"/><ukm:DocumentMainType Value="UnitedKingdomStatutoryInstrument"/><ukm:DocumentStatus Value="final"/><ukm:DocumentMinorType Value="order"/></ukm:DocumentClassification><ukm:Year Value="1996"/><ukm:Number Value="324"/><ukm:AlternativeNumber Category="S" Value="24"/><ukm:Made Date="1996-02-12"/><ukm:ComingIntoForce><ukm:DateTime Date="1996-02-14"/></ukm:ComingIntoForce><ukm:ISBN Value="0110552741"/><ukm:UnappliedEffects><ukm:UnappliedEffect EffectId="key-e67ddd6f97e183a7f928b5a6a71978f3" AffectedURI="http://www.legislation.gov.uk/id/uksi/1996/324" AffectedClass="UnitedKingdomStatutoryInstrument" AffectingURI="http://www.legislation.gov.uk/id/uksi/1999/1070" AffectingClass="UnitedKingdomStatutoryInstrument" URI="http://www.legislation.gov.uk/id/effect/upload-b1z2e7x3--3666" Row="3671" Type="revoked" RequiresApplied="true" AffectedProvisions="Act" Comments="revoked" AffectingYear="1999" AffectingNumber="1070" AffectingProvisions="art.2, Sch 2" AffectedYear="1996" AffectedNumber="324" Created="2019-03-19T00:00:00" Modified="2019-03-19T00:00:00"><ukm:AffectedTitle>The West Glasgow Hospitals University National Health Service Trust (Establishment) Amendment Order 1996</ukm:AffectedTitle><ukm:AffectedProvisions>Act</ukm:AffectedProvisions><ukm:AffectingTitle>The National Health Service Trusts (Dissolution) (Scotland) Order 1999</ukm:AffectingTitle><ukm:AffectingProvisions><ukm:Section Ref="article-2" URI="http://www.legislation.gov.uk/id/uksi/1999/1070/article/2">art.2</ukm:Section><ukm:Section Ref="schedule-2" URI="http://www.legislation.gov.uk/id/uksi/1999/1070/schedule/2">Sch 2</ukm:Section></ukm:AffectingProvisions><ukm:InForceDates><ukm:InForce Applied="false" Prospective="true" Qualification=""/></ukm:InForceDates></ukm:UnappliedEffect></ukm:UnappliedEffects></ukm:SecondaryMetadata><ukm:Statistics><ukm:TotalParagraphs Value="3"/><ukm:BodyParagraphs Value="3"/><ukm:ScheduleParagraphs Value="0"/><ukm:AttachmentParagraphs Value="0"/><ukm:TotalImages Value="0"/></ukm:Statistics></proprietary></meta><preface><p class="number"><docNumber>1996 No. 324 (S.24)</docNumber></p><block name="subject"><concept class="title" refersTo="#d4e80">NATIONAL HEALTH SERVICE, SCOTLAND</concept></block><p class="title"><shortTitle>The West Glasgow Hospitals University National Health Service Trust (Establishment) Amendment Order 1996</shortTitle></p><p class="MadeDate"><span>Made</span><docDate date="1996-02-12">12th February 1996</docDate></p><p class="ComingIntoForce"><span>Coming into force</span><docDate date="1996-02-14">14th February 1996</docDate></p></preface><preamble><formula name="EnactingText"><p>The Secretary of State, in exercise of the powers conferred on him by section 12A(1) of and paragraphs 1 and 3(1)(b) of Schedule 7A to the National Health Service (Scotland) Act 1978<noteRef href="#f00001" class="footnote" marker="1"/>, and of all other powers enabling him in that behalf, hereby makes the following Order:</p></formula></preamble><body><article eId="article-1"><num>1</num><heading>Citation, commencement and interpretation</heading><paragraph eId="article-1-1"><num>1</num><content><p>This Order may be cited as the West Glasgow Hospitals University National Health Service Trust (Establishment) Amendment Order 1996 and shall come into force on 14th February 1996.</p></content></paragraph><paragraph eId="article-1-2"><num>2</num><content><p>In this Order “the <abbr title="West Glasgow Hospitals University National Health Service Trust (Establishment) Order 1993 (S.I. 1993/3025)" xml:lang="">principal Order</abbr>” means the West Glasgow Hospitals University National Health Service Trust (Establishment) Order 1993<noteRef href="#f00002" class="footnote" marker="2"/>.</p></content></paragraph></article><article eId="article-2"><num>2</num><heading>Amendment of Article 3 of the <abbr title="West Glasgow Hospitals University National Health Service Trust (Establishment) Order 1993 (S.I. 1993/3025)" xml:lang="">principal Order</abbr></heading><content><p>For article 3 of the <abbr title="West Glasgow Hospitals University National Health Service Trust (Establishment) Order 1993 (S.I. 1993/3025)" xml:lang="">principal Order</abbr> there shall be substituted the following:—</p><p class="BlockAmendment"><mod><quotedStructure class="unknown unknown unknown default" startQuote="“" endQuote="”"><article eId="d4e141"><num>3</num><paragraph eId="d4e145"><num>1</num><content><p>The trust is established for the purposes specified in section 12A(1) of the Act.</p></content></paragraph><paragraph eId="d4e151"><num>2</num><intro><p>The trust’s functions (which include functions which the Secretary of State considers appropriate in relation to the provision of services by the trust for one or more health boards) shall be—</p></intro><subparagraph eId="d4e157"><num>a</num><content><p>to own and manage under section 12A(1)(a) of the Act the hospital establishments or facilities known as the Western Infirmary, Drumchapel Hospital, Gartnavel General Hospital, Belvidere Oncology Unit, Glasgow Homeopathic Hospital and Glasgow Eye Infirmary, all in Glasgow and establishments associated with those hospitals, including management of the facilities provided at and from those establishments, and also including the management of any teaching and research facilities associated with these establishments and the support services related thereto; and</p></content></subparagraph><subparagraph eId="d4e163"><num>b</num><content><p>to provide and manage under section 12A(1)(b) of the Act a new hospital and associated facilities to replace Glasgow Homeopathic Hospital.</p></content></subparagraph></paragraph></article></quotedStructure></mod><inline name="AppendText">.</inline></p></content></article><hcontainer name="signatures"><content><block name="signature"><signature><person refersTo="#ref-d4e174">James Douglas-Hamilton</person><role refersTo="#ref-d4e176">Minister of State, Scottish Office</role><location refersTo="#standrew’shouse">St Andrew’s House,</location><location refersTo="#edinburgh">Edinburgh</location><date date="1996-02-12">12th February 1996</date></signature></block></content></hcontainer></body><conclusions><blockContainer class="ExplanatoryNotes"><intro><p>(This note is not part of the Order)</p></intro><p><authorialNote><p>This Order substitutes a new article 3 in the West Glasgow Hospitals University National Health Service Trust (Establishment) Order 1993 to empower the trust to provide a new hospital to replace Glasgow Homeopathic Hospital.</p></authorialNote></p></blockContainer></conclusions></act></akomaNtoso>