<akomaNtoso xmlns:xsi="http://www.w3.org/2001/XMLSchema-instance" xmlns="http://docs.oasis-open.org/legaldocml/ns/akn/3.0" xsi:schemaLocation="http://docs.oasis-open.org/legaldocml/ns/akn/3.0 http://docs.oasis-open.org/legaldocml/akn-core/v1.0/cos01/part2-specs/schemas/akomantoso30.xsd"><act name="UnitedKingdomStatutoryInstrument"><meta><identification source="#source"><FRBRWork><FRBRthis value="http://www.legislation.gov.uk/id/uksi/1996/445"/><FRBRuri value="http://www.legislation.gov.uk/id/uksi/1996/445"/><FRBRdate date="1996-02-27" name="made"/><FRBRauthor href="http://www.legislation.gov.uk/id/government/uk"/><FRBRcountry value="GB-UKM"/><FRBRsubtype value="order"/><FRBRnumber value="445"/><FRBRname value="S.I. 1996/445"/><FRBRprescriptive value="true"/></FRBRWork><FRBRExpression><FRBRthis value="http://www.legislation.gov.uk/uksi/1996/445/made"/><FRBRuri value="http://www.legislation.gov.uk/uksi/1996/445/made"/><FRBRdate date="1996-02-27" name="made"/><FRBRauthor href="#source"/><FRBRlanguage language="eng"/></FRBRExpression><FRBRManifestation><FRBRthis value="http://www.legislation.gov.uk/uksi/1996/445/made/data.akn"/><FRBRuri value="http://www.legislation.gov.uk/uksi/1996/445/made/data.akn"/><FRBRdate date="2021-07-26+01:00" name="transform"/><FRBRauthor href="http://www.legislation.gov.uk"/><FRBRformat value="application/akn+xml"/></FRBRManifestation></identification><classification source="#source"><keyword value="coroners" showAs="Coroners" dictionary="http://www.legislation.gov.uk"/><keyword value="coroners" showAs="CORONERS" dictionary="http://www.legislation.gov.uk"/></classification><lifecycle source="#source"><eventRef date="1996-02-27" type="generation" eId="made-date" source="#source"/><eventRef date="1996-03-06" eId="laid-date-1" source="#source"/><eventRef date="1996-04-15" eId="coming-into-force-date-1" source="#source"/></lifecycle><references source="#source"><TLCOrganization eId="source" href="http://www.legislation.gov.uk/id/publisher/KingsOrQueensPrinterOfActsOfParliament" showAs="Queen's Printer of Acts of Parliament"/><passiveRef href="http://www.legislation.gov.uk/id/uksi/2001/2570" showAs="The Kent (Coroners' Districts) Order 2001"/><TLCLocation eId="homeoffice" href="/ontology/location/uk.HomeOffice" showAs="Home Office"/><TLCRole eId="ref-d5e183" href="/ontology/role/uk.One of Her Majesty’s Principal Secretaries of State" showAs="One of Her Majesty’s Principal Secretaries of State"/><TLCPerson eId="ref-d5e181" href="/ontology/persons/uk.MichaelHoward" showAs="Michael Howard"/><TLCConcept href="/uk/subject/coroners" showAs="CORONERS" eId="d5e71"/></references><notes source="#source"><note class="footnote" eId="f00001"><p><ref href="http://www.legislation.gov.uk/id/ukpga/1988/13">1988 c. 13</ref>.</p></note><note class="footnote" eId="f00002"><p>S.R. &amp; O. 1927/343.</p></note><note class="footnote" eId="f00003"><p><ref href="http://www.legislation.gov.uk/id/uksi/1974/302">S.I. 1974/302</ref>.</p></note></notes><proprietary xmlns:ukl="http://www.legislation.gov.uk/namespaces/legislation" xmlns:ukm="http://www.legislation.gov.uk/namespaces/metadata" xmlns:dc="http://purl.org/dc/elements/1.1/" xmlns:dct="http://purl.org/dc/terms/" xmlns:atom="http://www.w3.org/2005/Atom" source="#source"><dc:identifier>http://www.legislation.gov.uk/uksi/1996/445/made</dc:identifier><dc:title>The Kent (Coroners' Districts) (Amendment) Order 1996</dc:title><dc:subject>Coroners</dc:subject><dc:publisher>Queen's Printer of Acts of Parliament</dc:publisher><dc:modified>2021-06-02</dc:modified><dc:subject scheme="SIheading">CORONERS</dc:subject><dc:description>The County of Kent was divided into six coroners' districts by the Kent (Coroners' Districts) Order 1974 (S.I. 1974/302).</dc:description><atom:link rel="self" href="http://www.legislation.gov.uk/uksi/1996/445/made/data.xml" type="application/xml"/><atom:link rel="http://www.legislation.gov.uk/def/navigation/resources" href="http://www.legislation.gov.uk/uksi/1996/445/resources" title="More Resources"/><atom:link rel="http://www.legislation.gov.uk/def/navigation/act" href="http://www.legislation.gov.uk/uksi/1996/445/made" title="whole act"/><atom:link rel="http://www.legislation.gov.uk/def/navigation/introduction" href="http://www.legislation.gov.uk/uksi/1996/445/introduction/made" title="introduction"/><atom:link rel="http://www.legislation.gov.uk/def/navigation/signature" href="http://www.legislation.gov.uk/uksi/1996/445/signature/made" title="signature"/><atom:link rel="http://www.legislation.gov.uk/def/navigation/note" href="http://www.legislation.gov.uk/uksi/1996/445/note/made" title="note"/><atom:link rel="http://www.legislation.gov.uk/def/navigation/body" href="http://www.legislation.gov.uk/uksi/1996/445/body/made" title="body"/><atom:link rel="http://www.legislation.gov.uk/def/navigation/schedules" href="http://www.legislation.gov.uk/uksi/1996/445/schedules/made" title="schedules"/><atom:link rel="alternate" type="application/rdf+xml" href="http://www.legislation.gov.uk/uksi/1996/445/made/data.rdf" title="RDF/XML"/><atom:link rel="alternate" type="application/akn+xml" href="http://www.legislation.gov.uk/uksi/1996/445/made/data.akn" title="AKN"/><atom:link rel="alternate" type="application/xhtml+xml" href="http://www.legislation.gov.uk/uksi/1996/445/made/data.xht" title="HTML snippet"/><atom:link rel="alternate" type="application/pdf" href="http://www.legislation.gov.uk/uksi/1996/445/made/data.pdf" title="PDF"/><atom:link rel="alternate" type="application/akn+xhtml" href="http://www.legislation.gov.uk/uksi/1996/445/made/data.html" title="HTML5 snippet"/><atom:link rel="http://purl.org/dc/terms/tableOfContents" hreflang="en" href="http://www.legislation.gov.uk/uksi/1996/445/contents/made" title="Table of Contents"/><ukm:SecondaryMetadata><ukm:DocumentClassification><ukm:DocumentCategory Value="secondary"/><ukm:DocumentMainType Value="UnitedKingdomStatutoryInstrument"/><ukm:DocumentStatus Value="final"/><ukm:DocumentMinorType Value="order"/></ukm:DocumentClassification><ukm:Year Value="1996"/><ukm:Number Value="445"/><ukm:Made Date="1996-02-27"/><ukm:Laid Date="1996-03-06" Class="UnitedKingdomParliament"/><ukm:ComingIntoForce><ukm:DateTime Date="1996-04-15"/></ukm:ComingIntoForce><ukm:ISBN Value="0110541561"/><ukm:UnappliedEffects><ukm:UnappliedEffect EffectId="key-bae29bc5bcca135bab4d01c6abb4b9da" Created="2013-10-13T00:46:17.487+01:00" URI="http://www.legislation.gov.uk/id/effect/uksi-2001-2570xls-5" Type="rev" RequiresApplied="true" AffectingYear="2001" AffectingNumber="2570" AffectingProvisions="art 4" AffectedURI="http://www.legislation.gov.uk/id/uksi/1996/445" AffectedYear="1996" AffectedNumber="445" AffectingURI="http://www.legislation.gov.uk/id/uksi/2001/2570" AffectedClass="UnitedKingdomStatutoryInstrument" AffectingClass="UnitedKingdomStatutoryInstrument" Modified="2013-10-13T00:46:17.487+01:00"><ukm:AffectedTitle>The Kent (Coroners' Districts) (Amendment) Order 1996</ukm:AffectedTitle><ukm:AffectedTitle>The Kent (Coroners’ Districts) (Amendment) Order 1996</ukm:AffectedTitle><ukm:AffectingTitle>The Kent (Coroners' Districts) Order 2001</ukm:AffectingTitle><ukm:AffectingTitle>The Kent (Coroners’ Districts) Order 2001</ukm:AffectingTitle><ukm:AffectingProvisions><ukm:Section Ref="article-4" URI="http://www.legislation.gov.uk/id/uksi/2001/2570/article/4">art 4</ukm:Section></ukm:AffectingProvisions></ukm:UnappliedEffect></ukm:UnappliedEffects></ukm:SecondaryMetadata><ukm:Statistics><ukm:TotalParagraphs Value="4"/><ukm:BodyParagraphs Value="4"/><ukm:ScheduleParagraphs Value="0"/><ukm:AttachmentParagraphs Value="0"/><ukm:TotalImages Value="0"/></ukm:Statistics></proprietary></meta><preface><p class="number"><docNumber>1996 No. 445</docNumber></p><block name="subject"><concept class="title" refersTo="#d5e71">CORONERS</concept></block><p class="title"><shortTitle>The Kent (Coroners' Districts) (Amendment) Order 1996</shortTitle></p><p class="MadeDate"><span>Made</span><docDate date="1996-02-27">27th February 1996</docDate></p><p class="LaidDate"><span>Laid before Parliament</span><docDate date="1996-03-06">6th March 1996</docDate></p><p class="ComingIntoForce"><span>Coming into force</span><docDate date="1996-04-15">15th April 1996</docDate></p></preface><preamble><p>Whereas the council of the county of Kent have, in pursuance of section 4(2) of the Coroners Act 1988<noteRef href="#f00001" class="footnote" marker="1"/> and after due compliance with the provisions of the Coroners (Orders as to Districts) Rules 1927<noteRef href="#f00002" class="footnote" marker="2"/>, submitted to me a draft Order providing for the alteration of certain coroners' districts in the said county:</p><formula name="EnactingText"><p>Now, therefore, in exercise of the powers conferred upon me by that section 4(2) and after taking into consideration an objection to the draft made in the prescribed manner and within the prescribed time, I hereby make the following Order:</p></formula></preamble><body><article eId="article-1"><num>1</num><heading>Citation</heading><content><p>This Order may be cited as the Kent (Coroners' Districts) (Amendment) Order 1996 and shall be read as one with the Kent (Coroners' Districts) Order 1974<noteRef href="#f00003" class="footnote" marker="3"/>.</p></content></article><article eId="article-2"><num>2</num><heading>Commencement and application</heading><paragraph eId="article-2-1"><num>1</num><content><p>This Order shall come into force on 15th April 1996.</p></content></paragraph><paragraph eId="article-2-2"><num>2</num><content><p>This Order shall not have effect in relation to any inquest begun before the day on which it comes into force or to any post-morten examination which, before that day, a coroner has directed or requested a medical practitioner to make.</p></content></paragraph></article><article eId="article-3"><num>3</num><heading>Alteration of Kent coroners' districts</heading><paragraph eId="article-3-1"><num>1</num><content><p>The existing North Kent coroner’s district of the county of Kent shall be abolished.</p></content></paragraph><paragraph eId="article-3-2"><num>2</num><content><p>The existing West Kent coroner’s district, Maidstone coroner’s district and Canterbury and Dover coroner’s district shall be altered by transferring the areas specified in column 1 of the Schedule to this Order from the coroners' districts named in column 2 of the Schedule to the coroners' districts named in column 3 of the Schedule.</p></content></paragraph></article><article eId="article-4"><num>4</num><heading>Renaming of Kent coroners' districts</heading><paragraph eId="article-4-1"><num>1</num><content><p>The existing West Kent coroner’s district shall be renamed as the North West Kent coroner’s district.</p></content></paragraph><paragraph eId="article-4-2"><num>2</num><content><p>The existing Maidstone coroner’s district shall be renamed as the Mid Kent and Medway coroner’s district.</p></content></paragraph><paragraph eId="article-4-3"><num>3</num><content><p>The existing Canterbury and Dover coroner’s district shall be renamed as the East Kent coroner’s district.</p></content></paragraph></article><hcontainer name="signatures"><content><block name="signature"><signature><person refersTo="#ref-d5e181">Michael Howard</person><role refersTo="#ref-d5e183">One of Her Majesty’s Principal Secretaries of State</role><location refersTo="#homeoffice">Home Office</location><date date="1996-02-27">27th February 1996</date></signature></block></content></hcontainer><hcontainer name="schedules" eId="d5e191"><hcontainer name="schedule" eId="schedule"><num>SCHEDULE</num><content><tblock class="tabular"><table><tr><th colspan="1" rowspan="1"><p><em>1.</em></p></th><th colspan="1" rowspan="1"><p><em>2.</em></p></th><th colspan="1" rowspan="1"><p><em>3.</em></p></th></tr><tr><th colspan="1" rowspan="1"><p><em>Area now comprised in Coroner’s District named in Column 2 and to be transferred to Coroner’s District named in Column 3</em></p></th><th colspan="1" rowspan="1"><p><em>Coroner’s District in which the area specified in Column 1 is now comprised</em></p></th><th colspan="1" rowspan="1"><p><em>Coroner’s District to which the area specified in Column 1 is to be transferred</em></p></th></tr><tr><td colspan="1" rowspan="1"><p>The District of Dartford and the District of Gravesham</p></td><td colspan="1" rowspan="1"><p>North Kent District</p></td><td colspan="1" rowspan="1"><p>West Kent District</p></td></tr><tr><td colspan="1" rowspan="1"><p>In the District of Tonbridge and Malling, the parishes of Wouldham, Burham, Aylesford, Snodland, Birling, East Malling and Larkfield, Ditton, Leybourne, Ryarsh, Trottiscliffe, Addington, Offham, West Malling, Mereworth, Wateringbury and East Peckham</p></td><td colspan="1" rowspan="1"><p>West Kent District</p></td><td colspan="1" rowspan="1"><p>Maidstone District</p></td></tr><tr><td colspan="1" rowspan="1"><p>The City of Rochester Upon Medway, the District of Gillingham, and the District of Swale with the exception of Faversham and the parishes of Teynham, Lynsted, Doddington, Newnham, Norton and Buckland, Stone, Luddenham, Oare, Ospringe, Eastling, Stalisfield, Throwley, Sheldwich Badlesmere and Leaveland, Selling, Boughton Under Blean, Graveney with Goodnestone, Hernhill, Dunkirk</p></td><td colspan="1" rowspan="1"><p>North Kent District</p></td><td colspan="1" rowspan="1"><p>Maidstone District</p></td></tr><tr><td colspan="1" rowspan="1"><p>In the District of Swale, Faversham and the parishes of Teynham, Lynsted, Doddington, Newnham, Norton and Buckland, Stone, Luddenham, Oare, Ospringe, Eastling, Stalisfield, Throwley, Sheldwich Badlesmere and Leaveland, Selling, Boughton under Blean, Graveney with Goodnestone, Hernhill, Dunkirk</p></td><td colspan="1" rowspan="1"><p>North Kent District</p></td><td colspan="1" rowspan="1"><p>Canterbury and Dover District</p></td></tr></table></tblock></content></hcontainer></hcontainer></body><conclusions><blockContainer class="ExplanatoryNotes"><intro><p>(This note is not part of the Order)</p></intro><p><authorialNote><p>The County of Kent was divided into six coroners' districts by the Kent (Coroners' Districts) Order 1974 (<ref href="http://www.legislation.gov.uk/id/uksi/1974/302">S.I. 1974/302</ref>).</p><p>This Order abolishes the North Kent coroner’s district and divides the areas currently within that district between the West Kent district (renamed the North West Kent district), the Maidstone district (renamed the Mid Kent and Medway district) and the Canterbury and Dover district (renamed the East Kent district).</p></authorialNote></p></blockContainer></conclusions></act></akomaNtoso>