<akomaNtoso xmlns:xsi="http://www.w3.org/2001/XMLSchema-instance" xmlns="http://docs.oasis-open.org/legaldocml/ns/akn/3.0" xsi:schemaLocation="http://docs.oasis-open.org/legaldocml/ns/akn/3.0 http://docs.oasis-open.org/legaldocml/akn-core/v1.0/cos01/part2-specs/schemas/akomantoso30.xsd"><act name="UnitedKingdomStatutoryInstrument"><meta><identification source="#source"><FRBRWork><FRBRthis value="http://www.legislation.gov.uk/id/uksi/1996/1"/><FRBRuri value="http://www.legislation.gov.uk/id/uksi/1996/1"/><FRBRdate date="1996-01-02" name="made"/><FRBRauthor href="http://www.legislation.gov.uk/id/government/uk"/><FRBRcountry value="GB-UKM"/><FRBRsubtype value="regulation"/><FRBRnumber value="1"/><FRBRname value="S.I. 1996/1"/><FRBRprescriptive value="true"/></FRBRWork><FRBRExpression><FRBRthis value="http://www.legislation.gov.uk/uksi/1996/1/made"/><FRBRuri value="http://www.legislation.gov.uk/uksi/1996/1/made"/><FRBRdate date="1996-01-02" name="made"/><FRBRauthor href="#source"/><FRBRlanguage language="eng"/></FRBRExpression><FRBRManifestation><FRBRthis value="http://www.legislation.gov.uk/uksi/1996/1/made/data.akn"/><FRBRuri value="http://www.legislation.gov.uk/uksi/1996/1/made/data.akn"/><FRBRdate date="2021-07-26+01:00" name="transform"/><FRBRauthor href="http://www.legislation.gov.uk"/><FRBRformat value="application/akn+xml"/></FRBRManifestation></identification><classification source="#source"><keyword value="business practice and regulation" showAs="Business practice and regulation" dictionary="http://www.legislation.gov.uk"/><keyword value="regulation and deregulation" showAs="Regulation and deregulation" dictionary="http://www.legislation.gov.uk"/><keyword value="income" showAs="Income" dictionary="http://www.legislation.gov.uk"/><keyword value="tax" showAs="Tax" dictionary="http://www.legislation.gov.uk"/><keyword value="income tax" showAs="INCOME TAX" dictionary="http://www.legislation.gov.uk"/></classification><lifecycle source="#source"><eventRef date="1996-01-02" type="generation" eId="made-date" source="#source"/><eventRef date="1996-01-03" eId="laid-date-1" source="#source"/><eventRef date="1996-01-24" eId="coming-into-force-date-1" source="#source"/></lifecycle><references source="#source"><TLCOrganization eId="source" href="http://www.legislation.gov.uk/id/publisher/KingsOrQueensPrinterOfActsOfParliament" showAs="Queen's Printer of Acts of Parliament"/><TLCRole eId="ref-d4e189" href="/ontology/role/uk.Two of the Commissioners of Inland Revenue" showAs="Two of the Commissioners of Inland Revenue"/><TLCPerson eId="ref-d4e185" href="/ontology/persons/uk.C.W.Corlett" showAs="C. W. Corlett"/><TLCPerson eId="ref-d4e187" href="/ontology/persons/uk.G.H.Bush" showAs="G. H. Bush"/><TLCConcept href="/uk/subject/income-tax" showAs="INCOME TAX" eId="d4e63"/></references><notes source="#source"><note class="footnote" eId="f00001"><p><ref href="http://www.legislation.gov.uk/id/ukpga/1988/1">1988 c. 1</ref>; Schedule 19AB was inserted by section 49 of, and Schedule 8 to, the Finance Act <ref href="http://www.legislation.gov.uk/id/ukpga/1991/31">1991 (c. 31)</ref> with effect in relation to accounting periods of insurance companies beginning on or after 2nd October 1992 by virtue of <abbr class="Acronym" title="Statutory Instrument">S.I.</abbr><ref href="http://www.legislation.gov.uk/id/uksi/1992/1746">1992/1746 (C.58)</ref>. By virtue of powers conferred on the Treasury under section 51B(3)(b) of the Income and Corporation Taxes Act 1988, inserted by section 78(1) of the Finance Act <ref href="http://www.legislation.gov.uk/id/ukpga/1995/4">1995 (c. 4)</ref>, the operation of paragraph 4 was modified in relation to cases where payments of interest on gilt-edged securities are made without deduction of tax to companies carrying on pension business by regulations 4 to 10 of <abbr class="Acronym" title="Statutory Instrument">S.I.</abbr><ref href="http://www.legislation.gov.uk/id/uksi/1995/3223">1995/3223</ref>.</p></note><note class="footnote" eId="f00002"><p><abbr class="Acronym" title="Statutory Instrument">S.I.</abbr><ref href="http://www.legislation.gov.uk/id/uksi/1992/2326">1992/2326</ref>, amended by <abbr class="Acronym" title="Statutory Instrument">S.I.</abbr><ref href="http://www.legislation.gov.uk/id/uksi/1993/3109">1993/3109</ref>, <ref href="http://www.legislation.gov.uk/id/uksi/1994/3036">1994/3036</ref> and <ref href="http://www.legislation.gov.uk/id/uksi/1995/3134">1995/3134</ref>.</p></note><note class="footnote" eId="f00003"><p><abbr class="Acronym" title="Statutory Instrument">S.I.</abbr><ref href="http://www.legislation.gov.uk/id/uksi/1995/3223">1995/3223</ref>.</p></note></notes><proprietary xmlns:ukl="http://www.legislation.gov.uk/namespaces/legislation" xmlns:ukm="http://www.legislation.gov.uk/namespaces/metadata" xmlns:dc="http://purl.org/dc/elements/1.1/" xmlns:dct="http://purl.org/dc/terms/" xmlns:atom="http://www.w3.org/2005/Atom" source="#source"><dc:identifier>http://www.legislation.gov.uk/uksi/1996/1/made</dc:identifier><dc:title>The Insurance Companies (Pension Business)(Transitional Provisions) (Amendment) Regulations 1996</dc:title><dc:subject>Business practice and regulation</dc:subject><dc:subject>Regulation and deregulation</dc:subject><dc:subject>Income</dc:subject><dc:subject>Tax</dc:subject><dc:publisher>Queen's Printer of Acts of Parliament</dc:publisher><dc:modified>2016-05-23</dc:modified><dc:subject scheme="SIheading">INCOME TAX</dc:subject><dc:description>These Regulations amend the Insurance Companies (Pensions Business) (Transitional Provisions) Regulations 1992 (S.I. 1992/2326) (“the principal Regulations”) which were made under powers contained in Schedule 19AB to the Income and Corporation Taxes Act 1988 (“Schedule 19AB” and “the 1988 Act” respectively). Schedule 19AB provides that insurance companies carrying on pension business shall be entitled to provisional repayments of tax on pension business investment income.</dc:description><atom:link rel="self" href="http://www.legislation.gov.uk/uksi/1996/1/made/data.xml" type="application/xml"/><atom:link rel="http://www.legislation.gov.uk/def/navigation/resources" href="http://www.legislation.gov.uk/uksi/1996/1/resources" title="More Resources"/><atom:link rel="http://www.legislation.gov.uk/def/navigation/act" href="http://www.legislation.gov.uk/uksi/1996/1/made" title="whole act"/><atom:link rel="http://www.legislation.gov.uk/def/navigation/introduction" href="http://www.legislation.gov.uk/uksi/1996/1/introduction/made" title="introduction"/><atom:link rel="http://www.legislation.gov.uk/def/navigation/signature" href="http://www.legislation.gov.uk/uksi/1996/1/signature/made" title="signature"/><atom:link rel="http://www.legislation.gov.uk/def/navigation/note" href="http://www.legislation.gov.uk/uksi/1996/1/note/made" title="note"/><atom:link rel="http://www.legislation.gov.uk/def/navigation/body" href="http://www.legislation.gov.uk/uksi/1996/1/body/made" title="body"/><atom:link rel="alternate" type="application/rdf+xml" href="http://www.legislation.gov.uk/uksi/1996/1/made/data.rdf" title="RDF/XML"/><atom:link rel="alternate" type="application/akn+xml" href="http://www.legislation.gov.uk/uksi/1996/1/made/data.akn" title="AKN"/><atom:link rel="alternate" type="application/xhtml+xml" href="http://www.legislation.gov.uk/uksi/1996/1/made/data.xht" title="HTML snippet"/><atom:link rel="alternate" type="application/pdf" href="http://www.legislation.gov.uk/uksi/1996/1/made/data.pdf" title="PDF"/><atom:link rel="alternate" type="application/akn+xhtml" href="http://www.legislation.gov.uk/uksi/1996/1/made/data.html" title="HTML5 snippet"/><atom:link rel="http://purl.org/dc/terms/tableOfContents" hreflang="en" href="http://www.legislation.gov.uk/uksi/1996/1/contents/made" title="Table of Contents"/><ukm:SecondaryMetadata><ukm:DocumentClassification><ukm:DocumentCategory Value="secondary"/><ukm:DocumentMainType Value="UnitedKingdomStatutoryInstrument"/><ukm:DocumentStatus Value="final"/><ukm:DocumentMinorType Value="regulation"/></ukm:DocumentClassification><ukm:Year Value="1996"/><ukm:Number Value="1"/><ukm:Made Date="1996-01-02"/><ukm:Laid Date="1996-01-03" Class="UnitedKingdomParliament"/><ukm:ComingIntoForce><ukm:DateTime Date="1996-01-24"/></ukm:ComingIntoForce><ukm:ISBN Value="0110538765"/></ukm:SecondaryMetadata><ukm:Statistics><ukm:TotalParagraphs Value="6"/><ukm:BodyParagraphs Value="6"/><ukm:ScheduleParagraphs Value="0"/><ukm:AttachmentParagraphs Value="0"/><ukm:TotalImages Value="0"/></ukm:Statistics></proprietary></meta><preface><p class="number"><docNumber>1996 No. 1</docNumber></p><block name="subject"><concept class="title" refersTo="#d4e63">INCOME TAX</concept></block><p class="title"><shortTitle>The Insurance Companies (Pension Business)(Transitional Provisions) (Amendment) Regulations 1996</shortTitle></p><p class="MadeDate"><span>Made</span><docDate date="1996-01-02">2nd January 1996</docDate></p><p class="LaidDate"><span>Laid before the House of Commons</span><docDate date="1996-01-03">3rd January 1996</docDate></p><p class="ComingIntoForce"><span>Coming into force</span><docDate date="1996-01-24">24th January 1996</docDate></p></preface><preamble><formula name="EnactingText"><p>The Commissioners of Inland Revenue, in exercise of the powers conferred on them by paragraph 4(1), (2), (4) and (6) of Schedule 19AB to the Income and Corporation Taxes Act 1988<noteRef href="#f00001" class="footnote" marker="1"/>, hereby make the following Regulations:</p></formula></preamble><body><hcontainer name="regulation" eId="regulation-1"><num>1</num><heading>Citation and commencement</heading><content><p>These Regulations may be cited as the Insurance Companies (Pension Business) (Transitional Provisions) (Amendment) Regulations 1996 and shall come into force on 24th January 1996.</p></content></hcontainer><hcontainer name="regulation" eId="regulation-2"><num>2</num><heading>Interpretation</heading><content><p>In these Regulations “the <abbr title="Insurance Companies (Pensions Business) (Transitional Provisions) Regulations 1992 (S.I. 1992/2326)" xml:lang="">principal Regulations</abbr>” means the Insurance Companies (Pensions Business) (Transitional Provisions) Regulations 1992<noteRef href="#f00002" class="footnote" marker="2"/> and “regulation” means a regulation of those Regulations.</p></content></hcontainer><hcontainer name="P1group" eId="d4e113"><heading>Amendments to the <abbr title="Insurance Companies (Pensions Business) (Transitional Provisions) Regulations 1992 (S.I. 1992/2326)" xml:lang="">principal Regulations</abbr></heading><hcontainer name="regulation" eId="regulation-3"><num>3</num><content><p>In regulation 1, for the word “Pensions” there shall be substituted the word “Pension”.</p></content></hcontainer><hcontainer name="regulation" eId="regulation-4"><num>4</num><intro><p>In regulation 2—</p></intro><subparagraph eId="regulation-4-a"><num>a</num><content><p>after the definition of “maximum reduced entitlement” there shall be inserted—</p><p class="BlockAmendment"><mod><quotedStructure class="unknown unknown unknown default" startQuote="“" endQuote="”"><blockList class="unordered"><item><p>“notional repayment” shall be construed in accordance with paragraph 1A of Schedule 19AB (treated as inserted by regulation 6 of the Insurance Companies (Gilt-edged Securities) (Periodic Accounting for Tax on Interest) Regulations 1995<noteRef href="#f00003" class="footnote" marker="3"/>) and, in relation to a notional repayment, “provisional repayment period” shall be construed in accordance with that paragraph of that Schedule;</p></item></blockList></quotedStructure></mod><inline name="AppendText">; and</inline></p></content></subparagraph><subparagraph eId="regulation-4-b"><num>b</num><content><p>in the definition of “provisional repayment”, after the words “Schedule 19AB and” there shall be inserted the words“, in relation to a provisional repayment,”.</p></content></subparagraph></hcontainer><hcontainer name="regulation" eId="regulation-5"><num>5</num><content><p>In regulation 4, in paragraph (1), after the words “any provisional repayment” there shall be inserted the words “or any notional repayment”.</p></content></hcontainer><hcontainer name="regulation" eId="regulation-6"><num>6</num><intro><p>In regulation 5—</p></intro><subparagraph eId="regulation-6-a"><num>a</num><content><p>after the words “claiming a provisional prepayment” there shall be inserted the words “or a notional repayment”;</p></content></subparagraph><subparagraph eId="regulation-6-b"><num>b</num><content><p>in paragraph (a), after the words “by way of provisional repayment” there shall be inserted the words “or notional repayment”; and</p></content></subparagraph><subparagraph eId="regulation-6-c"><num>c</num><content><p>in paragraph (c), after the words “the provisional repayment” there shall be inserted the words “or the notional repayment”.</p></content></subparagraph></hcontainer></hcontainer><hcontainer name="signatures"><content><block name="signature"><signature><person refersTo="#ref-d4e185">C. W. Corlett</person><person refersTo="#ref-d4e187">G. H. Bush</person><role refersTo="#ref-d4e189">Two of the Commissioners of Inland Revenue</role><date date="1996-01-02">2nd January 1996</date></signature></block></content></hcontainer></body><conclusions><blockContainer class="ExplanatoryNotes"><intro><p>(This note is not part of the Regulations)</p></intro><p><authorialNote><p>These Regulations amend the Insurance Companies (Pensions Business) (Transitional Provisions) Regulations 1992 (<abbr class="Acronym" title="Statutory Instrument">S.I.</abbr><ref href="http://www.legislation.gov.uk/id/uksi/1992/2326">1992/2326</ref>) (“the <abbr title="Insurance Companies (Pensions Business) (Transitional Provisions) Regulations 1992 (S.I. 1992/2326)" xml:lang="">principal Regulations</abbr>”) which were made under powers contained in Schedule 19AB to the Income and Corporation Taxes Act 1988 (“Schedule 19AB” and “the 1988 Act” respectively). Schedule 19AB provides that insurance companies carrying on pension business shall be entitled to provisional repayments of tax on pension business investment income.</p><p>The amendments made by these Regulations have been made for two different reasons.</p><p>First, regulation 3 makes an amendment of a drafting nature, as Chapter I of Part XII of the 1988 Act refers to pension business and not to pensions business. Schedule 19AB is introduced by section 438A of the 1988 Act, and accordingly forms part of that Chapter. Section 438A of the 1988 Act was inserted by section 49(1) of the Finance Act <ref href="http://www.legislation.gov.uk/id/ukpga/1991/31">1991 (c. 31)</ref>.</p><p>Secondly, regulations 4, 5 and 6 make amendments as a consequence of new enactments relating to the taxation of interest on gilt-edged securities. The amendments provide for the <abbr title="Insurance Companies (Pensions Business) (Transitional Provisions) Regulations 1992 (S.I. 1992/2326)" xml:lang="">principal Regulations</abbr> to extend to notional repayments of tax on pension business investment income attributable to interest on gilt-edged securities, for which provision is made in the Insurance Companies (Gilt-edged Securities) (Periodic Accounting for Tax on Interest) Regulations 1995 (<abbr class="Acronym" title="Statutory Instrument">S.I.</abbr><ref href="http://www.legislation.gov.uk/id/uksi/1995/3223">1995/3223</ref>), as well as to provisional repayments.</p></authorialNote></p></blockContainer></conclusions></act></akomaNtoso>