<akomaNtoso xmlns:xsi="http://www.w3.org/2001/XMLSchema-instance" xmlns="http://docs.oasis-open.org/legaldocml/ns/akn/3.0" xsi:schemaLocation="http://docs.oasis-open.org/legaldocml/ns/akn/3.0 http://docs.oasis-open.org/legaldocml/akn-core/v1.0/cos01/part2-specs/schemas/akomantoso30.xsd"><act name="UnitedKingdomStatutoryInstrument"><meta><identification source="#source"><FRBRWork><FRBRthis value="http://www.legislation.gov.uk/id/uksi/1996/276"/><FRBRuri value="http://www.legislation.gov.uk/id/uksi/1996/276"/><FRBRdate date="1996-02-14" name="made"/><FRBRauthor href="http://www.legislation.gov.uk/id/government/uk"/><FRBRcountry value="GB-UKM"/><FRBRsubtype value="order"/><FRBRnumber value="276"/><FRBRname value="S.I. 1996/276"/><FRBRprescriptive value="true"/></FRBRWork><FRBRExpression><FRBRthis value="http://www.legislation.gov.uk/uksi/1996/276/made"/><FRBRuri value="http://www.legislation.gov.uk/uksi/1996/276/made"/><FRBRdate date="1996-02-14" name="made"/><FRBRauthor href="#source"/><FRBRlanguage language="eng"/></FRBRExpression><FRBRManifestation><FRBRthis value="http://www.legislation.gov.uk/uksi/1996/276/made/data.akn"/><FRBRuri value="http://www.legislation.gov.uk/uksi/1996/276/made/data.akn"/><FRBRdate date="2021-07-26+01:00" name="transform"/><FRBRauthor href="http://www.legislation.gov.uk"/><FRBRformat value="application/akn+xml"/></FRBRManifestation></identification><classification source="#source"><keyword value="local government" showAs="Local Government" dictionary="http://www.legislation.gov.uk"/><keyword value="clerk of the crown in chancery" showAs="CLERK OF THE CROWN IN CHANCERY" dictionary="http://www.legislation.gov.uk"/></classification><lifecycle source="#source"><eventRef date="1996-02-14" type="generation" eId="made-date" source="#source"/><eventRef date="1996-02-26" eId="laid-date-1" source="#source"/><eventRef date="1996-04-01" eId="coming-into-force-date-1" source="#source"/></lifecycle><references source="#source"><TLCOrganization eId="source" href="http://www.legislation.gov.uk/id/publisher/KingsOrQueensPrinterOfActsOfParliament" showAs="Queen's Printer of Acts of Parliament"/><TLCRole eId="ref-d4e135" href="/ontology/role/uk.Clerk of the Privy Council" showAs="Clerk of the Privy Council"/><TLCPerson eId="ref-d4e133" href="/ontology/persons/uk.N.H.Nicholls" showAs="N. H. Nicholls"/><TLCConcept href="/uk/subject/clerk-of-the-crown-in-chancery" showAs="CLERK OF THE CROWN IN CHANCERY" eId="d4e57"/></references><notes source="#source"><note class="footnote" eId="f00001"><p><ref href="http://www.legislation.gov.uk/id/ukpga/1877/41">1877 c. 41</ref></p></note><note class="footnote" eId="f00002"><p><abbr class="Acronym" title="Statutory Instrument">S.I.</abbr><ref href="http://www.legislation.gov.uk/id/uksi/1992/1730">1992/1730</ref></p></note><note class="footnote" eId="f00003"><p><ref href="http://www.legislation.gov.uk/id/ukpga/1992/19">1992 c. 19</ref></p></note><note class="footnote" eId="f00004"><p><ref href="http://www.legislation.gov.uk/id/ukpga/1994/19">1994 c. 19</ref></p></note></notes><proprietary xmlns:ukl="http://www.legislation.gov.uk/namespaces/legislation" xmlns:ukm="http://www.legislation.gov.uk/namespaces/metadata" xmlns:dc="http://purl.org/dc/elements/1.1/" xmlns:dct="http://purl.org/dc/terms/" xmlns:atom="http://www.w3.org/2005/Atom" source="#source"><dc:identifier>http://www.legislation.gov.uk/uksi/1996/276/made</dc:identifier><dc:title>The Crown Office (Forms and Proclamations Rules) (Amendment) Order 1996</dc:title><dc:subject>Local Government</dc:subject><dc:publisher>Queen's Printer of Acts of Parliament</dc:publisher><dc:modified>2011-07-04</dc:modified><dc:subject scheme="SIheading">CLERK OF THE CROWN IN CHANCERY</dc:subject><dc:description>This Order in Council amends the form for commissions of the peace in England and Wales outside Greater London and the City of London contained in the Schedule to the Crown Office (Forms and Proclamations Rules) Order 1992 so as to take account of changes to local government areas and amendments to enactments relating to commission areas effected by or under the Local Government Act 1992 and the Local Government (Wales) Act 1994</dc:description><atom:link rel="self" href="http://www.legislation.gov.uk/uksi/1996/276/made/data.xml" type="application/xml"/><atom:link rel="http://www.legislation.gov.uk/def/navigation/resources" href="http://www.legislation.gov.uk/uksi/1996/276/resources" title="More Resources"/><atom:link rel="http://www.legislation.gov.uk/def/navigation/act" href="http://www.legislation.gov.uk/uksi/1996/276/made" title="whole act"/><atom:link rel="http://www.legislation.gov.uk/def/navigation/introduction" href="http://www.legislation.gov.uk/uksi/1996/276/introduction/made" title="introduction"/><atom:link rel="http://www.legislation.gov.uk/def/navigation/signature" href="http://www.legislation.gov.uk/uksi/1996/276/signature/made" title="signature"/><atom:link rel="http://www.legislation.gov.uk/def/navigation/note" href="http://www.legislation.gov.uk/uksi/1996/276/note/made" title="note"/><atom:link rel="http://www.legislation.gov.uk/def/navigation/body" href="http://www.legislation.gov.uk/uksi/1996/276/body/made" title="body"/><atom:link rel="alternate" type="application/rdf+xml" href="http://www.legislation.gov.uk/uksi/1996/276/made/data.rdf" title="RDF/XML"/><atom:link rel="alternate" type="application/akn+xml" href="http://www.legislation.gov.uk/uksi/1996/276/made/data.akn" title="AKN"/><atom:link rel="alternate" type="application/xhtml+xml" href="http://www.legislation.gov.uk/uksi/1996/276/made/data.xht" title="HTML snippet"/><atom:link rel="alternate" type="application/pdf" href="http://www.legislation.gov.uk/uksi/1996/276/made/data.pdf" title="PDF"/><atom:link rel="alternate" type="application/akn+xhtml" href="http://www.legislation.gov.uk/uksi/1996/276/made/data.html" title="HTML5 snippet"/><atom:link rel="http://purl.org/dc/terms/tableOfContents" hreflang="en" href="http://www.legislation.gov.uk/uksi/1996/276/contents/made" title="Table of Contents"/><ukm:SecondaryMetadata><ukm:DocumentClassification><ukm:DocumentCategory Value="secondary"/><ukm:DocumentMainType Value="UnitedKingdomStatutoryInstrument"/><ukm:DocumentStatus Value="final"/><ukm:DocumentMinorType Value="order"/></ukm:DocumentClassification><ukm:Year Value="1996"/><ukm:Number Value="276"/><ukm:Made Date="1996-02-14"/><ukm:Laid Date="1996-02-26" Class="UnitedKingdomParliament"/><ukm:ComingIntoForce><ukm:DateTime Date="1996-04-01"/></ukm:ComingIntoForce><ukm:RoyalPresence Date="1996-02-14"/><ukm:ISBN Value="0110540735"/></ukm:SecondaryMetadata><ukm:Statistics><ukm:TotalParagraphs Value="2"/><ukm:BodyParagraphs Value="2"/><ukm:ScheduleParagraphs Value="0"/><ukm:AttachmentParagraphs Value="0"/><ukm:TotalImages Value="0"/></ukm:Statistics></proprietary></meta><preface><p class="number"><docNumber>1996 No. 276</docNumber></p><block name="subject"><concept class="title" refersTo="#d4e57">CLERK OF THE CROWN IN CHANCERY</concept></block><p class="title"><shortTitle>The Crown Office (Forms and Proclamations Rules) (Amendment) Order 1996</shortTitle></p><p class="MadeDate"><span>Made</span><docDate date="1996-02-14">14th February 1996</docDate></p><p class="LaidDate"><span>Laid before Parliament</span><docDate date="1996-02-26">26th February 1996</docDate></p><p class="ComingIntoForce"><span>Coming into force</span><docDate date="1996-04-01">1st April 1996</docDate></p></preface><preamble><container name="RoyalPresence"><p>At the Court at Buckingham Palace, the 14th day of February 1996</p><p>Present,</p><p>The Queen’s Most Excellent Majesty in Council</p></container><formula name="EnactingText"><p>Her Majesty, in exercise of the powers conferred on Her by section 3 of the Crown Office Act 1877<noteRef href="#f00001" class="footnote" marker="1"/>, is pleased, by and with the advice of Her Privy Council, to order, and it is hereby ordered, as follows:–</p></formula></preamble><body><article eId="article-1"><num>1</num><heading>Citation and commencement</heading><content><p>This Order may be cited as the Crown Office (Forms and Proclamations Rules) (Amendment) Order 1996 and shall come into force on 1st April 1996</p></content></article><article eId="article-2"><num>2</num><heading>Amendments to the Crown Office (Forms and Proclamations Rules) Order 1992</heading><intro><p>Form A in Part II of the Schedule to the Crown Office (Forms and Proclamations Rules) Order 1992<noteRef href="#f00002" class="footnote" marker="2"/> shall be amended as follows:–</p></intro><subparagraph eId="article-2-a"><num>a</num><content><p>in the heading, for “Counties of England and Wales” there shall be substituted “England (outside London) and Wales”;</p></content></subparagraph><subparagraph eId="article-2-b"><num>b</num><content><p>for “Our County of” there shall be substituted “the commission area of”;</p></content></subparagraph><subparagraph eId="article-2-c"><num>c</num><content><p>for “Our said county”,wherever it occurs, there shall be substituted “the said commission area”</p></content></subparagraph></article><hcontainer name="signatures"><content><block name="signature"><signature><person refersTo="#ref-d4e133">N. H. Nicholls</person><role refersTo="#ref-d4e135">Clerk of the Privy Council</role></signature></block></content></hcontainer></body><conclusions><blockContainer class="ExplanatoryNotes"><intro><p>(This note is not part of the Order)</p></intro><p><authorialNote><p>This Order in Council amends the form for commissions of the peace in England and Wales outside Greater London and the City of London contained in the Schedule to the Crown Office (Forms and Proclamations Rules) Order 1992 so as to take account of changes to local government areas and amendments to enactments relating to commission areas effected by or under the Local Government Act 1992<noteRef href="#f00003" class="footnote" marker="3"/> and the Local Government (Wales) Act 1994<noteRef href="#f00004" class="footnote" marker="4"/></p></authorialNote></p></blockContainer></conclusions></act></akomaNtoso>