<akomaNtoso xmlns:xsi="http://www.w3.org/2001/XMLSchema-instance" xmlns="http://docs.oasis-open.org/legaldocml/ns/akn/3.0" xsi:schemaLocation="http://docs.oasis-open.org/legaldocml/ns/akn/3.0 http://docs.oasis-open.org/legaldocml/akn-core/v1.0/cos01/part2-specs/schemas/akomantoso30.xsd"><act name="UnitedKingdomStatutoryInstrument"><meta><identification source="#source"><FRBRWork><FRBRthis value="http://www.legislation.gov.uk/id/uksi/1996/557"/><FRBRuri value="http://www.legislation.gov.uk/id/uksi/1996/557"/><FRBRdate date="1996-03-04" name="made"/><FRBRauthor href="http://www.legislation.gov.uk/id/government/uk"/><FRBRcountry value="GB-UKM"/><FRBRsubtype value="order"/><FRBRnumber value="557"/><FRBRname value="S.I. 1996/557"/><FRBRprescriptive value="true"/></FRBRWork><FRBRExpression><FRBRthis value="http://www.legislation.gov.uk/uksi/1996/557/made"/><FRBRuri value="http://www.legislation.gov.uk/uksi/1996/557/made"/><FRBRdate date="1996-03-04" name="made"/><FRBRauthor href="#source"/><FRBRlanguage language="eng"/></FRBRExpression><FRBRManifestation><FRBRthis value="http://www.legislation.gov.uk/uksi/1996/557/made/data.akn"/><FRBRuri value="http://www.legislation.gov.uk/uksi/1996/557/made/data.akn"/><FRBRdate date="2021-07-26+01:00" name="transform"/><FRBRauthor href="http://www.legislation.gov.uk"/><FRBRformat value="application/akn+xml"/></FRBRManifestation></identification><classification source="#source"><keyword value="councils" showAs="Councils" dictionary="http://www.legislation.gov.uk"/><keyword value="council housing" showAs="Council housing" dictionary="http://www.legislation.gov.uk"/><keyword value="council meetings" showAs="Council meetings" dictionary="http://www.legislation.gov.uk"/><keyword value="education, england and wales" showAs="EDUCATION, ENGLAND AND WALES" dictionary="http://www.legislation.gov.uk"/></classification><lifecycle source="#source"><eventRef date="1996-03-04" type="generation" eId="made-date" source="#source"/><eventRef date="1996-03-08" eId="laid-date-1" source="#source"/><eventRef date="1996-03-29" eId="coming-into-force-date-1" source="#source"/></lifecycle><references source="#source"><TLCOrganization eId="source" href="http://www.legislation.gov.uk/id/publisher/KingsOrQueensPrinterOfActsOfParliament" showAs="Queen's Printer of Acts of Parliament"/><TLCLocation eId="departmentoftheenvironment" href="/ontology/location/uk.DepartmentoftheEnvironment" showAs="Department of the Environment"/><TLCRole eId="ref-d4e316" href="/ontology/role/uk.Parliamentary Under Secretary of State," showAs="Parliamentary Under Secretary of State,"/><TLCPerson eId="ref-d4e314" href="/ontology/persons/uk.PaulBeresford" showAs="Paul Beresford"/><TLCConcept href="/uk/subject/education-england-and-wales" showAs="EDUCATION, ENGLAND AND WALES" eId="d4e62"/></references><notes source="#source"><note class="footnote" eId="f00001"><p><ref href="http://www.legislation.gov.uk/id/ukpga/1988/40">1988 c. 40</ref>.</p></note><note class="footnote" eId="f00002"><p>The scheme was given partial effect by <abbr class="Acronym" title="Statutory Instrument">S.I.</abbr><ref href="http://www.legislation.gov.uk/id/uksi/1992/2257">1992/2257</ref>.</p></note><note class="footnote" eId="f00003"><p><ref href="http://www.legislation.gov.uk/id/ukpga/1992/14">1992 c. 14</ref>.</p></note><note class="footnote" eId="f00004"><p><ref href="http://www.legislation.gov.uk/id/ukpga/1985/51">1985 c. 51</ref>.</p></note><note class="footnote" eId="f00005"><p><ref href="http://www.legislation.gov.uk/id/ukpga/1982/32">1982 c. 32</ref>.</p></note><note class="footnote" eId="f00006"><p><ref href="http://www.legislation.gov.uk/id/ukpga/1989/42">1989 c. 42</ref>.</p></note><note class="footnote" eId="f00007"><p><ref href="http://www.legislation.gov.uk/id/ukpga/1967/13">1967 c. 13</ref> applied to residuary bodies by paragraph 11 of Schedule 13 to the Local Government Act 1985.</p></note><note class="footnote" eId="f00008"><p><ref href="http://www.legislation.gov.uk/id/ukpga/1950/27">1950 c. 27</ref>; section 31 was repealed in part by the Arbitration Act <ref href="http://www.legislation.gov.uk/id/ukpga/1975/3">1975 (c. 3)</ref>, section 8(2), and amended by the Arbitration Act <ref href="http://www.legislation.gov.uk/id/ukpga/1979/42">1979 (c. 42)</ref>, section 7(1).</p></note></notes><proprietary xmlns:ukl="http://www.legislation.gov.uk/namespaces/legislation" xmlns:ukm="http://www.legislation.gov.uk/namespaces/metadata" xmlns:dc="http://purl.org/dc/elements/1.1/" xmlns:dct="http://purl.org/dc/terms/" xmlns:atom="http://www.w3.org/2005/Atom" source="#source"><dc:identifier>http://www.legislation.gov.uk/uksi/1996/557/made</dc:identifier><dc:title>The London Residuary Body (Winding Up) Order 1996</dc:title><dc:subject>Councils</dc:subject><dc:subject>Council housing</dc:subject><dc:subject>Council meetings</dc:subject><dc:publisher>Queen's Printer of Acts of Parliament</dc:publisher><dc:modified>2014-05-09</dc:modified><dc:subject scheme="SIheading">EDUCATION, ENGLAND AND WALES</dc:subject><dc:description>This Order gives further effect to a scheme submitted by the London Residuary Body (“the LRB”) for its winding up and the disposal of its remaining functions, property, rights and liabilities. Article 2 confers on the Royal Borough of Kensington and Chelsea the Residuary Body’s remaining functions in relation to its accounts. Article 3 provides for the winding up of the LRB and the transfer of all remaining functions, property, rights and liabilities to Bromley. Article 4 makes provision for apportioning among the London borough councils and the Common Council any sums received or paid by Bromley or by Kensington and Chelsea. Article 5 provides for continuity in the exercise of functions. Article 6 provides for the handling of complaints of maladministration on the part of the LRB and article 7 for the determination of disputes.</dc:description><atom:link rel="self" href="http://www.legislation.gov.uk/uksi/1996/557/made/data.xml" type="application/xml"/><atom:link rel="http://www.legislation.gov.uk/def/navigation/resources" href="http://www.legislation.gov.uk/uksi/1996/557/resources" title="More Resources"/><atom:link rel="http://www.legislation.gov.uk/def/navigation/act" href="http://www.legislation.gov.uk/uksi/1996/557/made" title="whole act"/><atom:link rel="http://www.legislation.gov.uk/def/navigation/introduction" href="http://www.legislation.gov.uk/uksi/1996/557/introduction/made" title="introduction"/><atom:link rel="http://www.legislation.gov.uk/def/navigation/signature" href="http://www.legislation.gov.uk/uksi/1996/557/signature/made" title="signature"/><atom:link rel="http://www.legislation.gov.uk/def/navigation/note" href="http://www.legislation.gov.uk/uksi/1996/557/note/made" title="note"/><atom:link rel="http://www.legislation.gov.uk/def/navigation/body" href="http://www.legislation.gov.uk/uksi/1996/557/body/made" title="body"/><atom:link rel="alternate" type="application/rdf+xml" href="http://www.legislation.gov.uk/uksi/1996/557/made/data.rdf" title="RDF/XML"/><atom:link rel="alternate" type="application/akn+xml" href="http://www.legislation.gov.uk/uksi/1996/557/made/data.akn" title="AKN"/><atom:link rel="alternate" type="application/xhtml+xml" href="http://www.legislation.gov.uk/uksi/1996/557/made/data.xht" title="HTML snippet"/><atom:link rel="alternate" type="application/pdf" href="http://www.legislation.gov.uk/uksi/1996/557/made/data.pdf" title="PDF"/><atom:link rel="alternate" type="application/akn+xhtml" href="http://www.legislation.gov.uk/uksi/1996/557/made/data.html" title="HTML5 snippet"/><atom:link rel="http://purl.org/dc/terms/tableOfContents" hreflang="en" href="http://www.legislation.gov.uk/uksi/1996/557/contents/made" title="Table of Contents"/><ukm:SecondaryMetadata><ukm:DocumentClassification><ukm:DocumentCategory Value="secondary"/><ukm:DocumentMainType Value="UnitedKingdomStatutoryInstrument"/><ukm:DocumentStatus Value="final"/><ukm:DocumentMinorType Value="order"/></ukm:DocumentClassification><ukm:Year Value="1996"/><ukm:Number Value="557"/><ukm:DepartmentCode Value="DOE 0591"/><ukm:Made Date="1996-03-04"/><ukm:Laid Date="1996-03-08" Class="UnitedKingdomParliament"/><ukm:ComingIntoForce><ukm:DateTime Date="1996-03-29"/></ukm:ComingIntoForce><ukm:ISBN Value="011054191X"/></ukm:SecondaryMetadata><ukm:Statistics><ukm:TotalParagraphs Value="7"/><ukm:BodyParagraphs Value="7"/><ukm:ScheduleParagraphs Value="0"/><ukm:AttachmentParagraphs Value="0"/><ukm:TotalImages Value="0"/></ukm:Statistics></proprietary></meta><preface><p class="number"><docNumber>1996 No. 557</docNumber></p><block name="subject"><concept class="title" refersTo="#d4e62">EDUCATION, ENGLAND AND WALES</concept></block><p class="title"><shortTitle>The London Residuary Body (Winding Up) Order 1996</shortTitle></p><p class="MadeDate"><span>Made</span><docDate date="1996-03-04">4th March 1996</docDate></p><p class="LaidDate"><span>Laid before Parliament</span><docDate date="1996-03-08">8th March 1996</docDate></p><p class="ComingIntoForce"><span>Coming into force</span><docDate date="1996-03-29">29th March 1996</docDate></p></preface><preamble><formula name="EnactingText"><p>Whereas the London Residuary Body, acting pursuant to section 187(4) of the Education Reform Act 1988<noteRef href="#f00001" class="footnote" marker="1"/>, has submitted to the Secretary of State a scheme for its winding up and the disposal of its remaining functions, property, rights and liabilities;</p><p>And whereas the Secretary of State has decided to give further effect to that scheme with modifications<noteRef href="#f00002" class="footnote" marker="2"/>;</p><p>Now, therefore, the Secretary of State in exercise of the powers conferred on him by sections 187(5)(b), 187(7), 231(2) and 232(5) of that Act, and of all other powers enabling him in that behalf, hereby makes the following Order:—</p></formula></preamble><body><article eId="article-1"><num>1</num><heading>Citation, commencement and interpretation</heading><paragraph eId="article-1-1"><num>1</num><content><p>This Order may be cited as the London Residuary Body (Winding Up) Order 1996 and shall come into force on 29th March 1996.</p></content></paragraph><paragraph eId="article-1-2"><num>2</num><content><p>In this Order—</p><blockList class="unordered"><item><p>“Bromley” means the council of the London Borough of Bromley;</p></item><item><p>“the Common Council” means the Common Council of the City of London;</p></item><item><p>“Kensington and Chelsea” means the council of the Royal Borough of Kensington and Chelsea;</p></item><item><p>“the local council” means the council of a London borough;</p></item><item><p>“the Residuary Body” means the London Residuary Body.</p></item></blockList></content></paragraph><paragraph eId="article-1-3"><num>3</num><intro><p>For the purposes of any provision of this Order which requires the payment or recovery of sums in the appropriate proportions—</p></intro><subparagraph eId="article-1-3-a"><num>a</num><content><p>the appropriate proportion in relation to any council in any financial year is the proportion which the council tax base of that council for that financial year bears to the council tax base of all the local councils and the Common Council; and</p></content></subparagraph><subparagraph eId="article-1-3-b"><num>b</num><content><p>the council tax base of a council for a financial year is the amount calculated by that council as its council tax base for the year in accordance with the rules for the time being effective (as regards that year) under regulations made under section 33(5) of the Local Government Finance Act 1992<noteRef href="#f00003" class="footnote" marker="3"/></p></content></subparagraph></paragraph></article><article eId="article-2"><num>2</num><heading>Accounts</heading><intro><p>Any function under—</p></intro><subparagraph eId="article-2-a"><num>a</num><content><p>section 78 or 79 of the Local Government Act 1985<noteRef href="#f00004" class="footnote" marker="4"/>; or</p></content></subparagraph><subparagraph eId="article-2-b"><num>b</num><content><p>Part III of the Local Government Finance Act 1982<noteRef href="#f00005" class="footnote" marker="5"/></p></content></subparagraph><wrapUp><p>which would, but for this Order, have fallen to be discharged on or after 29th March 1996 by the Residuary Body shall be discharged by Kensington and Chelsea.</p></wrapUp></article><article eId="article-3"><num>3</num><heading>Winding Up</heading><content><p>On the 29th March 1996 The Residuary Body shall be wound up and on that date all remaining functions, property, rights and liabilities shall transfer to and vest in Bromley.</p></content></article><article eId="article-4"><num>4</num><heading>Apportionment</heading><paragraph eId="article-4-1"><num>1</num><content><p>All sums received by Bromley in consequence of the transfer by article 3 of any property or rights shall, after deduction of any relevant expenditure and after setting aside from such monies such amount, if any, as Bromley estimates to be required for future such expenditure, be apportioned among the local councils and the Common Council in the appropriate proportions; and Bromley shall not later than the end of three months after the end of the financial year in which such sums are received, pay the appropriate proportion to each of the other local councils and the Common Council and shall retain the balance.</p></content></paragraph><paragraph eId="article-4-2"><num>2</num><content><p>If in any financial year the aggregate in that year of the sums referred to in paragraph (1) is insufficient to meet any relevant expenditure of Bromley for that year, that expenditure shall, to the extent that it is not met from the aggregate or from monies previously set aside, be apportioned among the local councils and the Common Council; and the appropriate proportion shall be recoverable by Bromley from each of the other local councils and the Common Council.</p></content></paragraph><paragraph eId="article-4-3"><num>3</num><content><p>Any relevant expenditure of Kensington and Chelsea in any financial year shall be apportioned among the local councils and the Common Council; and the appropriate proportion shall be recoverable by Kensington and Chelsea from each of the other local councils and the Common Council.</p></content></paragraph><paragraph eId="article-4-4"><num>4</num><content><p>Any part of the appropriate proportion paid to the local councils and the Common Council and the balance retained by Bromley pursuant to paragraph (1) which is attributable to the disposal of the whole or any part of County Hall shall be treated as a capital receipt for the purposes of Part IV of the Local Government and Housing Act 1989<noteRef href="#f00006" class="footnote" marker="6"/></p></content></paragraph><paragraph eId="article-4-5"><num>5</num><content><p>In this article—</p><blockList class="unordered"><item><p>“County Hall” means the land and buildings previously owned by the Greater London Council and known as the Main Building, the North Block, the South Block and the Island Block, the site of the former Addington Street Annexe, all ancillary service areas and car parks; and</p></item><item><p>“relevant expenditure” means expenditure attributable to this Order.</p></item></blockList></content></paragraph></article><article eId="article-5"><num>5</num><heading>Continuity of the exercise of functions</heading><paragraph eId="article-5-1"><num>1</num><content><p>Anything done by or in relation to (or having effect as if done by or in relation to) the Residuary Body in the exercise of or in connection with a function which by virtue of this Order becomes the function of Bromley or of Kensington and Chelsea shall so far as is required for continuing its effect on and after 29th March 1996 have effect as if done by or in relation to Bromley or Kensington and Chelsea, as the case may be.</p></content></paragraph><paragraph eId="article-5-2"><num>2</num><content><p>Without prejudice to the generality of paragraph (1), that paragraph applies to the making of any application, decision or determination, to the giving of any notice, to the entering into of any agreement or other instrument, and to the bringing of any action or proceeding.</p></content></paragraph><paragraph eId="article-5-3"><num>3</num><content><p>Any pending action or proceeding may be amended in such a manner as may be appropriate in consequence of this Order.</p></content></paragraph></article><article eId="article-6"><num>6</num><heading>Complaints of maladministration by Residuary Body</heading><paragraph eId="article-6-1"><num>1</num><content><p>The Parliamentary Commissioner may investigate or, as the case may be, continue to investigate a complaint of maladministration by the Residuary Body arising in relation to any functions, property, rights or liabilities transferred by this Order.</p></content></paragraph><paragraph eId="article-6-2"><num>2</num><intro><p>In relation to any such investigation begun or continued on or after 29th March 1996, the Parliamentary Commissioner Act 1967<noteRef href="#f00007" class="footnote" marker="7"/> shall apply as if for any reference to the proper officer of the Residuary Body there were substituted—</p></intro><subparagraph eId="article-6-2-a"><num>a</num><content><p>if the complaint related to a function which, by virtue of this Order, becomes a function of Kensington and Chelsea, a reference to the proper officer of Kensington and Chelsea; or</p></content></subparagraph><subparagraph eId="article-6-2-b"><num>b</num><content><p>in any other case, a reference to the proper officer of Bromley.</p></content></subparagraph></paragraph></article><article eId="article-7"><num>7</num><heading>Disputes</heading><content><p>In the event of a dispute between any councils as to the amount of any sum payable or expenditure recoverable by Bromley or by Kensington and Chelsea pursuant to this Order, the matter shall be determined by an arbitrator appointed by the Secretary of State, and section 31 of the Arbitration Act 1950<noteRef href="#f00008" class="footnote" marker="8"/> shall have effect in relation to the arbitration as if it were an arbitration to which that section applies.</p></content></article><hcontainer name="signatures"><content><p>Signed by authority of the Secretary of State</p><block name="signature"><signature><person refersTo="#ref-d4e314">Paul Beresford</person><role refersTo="#ref-d4e316">Parliamentary Under Secretary of State,</role><location refersTo="#departmentoftheenvironment">Department of the Environment</location><date date="1996-03-04">4th March 1996</date></signature></block></content></hcontainer></body><conclusions><blockContainer class="ExplanatoryNotes"><intro><p>(This note is not part of the Order)</p></intro><p><authorialNote><p>This Order gives further effect to a scheme submitted by the London Residuary Body (“the <abbr title="London Residuary Body" xml:lang="">LRB</abbr>”) for its winding up and the disposal of its remaining functions, property, rights and liabilities. Article 2 confers on the Royal Borough of Kensington and Chelsea the Residuary Body’s remaining functions in relation to its accounts. Article 3 provides for the winding up of the <abbr title="London Residuary Body" xml:lang="">LRB</abbr> and the transfer of all remaining functions, property, rights and liabilities to Bromley. Article 4 makes provision for apportioning among the London borough councils and the Common Council any sums received or paid by Bromley or by Kensington and Chelsea. Article 5 provides for continuity in the exercise of functions. Article 6 provides for the handling of complaints of maladministration on the part of the <abbr title="London Residuary Body" xml:lang="">LRB</abbr> and article 7 for the determination of disputes.</p></authorialNote></p></blockContainer></conclusions></act></akomaNtoso>