<akomaNtoso xmlns:xsi="http://www.w3.org/2001/XMLSchema-instance" xmlns="http://docs.oasis-open.org/legaldocml/ns/akn/3.0" xsi:schemaLocation="http://docs.oasis-open.org/legaldocml/ns/akn/3.0 http://docs.oasis-open.org/legaldocml/akn-core/v1.0/cos01/part2-specs/schemas/akomantoso30.xsd"><act name="UnitedKingdomStatutoryInstrument"><meta><identification source="#source"><FRBRWork><FRBRthis value="http://www.legislation.gov.uk/id/uksi/1996/442"/><FRBRuri value="http://www.legislation.gov.uk/id/uksi/1996/442"/><FRBRdate date="1996-02-27" name="made"/><FRBRauthor href="http://www.legislation.gov.uk/id/government/uk"/><FRBRcountry value="GB-UKM"/><FRBRsubtype value="order"/><FRBRnumber value="442"/><FRBRname value="S.I. 1996/442"/><FRBRprescriptive value="true"/></FRBRWork><FRBRExpression><FRBRthis value="http://www.legislation.gov.uk/uksi/1996/442/made"/><FRBRuri value="http://www.legislation.gov.uk/uksi/1996/442/made"/><FRBRdate date="1996-02-27" name="made"/><FRBRauthor href="#source"/><FRBRlanguage language="eng"/></FRBRExpression><FRBRManifestation><FRBRthis value="http://www.legislation.gov.uk/uksi/1996/442/made/data.akn"/><FRBRuri value="http://www.legislation.gov.uk/uksi/1996/442/made/data.akn"/><FRBRdate date="2021-07-26+01:00" name="transform"/><FRBRauthor href="http://www.legislation.gov.uk"/><FRBRformat value="application/akn+xml"/></FRBRManifestation></identification><classification source="#source"><keyword value="gambling and lotteries" showAs="Gambling and lotteries" dictionary="http://www.legislation.gov.uk"/><keyword value="gambling and lottery licences" showAs="Gambling and lottery licences" dictionary="http://www.legislation.gov.uk"/><keyword value="courts of law" showAs="Courts of law" dictionary="http://www.legislation.gov.uk"/><keyword value="justices of the peace, england and wales" showAs="JUSTICES OF THE PEACE, ENGLAND AND WALES" dictionary="http://www.legislation.gov.uk"/></classification><lifecycle source="#source"><eventRef date="1996-02-27" type="generation" eId="made-date" source="#source"/><eventRef date="1996-02-28" eId="laid-date-1" source="#source"/><eventRef date="1996-04-01" eId="coming-into-force-date-1" source="#source"/></lifecycle><references source="#source"><TLCOrganization eId="source" href="http://www.legislation.gov.uk/id/publisher/KingsOrQueensPrinterOfActsOfParliament" showAs="Queen's Printer of Acts of Parliament"/><TLCPerson eId="ref-d4e116" href="/ontology/persons/uk.MackayofClashfern,C." showAs="Mackay of Clashfern, C."/><TLCConcept href="/uk/subject/justices-of-the-peace-england-and-wales" showAs="JUSTICES OF THE PEACE, ENGLAND AND WALES" eId="d4e62"/></references><notes source="#source"><note class="footnote" eId="f00001"><p><ref href="http://www.legislation.gov.uk/id/ukpga/1994/19">1994 c. 19</ref>.</p></note><note class="footnote" eId="f00002"><p><ref href="http://www.legislation.gov.uk/id/ukpga/1991/53">1991 c. 53</ref>.</p></note><note class="footnote" eId="f00003"><p><ref href="http://www.legislation.gov.uk/id/ukpga/1973/62">1973 c. 62</ref>; section 14 was amended by section 10 of the Criminal Justice Act 1991.</p></note><note class="footnote" eId="f00004"><p>Section 2 was substituted by section 8 of the Criminal Justice Act 1991.</p></note><note class="footnote" eId="f00005"><p><ref href="http://www.legislation.gov.uk/id/ukpga/1969/54">1969 c. 54</ref>.</p></note><note class="footnote" eId="f00006"><p><ref href="http://www.legislation.gov.uk/id/ukpga/1989/41">1989 c. 41</ref>.</p></note><note class="footnote" eId="f00007"><p><ref href="http://www.legislation.gov.uk/id/ukpga/1980/43">1980 c. 43</ref>.</p></note><note class="footnote" eId="f00008"><p><ref href="http://www.legislation.gov.uk/id/ukpga/1964/26">1964 c. 26</ref>.</p></note><note class="footnote" eId="f00009"><p><ref href="http://www.legislation.gov.uk/id/ukpga/1983/24">1983 c. 24</ref>.</p></note><note class="footnote" eId="f00010"><p><ref href="http://www.legislation.gov.uk/id/ukpga/1985/57">1985 c. 57</ref>.</p></note><note class="footnote" eId="f00011"><p><ref href="http://www.legislation.gov.uk/id/ukpga/1963/2">1963 c. 2</ref>.</p></note><note class="footnote" eId="f00012"><p><ref href="http://www.legislation.gov.uk/id/ukpga/1968/65">1968 c. 65</ref>.</p></note></notes><proprietary xmlns:ukl="http://www.legislation.gov.uk/namespaces/legislation" xmlns:ukm="http://www.legislation.gov.uk/namespaces/metadata" xmlns:dc="http://purl.org/dc/elements/1.1/" xmlns:dct="http://purl.org/dc/terms/" xmlns:atom="http://www.w3.org/2005/Atom" source="#source"><dc:identifier>http://www.legislation.gov.uk/uksi/1996/442/made</dc:identifier><dc:title>The Welshpool Petty Sessional Division (Consequences of Local Government Changes) Order 1996</dc:title><dc:subject>Gambling and lotteries</dc:subject><dc:subject>Gambling and lottery licences</dc:subject><dc:subject>Courts of law</dc:subject><dc:publisher>Queen's Printer of Acts of Parliament</dc:publisher><dc:modified>2011-08-23</dc:modified><dc:subject scheme="SIheading">JUSTICES OF THE PEACE, ENGLAND AND WALES</dc:subject><dc:description>This Order effects the incorporation of the three communities of Llanrhaeadr-ym-Mochnant, Llansilin and Llangedwyn into the petty sessional division of Welshpool on 1st April 1996. The Order is made in consequence of the provisions of the Local Government (Wales) Act 1994 whereby those communities, until then part of the county of Clwyd, are to form part of the preserved county of Powys and not the preserved county of Clwyd, thereby being excluded from the petty sessional division of Berwyn.</dc:description><atom:link rel="self" href="http://www.legislation.gov.uk/uksi/1996/442/made/data.xml" type="application/xml"/><atom:link rel="http://www.legislation.gov.uk/def/navigation/resources" href="http://www.legislation.gov.uk/uksi/1996/442/resources" title="More Resources"/><atom:link rel="http://www.legislation.gov.uk/def/navigation/act" href="http://www.legislation.gov.uk/uksi/1996/442/made" title="whole act"/><atom:link rel="http://www.legislation.gov.uk/def/navigation/introduction" href="http://www.legislation.gov.uk/uksi/1996/442/introduction/made" title="introduction"/><atom:link rel="http://www.legislation.gov.uk/def/navigation/signature" href="http://www.legislation.gov.uk/uksi/1996/442/signature/made" title="signature"/><atom:link rel="http://www.legislation.gov.uk/def/navigation/note" href="http://www.legislation.gov.uk/uksi/1996/442/note/made" title="note"/><atom:link rel="http://www.legislation.gov.uk/def/navigation/body" href="http://www.legislation.gov.uk/uksi/1996/442/body/made" title="body"/><atom:link rel="http://www.legislation.gov.uk/def/navigation/schedules" href="http://www.legislation.gov.uk/uksi/1996/442/schedules/made" title="schedules"/><atom:link rel="alternate" type="application/rdf+xml" href="http://www.legislation.gov.uk/uksi/1996/442/made/data.rdf" title="RDF/XML"/><atom:link rel="alternate" type="application/akn+xml" href="http://www.legislation.gov.uk/uksi/1996/442/made/data.akn" title="AKN"/><atom:link rel="alternate" type="application/xhtml+xml" href="http://www.legislation.gov.uk/uksi/1996/442/made/data.xht" title="HTML snippet"/><atom:link rel="alternate" type="application/pdf" href="http://www.legislation.gov.uk/uksi/1996/442/made/data.pdf" title="PDF"/><atom:link rel="alternate" type="application/akn+xhtml" href="http://www.legislation.gov.uk/uksi/1996/442/made/data.html" title="HTML5 snippet"/><atom:link rel="http://purl.org/dc/terms/tableOfContents" hreflang="en" href="http://www.legislation.gov.uk/uksi/1996/442/contents/made" title="Table of Contents"/><ukm:SecondaryMetadata><ukm:DocumentClassification><ukm:DocumentCategory Value="secondary"/><ukm:DocumentMainType Value="UnitedKingdomStatutoryInstrument"/><ukm:DocumentStatus Value="final"/><ukm:DocumentMinorType Value="order"/></ukm:DocumentClassification><ukm:Year Value="1996"/><ukm:Number Value="442"/><ukm:Made Date="1996-02-27"/><ukm:Laid Date="1996-02-28" Class="UnitedKingdomParliament"/><ukm:ComingIntoForce><ukm:DateTime Date="1996-04-01"/></ukm:ComingIntoForce><ukm:ISBN Value="011054434X"/></ukm:SecondaryMetadata><ukm:Statistics><ukm:TotalParagraphs Value="10"/><ukm:BodyParagraphs Value="4"/><ukm:ScheduleParagraphs Value="6"/><ukm:AttachmentParagraphs Value="0"/><ukm:TotalImages Value="0"/></ukm:Statistics></proprietary></meta><preface><p class="number"><docNumber>1996 No. 442</docNumber></p><block name="subject"><concept class="title" refersTo="#d4e62">JUSTICES OF THE PEACE, ENGLAND AND WALES</concept></block><p class="title"><shortTitle>The Welshpool Petty Sessional Division (Consequences of Local Government Changes) Order 1996</shortTitle></p><p class="MadeDate"><span>Made</span><docDate date="1996-02-27">27th February 1996</docDate></p><p class="LaidDate"><span>Laid before Parliament</span><docDate date="1996-02-28">28th February 1996</docDate></p><p class="ComingIntoForce"><span>Coming into force</span><docDate date="1996-04-01">1st April 1996</docDate></p></preface><preamble><formula name="EnactingText"><p>The Lord Chancellor, in exercise of the powers conferred on him by sections 55(1) and 63(5) of the Local Government (Wales) Act 1994<noteRef href="#f00001" class="footnote" marker="1"/>, hereby makes the following Order:</p></formula></preamble><body><article eId="article-1"><num>1</num><content><p>This Order may be cited as the Welshpool Petty Sessional Division (Consequences of Local Government Changes) Order 1996 and shall come into force on 1st April 1996.</p></content></article><article eId="article-2"><num>2</num><content><p>In this Order, except where the context otherwise requires, the expression “division” means a petty sessional division and any reference to a justice for the division shall be construed as a reference to a justice of the peace who ordinarily acts, or, as the case may be, will on or after 1st April 1996 ordinarily act, in and for that division.</p></content></article><article eId="article-3"><num>3</num><content><p>The area of the communities of Llanrhaeadr-ym-Mochnant, Llansilin and Llangedwyn shall form part of the petty sessional division of Welshpool.</p></content></article><article eId="article-4"><num>4</num><content><p>The transitional and consequential provisions set out in the Schedule to this Order shall have effect in connection with the provisions of article 3 of this Order.</p></content></article><hcontainer name="signatures"><content><block name="signature"><signature><person refersTo="#ref-d4e116">Mackay of Clashfern, <em>C.</em></person><date date="1996-02-27">Dated 27th February 1996</date></signature></block></content></hcontainer><hcontainer name="schedules" eId="d4e123"><hcontainer name="schedule" eId="schedule"><num>SCHEDULE<authorialNote class="referenceNote" placement="right"><p>Article 4</p></authorialNote></num><heading>TRANSITIONAL AND CONSEQUENTIAL PROVISIONS</heading><paragraph eId="schedule-paragraph-1"><num>1</num><content><p>In this Schedule:</p><blockList class="unordered"><item><p>“combination order” means an order made under section 11 of the Criminal Justice Act 1991<noteRef href="#f00002" class="footnote" marker="2"/>;</p></item><item><p>“community service order” means an order made under section 14 of the Powers of Criminal Courts Act 1973<noteRef href="#f00003" class="footnote" marker="3"/>;</p></item><item><p>“probation order” means a probation order made, or having effect as if made, under section 2 of the Powers of Criminal Courts Act 1973<noteRef href="#f00004" class="footnote" marker="4"/>;</p></item><item><p>“supervision order” means any of the following orders, that is to say—</p><blockList class="ordered"><item><num>a</num><p>an order within the meaning of section 11 of the Children and Young Persons Act 1969<noteRef href="#f00005" class="footnote" marker="5"/>;</p></item><item><num>b</num><p>a supervision order within the meaning of section 26(1) of the Powers of Criminal Courts Act 1973;</p></item><item><num>c</num><p>an order under section 31(1)(b) of the Children Act 1989<noteRef href="#f00006" class="footnote" marker="6"/>, including any order deemed to be a supervision order made under the said section 31 by virtue of paragraph 25(2) of Schedule 14 to that Act.</p></item></blockList></item></blockList></content></paragraph><paragraph eId="schedule-paragraph-2"><num>2</num><content><p>The incorporation of the communities of Llanrhaeadr-ym-Mochnant, Llansilin and Llangedwyn into the petty sessional division of Welshpool by article 3 of this Order shall not affect any proceedings commenced before 1st April 1996 before the justices of the Berwyn division and any such proceedings may be disposed of as if those communities still formed part of that division.</p></content></paragraph><paragraph eId="schedule-paragraph-3"><num>3</num><content><p>Where on 1st April 1996 periodical payments are payable under section 59 of the Magistrates’ Courts Act 1980<noteRef href="#f00007" class="footnote" marker="7"/> through the clerk to the justices for the Berwyn division to a person who resides in the communities of Llanrhaeadr-ym-Mochnant, Llansilin or Llangedwyn, the clerk may amend the order so as to require the payments to be made through the clerk to the justices for the Welshpool division and, if the clerk does so amend the order, he shall give notice of the amendment to the person entitled to the payments, to the person required to make the payments and to the clerk to the justices for the Welshpool division.</p></content></paragraph><paragraph eId="schedule-paragraph-4"><num>4</num><content><p>Where on 1st April 1996 a combination order, community service order, probation order or supervision order is in force and the offender, probationer or person under supervision is residing in the communities of Llanrhaeadr-ym-Mochnant, Llansilin or Llangedwyn, the justices for the Berwyn division may amend the order in regard to the division named as if the offender, probationer or person under supervision, as the case may be, had changed his residence.</p></content></paragraph><paragraph eId="schedule-paragraph-5"><num>5</num><content><p>Any order made, licence granted, or other thing done under the Licensing Act 1964<noteRef href="#f00008" class="footnote" marker="8"/>, the Licensing (Occasional Permissions) Act 1983<noteRef href="#f00009" class="footnote" marker="9"/> or section 3 of the Sporting Events (Control of Alcohol <abbr title="Et cetera" xml:lang="la">etc</abbr>) Act 1985<noteRef href="#f00010" class="footnote" marker="10"/> by the licensing justices for the Berwyn division or a magistrates’ court acting for that division in respect of premises situated in the communities of Llanrhaeadr-ym-Mochnant, Llansilin or Llangedwyn, being an order or licence in force or other thing having effect immediately before 1st April 1996, shall continue to have like effect on and after that date as if this Order had not been made, but shall be treated as if made, granted or done by the licensing justices for the Welshpool division or, as the case may be, by a magistrates’ court acting for that division.</p></content></paragraph><paragraph eId="schedule-paragraph-6"><num>6</num><content><p>Anything done under the Betting, Gaming and Lotteries Act 1963<noteRef href="#f00011" class="footnote" marker="11"/> or the Gaming Act 1968<noteRef href="#f00012" class="footnote" marker="12"/> by or in relation to the betting licensing committee for the Berwyn division in respect of premises situated in the communities of Llanrhaeadr-ym-Mochnant, Llansilin or Llangedwyn, being a thing having effect immediately before 1st April 1996, shall continue to have like effect on and after that date as if this Order had not been made, but shall be treated as if done by or in relation to, the betting licensing committee for the Welshpool division, and anything done under either of those Acts by, or in relation to, any other person or body shall have effect accordingly.</p></content></paragraph></hcontainer></hcontainer></body><conclusions><blockContainer class="ExplanatoryNotes"><intro><p>(This note is not part of the Order)</p></intro><p><authorialNote><p>This Order effects the incorporation of the three communities of Llanrhaeadr-ym-Mochnant, Llansilin and Llangedwyn into the petty sessional division of Welshpool on 1st April 1996. The Order is made in consequence of the provisions of the Local Government (Wales) Act 1994 whereby those communities, until then part of the county of Clwyd, are to form part of the preserved county of Powys and not the preserved county of Clwyd, thereby being excluded from the petty sessional division of Berwyn.</p></authorialNote></p></blockContainer></conclusions></act></akomaNtoso>