<akomaNtoso xmlns:xsi="http://www.w3.org/2001/XMLSchema-instance" xmlns="http://docs.oasis-open.org/legaldocml/ns/akn/3.0" xsi:schemaLocation="http://docs.oasis-open.org/legaldocml/ns/akn/3.0 http://docs.oasis-open.org/legaldocml/akn-core/v1.0/cos01/part2-specs/schemas/akomantoso30.xsd"><act name="UnitedKingdomStatutoryInstrument"><meta><identification source="#source"><FRBRWork><FRBRthis value="http://www.legislation.gov.uk/id/uksi/1996/238"/><FRBRuri value="http://www.legislation.gov.uk/id/uksi/1996/238"/><FRBRdate date="1996-02-06" name="made"/><FRBRauthor href="http://www.legislation.gov.uk/id/government/uk"/><FRBRcountry value="GB-UKM"/><FRBRsubtype value="unknown"/><FRBRnumber value="238"/><FRBRname value="S.I. 1996/238 (S. 18)"/><FRBRprescriptive value="true"/></FRBRWork><FRBRExpression><FRBRthis value="http://www.legislation.gov.uk/uksi/1996/238/made"/><FRBRuri value="http://www.legislation.gov.uk/uksi/1996/238/made"/><FRBRdate date="1996-02-06" name="made"/><FRBRauthor href="#source"/><FRBRlanguage language="eng"/></FRBRExpression><FRBRManifestation><FRBRthis value="http://www.legislation.gov.uk/uksi/1996/238/made/data.akn"/><FRBRuri value="http://www.legislation.gov.uk/uksi/1996/238/made/data.akn"/><FRBRdate date="2021-07-26+01:00" name="transform"/><FRBRauthor href="http://www.legislation.gov.uk"/><FRBRformat value="application/akn+xml"/></FRBRManifestation></identification><classification source="#source"><keyword value="legislation" showAs="Legislation" dictionary="http://www.legislation.gov.uk"/><keyword value="sheriff court, scotland" showAs="SHERIFF COURT, SCOTLAND" dictionary="http://www.legislation.gov.uk"/></classification><lifecycle source="#source"><eventRef date="1996-02-06" type="generation" eId="made-date" source="#source"/><eventRef date="1996-03-01" eId="coming-into-force-date-1" source="#source"/></lifecycle><references source="#source"><TLCOrganization eId="source" href="http://www.legislation.gov.uk/id/publisher/KingsOrQueensPrinterOfActsOfParliament" showAs="Queen's Printer of Acts of Parliament"/><TLCLocation eId="edinburgh" href="/ontology/location/uk.Edinburgh" showAs="Edinburgh"/><TLCRole eId="ref-d4e174" href="/ontology/role/uk.Lord President, I.P.D." showAs="Lord President, I.P.D."/><TLCPerson eId="ref-d4e172" href="/ontology/persons/uk.HopeofCraighead" showAs="Hope of Craighead"/><TLCConcept href="/uk/subject/sheriff-court-scotland" showAs="SHERIFF COURT, SCOTLAND" eId="d4e56"/></references><notes source="#source"><note class="footnote" eId="f00001"><p><ref href="http://www.legislation.gov.uk/id/ukpga/1971/58">1971 c. 58</ref>; section 32 was amended by the Law Reform (Miscellaneous Provisions) (Scotland) Act <ref href="http://www.legislation.gov.uk/id/ukpga/1985/73">1985 (c. 73)</ref>, Schedule 2 paragraph 12, by the Civil Evidence (Scotland) Act <ref href="http://www.legislation.gov.uk/id/ukpga/1988/32">1988 (c. 32)</ref>, section 2(4) and by the Children (Scotland) Act <ref href="http://www.legislation.gov.uk/id/ukpga/1995/36">1995 (c. 36)</ref>, Schedule 4, paragraph 18(2).</p></note><note class="footnote" eId="f00002"><p><abbr class="Acronym" title="Statutory Instrument">S.I.</abbr><ref href="http://www.legislation.gov.uk/id/uksi/1995/3325">1995/3325</ref>.</p></note><note class="footnote" eId="f00003"><p><abbr class="Acronym" title="Statutory Instrument">S.I.</abbr><ref href="http://www.legislation.gov.uk/id/uksi/1990/380">1990/380</ref>; amended by <abbr class="Acronym" title="Statutory Instrument">S.I.</abbr><ref href="http://www.legislation.gov.uk/id/uksi/1994/3066">1994/3066</ref>.</p></note></notes><proprietary xmlns:ukl="http://www.legislation.gov.uk/namespaces/legislation" xmlns:ukm="http://www.legislation.gov.uk/namespaces/metadata" xmlns:dc="http://purl.org/dc/elements/1.1/" xmlns:dct="http://purl.org/dc/terms/" xmlns:atom="http://www.w3.org/2005/Atom" source="#source"><dc:identifier>http://www.legislation.gov.uk/uksi/1996/238/made</dc:identifier><dc:title>Act of Sederunt (Copyright, Designs and Patents) (Amendment) 1996</dc:title><dc:subject>Legislation</dc:subject><dc:publisher>Queen's Printer of Acts of Parliament</dc:publisher><dc:modified>2015-03-10</dc:modified><dc:subject scheme="SIheading">SHERIFF COURT, SCOTLAND</dc:subject><dc:description>This Act of Sederunt amends the Act of Sederunt (Copyright, Designs and Patents) 1990 by making provision for the procedure for an applicaiton under regulations 3 and 5 of the Olympics Association Right (Infringement Proceedings) Regulations 1995.</dc:description><atom:link rel="self" href="http://www.legislation.gov.uk/uksi/1996/238/made/data.xml" type="application/xml"/><atom:link rel="http://www.legislation.gov.uk/def/navigation/resources" href="http://www.legislation.gov.uk/uksi/1996/238/resources" title="More Resources"/><atom:link rel="http://www.legislation.gov.uk/def/navigation/act" href="http://www.legislation.gov.uk/uksi/1996/238/made" title="whole act"/><atom:link rel="http://www.legislation.gov.uk/def/navigation/introduction" href="http://www.legislation.gov.uk/uksi/1996/238/introduction/made" title="introduction"/><atom:link rel="http://www.legislation.gov.uk/def/navigation/signature" href="http://www.legislation.gov.uk/uksi/1996/238/signature/made" title="signature"/><atom:link rel="http://www.legislation.gov.uk/def/navigation/note" href="http://www.legislation.gov.uk/uksi/1996/238/note/made" title="note"/><atom:link rel="http://www.legislation.gov.uk/def/navigation/body" href="http://www.legislation.gov.uk/uksi/1996/238/body/made" title="body"/><atom:link rel="alternate" type="application/rdf+xml" href="http://www.legislation.gov.uk/uksi/1996/238/made/data.rdf" title="RDF/XML"/><atom:link rel="alternate" type="application/akn+xml" href="http://www.legislation.gov.uk/uksi/1996/238/made/data.akn" title="AKN"/><atom:link rel="alternate" type="application/xhtml+xml" href="http://www.legislation.gov.uk/uksi/1996/238/made/data.xht" title="HTML snippet"/><atom:link rel="alternate" type="application/pdf" href="http://www.legislation.gov.uk/uksi/1996/238/made/data.pdf" title="PDF"/><atom:link rel="alternate" type="application/akn+xhtml" href="http://www.legislation.gov.uk/uksi/1996/238/made/data.html" title="HTML5 snippet"/><atom:link rel="http://purl.org/dc/terms/tableOfContents" hreflang="en" href="http://www.legislation.gov.uk/uksi/1996/238/contents/made" title="Table of Contents"/><ukm:SecondaryMetadata><ukm:DocumentClassification><ukm:DocumentCategory Value="secondary"/><ukm:DocumentMainType Value="UnitedKingdomStatutoryInstrument"/><ukm:DocumentStatus Value="final"/><ukm:DocumentMinorType Value="unknown"/></ukm:DocumentClassification><ukm:Year Value="1996"/><ukm:Number Value="238"/><ukm:AlternativeNumber Category="S" Value="18"/><ukm:Made Date="1996-02-06"/><ukm:ComingIntoForce><ukm:DateTime Date="1996-03-01"/></ukm:ComingIntoForce><ukm:ISBN Value="0110552660"/></ukm:SecondaryMetadata><ukm:Statistics><ukm:TotalParagraphs Value="2"/><ukm:BodyParagraphs Value="2"/><ukm:ScheduleParagraphs Value="0"/><ukm:AttachmentParagraphs Value="0"/><ukm:TotalImages Value="0"/></ukm:Statistics></proprietary></meta><preface><p class="number"><docNumber>1996 No. 238 (S.18)</docNumber></p><block name="subject"><concept class="title" refersTo="#d4e56">SHERIFF COURT, SCOTLAND</concept></block><p class="title"><shortTitle>Act of Sederunt (Copyright, Designs and Patents) (Amendment) 1996</shortTitle></p><p class="MadeDate"><span>Made</span><docDate date="1996-02-06">6th February 1996</docDate></p><p class="ComingIntoForce"><span>Coming into force</span><docDate date="1996-03-01">1st March 1996</docDate></p></preface><preamble><formula name="EnactingText"><p>The Lords of Council and Session, under and by virtue of the powers conferred on them by section 32 of the Sheriff Courts (Scotland) Act 1971<noteRef href="#f00001" class="footnote" marker="1"/>, regulation 5(3) of the Olympics Association Right (Infringement Proceedings) Regulations 1995<noteRef href="#f00002" class="footnote" marker="2"/> and of all other powers enabling them in that behalf, after consultation with the Sheriff Court Rules Council, do hereby enact and declare:</p></formula></preamble><body><section eId="section-1"><num>1</num><heading>Citation and commencement</heading><subsection eId="section-1-1"><num>1</num><content><p>This Act of Sederunt may be cited as the Act of Sederunt (Copyright, Designs and Patents) (Amendment) 1996 and shall come into force on 1st March 1996.</p></content></subsection><subsection eId="section-1-2"><num>2</num><content><p>This Act of Sederunt shall be inserted in the Books of Sederunt.</p></content></subsection></section><section eId="section-2"><num>2</num><heading>Amendment of Act of Sederunt (Copyright, Designs and Patents) 1990</heading><subsection eId="section-2-1"><num>1</num><content><p>The Act of Sederunt (Copyright, Designs and Patents) 1990<noteRef href="#f00003" class="footnote" marker="3"/> shall be amended in accordance with the following sub-paragraphs.</p></content></subsection><subsection eId="section-2-2"><num>2</num><intro><p>In paragraph 1(3) (citation and commencement)—</p></intro><paragraph eId="section-2-2-a"><num>a</num><content><p>omit the word “and” where it occurs before the words “the 1994 Act”; and</p></content></paragraph><paragraph eId="section-2-2-b"><num>b</num><content><p>after the words “Trade Marks Act 1994”, insert the following:—</p><p class="BlockAmendment"><mod><quotedStructure class="unknown unknown unknown default" startQuote="“" endQuote="”"><p>; and</p><blockList class="unordered"><item><p>“the <abbr title="Olympics Association Right (Infringement Proceedings) Regulations 1995 (S.I. 1995/3325)" xml:lang="">1995 Regulations</abbr>” means the Olympics Association Right (Infringement Proceedings) Regulations 1995.</p></item></blockList></quotedStructure></mod><inline name="AppendText">.</inline></p></content></paragraph></subsection><subsection eId="section-2-3"><num>3</num><intro><p>In paragraph 2(2) (Orders for delivery up, forfeiture, destruction or other disposal)—</p></intro><paragraph eId="section-2-3-a"><num>a</num><content><p>for the word “or” where it occurs after the words “the 1988 Act”, substitute a comma; and</p></content></paragraph><paragraph eId="section-2-3-b"><num>b</num><content><p>after the words “the 1994 Act”, insert the words “or under regulation 3 or 5 of the <abbr title="Olympics Association Right (Infringement Proceedings) Regulations 1995 (S.I. 1995/3325)" xml:lang="">1995 Regulations</abbr>”. (4)In paragraph 3(1) (service of notice on interested persons), for the words “section 19 of the 1994 Act or section 114, 204 or 231 of the 1988 Act” substitute the words “section 114, 204 or 231 of the 1988 Act, section 19 of the 1994 Act or regulation 5 of the <abbr title="Olympics Association Right (Infringement Proceedings) Regulations 1995 (S.I. 1995/3325)" xml:lang="">1995 Regulations</abbr>”.</p></content></paragraph></subsection></section><hcontainer name="signatures"><content><block name="signature"><signature><person refersTo="#ref-d4e172">Hope of Craighead</person><role refersTo="#ref-d4e174">Lord President, I.P.D.</role><location refersTo="#edinburgh">Edinburgh</location><date date="1996-02-06">6th February 1996</date></signature></block></content></hcontainer></body><conclusions><blockContainer class="ExplanatoryNotes"><intro><p>(This note is not part of the Act of Sederunt)</p></intro><p><authorialNote><p>This Act of Sederunt amends the Act of Sederunt (Copyright, Designs and Patents) 1990 by making provision for the procedure for an applicaiton under regulations 3 and 5 of the Olympics Association Right (Infringement Proceedings) Regulations 1995.</p></authorialNote></p></blockContainer></conclusions></act></akomaNtoso>