<akomaNtoso xmlns:xsi="http://www.w3.org/2001/XMLSchema-instance" xmlns="http://docs.oasis-open.org/legaldocml/ns/akn/3.0" xsi:schemaLocation="http://docs.oasis-open.org/legaldocml/ns/akn/3.0 http://docs.oasis-open.org/legaldocml/akn-core/v1.0/cos01/part2-specs/schemas/akomantoso30.xsd"><act name="UnitedKingdomStatutoryInstrument"><meta><identification source="#source"><FRBRWork><FRBRthis value="http://www.legislation.gov.uk/id/uksi/1996/131"/><FRBRuri value="http://www.legislation.gov.uk/id/uksi/1996/131"/><FRBRdate date="1996-01-23" name="made"/><FRBRauthor href="http://www.legislation.gov.uk/id/government/uk"/><FRBRcountry value="GB-UKM"/><FRBRsubtype value="regulation"/><FRBRnumber value="131"/><FRBRname value="S.I. 1996/131"/><FRBRprescriptive value="true"/></FRBRWork><FRBRExpression><FRBRthis value="http://www.legislation.gov.uk/uksi/1996/131/made"/><FRBRuri value="http://www.legislation.gov.uk/uksi/1996/131/made"/><FRBRdate date="1996-01-23" name="made"/><FRBRauthor href="#source"/><FRBRlanguage language="eng"/></FRBRExpression><FRBRManifestation><FRBRthis value="http://www.legislation.gov.uk/uksi/1996/131/made/data.akn"/><FRBRuri value="http://www.legislation.gov.uk/uksi/1996/131/made/data.akn"/><FRBRdate date="2021-07-26+01:00" name="transform"/><FRBRauthor href="http://www.legislation.gov.uk"/><FRBRformat value="application/akn+xml"/></FRBRManifestation></identification><classification source="#source"><keyword value="heavy goods vehicles" showAs="Heavy goods vehicles" dictionary="http://www.legislation.gov.uk"/><keyword value="road traffic" showAs="ROAD TRAFFIC" dictionary="http://www.legislation.gov.uk"/></classification><lifecycle source="#source"><eventRef date="1996-01-23" type="generation" eId="made-date" source="#source"/><eventRef date="1996-02-01" eId="laid-date-1" source="#source"/><eventRef date="1996-02-22" eId="coming-into-force-date-1" source="#source"/></lifecycle><references source="#source"><TLCOrganization eId="source" href="http://www.legislation.gov.uk/id/publisher/KingsOrQueensPrinterOfActsOfParliament" showAs="Queen's Printer of Acts of Parliament"/><passiveRef href="http://www.legislation.gov.uk/id/uksi/2000/3207" showAs="The Goods Vehicles (Authorisation of International Journeys) (Fees) Regulations 2000"/><TLCOrganization eId="ref-d4e315" href="/ontology/organization/uk.Department of Transport" showAs="Department of Transport"/><TLCRole eId="ref-d4e313" href="/ontology/role/uk.Parliamentary Under Secretary of State," showAs="Parliamentary Under Secretary of State,"/><TLCRole eId="ref-d4e329" href="/ontology/role/uk.Two of the Lords Commissioners of Her Majesty’s Treasury" showAs="Two of the Lords Commissioners of Her Majesty’s Treasury"/><TLCPerson eId="ref-d4e311" href="/ontology/persons/uk.StevenNorris" showAs="Steven Norris"/><TLCPerson eId="ref-d4e325" href="/ontology/persons/uk.SimonBurns" showAs="Simon Burns"/><TLCPerson eId="ref-d4e327" href="/ontology/persons/uk.BowenWells" showAs="Bowen Wells"/><TLCConcept href="/uk/subject/road-traffic" showAs="ROAD TRAFFIC" eId="d4e74"/></references><notes source="#source"><note class="footnote" eId="f00001"><p><ref href="http://www.legislation.gov.uk/id/ukpga/1973/51">1973 c. 51</ref>; section 56(1) is to be read in accordance with <ref href="http://www.legislation.gov.uk/id/uksi/1988/643">S.I. 1988/643</ref> as amended by <ref href="http://www.legislation.gov.uk/id/uksi/1991/811">S.I. 1991/811</ref>.</p></note><note class="footnote" eId="f00002"><p>CM(73)5 Final, ECMT 20th Annual Report and Resolutions of the Council of Ministers (1973), pp. 64—65, <abbr class="Acronym" title="International Standard Book Number">ISBN</abbr> 92—821.</p></note><note class="footnote" eId="f00003"><p><abbr class="Acronym" title="Official Journal">OJ</abbr><abbr title="Number" xml:lang="">No.</abbr> L373, 21.12. 1992, p. 1.</p></note><note class="footnote" eId="f00004"><p>CM(85)10 Final, ECMT Activity of the Conference—Resolutions of the Council of Ministers (1985), pp. 48—51, <abbr class="Acronym" title="International Standard Book Number">ISBN</abbr> 92—821—1110—5.</p></note><note class="footnote" eId="f00005"><p>CM(80)2, ECMT Activity of the Conference—Resolutions of the Council of Ministers (1980), <abbr title="Volume" xml:lang="">Vol.</abbr> 1, pp. 107—110, <abbr class="Acronym" title="International Standard Book Number">ISBN</abbr> 92—821—1072—9.</p></note><note class="footnote" eId="f00006"><p><abbr title="Command Paper" xml:lang="">Cm.</abbr> 657.</p></note><note class="footnote" eId="f00007"><p>Copies of these documents may be inspected at and obtained from the Department of Transport, GMH, Zone 1/29, 76 Marsham Street, London SW1P 4DR.</p></note><note class="footnote" eId="f00008"><p><abbr title="Command Paper" xml:lang="">Cm.</abbr> 4413.</p></note><note class="footnote" eId="f00009"><p><abbr title="Command Paper" xml:lang="">Cm.</abbr> 657.</p></note><note class="footnote" eId="f00010"><p><abbr title="Command Paper" xml:lang="">Cm.</abbr> 734.</p></note><note class="footnote" eId="f00011"><p><abbr title="Command Paper" xml:lang="">Cm.</abbr> 7276.</p></note></notes><proprietary xmlns:ukl="http://www.legislation.gov.uk/namespaces/legislation" xmlns:ukm="http://www.legislation.gov.uk/namespaces/metadata" xmlns:dc="http://purl.org/dc/elements/1.1/" xmlns:dct="http://purl.org/dc/terms/" xmlns:atom="http://www.w3.org/2005/Atom" source="#source"><dc:identifier>http://www.legislation.gov.uk/uksi/1996/131/made</dc:identifier><dc:title>The Goods Vehicles (Authorisation of International Journeys) (Fees) Regulations 1995</dc:title><dc:subject>Heavy goods vehicles</dc:subject><dc:publisher>Queen's Printer of Acts of Parliament</dc:publisher><dc:modified>2017-05-04</dc:modified><dc:subject scheme="SIheading">ROAD TRAFFIC</dc:subject><dc:description>These Regulations consolidate, with amendments, the Goods Vehicles (Authorisation of International Journeys) (Fees) Regulations 1983 (“the 1983 Regulations”) with the Regulations amending them as listed in Schedule 2.</dc:description><atom:link rel="self" href="http://www.legislation.gov.uk/uksi/1996/131/made/data.xml" type="application/xml"/><atom:link rel="http://www.legislation.gov.uk/def/navigation/resources" href="http://www.legislation.gov.uk/uksi/1996/131/resources" title="More Resources"/><atom:link rel="http://www.legislation.gov.uk/def/navigation/act" href="http://www.legislation.gov.uk/uksi/1996/131/made" title="whole act"/><atom:link rel="http://www.legislation.gov.uk/def/navigation/introduction" href="http://www.legislation.gov.uk/uksi/1996/131/introduction/made" title="introduction"/><atom:link rel="http://www.legislation.gov.uk/def/navigation/signature" href="http://www.legislation.gov.uk/uksi/1996/131/signature/made" title="signature"/><atom:link rel="http://www.legislation.gov.uk/def/navigation/note" href="http://www.legislation.gov.uk/uksi/1996/131/note/made" title="note"/><atom:link rel="http://www.legislation.gov.uk/def/navigation/body" href="http://www.legislation.gov.uk/uksi/1996/131/body/made" title="body"/><atom:link rel="http://www.legislation.gov.uk/def/navigation/schedules" href="http://www.legislation.gov.uk/uksi/1996/131/schedules/made" title="schedules"/><atom:link rel="alternate" type="application/rdf+xml" href="http://www.legislation.gov.uk/uksi/1996/131/made/data.rdf" title="RDF/XML"/><atom:link rel="alternate" type="application/akn+xml" href="http://www.legislation.gov.uk/uksi/1996/131/made/data.akn" title="AKN"/><atom:link rel="alternate" type="application/xhtml+xml" href="http://www.legislation.gov.uk/uksi/1996/131/made/data.xht" title="HTML snippet"/><atom:link rel="alternate" type="application/pdf" href="http://www.legislation.gov.uk/uksi/1996/131/made/data.pdf" title="PDF"/><atom:link rel="alternate" type="application/akn+xhtml" href="http://www.legislation.gov.uk/uksi/1996/131/made/data.html" title="HTML5 snippet"/><atom:link rel="http://purl.org/dc/terms/tableOfContents" hreflang="en" href="http://www.legislation.gov.uk/uksi/1996/131/contents/made" title="Table of Contents"/><ukm:SecondaryMetadata><ukm:DocumentClassification><ukm:DocumentCategory Value="secondary"/><ukm:DocumentMainType Value="UnitedKingdomStatutoryInstrument"/><ukm:DocumentStatus Value="final"/><ukm:DocumentMinorType Value="regulation"/></ukm:DocumentClassification><ukm:Year Value="1996"/><ukm:Number Value="131"/><ukm:DepartmentCode Value="DOT 10199"/><ukm:Made Date="1996-01-23"/><ukm:Laid Date="1996-02-01" Class="UnitedKingdomParliament"/><ukm:ComingIntoForce><ukm:DateTime Date="1996-02-22"/></ukm:ComingIntoForce><ukm:ISBN Value="0110539443"/><ukm:UnappliedEffects><ukm:UnappliedEffect EffectId="key-83fb70be2e213d2228da45411c0c6850" AffectedURI="http://www.legislation.gov.uk/id/uksi/1996/131" AffectedClass="UnitedKingdomStatutoryInstrument" AffectingURI="http://www.legislation.gov.uk/id/uksi/2000/3207" AffectingClass="UnitedKingdomStatutoryInstrument" URI="http://www.legislation.gov.uk/id/effect/upload-9mivznu3--3289" Row="3294" Type="revoked" RequiresApplied="true" AffectedProvisions="Act" Comments="rev. (1.1.2001)" AffectingYear="2000" AffectingNumber="3207" AffectingProvisions="reg 1(2)" AffectedYear="1996" AffectedNumber="131" Created="2019-02-12T00:00:00Z" Modified="2019-02-12T00:00:00Z"><ukm:AffectedTitle>The Goods Vehicles (Authorisation of International Journeys) (Fees) Regulations 1995</ukm:AffectedTitle><ukm:AffectedProvisions>Act</ukm:AffectedProvisions><ukm:AffectingTitle>The Goods Vehicles (Authorisation of International Journeys) (Fees) Regulations 2000</ukm:AffectingTitle><ukm:AffectingProvisions><ukm:Section Ref="regulation-1-2" URI="http://www.legislation.gov.uk/id/uksi/2000/3207/regulation/1/2">reg 1(2)</ukm:Section></ukm:AffectingProvisions><ukm:InForceDates><ukm:InForce Applied="false" Date="2001-01-01" Qualification=""/></ukm:InForceDates><ukm:AffectedTitle>Goods Vehicles (Authorisation of International Journeys) (Fees) Regs</ukm:AffectedTitle></ukm:UnappliedEffect></ukm:UnappliedEffects></ukm:SecondaryMetadata><ukm:Statistics><ukm:TotalParagraphs Value="5"/><ukm:BodyParagraphs Value="4"/><ukm:ScheduleParagraphs Value="1"/><ukm:AttachmentParagraphs Value="0"/><ukm:TotalImages Value="0"/></ukm:Statistics></proprietary></meta><preface><p class="number"><docNumber>1996 No. 131</docNumber></p><block name="subject"><concept class="title" refersTo="#d4e74">ROAD TRAFFIC</concept></block><p class="title"><shortTitle>The Goods Vehicles (Authorisation of International Journeys) (Fees) Regulations 1995</shortTitle></p><p class="MadeDate"><span>Made</span><docDate date="1996-01-23">23rd January 1996</docDate></p><p class="LaidDate"><span>Laid before Parliament</span><docDate date="1996-02-01">1st February 1996</docDate></p><p class="ComingIntoForce"><span>Coming into force</span><docDate date="1996-02-22">22nd February 1996</docDate></p></preface><preamble><formula name="EnactingText"><p>The Secretary of State for Transport, with the consent of the Treasury, in exercise of the powers conferred by section 56(1) and (2) of the Finance Act 1973<noteRef href="#f00001" class="footnote" marker="1"/>, and of all other powers enabling him in that behalf, hereby makes the following Regulations:—</p></formula></preamble><body><hcontainer name="regulation" eId="regulation-1"><num>1</num><heading>Citation and commencement</heading><content><p>These Regulations may be cited as the Goods Vehicles (Authorisation of International Journeys) (Fees) Regulations 1996 and shall come into force on 22nd February 1996.</p></content></hcontainer><hcontainer name="regulation" eId="regulation-2"><num>2</num><heading>Interpretation</heading><content><p>In these Regulations:—</p><blockList class="unordered"><item><p>“the ECMT Council” means the Council of Ministers of the European Conference of Ministers of Transport;</p></item><item><p>“ECMT licence” means a licence granted pursuant to the scheme adopted by Resolution <abbr title="Number" xml:lang="">No.</abbr> 26 of the ECMT Council of 14th June 1973<noteRef href="#f00002" class="footnote" marker="2"/>;</p></item><item><p>“Ecopoints” means Ecopoints issued pursuant to Council Regulation <ref href="http://www.legislation.gov.uk/european/regulation/1992/3637">(<abbr class="Acronym" title="European Economic Community">EEC</abbr>) <abbr title="Number" xml:lang="">No.</abbr> 3637/92</ref><noteRef href="#f00003" class="footnote" marker="3"/> on a system of distribution of Rights of Transit (Ecopoints) for heavy goods vehicles with a laden weight of over 7.5 tonnes registered in a Member State transiting through Austria;</p></item><item><p>“journey permit” means a permit issued pursuant to an agreement or arrangement mentioned in column 1 of Schedule 1 to these Regulations under the provision or one of the provisions of the agreement or arrangement mentioned opposite thereto in column 2 of that Schedule and providing for a number of outward and inward journeys stated in the permit;</p></item><item><p>“period permit” means a permit issued pursuant to an agreement or arrangement mentioned in column 1 of Schedule 1 to these Regulations under the provision or one of the provisions of the agreement or arrangement mentioned opposite thereto in column 2 of that Schedule and providing for an unlimited number of journeys during a period stated in the permit;</p></item><item><p>“removals authorisation” means an authorisation for removals carriage carried out by undertakings having special staff and equipment for the purpose granted in accordance with Resolution <abbr title="Number" xml:lang="">No.</abbr> 53 of the ECMT Council of 29th and 30th May 1985<noteRef href="#f00004" class="footnote" marker="4"/> amending Resolution <abbr title="Number" xml:lang="">No.</abbr> 44 of that Council of 1st June 1978<noteRef href="#f00005" class="footnote" marker="5"/> concerning the regulations governing international transport by road and the liberalisation of certain types of such transport; and</p></item><item><p>“special permit” means a permit issued pursuant to article 9(2) of the Agreement dated 22nd January 1988 between Her Majesty’s Government and the Government of the Union of Soviet Socialist Republics<noteRef href="#f00006" class="footnote" marker="6"/> concerning international road transport, for the use of a vehicle for the carriage of goods between a place in the territory of a Republic of the former Soviet Union and a place in a country or territory which is the territory neither of a Republic of the former Soviet Union nor of the United Kingdom.</p></item></blockList></content></hcontainer><hcontainer name="regulation" eId="regulation-3"><num>3</num><heading>Fees</heading><paragraph eId="regulation-3-1"><num>1</num><intro><p>The fee payable on the issue of an ECMT licence shall be—</p></intro><subparagraph eId="regulation-3-1-a"><num>a</num><content><p>£40 if it is valid for a period of one year, or</p></content></subparagraph><subparagraph eId="regulation-3-1-b"><num>b</num><intro><p>if it is valid for a period of less than one year, a fee at the rate of £10 for each period for which it is valid being—</p></intro><clause eId="regulation-3-1-b-i"><num>i</num><content><p>a complete period of three months; or</p></content></clause><clause eId="regulation-3-1-b-ii"><num>ii</num><content><p>a period of less than three months following any complete period of three months covered by the licence; or</p></content></clause><clause eId="regulation-3-1-b-iii"><num>iii</num><content><p>a period of less than three months which is not followed by a complete period of three months covered by the licence.</p></content></clause></subparagraph></paragraph><paragraph eId="regulation-3-2"><num>2</num><content><p>The fee payable on the issue of Ecopoints covering one journey, whether outward or inward, in respect of which they are issued shall be £1.</p></content></paragraph><paragraph eId="regulation-3-3"><num>3</num><intro><p>The fee payable on the issue of a journey permit shall be—</p></intro><subparagraph eId="regulation-3-3-a"><num>a</num><content><p>£2 if the permit covers one outward and inward journey, or</p></content></subparagraph><subparagraph eId="regulation-3-3-b"><num>b</num><content><p>if the permit covers more than one outward and inward journey, a fee at the rate of £1 per outward or inward journey covered by the permit.</p></content></subparagraph></paragraph><paragraph eId="regulation-3-4"><num>4</num><intro><p>The fee payable on the issue of a period permit shall be—</p></intro><subparagraph eId="regulation-3-4-a"><num>a</num><content><p>£20 if it is valid for a period of one year, or</p></content></subparagraph><subparagraph eId="regulation-3-4-b"><num>b</num><intro><p>if it is valid for a period of less than one year, a fee at the rate of £5 for each period for which it is valid being—</p></intro><clause eId="regulation-3-4-b-i"><num>i</num><content><p>a complete period of three months; or</p></content></clause><clause eId="regulation-3-4-b-ii"><num>ii</num><content><p>a period of less than three months following any complete period of three months covered by the permit; or</p></content></clause><clause eId="regulation-3-4-b-iii"><num>iii</num><content><p>a period of less than three months which is not followed by a complete period of three months covered by the permit.</p></content></clause></subparagraph></paragraph><paragraph eId="regulation-3-5"><num>5</num><content><p>The fee payable on the issue of a removals authorisation shall be £5.</p></content></paragraph><paragraph eId="regulation-3-6"><num>6</num><content><p>The fee payable on the issue of a special permit shall be £2.</p></content></paragraph><paragraph eId="regulation-3-7"><num>7</num><content><p>All fees received under these Regulations shall be paid into the Consolidated Fund.</p></content></paragraph></hcontainer><hcontainer name="regulation" eId="regulation-4"><num>4</num><heading>Revocation</heading><content><p>The Regulations specified in Schedule 2 to these Regulations are hereby revoked.</p></content></hcontainer><hcontainer name="signatures"><content><p>Signed by authority of the Secretary of State for Transport</p><block name="signature"><signature><person refersTo="#ref-d4e311">Steven Norris</person><role refersTo="#ref-d4e313">Parliamentary Under Secretary of State,</role><organization refersTo="#ref-d4e315">Department of Transport</organization><date date="1996-01-19">19th January 1996</date></signature></block><p>We consent to the making of these Regulations.</p><block name="signature"><signature><person refersTo="#ref-d4e325">Simon Burns</person><person refersTo="#ref-d4e327">Bowen Wells</person><role refersTo="#ref-d4e329">Two of the Lords Commissioners of Her Majesty’s Treasury</role><date date="1996-01-23">23rd January 1996</date></signature></block></content></hcontainer><hcontainer name="schedules" eId="d4e334"><hcontainer name="schedule" eId="schedule-1"><num>SCHEDULE 1<authorialNote class="referenceNote" placement="right"><p>Regulation 2</p></authorialNote></num><content><p>In this Schedule, “Her Majesty’s Government” means the Government of the United Kingdom of Great Britain and Northern Ireland.</p><tblock class="tabular"><table><tr><th colspan="1" rowspan="1"><p><em>1.</em></p></th><th colspan="1" rowspan="1"><p><em>2.</em></p></th></tr><tr><th colspan="1" rowspan="1"><p><em>Agreement or Arrangement</em></p></th><th colspan="1" rowspan="1"><p><em>Provision</em></p></th></tr><tr><td colspan="1" rowspan="1"><p>Arrangement dated 24th November 1975 between the Secretary of State for the Environment in Her Majesty’s Government and the Federal Minister of Transport of the Republic of Austria on the carriage of goods by road<noteRef href="#f00007" class="footnote" marker="7"/>.</p></td><td colspan="1" rowspan="1"><p>Clauses 3 and 5</p></td></tr><tr><td colspan="1" rowspan="1"><p>Agreement by exchange of letters dated 16th December 1993 between the Department of Transport of the United Kingdom of Great Britain and Northern Ireland and the Ministry of Transport of the Republic of Belarus<noteRef href="#f00007" class="footnote" marker="7"/>.</p></td></tr><tr><td colspan="1" rowspan="1"><p>Agreement dated 16th August 1995 between Her Majesty’s Government and the Government of the Republic of Estonia on International Road Transport<noteRef href="#f00007" class="footnote" marker="7"/>.</p></td><td colspan="1" rowspan="1"><p>Articles 4 and 5</p></td></tr><tr><td colspan="1" rowspan="1"><p>Agreement by exchange of letters dated 8th September 1993 between the Department of Transport of the United Kingdom of Great Britain and Northern Ireland and the Ministry of Transport of Germany<noteRef href="#f00007" class="footnote" marker="7"/>.</p></td></tr><tr><td colspan="1" rowspan="1"><p>Agreement dated 15th April 1994 between Her Majesty’s Government and the Government of the Kingdom of Morocco on the International Carriage of Goods by Road<noteRef href="#f00007" class="footnote" marker="7"/>.</p></td><td colspan="1" rowspan="1"><p>Articles 3 and 4</p></td></tr><tr><td colspan="1" rowspan="1"><p>Agreement dated 12th June 1969 between Her Majesty’s Government and the Government of the Socialist Republic of Rumania on International Road Transport<noteRef href="#f00008" class="footnote" marker="8"/>.</p></td><td colspan="1" rowspan="1"><p>Article 8</p></td></tr><tr><td colspan="1" rowspan="1"><p>Agreement dated 22nd January 1988 between Her Majesty’s Government and the Government of the Union of the Soviet Socialist Republics concerning International Road Transport, with Administrative Memorandum<noteRef href="#f00009" class="footnote" marker="9"/>.</p></td><td colspan="1" rowspan="1"><p>Article 5</p></td></tr><tr><td colspan="1" rowspan="1"><p>Agreement dated 10th March 1982 between Her Majesty’s Government and the Government of the Tunisian Republic on the International Carriage of Goods by Road<noteRef href="#f00010" class="footnote" marker="10"/>.</p></td><td colspan="1" rowspan="1"><p>Article 3</p></td></tr><tr><td colspan="1" rowspan="1"><p>Agreement dated 9th September 1977 between Her Majesty’s Government and the Government of the Republic of Turkey concerning International Road Transport<noteRef href="#f00011" class="footnote" marker="11"/>.</p></td><td colspan="1" rowspan="1"><p>Articles 7 and 8</p></td></tr><tr><td colspan="1" rowspan="1"><p>Agreement by exchange of letters dated 28th December 1993 between the Department of Transport of the United Kingdom of Great Britain and Northern Ireland and the Ministry of Transport of the Ukraine<noteRef href="#f00007" class="footnote" marker="7"/>.</p></td></tr></table></tblock></content></hcontainer><hcontainer name="schedule" eId="schedule-2"><num>SCHEDULE 2<authorialNote class="referenceNote" placement="right"><p>Regulation 4</p></authorialNote></num><heading>REVOCATIONS</heading><content><tblock class="tabular"><table><tr><th colspan="1" rowspan="1"><p><em>Regulations revoked</em></p></th><th colspan="1" rowspan="1"><p><em>References</em></p></th></tr><tr><td colspan="1" rowspan="1"><p>The Goods Vehicles (Authorisation of International Journeys) (Fees) Regulations 1983</p></td><td colspan="1" rowspan="1"><p><ref href="http://www.legislation.gov.uk/id/uksi/1983/1831">S.I. 1983/1831</ref>.</p></td></tr><tr><td colspan="1" rowspan="1"><p>The Goods Vehicles (Authorisation of International Journeys) (Fees) (Amendment) Regulations 1987</p></td><td colspan="1" rowspan="1"><p><ref href="http://www.legislation.gov.uk/id/uksi/1987/2012">S.I. 1987/2012</ref>.</p></td></tr><tr><td colspan="1" rowspan="1"><p>The Goods Vehicles (Authorisation of International Journeys) (Fees) (Amendment) Regulations 1988</p></td><td colspan="1" rowspan="1"><p><ref href="http://www.legislation.gov.uk/id/uksi/1988/1808">S.I. 1988/1808</ref>.</p></td></tr><tr><td colspan="1" rowspan="1"><p>The Goods Vehicles (Authorisation of International Journeys) (Fees) (Amendment) Regulations 1989</p></td><td colspan="1" rowspan="1"><p><ref href="http://www.legislation.gov.uk/id/uksi/1989/2058">S.I. 1989/2058</ref>.</p></td></tr><tr><td colspan="1" rowspan="1"><p>The Goods Vehicles (Authorisation of International Journeys) (Fees) (Amendment) (<abbr title="Number" xml:lang="">No.</abbr> 2) Regulations 1989</p></td><td colspan="1" rowspan="1"><p><ref href="http://www.legislation.gov.uk/id/uksi/1989/2184">S.I. 1989/2184</ref>.</p></td></tr><tr><td colspan="1" rowspan="1"><p>The Goods Vehicles (Authorisation of International Journeys) (Fees) (Amendment) Regulations 1990</p></td><td colspan="1" rowspan="1"><p><ref href="http://www.legislation.gov.uk/id/uksi/1990/2365">S.I. 1990/2365</ref>.</p></td></tr><tr><td colspan="1" rowspan="1"><p>The Goods Vehicles (Authorisation of International Journeys) (Fees) (Amendment) Regulations 1991</p></td><td colspan="1" rowspan="1"><p><ref href="http://www.legislation.gov.uk/id/uksi/1991/2646">S.I. 1991/2646</ref>.</p></td></tr><tr><td colspan="1" rowspan="1"><p>The Goods Vehicles (Authorisation of International Journeys) (Fees) (Amendment) (<abbr title="Number" xml:lang="">No.</abbr> 2) Regulations 1991</p></td><td colspan="1" rowspan="1"><p><ref href="http://www.legislation.gov.uk/id/uksi/1991/2694">S.I. 1991/2694</ref>.</p></td></tr></table></tblock></content></hcontainer></hcontainer></body><conclusions><blockContainer class="ExplanatoryNotes"><intro><p>(This note is not part of the Regulations)</p></intro><p><authorialNote><p>These Regulations consolidate, with amendments, the Goods Vehicles (Authorisation of International Journeys) (Fees) Regulations 1983 (“the <abbr title="Goods Vehicles (Authorisation of International Journeys) (Fees) Regulations 1983 (S.I. 1983/1831)" xml:lang="">1983 Regulations</abbr>”) with the Regulations amending them as listed in Schedule 2.</p><p>The Regualtions prescribe the fees to be paid for the issue of documents authorising the operation of goods vehicles on journeys between the United Kingdom and—</p><paragraph eId="d4e522"><num>a</num><content><p>other member countries of the European Conference of Ministers of Transport, and</p></content></paragraph><paragraph eId="d4e528"><num>b</num><content><p>certain states with whom bilateral agreements or arrangements have been concluded.</p></content></paragraph><p>These same fees were previously charged under the <abbr title="Goods Vehicles (Authorisation of International Journeys) (Fees) Regulations 1983 (S.I. 1983/1831)" xml:lang="">1983 Regulations</abbr>.</p><p>The Regulations also prescribe, in regulation 3(2), a new fee of £1 payable on the issue to the operator of a heavy goods vehicle of Ecopoints pursuant to Council Regualtion <ref href="http://www.legislation.gov.uk/european/regulation/1992/3637">(<abbr class="Acronym" title="European Economic Community">EEC</abbr>) <abbr title="Number" xml:lang="">No.</abbr> 3637/92</ref> (<abbr class="Acronym" title="Official Journal">OJ</abbr><abbr title="Number" xml:lang="">No.</abbr> L373, 21.12.1992, p. 1) introducing a system for the distribution of rights of transit (“Ecopoints”) through Austria for heavy goods vehicles with a laden weight exceeding 7.5 tonnes registered in a member State.</p><p>The Ecopoints system was created by an Agreement concluded on 30th November 1992 and taking effect on 1st January 1993 between the European Economic Community and the Republic of Austria on the transit of goods by road and rail (“the Transit Agreement”) (<abbr class="Acronym" title="Official Journal">OJ</abbr><abbr title="Number" xml:lang="">No.</abbr> L373, 21.12.1992, p. 6). Under the Transit Agreement the number of Ecopoints required by a road vehicle if it is to travel through Austria is determined according to the level of nitrogen oxide which it emits. The prescribed fee is payable for the issue of Ecopoints covering one journey through Austria, whether outward or inward.</p><p>Other changes made by the Regulations are the deletion of references to international agreements and arrangements and Community instruments which are spent or no longer require permits for the carriage of goods by road, and the addition of references to recent international agreements which require such permits.</p><p>ECMT publications may be obtained from the <abbr class="Acronym" title="Organisation for Economic Co-operation and Development">OECD</abbr> Publications Service, 2, rue André Pascal, 75775 Paris Cedex 16, France.</p></authorialNote></p></blockContainer></conclusions></act></akomaNtoso>