<akomaNtoso xmlns:xsi="http://www.w3.org/2001/XMLSchema-instance" xmlns="http://docs.oasis-open.org/legaldocml/ns/akn/3.0" xsi:schemaLocation="http://docs.oasis-open.org/legaldocml/ns/akn/3.0 http://docs.oasis-open.org/legaldocml/akn-core/v1.0/cos01/part2-specs/schemas/akomantoso30.xsd"><act name="UnitedKingdomStatutoryInstrument"><meta><identification source="#source"><FRBRWork><FRBRthis value="http://www.legislation.gov.uk/id/uksi/1996/381"/><FRBRuri value="http://www.legislation.gov.uk/id/uksi/1996/381"/><FRBRdate date="1996-02-21" name="made"/><FRBRauthor href="http://www.legislation.gov.uk/id/government/uk"/><FRBRcountry value="GB-UKM"/><FRBRsubtype value="regulation"/><FRBRnumber value="381"/><FRBRname value="S.I. 1996/381"/><FRBRprescriptive value="true"/></FRBRWork><FRBRExpression><FRBRthis value="http://www.legislation.gov.uk/uksi/1996/381/made"/><FRBRuri value="http://www.legislation.gov.uk/uksi/1996/381/made"/><FRBRdate date="1996-02-21" name="made"/><FRBRauthor href="#source"/><FRBRlanguage language="eng"/></FRBRExpression><FRBRManifestation><FRBRthis value="http://www.legislation.gov.uk/uksi/1996/381/made/data.akn"/><FRBRuri value="http://www.legislation.gov.uk/uksi/1996/381/made/data.akn"/><FRBRdate date="2021-07-26+01:00" name="transform"/><FRBRauthor href="http://www.legislation.gov.uk"/><FRBRformat value="application/akn+xml"/></FRBRManifestation></identification><classification source="#source"><keyword value="school welfare services" showAs="School welfare services" dictionary="http://www.legislation.gov.uk"/><keyword value="state schools" showAs="State schools" dictionary="http://www.legislation.gov.uk"/><keyword value="special educational needs and additional support" showAs="Special educational needs and additional support" dictionary="http://www.legislation.gov.uk"/><keyword value="severance pay" showAs="Severance pay" dictionary="http://www.legislation.gov.uk"/><keyword value="education, england and wales" showAs="EDUCATION, ENGLAND AND WALES" dictionary="http://www.legislation.gov.uk"/></classification><lifecycle source="#source"><eventRef date="1996-02-21" type="generation" eId="made-date" source="#source"/><eventRef date="1996-02-27" eId="laid-date-1" source="#source"/><eventRef date="1996-03-20" eId="coming-into-force-date-1" source="#source"/></lifecycle><references source="#source"><TLCOrganization eId="source" href="http://www.legislation.gov.uk/id/publisher/KingsOrQueensPrinterOfActsOfParliament" showAs="Queen's Printer of Acts of Parliament"/><passiveRef href="http://www.legislation.gov.uk/id/uksi/1999/451" showAs="The Education (Budget Statements) (Wales) Regulations 1999"/><passiveRef href="http://www.legislation.gov.uk/id/wsi/2000/1717" showAs="The Education (Outturn Statements) (Wales) Regulations 2000"/><TLCRole eId="ref-d4e271" href="/ontology/role/uk.Secretary of State for Wales" showAs="Secretary of State for Wales"/><TLCPerson eId="ref-d4e269" href="/ontology/persons/uk.WilliamHague" showAs="William Hague"/><TLCConcept href="/uk/subject/education-england-and-wales" showAs="EDUCATION, ENGLAND AND WALES" eId="d4e92"/></references><notes source="#source"><note class="footnote" eId="f00001"><p><ref href="http://www.legislation.gov.uk/id/ukpga/1988/40">1988 c. 40</ref>. Subsections (4) and (6) of section 42 were amended, and a new subsection (8) of that section was substituted, by section 275(1) of the Education Act <ref href="http://www.legislation.gov.uk/id/ukpga/1993/35">1993 (c. 35)</ref>; for the expression “prescribed” <em>see</em> section 235(7) of the Education Reform Act 1988 and section 114(1) of the Education Act <ref href="http://www.legislation.gov.uk/id/ukpga/1944/31">1944 (c. 31)</ref>; and for the transfer of that function to the Secretary of State see <abbr class="Acronym" title="Statutory Instrument">S.I.</abbr><ref href="http://www.legislation.gov.uk/id/uksi/1964/490">1964/490</ref>, <ref href="http://www.legislation.gov.uk/id/uksi/1970/1536">1970/1536</ref> and <ref href="http://www.legislation.gov.uk/id/uksi/1978/274">1978/274</ref>.</p></note><note class="footnote" eId="f00002"><p><abbr class="Acronym" title="Statutory Instrument">S.I.</abbr><ref href="http://www.legislation.gov.uk/id/uksi/1995/208">1995/208</ref>. These Regulations apply to local education authorities in England only.</p></note><note class="footnote" eId="f00003"><p><abbr class="Acronym" title="Statutory Instrument">S.I.</abbr><ref href="http://www.legislation.gov.uk/id/uksi/1994/323">1994/323</ref>. These Regulations were revoked by <abbr class="Acronym" title="Statutory Instrument">S.I.</abbr><ref href="http://www.legislation.gov.uk/id/uksi/1995/208">1995/208</ref> in so far as they applied to local education authorities in England.</p></note><note class="footnote" eId="f00004"><p><abbr class="Acronym" title="Statutory Instrument">S.I.</abbr><ref href="http://www.legislation.gov.uk/id/uksi/1995/532">1995/532</ref>.</p></note><note class="footnote" eId="f00005"><p>Paragraphs (f) to (i) of section 42(4) were repealed by the Education Act <ref href="http://www.legislation.gov.uk/id/ukpga/1993/35">1993 (c. 35)</ref>, section 275.</p></note><note class="footnote" eId="f00006"><p><abbr class="Acronym" title="Statutory Instrument">S.I.</abbr><ref href="http://www.legislation.gov.uk/id/uksi/1990/353">1990/353</ref>.</p></note><note class="footnote" eId="f00007"><p><abbr class="Acronym" title="Statutory Instrument">S.I.</abbr><ref href="http://www.legislation.gov.uk/id/uksi/1993/113">1993/113</ref>.</p></note></notes><proprietary xmlns:ukl="http://www.legislation.gov.uk/namespaces/legislation" xmlns:ukm="http://www.legislation.gov.uk/namespaces/metadata" xmlns:dc="http://purl.org/dc/elements/1.1/" xmlns:dct="http://purl.org/dc/terms/" xmlns:atom="http://www.w3.org/2005/Atom" source="#source"><dc:identifier>http://www.legislation.gov.uk/uksi/1996/381/made</dc:identifier><dc:title>The Education (School Financial Statements) (Prescribed Particulars etc.) (Amendment and Revocation) Regulations 1996</dc:title><dc:subject>School welfare services</dc:subject><dc:subject>State schools</dc:subject><dc:subject>Special educational needs and additional support</dc:subject><dc:subject>Severance pay</dc:subject><dc:publisher>Queen's Printer of Acts of Parliament</dc:publisher><dc:modified>2016-07-07</dc:modified><dc:subject scheme="SIheading">EDUCATION, ENGLAND AND WALES</dc:subject><dc:description>These Regulations extend the application of the Education (School Financial Statements) (Prescribed Particulars etc.) Regulations 1995 as amended (which apply only in relation to local education authorities in England) so that, for any financial year beginning on or after 1st April 1996, those 1995 Regulations will apply also in relation to local education authorities in Wales in place of the Education (School Financial Statements) (Prescribed Particulars etc.) Regulations 1994, which are revoked. Those 1994 Regulations and the similarly named 1993 and 1990 Regulations will, however, continue to apply in relation to earlier financial years.</dc:description><atom:link rel="self" href="http://www.legislation.gov.uk/uksi/1996/381/made/data.xml" type="application/xml"/><atom:link rel="http://www.legislation.gov.uk/def/navigation/resources" href="http://www.legislation.gov.uk/uksi/1996/381/resources" title="More Resources"/><atom:link rel="http://www.legislation.gov.uk/def/navigation/act" href="http://www.legislation.gov.uk/uksi/1996/381/made" title="whole act"/><atom:link rel="http://www.legislation.gov.uk/def/navigation/introduction" href="http://www.legislation.gov.uk/uksi/1996/381/introduction/made" title="introduction"/><atom:link rel="http://www.legislation.gov.uk/def/navigation/signature" href="http://www.legislation.gov.uk/uksi/1996/381/signature/made" title="signature"/><atom:link rel="http://www.legislation.gov.uk/def/navigation/note" href="http://www.legislation.gov.uk/uksi/1996/381/note/made" title="note"/><atom:link rel="http://www.legislation.gov.uk/def/navigation/body" href="http://www.legislation.gov.uk/uksi/1996/381/body/made" title="body"/><atom:link rel="alternate" type="application/rdf+xml" href="http://www.legislation.gov.uk/uksi/1996/381/made/data.rdf" title="RDF/XML"/><atom:link rel="alternate" type="application/akn+xml" href="http://www.legislation.gov.uk/uksi/1996/381/made/data.akn" title="AKN"/><atom:link rel="alternate" type="application/xhtml+xml" href="http://www.legislation.gov.uk/uksi/1996/381/made/data.xht" title="HTML snippet"/><atom:link rel="alternate" type="application/pdf" href="http://www.legislation.gov.uk/uksi/1996/381/made/data.pdf" title="PDF"/><atom:link rel="alternate" type="application/akn+xhtml" href="http://www.legislation.gov.uk/uksi/1996/381/made/data.html" title="HTML5 snippet"/><atom:link rel="http://purl.org/dc/terms/tableOfContents" hreflang="en" href="http://www.legislation.gov.uk/uksi/1996/381/contents/made" title="Table of Contents"/><ukm:SecondaryMetadata><ukm:DocumentClassification><ukm:DocumentCategory Value="secondary"/><ukm:DocumentMainType Value="UnitedKingdomStatutoryInstrument"/><ukm:DocumentStatus Value="final"/><ukm:DocumentMinorType Value="regulation"/></ukm:DocumentClassification><ukm:Year Value="1996"/><ukm:Number Value="381"/><ukm:Made Date="1996-02-21"/><ukm:Laid Date="1996-02-27" Class="UnitedKingdomParliament"/><ukm:ComingIntoForce><ukm:DateTime Date="1996-03-20"/></ukm:ComingIntoForce><ukm:ISBN Value="0110542010"/><ukm:UnappliedEffects><ukm:UnappliedEffect EffectId="key-ae4ac26012aba62823631c2dcd43c69e" AffectedURI="http://www.legislation.gov.uk/id/uksi/1996/381" AffectedClass="UnitedKingdomStatutoryInstrument" AffectingURI="http://www.legislation.gov.uk/id/wsi/2000/1717" AffectingClass="WelshStatutoryInstrument" URI="http://www.legislation.gov.uk/id/effect/upload-9mivznu3--3536" Row="3541" Type="revoked" RequiresApplied="true" AffectedProvisions="Act" Comments="rev. (W)" AffectedExtent="W" AffectingYear="2000" AffectingNumber="1717" AffectingProvisions="reg.3" AffectedYear="1996" AffectedNumber="381" Created="2019-02-12T00:00:00Z" Modified="2019-02-12T00:00:00Z"><ukm:AffectedTitle>The Education (School Financial Statements) (Prescribed Particulars etc.) (Amendment and Revocation) Regulations 1996</ukm:AffectedTitle><ukm:AffectedProvisions>Act</ukm:AffectedProvisions><ukm:AffectingTitle>The Education (Outturn Statements) (Wales) Regulations 2000</ukm:AffectingTitle><ukm:AffectingTitle xml:lang="cy">Rheoliadau Addysg (Datganiadau Alldro) (Cymru) 2000</ukm:AffectingTitle><ukm:AffectingProvisions><ukm:Section Ref="regulation-3" URI="http://www.legislation.gov.uk/id/wsi/2000/1717/regulation/3">reg.3</ukm:Section></ukm:AffectingProvisions><ukm:InForceDates><ukm:InForce Applied="false" Prospective="true" Qualification=""/></ukm:InForceDates><ukm:AffectedTitle>Education (School Financial Statements) (Prescribed Particulars etc.) (Amdt and Revn) Regs</ukm:AffectedTitle></ukm:UnappliedEffect><ukm:UnappliedEffect EffectId="key-ec69319819c9ce644baad8380c305aba" AffectedURI="http://www.legislation.gov.uk/id/uksi/1996/381" AffectedClass="UnitedKingdomStatutoryInstrument" AffectingURI="http://www.legislation.gov.uk/id/uksi/1999/451" AffectingClass="UnitedKingdomStatutoryInstrument" URI="http://www.legislation.gov.uk/id/effect/upload-b1z2e7x3--3671" Row="3676" Type="rev.in pt." RequiresApplied="true" AffectedProvisions="Act" Comments="rev.in pt. (W)" AffectedExtent="W" AffectingYear="1999" AffectingNumber="451" AffectingProvisions="reg.3(1)" AffectedYear="1996" AffectedNumber="381" Created="2019-03-19T00:00:00" Modified="2019-03-19T00:00:00"><ukm:AffectedTitle>The Education (School Financial Statements) (Prescribed Particulars etc.) (Amendment and Revocation) Regulations 1996</ukm:AffectedTitle><ukm:AffectedProvisions>Act</ukm:AffectedProvisions><ukm:AffectingTitle>The Education (Budget Statements) (Wales) Regulations 1999</ukm:AffectingTitle><ukm:AffectingProvisions><ukm:Section Ref="regulation-3-1" URI="http://www.legislation.gov.uk/id/uksi/1999/451/regulation/3/1">reg.3(1)</ukm:Section></ukm:AffectingProvisions><ukm:InForceDates><ukm:InForce Applied="false" Prospective="true" Qualification=""/></ukm:InForceDates></ukm:UnappliedEffect></ukm:UnappliedEffects></ukm:SecondaryMetadata><ukm:Statistics><ukm:TotalParagraphs Value="3"/><ukm:BodyParagraphs Value="3"/><ukm:ScheduleParagraphs Value="0"/><ukm:AttachmentParagraphs Value="0"/><ukm:TotalImages Value="0"/></ukm:Statistics></proprietary></meta><preface><p class="number"><docNumber>1996 No. 381</docNumber></p><block name="subject"><concept class="title" refersTo="#d4e92">EDUCATION, ENGLAND AND WALES</concept></block><p class="title"><shortTitle>The Education (School Financial Statements) (Prescribed Particulars <abbr title="et cetera" xml:lang="la">etc.</abbr>) (Amendment and Revocation) Regulations 1996</shortTitle></p><p class="MadeDate"><span>Made</span><docDate date="1996-02-21">21st February 1996</docDate></p><p class="LaidDate"><span>Laid before Parliament</span><docDate date="1996-02-27">27th February 1996</docDate></p><p class="ComingIntoForce"><span>Coming into force</span><docDate date="1996-03-20">20th March 1996</docDate></p></preface><preamble><formula name="EnactingText"><p>In exercise of the powers conferred by sections 42(4) and (6) to (8) and 232(5) and (6) of the Education Reform Act 1988<noteRef href="#f00001" class="footnote" marker="1"/> the Secretary of State for Wales hereby makes the following Regulations:—</p></formula></preamble><body><hcontainer name="regulation" eId="regulation-1"><num>1</num><heading>Citation, commencement and interpretation</heading><paragraph eId="regulation-1-1"><num>1</num><content><p>These Regulations may be cited as the Education (School Financial Statements) (Prescribed Particulars <abbr title="et cetera" xml:lang="la">etc.</abbr>) (Amendment and Revocation) Regulations 1996 and shall come into force on 20th March 1996.</p></content></paragraph><paragraph eId="regulation-1-2"><num>2</num><content><p>In these Regulations “the <abbr title="Education (School Financial Statements) (Prescribed Particulars etc.) Regulations 1995 (S.I. 1995/208)" xml:lang="">principal Regulations</abbr>” means the Education (School Financial Statements) (Prescribed Particulars <abbr title="et cetera" xml:lang="la">etc.</abbr>) Regulations 1995<noteRef href="#f00002" class="footnote" marker="2"/>.</p></content></paragraph></hcontainer><hcontainer name="regulation" eId="regulation-2"><num>2</num><heading>Amendment of the <abbr title="Education (School Financial Statements) (Prescribed Particulars etc.) Regulations 1995 (S.I. 1995/208)" xml:lang="">principal Regulations</abbr></heading><intro><p>The <abbr title="Education (School Financial Statements) (Prescribed Particulars etc.) Regulations 1995 (S.I. 1995/208)" xml:lang="">principal Regulations</abbr> shall be amended as follows—</p></intro><subparagraph eId="regulation-2-a"><num>a</num><content><p>by the omission from paragraph (1) of regulation 1 of the words “and shall apply only to local education authorities in England”;</p></content></subparagraph><subparagraph eId="regulation-2-b"><num>b</num><content><p>by the insertion in paragraph (2) of regulation 1 after the word “apply” of the words “in the case of local education authorities in England” and by the insertion at the end of the paragraph of the words “and in the case of local education authorities in Wales in relation to a financial year beginning on or after 1st April 1996”;</p></content></subparagraph><subparagraph eId="regulation-2-c"><num>c</num><content><p>by the insertion in paragraph (a) of regulation 6 after the word “copy” of the words “in the case of a local education authority in England” and by the insertion at the end of that paragraph of the words “or in the case of a local education authority in Wales, to the Secretary of State for Wales”;</p></content></subparagraph><subparagraph eId="regulation-2-d"><num>d</num><content><p>by the insertion in Schedule 1 in the Form of Part 1 of the Budget Statement (under the heading “Discretionary exceptions outside the PSB (24)” after “OFSTED” of the words “or OHMCI (Wales)”;</p></content></subparagraph><subparagraph eId="regulation-2-e"><num>e</num><content><p>by the insertion in Schedule 1 at the end of notes (12) and (27) of the Notes to the Form of Part 1 of the Budget Statement of the words “or Her Majesty’s Chief Inspector of Schools in Wales (as the case may be)”;</p></content></subparagraph><subparagraph eId="regulation-2-f"><num>f</num><content><p>by the insertion in Schedule 2 at the end of note (2) of the Notes to the Form of Part 2 of the Budget Statement of the words “or the Welsh Office (as the case may be)”.</p></content></subparagraph></hcontainer><hcontainer name="regulation" eId="regulation-3"><num>3</num><heading>Revocation</heading><paragraph eId="regulation-3-1"><num>1</num><content><p>The Education (School Financial Statements) (Prescribed Particulars <abbr title="et cetera" xml:lang="la">etc.</abbr>) Regulations 1994<noteRef href="#f00003" class="footnote" marker="3"/> in so far as they apply to local education authorities in Wales and the Education (School Financial Statements) (Prescribed Particulars <abbr title="et cetera" xml:lang="la">etc.</abbr>) (Amendment) Regulations 1995<noteRef href="#f00004" class="footnote" marker="4"/> are revoked.</p></content></paragraph><paragraph eId="regulation-3-2"><num>2</num><intro><p>Notwithstanding paragraph (1) and except in so far as they impose any requirements in respect of section 42(4)(f) to (i) of the Education Reform Act 1988<noteRef href="#f00005" class="footnote" marker="5"/>—</p></intro><subparagraph eId="regulation-3-2-a"><num>a</num><content><p>the Education (School Financial Statements) (Prescribed Particulars <abbr title="et cetera" xml:lang="la">etc.</abbr>) Regulations 1990<noteRef href="#f00006" class="footnote" marker="6"/> continue to apply in relation to a financial year beginning on or before 1st April 1992;</p></content></subparagraph><subparagraph eId="regulation-3-2-b"><num>b</num><content><p>the Education (School Financial Statements) (Prescribed Particulars <abbr title="et cetera" xml:lang="la">etc.</abbr>) Regulations 1993<noteRef href="#f00007" class="footnote" marker="7"/> continue to apply in relation to the financial year beginning on 1st April 1993; and</p></content></subparagraph><subparagraph eId="regulation-3-2-c"><num>c</num><content><p>the Education (School Financial Statements) (Prescribed Particulars <abbr title="et cetera" xml:lang="la">etc.</abbr>) Regulations 1994 continue to apply in relation to the financial years beginning on 1st April 1994 and 1st April 1995; in relation to local education authorities in Wales.</p></content></subparagraph></paragraph></hcontainer><hcontainer name="signatures"><content><block name="signature"><signature><person refersTo="#ref-d4e269">William Hague</person><role refersTo="#ref-d4e271">Secretary of State for Wales</role><date date="1996-02-21">21st February 1996</date></signature></block></content></hcontainer></body><conclusions><blockContainer class="ExplanatoryNotes"><intro><p>(This note is not part of the Regulations)</p></intro><p><authorialNote><p>These Regulations extend the application of the Education (School Financial Statements) (Prescribed Particulars <abbr title="et cetera" xml:lang="la">etc.</abbr>) Regulations 1995 as amended (which apply only in relation to local education authorities in England) so that, for any financial year beginning on or after 1st April 1996, those 1995 Regulations will apply also in relation to local education authorities in Wales in place of the Education (School Financial Statements) (Prescribed Particulars <abbr title="et cetera" xml:lang="la">etc.</abbr>) Regulations 1994, which are revoked. Those 1994 Regulations and the similarly named 1993 and 1990 Regulations will, however, continue to apply in relation to earlier financial years.</p><p>The main changes from the 1994 Regulations are as follows:</p><paragraph eId="d4e293"><num>a</num><intro><p>In Part 1 of a budget statement—</p></intro><subparagraph eId="d4e299"><num>i</num><content><p>certain categories of planned expenditure by a local education authority (on school inspections offset by income received from Her Majesty’s Chief Inspector of Schools in Wales, on pupil support, on governors’ and local education authority liability insurance, on local education authority initiatives, on school specific contingencies and on certain provision for pupils from ethnic minorities) are reclassified as discretionary exceptions outside the potential schools budget, and</p></content></subparagraph><subparagraph eId="d4e305"><num>ii</num><content><p>certain categories of planned expenditure by a local education authority (on services provided by education welfare officers and education social workers, on certain services provided by educational psychologists, on certain redundancy and compensation payments and in connection with the authority’s duties to make assessments of, and to make, maintain and review statements for, children with special educational needs) are reclassified as mandatory exceptions following the inclusion of such items of expenditure as mandatory exceptions in relation to Wales as a result of the Education (Financial Delegation to Schools) (Mandatory Exceptions) (Revocation and Amendment) Regulations 1996 (<abbr class="Acronym" title="Statutory Instrument">S.I.</abbr><ref href="http://www.legislation.gov.uk/id/uksi/1996/395">1996/395</ref>).</p></content></subparagraph></paragraph><paragraph eId="d4e316"><num>b</num><content><p>In Part 3 of a budget statement a new section 3Aii (special educational needs funding counted as pupil-led) has been added. Local education authorities will be able to treat certain forms of funding, relating to pupils with statements of special educational needs, as funding to be distributed by reference to pupil numbers for the purpose of meeting requirements in their scheme as to the proportion of funding to be distributed by reference to such matters.</p></content></paragraph><paragraph eId="d4e322"><num>c</num><content><p>Outturn statements are required to contain information about the amount of any reduction in a school’s budget share arising from the permanent exclusion of pupils and any increase in funding arising from the admission of pupils who have been permanently excluded from other schools.</p></content></paragraph></authorialNote></p></blockContainer></conclusions></act></akomaNtoso>