<akomaNtoso xmlns:xsi="http://www.w3.org/2001/XMLSchema-instance" xmlns="http://docs.oasis-open.org/legaldocml/ns/akn/3.0" xsi:schemaLocation="http://docs.oasis-open.org/legaldocml/ns/akn/3.0 http://docs.oasis-open.org/legaldocml/akn-core/v1.0/cos01/part2-specs/schemas/akomantoso30.xsd"><act name="UnitedKingdomStatutoryInstrument"><meta><identification source="#source"><FRBRWork><FRBRthis value="http://www.legislation.gov.uk/id/uksi/1996/454/sld"/><FRBRuri value="http://www.legislation.gov.uk/id/uksi/1996/454/sld"/><FRBRdate date="1996-09-23" name="made"/><FRBRauthor href="http://www.legislation.gov.uk/id/government/uk"/><FRBRcountry value="GB-UKM"/><FRBRsubtype value="order"/><FRBRnumber value="454"/><FRBRname value="S.I. 1996/454 (C. 22)"/><FRBRprescriptive value="true"/></FRBRWork><FRBRExpression><FRBRthis value="http://www.legislation.gov.uk/uksi/1996/454/sld/made"/><FRBRuri value="http://www.legislation.gov.uk/uksi/1996/454/sld/made"/><FRBRdate date="1996-09-23" name="made"/><FRBRauthor href="#source"/><FRBRlanguage language="eng"/></FRBRExpression><FRBRManifestation><FRBRthis value="http://www.legislation.gov.uk/uksi/1996/454/sld/made/data.akn"/><FRBRuri value="http://www.legislation.gov.uk/uksi/1996/454/sld/made/data.akn"/><FRBRdate date="2021-07-26+01:00" name="transform"/><FRBRauthor href="http://www.legislation.gov.uk"/><FRBRformat value="application/akn+xml"/></FRBRManifestation></identification><classification source="#source"><keyword value="family law" showAs="FAMILY LAW" dictionary="http://www.legislation.gov.uk"/></classification><lifecycle source="#source"><eventRef date="1996-09-23" type="generation" eId="made-date" source="#source"/></lifecycle><references source="#source"><TLCOrganization eId="source" href="http://www.legislation.gov.uk/id/publisher/StatuteLawDatabase" showAs="Statute Law Database"/><TLCRole eId="ref-d4e131" href="/ontology/role/uk.Assistant Secretary" showAs="Assistant Secretary"/><TLCPerson eId="ref-d4e129" href="/ontology/persons/uk.JamesMcKeown" showAs=" James McKeown"/><TLCConcept href="/uk/subject/family-law" showAs="FAMILY LAW" eId="d4e59"/></references><notes source="#source"><note class="commentary F" eId="c1771665"><p><ref href="http://www.legislation.gov.uk/id/nisi/1993/1576">S.I. 1993/1576 (N.I. 6)</ref></p></note><note class="commentary F" eId="c1771666"><p><ref href="http://www.legislation.gov.uk/id/ukpga/1974/28">1974 c. 28</ref></p></note><note class="commentary F" eId="c1771667"><p><ref href="http://www.legislation.gov.uk/id/uksi/1993/1577">S.I. 1993/1577</ref></p></note></notes><proprietary xmlns:ukl="http://www.legislation.gov.uk/namespaces/legislation" xmlns:ukm="http://www.legislation.gov.uk/namespaces/metadata" xmlns:dc="http://purl.org/dc/elements/1.1/" xmlns:dct="http://purl.org/dc/terms/" xmlns:atom="http://www.w3.org/2005/Atom" source="#source"><dc:identifier>http://www.legislation.gov.uk/uksi/1996/454/sld/made</dc:identifier><dc:title>The Family Law (1993 Orders) (Commencement No. 1) Order (Northern Ireland) 1996</dc:title><dc:type>text</dc:type><dc:format>text/xml</dc:format><dc:language>en</dc:language><dc:publisher>Statute Law Database</dc:publisher><dc:modified>2011-05-26</dc:modified><dc:subject scheme="SIheading">FAMILY LAW</dc:subject><dc:description>This Order brings into operation on 4th November 1996 the maintenance enforcement provisions contained in Articles 6 to 11 of and Schedule 1 to the Family Law (Northern Ireland) Order 1993 (“the Family Law Order") and in the Family Law (Northern Ireland Consequential Amendments) Order 1993.This Order brings into operation on 4th November 1996 the maintenance enforcement provisions contained in Articles 6 to 11 of and Schedule 1 to the Family Law (Northern Ireland) Order 1993 (“the Family Law Order") and in the Family Law (Northern Ireland Consequential Amendments) Order 1993.</dc:description><atom:link rel="self" href="http://www.legislation.gov.uk/uksi/1996/454/sld/made/data.xml" type="application/xml"/><atom:link rel="http://www.legislation.gov.uk/def/navigation/resources" href="http://www.legislation.gov.uk/uksi/1996/454/resources" title="More Resources"/><atom:link rel="http://www.legislation.gov.uk/def/navigation/act" href="http://www.legislation.gov.uk/uksi/1996/454/sld/made" title="whole act"/><atom:link rel="http://www.legislation.gov.uk/def/navigation/introduction" href="http://www.legislation.gov.uk/uksi/1996/454/introduction/sld/made" title="introduction"/><atom:link rel="http://www.legislation.gov.uk/def/navigation/signature" href="http://www.legislation.gov.uk/uksi/1996/454/signature/sld/made" title="signature"/><atom:link rel="http://www.legislation.gov.uk/def/navigation/note" href="http://www.legislation.gov.uk/uksi/1996/454/note/sld/made" title="note"/><atom:link rel="http://www.legislation.gov.uk/def/navigation/body" href="http://www.legislation.gov.uk/uksi/1996/454/body/sld/made" title="body"/><atom:link rel="alternate" type="application/rdf+xml" href="http://www.legislation.gov.uk/uksi/1996/454/sld/made/data.rdf" title="RDF/XML"/><atom:link rel="alternate" type="application/akn+xml" href="http://www.legislation.gov.uk/uksi/1996/454/sld/made/data.akn" title="AKN"/><atom:link rel="alternate" type="application/xhtml+xml" href="http://www.legislation.gov.uk/uksi/1996/454/sld/made/data.xht" title="HTML snippet"/><atom:link rel="alternate" type="application/pdf" href="http://www.legislation.gov.uk/uksi/1996/454/sld/made/data.pdf" title="PDF"/><atom:link rel="alternate" type="application/akn+xhtml" href="http://www.legislation.gov.uk/uksi/1996/454/sld/made/data.html" title="HTML5 snippet"/><atom:link rel="http://purl.org/dc/terms/tableOfContents" hreflang="en" href="http://www.legislation.gov.uk/uksi/1996/454/contents/sld/made" title="Table of Contents"/><ukm:SecondaryMetadata><ukm:DocumentClassification><ukm:DocumentCategory Value="secondary"/><ukm:DocumentMainType Value="UnitedKingdomStatutoryInstrument"/><ukm:DocumentStatus Value="final"/><ukm:DocumentMinorType Value="order"/></ukm:DocumentClassification><ukm:Year Value="1996"/><ukm:Number Value="454"/><ukm:AlternativeNumber Category="C" Value="22"/><ukm:Made Date="1996-09-23"/><ukm:ISBN Value="0337924147"/></ukm:SecondaryMetadata><ukm:Statistics><ukm:TotalParagraphs Value="3"/><ukm:BodyParagraphs Value="3"/><ukm:ScheduleParagraphs Value="0"/><ukm:AttachmentParagraphs Value="0"/><ukm:TotalImages Value="0"/></ukm:Statistics></proprietary></meta><preface><p class="number"><docNumber>1996 No. 454 (C. 22)</docNumber></p><block name="subject"><concept class="title" refersTo="#d4e59">FAMILY LAW</concept></block><p class="title"><shortTitle>The Family Law (1993 Orders) (Commencement <abbr title="Number" xml:lang="">No.</abbr> 1) Order (Northern Ireland) 1996</shortTitle></p><p class="MadeDate"><span> Made</span><docDate date="1996-09-23">23rd September 1996</docDate></p></preface><preamble><formula name="EnactingText"><p> The Department Finance and Personnel, in exercise of the powers conferred on it by Article 1(3) and (5) of the Family Law (Northern Ireland) Order 1993<noteRef href="#c1771665" marker="F1" class="commentary F"/> and paragraph 2(1) of Schedule 1 to the Northern Ireland Act 1974<noteRef href="#c1771666" marker="F2" class="commentary F"/> and of all other powers enabling it in that behalf, hereby makes the following Order:</p></formula></preamble><body><article eId="article-1"><num>1</num><heading> Citation</heading><content><p>This Order may be cited as the Family Law (1993 Orders) (Commencement <abbr title="Number" xml:lang="">No.</abbr> 1) Order (Northern Ireland) 1996.</p></content></article><article eId="article-2"><num>2</num><heading> Interpretation</heading><content><p>In this Order—</p><blockList class="unordered"><item><p>“the Consequential Amendments Order" means the Family Law (Northern Ireland Consequential Amendments) Order 1993 <noteRef href="#c1771667" marker="F3" class="commentary F"/>;</p></item><item><p>“the Family Law Order" means the Family Law (Northern Ireland) Order 1993.</p></item></blockList></content></article><article eId="article-3"><num>3</num><heading> Appointed day: commencement of maintenance enforcement provisions</heading><content><p>Articles 6 to 11 of and Schedule 1 (except paragraphs 10 to 12 and 15) to the Family Law Order and the Consequential Amendments Order shall come into operation on 4th November 1996.</p></content></article><hcontainer name="signatures"><content><p> Sealed with the Official Seal of the Department of Finance and Personnel on</p><block name="signature"><signature><marker name="seal"/><person refersTo="#ref-d4e129"> James McKeown</person><role refersTo="#ref-d4e131">Assistant Secretary</role><date date="1996-09-23">23rd September 1996.</date></signature></block></content></hcontainer></body><conclusions><blockContainer class="ExplanatoryNotes"><p><authorialNote><p> (This note is not part of the Order.)</p><blockContainer class="BlockText"><p>This Order brings into operation on 4th November 1996 the maintenance enforcement provisions contained in Articles 6 to 11 of and Schedule 1 to the Family Law (Northern Ireland) Order 1993 (“the Family Law Order") and in the Family Law (Northern Ireland Consequential Amendments) Order 1993.</p></blockContainer><blockContainer class="BlockText"><p>Paragraphs 10 to 12 and 15 of and Schedule 1 to the Family Law Order are not brought into operation by the Order: these provisions have been repealed and replaced by other provisions in the Children (Northern Ireland) Order 1995 (<abbr class="Acronym" title="Statutory Instrument">S.I.</abbr> 1995/755 (N.I. 2)), which provisions also come into operation on 4th November 1996.</p></blockContainer><blockContainer class="BlockText"><p>Articles 1 to 4, 12 to 14 and 16 of, and Schedules 2 to 4 to, the Family Law Order came into operation in accordance with Article 1(2) of the Family Law Order on 24th August 1993. Articles 5 and 15 have not been brought into operation.</p></blockContainer></authorialNote></p></blockContainer></conclusions></act></akomaNtoso>