<akomaNtoso xmlns:xsi="http://www.w3.org/2001/XMLSchema-instance" xmlns="http://docs.oasis-open.org/legaldocml/ns/akn/3.0" xsi:schemaLocation="http://docs.oasis-open.org/legaldocml/ns/akn/3.0 http://docs.oasis-open.org/legaldocml/akn-core/v1.0/cos01/part2-specs/schemas/akomantoso30.xsd"><act name="UnitedKingdomStatutoryInstrument"><meta><identification source="#source"><FRBRWork><FRBRthis value="http://www.legislation.gov.uk/id/uksi/1996/334"/><FRBRuri value="http://www.legislation.gov.uk/id/uksi/1996/334"/><FRBRdate date="1996-02-16" name="made"/><FRBRauthor href="http://www.legislation.gov.uk/id/government/uk"/><FRBRcountry value="GB-UKM"/><FRBRsubtype value="regulation"/><FRBRnumber value="334"/><FRBRname value="S.I. 1996/334"/><FRBRprescriptive value="true"/></FRBRWork><FRBRExpression><FRBRthis value="http://www.legislation.gov.uk/uksi/1996/334/made"/><FRBRuri value="http://www.legislation.gov.uk/uksi/1996/334/made"/><FRBRdate date="1996-02-16" name="made"/><FRBRauthor href="#source"/><FRBRlanguage language="eng"/></FRBRExpression><FRBRManifestation><FRBRthis value="http://www.legislation.gov.uk/uksi/1996/334/made/data.akn"/><FRBRuri value="http://www.legislation.gov.uk/uksi/1996/334/made/data.akn"/><FRBRdate date="2021-07-26+01:00" name="transform"/><FRBRauthor href="http://www.legislation.gov.uk"/><FRBRformat value="application/akn+xml"/></FRBRManifestation></identification><classification source="#source"><keyword value="key stages in education" showAs="Key stages in education" dictionary="http://www.legislation.gov.uk"/><keyword value="special educational needs and additional support" showAs="Special educational needs and additional support" dictionary="http://www.legislation.gov.uk"/><keyword value="state schools" showAs="State schools" dictionary="http://www.legislation.gov.uk"/><keyword value="national curriculum" showAs="National curriculum" dictionary="http://www.legislation.gov.uk"/><keyword value="education, england and wales" showAs="EDUCATION, ENGLAND AND WALES" dictionary="http://www.legislation.gov.uk"/></classification><lifecycle source="#source"><eventRef date="1996-02-16" type="generation" eId="made-date" source="#source"/><eventRef date="1996-02-23" eId="laid-date-1" source="#source"/><eventRef date="1996-04-01" eId="coming-into-force-date-1" source="#source"/></lifecycle><references source="#source"><TLCOrganization eId="source" href="http://www.legislation.gov.uk/id/publisher/KingsOrQueensPrinterOfActsOfParliament" showAs="Queen's Printer of Acts of Parliament"/><passiveRef href="http://www.legislation.gov.uk/id/uksi/1997/390" showAs="The Education (Grants for Education Support and Training) (Wales) Regulations 1997"/><TLCRole eId="ref-d4e677" href="/ontology/role/uk.Secretary of State for Wales" showAs="Secretary of State for Wales"/><TLCPerson eId="ref-d4e675" href="/ontology/persons/uk.WilliamHague" showAs="William Hague"/><TLCConcept href="/uk/subject/education-england-and-wales" showAs="EDUCATION, ENGLAND AND WALES" eId="d4e88"/></references><notes source="#source"><note class="footnote" eId="f00001"><p><ref href="http://www.legislation.gov.uk/id/ukpga/1984/11">1984 c. 11</ref>; section 1 is amended by section 278 of the Education Act <ref href="http://www.legislation.gov.uk/id/ukpga/1993/35">1993 (c. 35)</ref>.</p></note><note class="footnote" eId="f00002"><p><ref href="http://www.legislation.gov.uk/id/ukpga/1944/31">1944 c. 31</ref>; section 41 was substituted by section 11 of the Further and Higher Education Act <ref href="http://www.legislation.gov.uk/id/ukpga/1992/13">1992 (c. 13)</ref>; and section 53(1) was amended by Part I of Schedule 1 to the Education (Miscellaneous Provisions) Act <ref href="http://www.legislation.gov.uk/id/ukpga/1948/40">1948 (c. 40)</ref>, Schedule 7 to the Education Act <ref href="http://www.legislation.gov.uk/id/ukpga/1980/20">1980 (c. 20)</ref>, and paragraph 54 of Schedule 12 to the Education Reform Act 1988.</p></note><note class="footnote" eId="f00003"><p><em>See</em><abbr class="Acronym" title="International Standard Book Number">ISBN</abbr> 0 85522 444 4, paragraphs 4.70 to 4.73.</p></note><note class="footnote" eId="f00004"><p><abbr class="Acronym" title="Statutory Instrument">S.I.</abbr><ref href="http://www.legislation.gov.uk/id/uksi/1995/2208">1995/2208</ref>.</p></note><note class="footnote" eId="f00005"><p><abbr class="Acronym" title="Statutory Instrument">S.I.</abbr><ref href="http://www.legislation.gov.uk/id/uksi/1995/2209">1995/2209</ref>.</p></note><note class="footnote" eId="f00006"><p>The definition of “pupil” in section 114 was inserted by paragraph 13(2)(d) of the Further and Higher Education Act 1992, and the definition of “school” was inserted by paragraph 13(2)(e) of Schedule 8 to the Further and Higher Education Act 1992.</p></note><note class="footnote" eId="f00007"><p>The regulations currently in force are the Education (Teachers) Regulations 1993 (<abbr class="Acronym" title="Statutory Instrument">S.I.</abbr><ref href="http://www.legislation.gov.uk/id/uksi/1993/543">1993/543</ref>), amended by S.I.5 <ref href="http://www.legislation.gov.uk/id/uksi/1994/222">1994/222</ref> and <ref href="http://www.legislation.gov.uk/id/uksi/1995/602">1995/602</ref> and section 14(2) of the Education Act <ref href="http://www.legislation.gov.uk/id/ukpga/1994/30">1994 (c. 30)</ref>.</p></note><note class="footnote" eId="f00008"><p>Section 218 was amended by paragraph 49 of Schedule 8 to the Further and Higher Education Act 1992, sections 290 and 291 of, and paragraph 136 of Schedule 19 to, the Education Act 1993, and by section 14(1) and (3) of, and paragraph 8(4) of Schedule 2 to, the Education Act 1994.</p></note><note class="footnote" eId="f00009"><p><ref href="http://www.legislation.gov.uk/id/ukpga/1992/38">1992 c. 38</ref>.</p></note><note class="footnote" eId="f00010"><p><abbr class="Acronym" title="Statutory Instrument">S.I.</abbr><ref href="http://www.legislation.gov.uk/id/uksi/1995/2207">1995/2207</ref>.</p></note><note class="footnote" eId="f00011"><p><ref href="http://www.legislation.gov.uk/id/ukpga/1982/32">1982 c. 32</ref>; subsection (5) of section 13 was amended by section 20 of, and paragraph 3 of Schedule 4 to, the National Health Service and Community Care Act <ref href="http://www.legislation.gov.uk/id/ukpga/1990/19">1990 (c. 19)</ref>.</p></note><note class="footnote" eId="f00012"><p><abbr class="Acronym" title="Statutory Instrument">S.I.</abbr><ref href="http://www.legislation.gov.uk/id/uksi/1995/501">1995/501</ref>.</p></note><note class="footnote" eId="f00013"><p><ref href="http://www.legislation.gov.uk/id/ukpga/1988/40">1988 c. 40</ref>; section 33 was amended by section 12(5) of the Further and Higher Education Act 1992.</p></note><note class="footnote" eId="f00014"><p>Section 218(3) was amended by section 14(3) of the Education Act 1994.</p></note></notes><proprietary xmlns:ukl="http://www.legislation.gov.uk/namespaces/legislation" xmlns:ukm="http://www.legislation.gov.uk/namespaces/metadata" xmlns:dc="http://purl.org/dc/elements/1.1/" xmlns:dct="http://purl.org/dc/terms/" xmlns:atom="http://www.w3.org/2005/Atom" source="#source"><dc:identifier>http://www.legislation.gov.uk/uksi/1996/334/made</dc:identifier><dc:title>The Education (Grants for Education Support and Training) (Wales) Regulations 1996</dc:title><dc:subject>Key stages in education</dc:subject><dc:subject>Special educational needs and additional support</dc:subject><dc:subject>State schools</dc:subject><dc:subject>National curriculum</dc:subject><dc:publisher>Queen's Printer of Acts of Parliament</dc:publisher><dc:modified>2016-04-15</dc:modified><dc:subject scheme="SIheading">EDUCATION, ENGLAND AND WALES</dc:subject><dc:description>These Regulations, which apply only in Wales, supersede the Education (Grants for Education Support and Training) (Wales) Regulations 1995, which are revoked.</dc:description><atom:link rel="self" href="http://www.legislation.gov.uk/uksi/1996/334/made/data.xml" type="application/xml"/><atom:link rel="http://www.legislation.gov.uk/def/navigation/resources" href="http://www.legislation.gov.uk/uksi/1996/334/resources" title="More Resources"/><atom:link rel="http://www.legislation.gov.uk/def/navigation/act" href="http://www.legislation.gov.uk/uksi/1996/334/made" title="whole act"/><atom:link rel="http://www.legislation.gov.uk/def/navigation/introduction" href="http://www.legislation.gov.uk/uksi/1996/334/introduction/made" title="introduction"/><atom:link rel="http://www.legislation.gov.uk/def/navigation/note" href="http://www.legislation.gov.uk/uksi/1996/334/note/made" title="note"/><atom:link rel="http://www.legislation.gov.uk/def/navigation/body" href="http://www.legislation.gov.uk/uksi/1996/334/body/made" title="body"/><atom:link rel="http://www.legislation.gov.uk/def/navigation/schedules" href="http://www.legislation.gov.uk/uksi/1996/334/schedules/made" title="schedules"/><atom:link rel="alternate" type="application/rdf+xml" href="http://www.legislation.gov.uk/uksi/1996/334/made/data.rdf" title="RDF/XML"/><atom:link rel="alternate" type="application/akn+xml" href="http://www.legislation.gov.uk/uksi/1996/334/made/data.akn" title="AKN"/><atom:link rel="alternate" type="application/xhtml+xml" href="http://www.legislation.gov.uk/uksi/1996/334/made/data.xht" title="HTML snippet"/><atom:link rel="alternate" type="application/pdf" href="http://www.legislation.gov.uk/uksi/1996/334/made/data.pdf" title="PDF"/><atom:link rel="alternate" type="application/akn+xhtml" href="http://www.legislation.gov.uk/uksi/1996/334/made/data.html" title="HTML5 snippet"/><atom:link rel="http://purl.org/dc/terms/tableOfContents" hreflang="en" href="http://www.legislation.gov.uk/uksi/1996/334/contents/made" title="Table of Contents"/><ukm:SecondaryMetadata><ukm:DocumentClassification><ukm:DocumentCategory Value="secondary"/><ukm:DocumentMainType Value="UnitedKingdomStatutoryInstrument"/><ukm:DocumentStatus Value="final"/><ukm:DocumentMinorType Value="regulation"/></ukm:DocumentClassification><ukm:Year Value="1996"/><ukm:Number Value="334"/><ukm:Made Date="1996-02-16"/><ukm:Laid Date="1996-02-23" Class="UnitedKingdomParliament"/><ukm:ComingIntoForce><ukm:DateTime Date="1996-04-01"/></ukm:ComingIntoForce><ukm:ISBN Value="0110541480"/><ukm:UnappliedEffects><ukm:UnappliedEffect EffectId="key-76f218f29851faa9a382f7d7da45c76c" AffectedURI="http://www.legislation.gov.uk/id/uksi/1996/334" AffectedClass="UnitedKingdomStatutoryInstrument" AffectingURI="http://www.legislation.gov.uk/id/uksi/1997/390" AffectingClass="UnitedKingdomStatutoryInstrument" URI="http://www.legislation.gov.uk/id/effect/upload-b4yrers3--4011" Row="4016" Type="rev. (with saving)" RequiresApplied="true" AffectedProvisions="Instrument" Comments="rev. (with saving)" AffectingYear="1997" AffectingNumber="390" AffectingProvisions="reg.12" AffectedYear="1996" AffectedNumber="334" Created="2019-07-11T00:00:00" Modified="2019-07-11T00:00:00"><ukm:AffectedTitle>The Education (Grants for Education Support and Training) (Wales) Regulations 1996</ukm:AffectedTitle><ukm:AffectedProvisions>Instrument</ukm:AffectedProvisions><ukm:AffectingTitle>The Education (Grants for Education Support and Training) (Wales) Regulations 1997</ukm:AffectingTitle><ukm:AffectingProvisions><ukm:Section Ref="regulation-12" URI="http://www.legislation.gov.uk/id/uksi/1997/390/regulation/12">reg.12</ukm:Section></ukm:AffectingProvisions><ukm:InForceDates><ukm:InForce Applied="false" Prospective="true" Qualification=""/></ukm:InForceDates></ukm:UnappliedEffect><ukm:UnappliedEffect EffectId="key-704b9b3b7923f7d08f41c7577eb2d5e6" AffectedURI="http://www.legislation.gov.uk/id/uksi/1996/334" AffectedClass="UnitedKingdomStatutoryInstrument" AffectingURI="http://www.legislation.gov.uk/id/uksi/1997/390" AffectingClass="UnitedKingdomStatutoryInstrument" URI="http://www.legislation.gov.uk/id/effect/key-704b9b3b7923f7d08f41c7577eb2d5e6" Row="2653" Type="rev. (with saving)" RequiresApplied="true" AffectedProvisions="Act" Comments="rev. (with saving)" AffectingYear="1997" AffectingNumber="390" AffectingProvisions="reg.12" AffectedYear="1996" AffectedNumber="334" Created="2019-05-02T00:00:00" Modified="2019-05-02T00:00:00"><ukm:AffectedTitle>The Education (Grants for Education Support and Training) (Wales) Regulations 1996</ukm:AffectedTitle><ukm:AffectedProvisions>Act</ukm:AffectedProvisions><ukm:AffectingTitle>The Education (Grants for Education Support and Training) (Wales) Regulations 1997</ukm:AffectingTitle><ukm:AffectingProvisions><ukm:Section Ref="regulation-12" URI="http://www.legislation.gov.uk/id/uksi/1997/390/regulation/12">reg.12</ukm:Section></ukm:AffectingProvisions><ukm:InForceDates><ukm:InForce Applied="false" Prospective="true" Qualification=""/></ukm:InForceDates></ukm:UnappliedEffect></ukm:UnappliedEffects></ukm:SecondaryMetadata><ukm:Statistics><ukm:TotalParagraphs Value="32"/><ukm:BodyParagraphs Value="12"/><ukm:ScheduleParagraphs Value="20"/><ukm:AttachmentParagraphs Value="0"/><ukm:TotalImages Value="0"/></ukm:Statistics></proprietary></meta><preface><p class="number"><docNumber>1996 No. 334</docNumber></p><block name="subject"><concept class="title" refersTo="#d4e88">EDUCATION, ENGLAND AND WALES</concept></block><p class="title"><shortTitle>The Education (Grants for Education Support and Training) (Wales) Regulations 1996</shortTitle></p><p class="MadeDate"><span>Made</span><docDate date="1996-02-16">16th February 1996</docDate></p><p class="LaidDate"><span>Laid before Parliament</span><docDate date="1996-02-23">23rd February 1996</docDate></p><p class="ComingIntoForce"><span>Coming into force</span><docDate date="1996-04-01">1st April 1996</docDate></p></preface><preamble><formula name="EnactingText"><p>In exercise of the powers conferred upon the Secretary of State by sections 1 and 3(4) of the Education (Grants and Awards) Act 1984<noteRef href="#f00001" class="footnote" marker="1"/>, the Secretary of State for Wales hereby makes the following Regulations:</p></formula></preamble><body><hcontainer name="regulation" eId="regulation-1"><num>1</num><heading>Citation, commencement and application</heading><paragraph eId="regulation-1-1"><num>1</num><content><p>These Regulations may be cited as the Education (Grants for Education Support and Training) (Wales) Regulations 1996 and shall come into force on 1st April 1996.</p></content></paragraph><paragraph eId="regulation-1-2"><num>2</num><content><p>These Regulations apply in relation to local education authorities in Wales.</p></content></paragraph></hcontainer><hcontainer name="regulation" eId="regulation-2"><num>2</num><heading>Interpretation</heading><paragraph eId="regulation-2-1"><num>1</num><content><p>In these Regulations—</p><blockList class="unordered"><item><p>“<abbr title="Education (Grants and Awards) Act 1984 c. 11" xml:lang="">the Act</abbr>” means the Education (Grants and Awards) Act 1984;</p></item><item><p>“approved expenditure” means any expenditure which is approved as provided in regulation 3;</p></item><item><p>“determine” means determine by notice in writing;</p></item><item><p>“education authority” means a local education authority in Wales;</p></item><item><p>“grant” means a grant in pursuance of these Regulations;</p></item><item><p>“leisure time facilities” means facilities of a kind which education authorities are under the duty imposed by sections 41(3)(b) and 53(1) of the Education Act 1944<noteRef href="#f00002" class="footnote" marker="2"/> to secure are provided within their areas;</p></item><item><p>“maintained school” means a school maintained by an education authority;</p></item><item><p>“member of the Inspectorate” has the meaning assigned to it by section 204(2) of the Education Act 1993;</p></item><item><p>“mentor” means an experienced head teacher giving advice and assistance to support the professional development of an inexperienced head teacher;</p></item><item><p>“named person” means a person whom the education authority are satisfied is able (having regard to any criteria set out in the Code of Practice issued by the Secretary of State under section 157 of the Education Act 1993<noteRef href="#f00003" class="footnote" marker="3"/>) to provide accurate information and sound advice to a parent about his child’s special educational needs, and is agreeable to being named as a person from whom the parent may seek such information and advice when the education authority serve a copy of the child’s statement of special educational needs on the parent pursuant to paragraph 6 of Schedule 10 to the said 1993 Act;</p></item><item><p>“NC tasks” has the meaning assigned to it in the Education (National Curriculum) (Assessment Arrangements for English, Welsh, Mathematics and Science) (Key Stage 2) (Wales) Order 1995<noteRef href="#f00004" class="footnote" marker="4"/> and the Education (National Curriculum) (Assessment Arrangements for English, Welsh, Mathematics and Science) (Key Stage 3) (Wales) Order 1995<noteRef href="#f00005" class="footnote" marker="5"/>;</p></item><item><p>“prescribed expenditure” means expenditure by an education authority for or in connection with any of the purposes specified in the Schedule hereto;</p></item><item><p>“pupil” and “school” have the meanings assigned to them by section 114 of the Education Act 1944<noteRef href="#f00006" class="footnote" marker="6"/>;</p></item><item><p>“qualified teacher” means a person who, by virtue of the regulations<noteRef href="#f00007" class="footnote" marker="7"/> relating to the employment of teachers from time to time in force under section 218 of the Education Reform Act 1988<noteRef href="#f00008" class="footnote" marker="8"/>, is qualified to be employed as a teacher at a school of the kind described in subsection (12) of that section;</p></item><item><p>“registered inspector” has the meaning assigned to that term by section 18(1) of the Education (Schools) Act 1992<noteRef href="#f00009" class="footnote" marker="9"/>;</p></item><item><p>“special school” has the meaning assigned to it by section 182(1) of the Education Act 1993;</p></item><item><p>“special educational needs” has the meaning assigned to it by section 156(1) of the Education Act 1993;</p></item><item><p>“standard task assessment” has the meaning assigned to it by regulation 5 of the Education (National Curriculum) (Assessment Arrangements for English, Welsh, Mathematics and Science) (Key Stage 1) (Wales) Order 1995<noteRef href="#f00010" class="footnote" marker="10"/>;</p></item><item><p>“youth and community worker” means a person employed in connection with leisure-time facilities, other than in a solely administrative, secretarial, clerical or manual capacity.</p></item></blockList></content></paragraph><paragraph eId="regulation-2-2"><num>2</num><content><p>In these Regulations a reference to a regulation is a reference to a regulation contained herein, a reference in a regulation to a paragraph is a reference to a paragraph of that regulation, and a reference to the Schedule is a reference to the Schedule to these Regulations.</p></content></paragraph></hcontainer><hcontainer name="regulation" eId="regulation-3"><num>3</num><heading>Expenditure in respect of which grants are payable</heading><content><p>Grants shall only be payable in respect of prescribed expenditure incurred or to be incurred in a financial year to the extent to which that expenditure is approved for that year by the Secretary of State for the purposes of these Regulations.</p></content></hcontainer><hcontainer name="regulation" eId="regulation-4"><num>4</num><heading>Grants in respect of payments to third parties</heading><intro><p>Where—</p></intro><subparagraph eId="regulation-4-a"><num>a</num><content><p>an education authority incurs expenditure in making payments, whether by way of maintenance, assistance or otherwise, to any other body or persons (including another education authority) who incur expenditure for or in connection with educational purposes, and</p></content></subparagraph><subparagraph eId="regulation-4-b"><num>b</num><content><p>that expenditure of the recipient of the payments or any part thereof would be prescribed expenditure if it were expenditure of the authority,</p></content></subparagraph><wrapUp><p>such payments shall to that extent be treated as prescribed expenditure for the purposes of these Regulations.</p></wrapUp></hcontainer><hcontainer name="regulation" eId="regulation-5"><num>5</num><heading>Rate of Grant</heading><content><p>Grants in respect of approved expenditure incurred on or after 1st April 1996 shall be payable at the rate of 60 per cent of such expenditure.</p></content></hcontainer><hcontainer name="P1group" eId="d4e293"><heading>Conditions for payment of grant</heading><hcontainer name="regulation" eId="regulation-6"><num>6</num><paragraph eId="regulation-6-1"><num>1</num><content><p>No payment of grant shall be made except in response to an application in writing from an education authority to the Secretary of State, authenticated by the officer of the authority responsible for the administration of their financial affairs or his deputy.</p></content></paragraph><paragraph eId="regulation-6-2"><num>2</num><content><p>Applications for the payment of grant which relate to expenditure incurred on or after 1st April 1996 shall relate to expenditure over one or more of the periods specified in paragraph (3) and shall specify the approved expenditure in respect of which grant is applied for which has been or which it is estimated will be incurred by the education authority during each such period.</p></content></paragraph><paragraph eId="regulation-6-3"><num>3</num><intro><p>The periods referred to in paragraphs (2), (4), (5) and (6) are—</p></intro><subparagraph eId="regulation-6-3-a"><num>a</num><content><p>1st April to 31st July;</p></content></subparagraph><subparagraph eId="regulation-6-3-b"><num>b</num><content><p>1st August to 31st December;</p></content></subparagraph><subparagraph eId="regulation-6-3-c"><num>c</num><content><p>1st January to 31st March.</p></content></subparagraph></paragraph><paragraph eId="regulation-6-4"><num>4</num><content><p>Where an application relating to approved expenditure which has been or which it is estimated will be incurred during the period commencing on 1st January in any year is submitted under paragraph (1) above, such payment as the Secretary of State may determine but not exceeding three-quarters of the grant applied for in respect of that expenditure may be made forthwith, but no further payment of grant shall be made in respect of that expenditure until a statement has been submitted in accordance with paragraph (5)(a).</p></content></paragraph><paragraph eId="regulation-6-5"><num>5</num><intro><p>Each education authority which has received or seeks to receive a payment of grant in respect of expenditure incurred during any financial year shall, before 31 July in the following financial year or as soon as practicable after that date—</p></intro><subparagraph eId="regulation-6-5-a"><num>a</num><content><p>submit to the Secretary of State a statement which shall specify the approved expenditure in respect of which grant has been or is being applied for which has been incurred by the education authority during that year; and</p></content></subparagraph><subparagraph eId="regulation-6-5-b"><num>b</num><content><p>secure the submission to the Secretary of State of a certificate signed by the auditor appointed by the Audit Commission for Local Authorities and the National Health Service in England and Wales to audit the accounts of the authority or any auditor qualified for such appointment by virtue of section 13(5), (5A) and (6) of the Local Government Finance Act 1982<noteRef href="#f00011" class="footnote" marker="11"/> certifying that in his opinion the particulars stated in the statement submitted by the authority pursuant to this paragraph are fairly stated and that the expenditure incurred was approved for the purposes of section 1 of <abbr title="Education (Grants and Awards) Act 1984 c. 11" xml:lang="">the Act</abbr>.</p></content></subparagraph></paragraph><paragraph eId="regulation-6-6"><num>6</num><content><p>No payment of grant shall be made in respect of expenditure incurred by an education authority in the period beginning on 1st August in any year or any subsequent period if grant was paid to the authority in respect of expenditure in the previous financial year but the Secretary of State has not yet received the auditor’s certificate referred to in paragraph (5)(b) for that year.</p></content></paragraph><paragraph eId="regulation-6-7"><num>7</num><content><p>Any under-payment or over-payment of grant which remains outstanding following receipt of the auditor’s certificate referred to in paragraph (5)(b) shall, without prejudice to the recovery of any over-payment from any subsequent payment of grant to the education authority, be adjusted by payment between the authority and the Secretary of State.</p></content></paragraph></hcontainer><hcontainer name="regulation" eId="regulation-7"><num>7</num><content><p>Where at the time of approving expenditure for the purpose of these Regulations, the Secretary of State requests information in respect of any purpose listed in the Schedule hereto, payment of grant in respect of that purpose shall be conditional on that information being included in the education authority’s application for payment of grant.</p></content></hcontainer><hcontainer name="regulation" eId="regulation-8"><num>8</num><paragraph eId="regulation-8-1"><num>1</num><content><p>The Secretary of State may from time to time determine further conditions on the fulfilment of which the making of any payment in pursuance of the Regulations shall be dependent.</p></content></paragraph><paragraph eId="regulation-8-2"><num>2</num><content><p>Where conditions have been determined in pursuance of this regulation no grant shall be payable unless such conditions have either been fulfilled or been withdrawn in pursuance of paragraph (3).</p></content></paragraph><paragraph eId="regulation-8-3"><num>3</num><content><p>The Secretary of State may determine to withdraw or, after consulting the education authority, vary conditions determined in pursuance of this regulation.</p></content></paragraph></hcontainer></hcontainer><hcontainer name="P1group" eId="d4e405"><heading>Requirements to be complied with</heading><hcontainer name="regulation" eId="regulation-9"><num>9</num><content><p>Any education authority to whom a payment of grant has been made shall, if so required by the Secretary of State, furnish him with such further information as may be required to enable him to verify that any grant paid has been properly paid under these Regulations.</p></content></hcontainer><hcontainer name="regulation" eId="regulation-10"><num>10</num><content><p>Any education authority to whom a payment of grant has been made shall comply with such requirements (including requirements as to the repayment of grant or the payment to the Secretary of State of other sums related to the value of assets acquired, provided or improved with the aid of grant or interest on sums due to him) as may be determined by the Secretary of State in the case in question.</p></content></hcontainer><hcontainer name="regulation" eId="regulation-11"><num>11</num><paragraph eId="regulation-11-1"><num>1</num><intro><p>The Secretary of State may require any education authority to whom a payment of grant in respect of items 1 to 5, 9 to 11 and 14 to 16 in the Schedule is made to delegate decisions about the spending of—</p></intro><subparagraph eId="regulation-11-1-a"><num>a</num><content><p>such grant, and</p></content></subparagraph><subparagraph eId="regulation-11-1-b"><num>b</num><content><p>the amount allocated by the authority to meet the prescribed expenditure approved in accordance with regulation 3,</p></content></subparagraph><wrapUp><p>to the governing body of a maintained school.</p></wrapUp></paragraph><paragraph eId="regulation-11-2"><num>2</num><content><p>The Secretary of State may determine to withdraw or, after consulting the education authority, vary requirements determined in pursuance of this regulation.</p></content></paragraph></hcontainer></hcontainer><hcontainer name="regulation" eId="regulation-12"><num>12</num><heading>Revocation and transitional provisions</heading><content><p>The Education (Grants for Education Support and Training) (Wales) Regulations 1995<noteRef href="#f00012" class="footnote" marker="12"/> are hereby revoked, but nothing in this regulation shall prevent the Secretary of State from making payments of grant authorised by those Regulations in respect of expenditure incurred on or before 31st March 1996 or affect any condition or requirement determined by or in accordance with any of the Regulations so revoked.</p></content></hcontainer><hcontainer name="schedules" eId="d4e461"><hcontainer name="schedule" eId="schedule"><num>SCHEDULE<authorialNote class="referenceNote" placement="right"><p>Regulations 2 and 3</p></authorialNote></num><heading>PURPOSES FOR OR IN CONNECTION WITH WHICH GRANTS ARE PAYABLE</heading><paragraph eId="schedule-paragraph-1"><num>1</num><intro><p>The provision of—</p></intro><paragraph eId="schedule-paragraph-1-a"><num>a</num><content><p>support and training for the implementation and administration of schemes for financing county schools, voluntary schools and special schools maintained by local education authorities made under section 33 of the Education Reform Act 1988<noteRef href="#f00013" class="footnote" marker="13"/>;</p></content></paragraph><paragraph eId="schedule-paragraph-1-b"><num>b</num><content><p>training in management and leadership skills of teachers and those employed in schools as secretaries, bursars and in other administration capacities;</p></content></paragraph><paragraph eId="schedule-paragraph-1-c"><num>c</num><content><p>training of head teachers as mentors;</p></content></paragraph><paragraph eId="schedule-paragraph-1-d"><num>d</num><content><p>support and training for school governors in management and leadership skills;</p></content></paragraph><paragraph eId="schedule-paragraph-1-e"><num>e</num><content><p>support, training, books and equipment to assist schools with the implementation of the National Curriculum;</p></content></paragraph><paragraph eId="schedule-paragraph-1-f"><num>f</num><content><p>support, training, books and equipment with a view to raising standards of attainment of pupils in the subjects of mathematics, English, science, Welsh, technology, physical education, history, geography, art, music, modern foreign languages and religious education;</p></content></paragraph><paragraph eId="schedule-paragraph-1-g"><num>g</num><content><p>support, training, books and equipment with a view to raising standards of attainment of pupils in General Certificate of Education Advanced Level and Advanced Supplementary Examinations;</p></content></paragraph><paragraph eId="schedule-paragraph-1-h"><num>h</num><content><p>information technology and telecommunications equipment, programmes and data, and training in the use of such equipment, programmes and data to enhance teaching and learning in all curriculum subjects;</p></content></paragraph><paragraph eId="schedule-paragraph-1-i"><num>i</num><content><p>training for school governors and persons employed in schools in the skills required to enable them to set targets, improve development plans and to set objectives for enhanced school performance in all the subjects of the curriculum, and to address any weaknesses identified in a report of an inspection carried out by a member of the Inspectorate or a registered inspector.</p></content></paragraph></paragraph><paragraph eId="schedule-paragraph-2"><num>2</num><paragraph eId="schedule-paragraph-2-a"><num>a</num><content><p>The implementation in schools in Wales of the arrangements for assessing pupils in relation to National Curriculum attainment targets under Chapter I of Part I of the Education Reform Act 1988.</p></content></paragraph><paragraph eId="schedule-paragraph-2-b"><num>b</num><intro><p>The provision of additional staff to assist schools for the period during which teachers are administering and marking—</p></intro><subparagraph eId="schedule-paragraph-2-b-i"><num>i</num><content><p>NC tasks in respect of the second and third key stages in accordance with the requirements of the Education (National Curriculum) (Assessment Arrangements for English, Welsh, Mathematics and Science) (Key Stage 2) (Wales) Order 1995 and the Education (National Curriculum) (Assessment Arrangements for English, Welsh, Mathematics and Science) (Key Stage 3) (Wales) Order 1995; and</p></content></subparagraph><subparagraph eId="schedule-paragraph-2-b-ii"><num>ii</num><content><p>standard task assessments and further assessments in respect of the first key stage in accordance with the requirements of the Education (National Curriculum) (Assessment Arrangements for English, Welsh, Mathematics and Science) (Key Stage 1) Order 1995.</p></content></subparagraph></paragraph></paragraph><paragraph eId="schedule-paragraph-3"><num>3</num><content><p>Support for schemes to improve the teaching of literacy and numeracy in primary schools.</p></content></paragraph><paragraph eId="schedule-paragraph-4"><num>4</num><content><p>The training, further training and professional development of teachers with a view, in particular, to raising standards in the core subjects of the National Curriculum.</p></content></paragraph><paragraph eId="schedule-paragraph-5"><num>5</num><content><p>The training of teachers to teach, through the medium of Welsh, subjects required to be taught under the National Curriculum.</p></content></paragraph><paragraph eId="schedule-paragraph-6"><num>6</num><content><p>The training of teachers of, and other staff with responsibility for, children with special educational needs employed in maintained schools in Wales.</p></content></paragraph><paragraph eId="schedule-paragraph-7"><num>7</num><content><p>Support and training for governors of maintained schools in Wales and for those employed in such schools as teachers and in other capacities, in developing policies for pupils with special educational needs.</p></content></paragraph><paragraph eId="schedule-paragraph-8"><num>8</num><content><p>Support for education authorities in identifying named persons.</p></content></paragraph><paragraph eId="schedule-paragraph-9"><num>9</num><content><p>Support for qualified teachers who are newly qualified.</p></content></paragraph><paragraph eId="schedule-paragraph-10"><num>10</num><content><p>The training of persons granted a licence or authorisation to teach by the Secretary of State under regulations for the time being in force under section 218(3)<noteRef href="#f00014" class="footnote" marker="14"/> of the Education Reform Act 1988 to enable them to become qualified teachers.</p></content></paragraph><paragraph eId="schedule-paragraph-11"><num>11</num><content><p>Support for schools in Wales which are preparing for the introduction of vocational courses leading to General National Vocational Qualifications, including the provision of training, books and equipment.</p></content></paragraph><paragraph eId="schedule-paragraph-12"><num>12</num><content><p>Action to improve rates of attendance in schools in Wales and to improve provision for pupils whose behaviour poses difficulties for such schools.</p></content></paragraph><paragraph eId="schedule-paragraph-13"><num>13</num><content><p>The training of persons employed as youth and community workers.</p></content></paragraph><paragraph eId="schedule-paragraph-14"><num>14</num><content><p>Training for teachers with responsibility for child protection in schools in Wales.</p></content></paragraph><paragraph eId="schedule-paragraph-15"><num>15</num><content><p>Training for careers teachers, and training for other teachers in the provision of careers advice and guidance in schools in Wales.</p></content></paragraph><paragraph eId="schedule-paragraph-16"><num>16</num><content><p>Training for teachers with responsibility for providing health and sex education in schools in Wales, particularly related to the misuse of drugs.</p></content></paragraph><paragraph eId="schedule-paragraph-17"><num>17</num><content><p>The improvement of the planning and co-ordination of educational provision in Wales for children aged under five.</p></content></paragraph><paragraph eId="schedule-paragraph-18"><num>18</num><content><p>Projects in Wales to encourage the integration of pupils with special educational needs into schools that are not special schools.</p></content></paragraph><paragraph eId="schedule-paragraph-19"><num>19</num><content><p>Projects to improve levels of literacy of families in Wales by encouraging parents to assist their children with learning to read and write.</p></content></paragraph><paragraph eId="schedule-paragraph-20"><num>20</num><content><p>Training for teachers and other persons employed to work in schools in Wales with children under the age of five.</p></content></paragraph></hcontainer><wrapUp><blockContainer class="signatures"><block name="signature"><signature><person refersTo="#ref-d4e675">William Hague</person><role refersTo="#ref-d4e677">Secretary of State for Wales</role><date date="1996-02-16">16th February 1996</date></signature></block></blockContainer></wrapUp></hcontainer></body><conclusions><blockContainer class="ExplanatoryNotes"><intro><p>(This note is not part of the Regulations)</p></intro><p><authorialNote><p>These Regulations, which apply only in Wales, supersede the Education (Grants for Education Support and Training) (Wales) Regulations 1995, which are revoked.</p><p>Regulation 11 is new. It gives the Secretary of State power to require local education authorities to delegate decisions about the spending of grant to the governing body of a maintained school.</p><p>The purposes for, or in connection with which, grants are payable set out in the Schedule have been revised. A number of purposes have been deleted or amended and items 1(e) (f) (g) and (i) 3, 4, 8 and 16 have been added.</p></authorialNote></p></blockContainer></conclusions></act></akomaNtoso>