<akomaNtoso xmlns:xsi="http://www.w3.org/2001/XMLSchema-instance" xmlns="http://docs.oasis-open.org/legaldocml/ns/akn/3.0" xsi:schemaLocation="http://docs.oasis-open.org/legaldocml/ns/akn/3.0 http://docs.oasis-open.org/legaldocml/akn-core/v1.0/cos01/part2-specs/schemas/akomantoso30.xsd"><act name="UnitedKingdomStatutoryInstrument"><meta><identification source="#source"><FRBRWork><FRBRthis value="http://www.legislation.gov.uk/id/uksi/1996/497"/><FRBRuri value="http://www.legislation.gov.uk/id/uksi/1996/497"/><FRBRdate date="1996-02-23" name="made"/><FRBRauthor href="http://www.legislation.gov.uk/id/government/uk"/><FRBRcountry value="GB-UKM"/><FRBRsubtype value="regulation"/><FRBRnumber value="497"/><FRBRname value="S.I. 1996/497 (S. 46)"/><FRBRprescriptive value="true"/></FRBRWork><FRBRExpression><FRBRthis value="http://www.legislation.gov.uk/uksi/1996/497/made"/><FRBRuri value="http://www.legislation.gov.uk/uksi/1996/497/made"/><FRBRdate date="1996-02-23" name="made"/><FRBRauthor href="#source"/><FRBRlanguage language="eng"/></FRBRExpression><FRBRManifestation><FRBRthis value="http://www.legislation.gov.uk/uksi/1996/497/made/data.akn"/><FRBRuri value="http://www.legislation.gov.uk/uksi/1996/497/made/data.akn"/><FRBRdate date="2021-07-26+01:00" name="transform"/><FRBRauthor href="http://www.legislation.gov.uk"/><FRBRformat value="application/akn+xml"/></FRBRManifestation></identification><classification source="#source"><keyword value="meat" showAs="Meat" dictionary="http://www.legislation.gov.uk"/><keyword value="food hygiene" showAs="Food hygiene" dictionary="http://www.legislation.gov.uk"/><keyword value="food safety" showAs="Food safety" dictionary="http://www.legislation.gov.uk"/><keyword value="food" showAs="FOOD" dictionary="http://www.legislation.gov.uk"/></classification><lifecycle source="#source"><eventRef date="1996-02-23" type="generation" eId="made-date" source="#source"/><eventRef date="1996-03-08" eId="laid-date-1" source="#source"/><eventRef date="1996-03-31" eId="coming-into-force-date-1" source="#source"/></lifecycle><references source="#source"><TLCOrganization eId="source" href="http://www.legislation.gov.uk/id/publisher/KingsOrQueensPrinterOfActsOfParliament" showAs="Queen's Printer of Acts of Parliament"/><TLCLocation eId="standrew’shouse" href="/ontology/location/uk.StAndrew’sHouse" showAs="St Andrew’s House,"/><TLCLocation eId="edinburgh" href="/ontology/location/uk.Edinburgh" showAs="Edinburgh"/><TLCRole eId="ref-d4e116" href="/ontology/role/uk.Parliamentary Under Secretary of State, Scottish Office" showAs="Parliamentary Under Secretary of State, Scottish Office"/><TLCPerson eId="ref-d4e114" href="/ontology/persons/uk.Lindsay" showAs="Lindsay"/><TLCConcept href="/uk/subject/food" showAs="FOOD" eId="d4e62"/></references><notes source="#source"><note class="footnote" eId="f00001"><p><ref href="http://www.legislation.gov.uk/id/ukpga/1990/16">1990 c. 16</ref>; “the Minister” is defined in section 4(1) of the Act.</p></note><note class="footnote" eId="f00002"><p><abbr class="Acronym" title="Statutory Instrument">S.I.</abbr><ref href="http://www.legislation.gov.uk/id/uksi/1963/2001">1963/2001</ref>; amended by <abbr class="Acronym" title="Statutory Instrument">S.I.</abbr><ref href="http://www.legislation.gov.uk/id/uksi/1967/1507">1967/1507</ref>, <ref href="http://www.legislation.gov.uk/id/uksi/1978/1273">1978/1273</ref>, <ref href="http://www.legislation.gov.uk/id/uksi/1985/1068">1985/1068</ref> and <ref href="http://www.legislation.gov.uk/id/uksi/1990/2625">1990/2625</ref>.</p></note><note class="footnote" eId="f00003"><p><abbr class="Acronym" title="Statutory Instrument">S.I.</abbr><ref href="http://www.legislation.gov.uk/id/uksi/1967/1507">1967/1507</ref>.</p></note></notes><proprietary xmlns:ukl="http://www.legislation.gov.uk/namespaces/legislation" xmlns:ukm="http://www.legislation.gov.uk/namespaces/metadata" xmlns:dc="http://purl.org/dc/elements/1.1/" xmlns:dct="http://purl.org/dc/terms/" xmlns:atom="http://www.w3.org/2005/Atom" source="#source"><dc:identifier>http://www.legislation.gov.uk/uksi/1996/497/made</dc:identifier><dc:title>The Food (Preparation and Distribution of Meat) (Scotland) Revocation Regulations 1996</dc:title><dc:subject>Meat</dc:subject><dc:subject>Food hygiene</dc:subject><dc:subject>Food safety</dc:subject><dc:publisher>Queen's Printer of Acts of Parliament</dc:publisher><dc:modified>2011-07-04</dc:modified><dc:subject scheme="SIheading">FOOD</dc:subject><dc:description>These Regulations revoke the Food (Preparation and Distribution of Meat) (Scotland) Regulations 1963 (“the 1963 Regulations”).</dc:description><atom:link rel="self" href="http://www.legislation.gov.uk/uksi/1996/497/made/data.xml" type="application/xml"/><atom:link rel="http://www.legislation.gov.uk/def/navigation/resources" href="http://www.legislation.gov.uk/uksi/1996/497/resources" title="More Resources"/><atom:link rel="http://www.legislation.gov.uk/def/navigation/act" href="http://www.legislation.gov.uk/uksi/1996/497/made" title="whole act"/><atom:link rel="http://www.legislation.gov.uk/def/navigation/introduction" href="http://www.legislation.gov.uk/uksi/1996/497/introduction/made" title="introduction"/><atom:link rel="http://www.legislation.gov.uk/def/navigation/signature" href="http://www.legislation.gov.uk/uksi/1996/497/signature/made" title="signature"/><atom:link rel="http://www.legislation.gov.uk/def/navigation/note" href="http://www.legislation.gov.uk/uksi/1996/497/note/made" title="note"/><atom:link rel="http://www.legislation.gov.uk/def/navigation/body" href="http://www.legislation.gov.uk/uksi/1996/497/body/made" title="body"/><atom:link rel="alternate" type="application/rdf+xml" href="http://www.legislation.gov.uk/uksi/1996/497/made/data.rdf" title="RDF/XML"/><atom:link rel="alternate" type="application/akn+xml" href="http://www.legislation.gov.uk/uksi/1996/497/made/data.akn" title="AKN"/><atom:link rel="alternate" type="application/xhtml+xml" href="http://www.legislation.gov.uk/uksi/1996/497/made/data.xht" title="HTML snippet"/><atom:link rel="alternate" type="application/pdf" href="http://www.legislation.gov.uk/uksi/1996/497/made/data.pdf" title="PDF"/><atom:link rel="alternate" type="application/akn+xhtml" href="http://www.legislation.gov.uk/uksi/1996/497/made/data.html" title="HTML5 snippet"/><atom:link rel="http://purl.org/dc/terms/tableOfContents" hreflang="en" href="http://www.legislation.gov.uk/uksi/1996/497/contents/made" title="Table of Contents"/><ukm:SecondaryMetadata><ukm:DocumentClassification><ukm:DocumentCategory Value="secondary"/><ukm:DocumentMainType Value="UnitedKingdomStatutoryInstrument"/><ukm:DocumentStatus Value="final"/><ukm:DocumentMinorType Value="regulation"/></ukm:DocumentClassification><ukm:Year Value="1996"/><ukm:Number Value="497"/><ukm:AlternativeNumber Category="S" Value="46"/><ukm:Made Date="1996-02-23"/><ukm:Laid Date="1996-03-08" Class="UnitedKingdomParliament"/><ukm:ComingIntoForce><ukm:DateTime Date="1996-03-31"/></ukm:ComingIntoForce><ukm:ISBN Value="0110553020"/></ukm:SecondaryMetadata><ukm:Statistics><ukm:TotalParagraphs Value="2"/><ukm:BodyParagraphs Value="2"/><ukm:ScheduleParagraphs Value="0"/><ukm:AttachmentParagraphs Value="0"/><ukm:TotalImages Value="0"/></ukm:Statistics></proprietary></meta><preface><p class="number"><docNumber>1996 No. 497 (S.46)</docNumber></p><block name="subject"><concept class="title" refersTo="#d4e62">FOOD</concept></block><p class="title"><shortTitle>The Food (Preparation and Distribution of Meat) (Scotland) Revocation Regulations 1996</shortTitle></p><p class="MadeDate"><span>Made</span><docDate date="1996-02-23">23rd February 1996</docDate></p><p class="LaidDate"><span>Laid before Parliament</span><docDate date="1996-03-08">8th March 1996</docDate></p><p class="ComingIntoForce"><span>Coming into force</span><docDate date="1996-03-31">31st March 1996</docDate></p></preface><preamble><formula name="EnactingText"><p>The Secretary of State, in exercise of the powers conferred on him by sections 16(1)(b), (d) and (f) and (3), 26(1) and 48(1) of, and paragraphs 5 and 6 of Schedule 1 to, the Food Safety Act 1990<noteRef href="#f00001" class="footnote" marker="1"/>, and of all other powers enabling him in that behalf, after consultation in accordance with section 48(4) of that Act with such organisations as appear to him to be representative of interests likely to be substantially affected by the Regulations, hereby makes the following Regulations:</p></formula></preamble><body><hcontainer name="regulation" eId="regulation-1"><num>1</num><heading>Citation and commencement</heading><content><p>These Regulations may be cited as the Food (Preparation and Distribution of Meat) (Scotland) Revocation Regulations 1996 and shall come into force on 31st March 1996.</p></content></hcontainer><hcontainer name="regulation" eId="regulation-2"><num>2</num><heading>Revocation</heading><content><p>The Food (Preparation and Distribution of Meat) (Scotland) Regulations 1963<noteRef href="#f00002" class="footnote" marker="2"/> and the Food (Preparation and Distribution of Meat) (Scotland) Amendment Regulations 1967<noteRef href="#f00003" class="footnote" marker="3"/> are revoked.</p></content></hcontainer><hcontainer name="signatures"><content><block name="signature"><signature><person refersTo="#ref-d4e114">Lindsay</person><role refersTo="#ref-d4e116">Parliamentary Under Secretary of State, Scottish Office</role><location refersTo="#standrew’shouse">St Andrew’s House,</location><location refersTo="#edinburgh">Edinburgh</location><date date="1996-02-23">23rd February 1996</date></signature></block></content></hcontainer></body><conclusions><blockContainer class="ExplanatoryNotes"><intro><p>(This note is not part of the Regulations)</p></intro><p><authorialNote><p>These Regulations revoke the Food (Preparation and Distribution of Meat) (Scotland) Regulations 1963 (“the 1963 Regulations”).</p><p>The 1963 Regulations originally controlled the construction, equipment and maintenance of slaughterhouses and meat markets. Provisions to ensure the hygienic handling of fresh meat up to the point of retail sale were also included.</p><p>The measures specifically relating to slaughterhouses were revoked by the Slaughterhouse Hygiene (Scotland) Regulations 1978 (<abbr class="Acronym" title="Statutory Instrument">S.I.</abbr><ref href="http://www.legislation.gov.uk/id/uksi/1978/1273">1978/1273</ref>), now replaced by the Fresh Meat (Hygiene and Inspection) Regulations 1995 (<abbr class="Acronym" title="Statutory Instrument">S.I.</abbr><ref href="http://www.legislation.gov.uk/id/uksi/1995/539">1995/539</ref>), but the provisions which apply to meat markets, meat handlers and distribution of meat still remain in force.</p><p>These remaining provisions have now been superseded by more recent legislation applicable to Great Britain. In particular all premises involved in the wholesale meat trade are now licensed by the Secretary of State under the powers conferred by the Fresh Meat (Hygiene and Inspection) Regulations 1995, the Poultry Meat, Farmed Game Bird Meat and Rabbit Meat (Hygiene and Inspection) Regulations 1995 (<abbr class="Acronym" title="Statutory Instrument">S.I.</abbr><ref href="http://www.legislation.gov.uk/id/uksi/1995/540">1995/540</ref>) or the Wild Game Meat (Hygiene and Inspection) Regulations 1995 (<abbr class="Acronym" title="Statutory Instrument">S.I.</abbr><ref href="http://www.legislation.gov.uk/id/uksi/1995/2148">1995/2148</ref>) as appropriate. Distribution of meat and retail outlets dealing with fresh meat are subject to the provisions of the Food Safety (General Food Hygiene) Regulations 1995 (<abbr class="Acronym" title="Statutory Instrument">S.I.</abbr><ref href="http://www.legislation.gov.uk/id/uksi/1995/1763">1995/1763</ref>). The 1963 Regulations therefore no longer serve any useful regulatory purpose.</p></authorialNote></p></blockContainer></conclusions></act></akomaNtoso>