<akomaNtoso xmlns:xsi="http://www.w3.org/2001/XMLSchema-instance" xmlns="http://docs.oasis-open.org/legaldocml/ns/akn/3.0" xsi:schemaLocation="http://docs.oasis-open.org/legaldocml/ns/akn/3.0 http://docs.oasis-open.org/legaldocml/akn-core/v1.0/cos01/part2-specs/schemas/akomantoso30.xsd"><act name="UnitedKingdomStatutoryInstrument"><meta><identification source="#source"><FRBRWork><FRBRthis value="http://www.legislation.gov.uk/id/uksi/1996/61"/><FRBRuri value="http://www.legislation.gov.uk/id/uksi/1996/61"/><FRBRdate date="1996-01-15" name="made"/><FRBRauthor href="http://www.legislation.gov.uk/id/government/uk"/><FRBRcountry value="GB-UKM"/><FRBRsubtype value="order"/><FRBRnumber value="61"/><FRBRname value="S.I. 1996/61"/><FRBRprescriptive value="true"/></FRBRWork><FRBRExpression><FRBRthis value="http://www.legislation.gov.uk/uksi/1996/61/made"/><FRBRuri value="http://www.legislation.gov.uk/uksi/1996/61/made"/><FRBRdate date="1996-01-15" name="made"/><FRBRauthor href="#source"/><FRBRlanguage language="eng"/></FRBRExpression><FRBRManifestation><FRBRthis value="http://www.legislation.gov.uk/uksi/1996/61/made/data.akn"/><FRBRuri value="http://www.legislation.gov.uk/uksi/1996/61/made/data.akn"/><FRBRdate date="2021-07-26+01:00" name="transform"/><FRBRauthor href="http://www.legislation.gov.uk"/><FRBRformat value="application/akn+xml"/></FRBRManifestation></identification><classification source="#source"><keyword value="fish (food)" showAs="Fish (food)" dictionary="http://www.legislation.gov.uk"/><keyword value="sea fisheries" showAs="SEA FISHERIES" dictionary="http://www.legislation.gov.uk"/></classification><lifecycle source="#source"><eventRef date="1996-01-15" type="generation" eId="made-date" source="#source"/><eventRef date="1996-01-16" eId="laid-date-1" source="#source"/><eventRef date="1996-02-06" eId="coming-into-force-date-1" source="#source"/></lifecycle><references source="#source"><TLCOrganization eId="source" href="http://www.legislation.gov.uk/id/publisher/KingsOrQueensPrinterOfActsOfParliament" showAs="Queen's Printer of Acts of Parliament"/><TLCRole eId="ref-d4e176" href="/ontology/role/uk.Minister of State, Ministry of Agriculture Fisheries and Food" showAs="Minister of State, Ministry of Agriculture Fisheries and Food"/><TLCPerson eId="ref-d4e174" href="/ontology/persons/uk.TonyBaldry" showAs="Tony Baldry"/><TLCConcept href="/uk/subject/sea-fisheries" showAs="SEA FISHERIES" eId="d4e56"/></references><notes source="#source"><note class="footnote" eId="f00001"><p><abbr class="Acronym" title="Statutory Instrument">S.I.</abbr><ref href="http://www.legislation.gov.uk/id/uksi/1966/792">1966/792</ref>; the Order was made in exercise of powers in Part III of the Sea Fisheries Act 1868(<ref href="http://www.legislation.gov.uk/id/ukpga/1868/45">1868 c. 45)</ref> as amended by sections 23 and 25 of the Sea Fish Industry Act 1962 (<ref href="http://www.legislation.gov.uk/id/ukpga/1962/31">1962 c. 31)</ref>; Part III of the 1868 Act was repealed by section 24(2) and Schedule 3 to the Sea Fisheries (Shellfish) Act 1967 (<ref href="http://www.legislation.gov.uk/id/ukpga/1967/83">1967 c. 83)</ref>; see section 24(3) of that Act as to the treatment of Orders made under legislation repealed by it.</p></note><note class="footnote" eId="f00002"><p><ref href="http://www.legislation.gov.uk/id/ukpga/1967/83">1967 c. 83</ref>; section 1 was amended by section 15(2) of the Sea Fisheries Act <ref href="http://www.legislation.gov.uk/id/ukpga/1968/77">1968 (c. 77)</ref> and paragraph 15 of Schedule 2 to the Fishery Limits Act <ref href="http://www.legislation.gov.uk/id/ukpga/1976/86">1976 (c. 86)</ref> and is to be read with section 15(3) to (5) of the Sea Fisheries Act 1968; Schedule 1 was amended by section 15(7) of the Sea Fisheries Act 1968; section 22(1) contains a definition of “the Minister”.</p></note></notes><proprietary xmlns:ukl="http://www.legislation.gov.uk/namespaces/legislation" xmlns:ukm="http://www.legislation.gov.uk/namespaces/metadata" xmlns:dc="http://purl.org/dc/elements/1.1/" xmlns:dct="http://purl.org/dc/terms/" xmlns:atom="http://www.w3.org/2005/Atom" source="#source"><dc:identifier>http://www.legislation.gov.uk/uksi/1996/61/made</dc:identifier><dc:title>The River Teign Mussel Fishery (Variation) (Oysters) Order 1996</dc:title><dc:subject>Fish (food)</dc:subject><dc:publisher>Queen's Printer of Acts of Parliament</dc:publisher><dc:modified>2011-07-04</dc:modified><dc:subject scheme="SIheading">SEA FISHERIES</dc:subject><dc:description>This Order, made under section 1 of the Sea Fisheries (Shellfish) Act 1967, varies the River Teign Mussel Fishery Order 1966 by conferring an additional right on the Teign Musselmen’s Society to regulate a fishery for oysters.</dc:description><atom:link rel="self" href="http://www.legislation.gov.uk/uksi/1996/61/made/data.xml" type="application/xml"/><atom:link rel="http://www.legislation.gov.uk/def/navigation/resources" href="http://www.legislation.gov.uk/uksi/1996/61/resources" title="More Resources"/><atom:link rel="http://www.legislation.gov.uk/def/navigation/act" href="http://www.legislation.gov.uk/uksi/1996/61/made" title="whole act"/><atom:link rel="http://www.legislation.gov.uk/def/navigation/introduction" href="http://www.legislation.gov.uk/uksi/1996/61/introduction/made" title="introduction"/><atom:link rel="http://www.legislation.gov.uk/def/navigation/signature" href="http://www.legislation.gov.uk/uksi/1996/61/signature/made" title="signature"/><atom:link rel="http://www.legislation.gov.uk/def/navigation/note" href="http://www.legislation.gov.uk/uksi/1996/61/note/made" title="note"/><atom:link rel="http://www.legislation.gov.uk/def/navigation/body" href="http://www.legislation.gov.uk/uksi/1996/61/body/made" title="body"/><atom:link rel="alternate" type="application/rdf+xml" href="http://www.legislation.gov.uk/uksi/1996/61/made/data.rdf" title="RDF/XML"/><atom:link rel="alternate" type="application/akn+xml" href="http://www.legislation.gov.uk/uksi/1996/61/made/data.akn" title="AKN"/><atom:link rel="alternate" type="application/xhtml+xml" href="http://www.legislation.gov.uk/uksi/1996/61/made/data.xht" title="HTML snippet"/><atom:link rel="alternate" type="application/pdf" href="http://www.legislation.gov.uk/uksi/1996/61/made/data.pdf" title="PDF"/><atom:link rel="alternate" type="application/akn+xhtml" href="http://www.legislation.gov.uk/uksi/1996/61/made/data.html" title="HTML5 snippet"/><atom:link rel="http://purl.org/dc/terms/tableOfContents" hreflang="en" href="http://www.legislation.gov.uk/uksi/1996/61/contents/made" title="Table of Contents"/><ukm:SecondaryMetadata><ukm:DocumentClassification><ukm:DocumentCategory Value="secondary"/><ukm:DocumentMainType Value="UnitedKingdomStatutoryInstrument"/><ukm:DocumentStatus Value="final"/><ukm:DocumentMinorType Value="order"/></ukm:DocumentClassification><ukm:Year Value="1996"/><ukm:Number Value="61"/><ukm:Made Date="1996-01-15"/><ukm:Laid Date="1996-01-16" Class="UnitedKingdomParliament"/><ukm:ComingIntoForce><ukm:DateTime Date="1996-02-06"/></ukm:ComingIntoForce><ukm:ISBN Value="0110539435"/></ukm:SecondaryMetadata><ukm:Statistics><ukm:TotalParagraphs Value="3"/><ukm:BodyParagraphs Value="3"/><ukm:ScheduleParagraphs Value="0"/><ukm:AttachmentParagraphs Value="0"/><ukm:TotalImages Value="0"/></ukm:Statistics></proprietary></meta><preface><p class="number"><docNumber>1996 No. 61</docNumber></p><block name="subject"><concept class="title" refersTo="#d4e56">SEA FISHERIES</concept></block><p class="title"><shortTitle>The River Teign Mussel Fishery (Variation) (Oysters) Order 1996</shortTitle></p><p class="MadeDate"><span>Made</span><docDate date="1996-01-15">15th January 1996</docDate></p><p class="LaidDate"><span>Laid before Parliament</span><docDate date="1996-01-16">16th January 1996</docDate></p><p class="ComingIntoForce"><span>Coming into force</span><docDate date="1996-02-06">6th February 1996</docDate></p></preface><preamble><p>Whereas an application to vary the River Teign Mussel Fishery Order 1966<noteRef href="#f00001" class="footnote" marker="1"/> was made under section 1 of the Sea Fisheries (Shellfish) Act 1967<noteRef href="#f00002" class="footnote" marker="2"/> to the Minister of Agriculture, Fisheries and Food by the Teign Musselmen’s Society Limited (hereinafter referred to as “the Society”);</p><p>And whereas the Minister prepared a draft Order and served a copy of it on the Society in accordance with paragraph 1 of Schedule 1 to the Act;</p><p>And whereas the Society caused printed copies of the draft Order to be published and circulated, and gave notice of the application, in accordance with paragraph 2 of the said Schedule;</p><p>And whereas no objections to the proposed Order were received by the Minister;</p><formula name="EnactingText"><p>Now, therefore, the said Minister in exercise of the powers conferred on him by the said section 1 and of all other powers enabling him in that behalf, and with the consent of the Crown Estate Commissioners, hereby makes the following Order:</p></formula></preamble><body><article eId="article-1"><num>1</num><heading>Title and commencement</heading><content><p>This Order may be cited as the River Teign Mussel Fishery (Variation) (Oysters) Order 1996 and shall come into force on 6th February 1996.</p></content></article><article eId="article-2"><num>2</num><heading>Variation of the Principal Order</heading><paragraph eId="article-2-1"><num>1</num><content><p>The River Teign Mussel Fishery Order 1966 shall be varied in accordance with the following paragraphs of this article.</p></content></paragraph><paragraph eId="article-2-2"><num>2</num><intro><p>In article 2(1)—</p></intro><subparagraph eId="article-2-2-a"><num>a</num><content><p>after the word “mussels” there shall be inserted the words “and oysters”;</p></content></subparagraph><subparagraph eId="article-2-2-b"><num>b</num><content><p>for the words “60 ft” there shall be substituted the words “18.3 metres”; and</p></content></subparagraph><subparagraph eId="article-2-2-c"><num>c</num><content><p>for the words “385 acres” there shall be substituted the words “156 hectares”.</p></content></subparagraph></paragraph><paragraph eId="article-2-3"><num>3</num><content><p>In paragraphs (1) and (4) of article 3 after the words “mussels” wherever it occurs there shall be inserted the words “or oysters”.</p></content></paragraph><paragraph eId="article-2-4"><num>4</num><content><p>In article 4 for the words “10 shillings” wherever they occur there shall be substituted the words “£3”.</p></content></paragraph><paragraph eId="article-2-5"><num>5</num><content><p>For article 7 there shall be substituted the following new article—</p><p class="BlockAmendment"><mod><quotedStructure class="unknown unknown unknown default" startQuote="“" endQuote="”"><article eId="d4e163"><num>7</num><content><p>This order shall continue in operation for sixty years from the date of its coming into force and no longer.</p></content></article></quotedStructure></mod><inline name="AppendText">.</inline></p></content></paragraph></article><hcontainer name="signatures"><content><block name="signature"><signature><person refersTo="#ref-d4e174">Tony Baldry</person><role refersTo="#ref-d4e176">Minister of State, Ministry of Agriculture Fisheries and Food</role><date date="1996-01-15">15th January 1996</date></signature></block></content></hcontainer></body><conclusions><blockContainer class="ExplanatoryNotes"><intro><p>(This note is not part of the Order)</p></intro><p><authorialNote><p>This Order, made under section 1 of the Sea Fisheries (Shellfish) Act 1967, varies the River Teign Mussel Fishery Order 1966 by conferring an additional right on the Teign Musselmen’s Society to regulate a fishery for oysters.</p><p>The Order also increases to £3 the toll payable for a licence and updates imperial measurements by substituting their metric equivalents.</p></authorialNote></p></blockContainer></conclusions></act></akomaNtoso>