<akomaNtoso xmlns:xsi="http://www.w3.org/2001/XMLSchema-instance" xmlns="http://docs.oasis-open.org/legaldocml/ns/akn/3.0" xsi:schemaLocation="http://docs.oasis-open.org/legaldocml/ns/akn/3.0 http://docs.oasis-open.org/legaldocml/akn-core/v1.0/cos01/part2-specs/schemas/akomantoso30.xsd"><act name="UnitedKingdomStatutoryInstrument"><meta><identification source="#source"><FRBRWork><FRBRthis value="http://www.legislation.gov.uk/id/uksi/1996/481"/><FRBRuri value="http://www.legislation.gov.uk/id/uksi/1996/481"/><FRBRdate date="1996-02-29" name="made"/><FRBRauthor href="http://www.legislation.gov.uk/id/government/uk"/><FRBRcountry value="GB-UKM"/><FRBRsubtype value="regulation"/><FRBRnumber value="481"/><FRBRname value="S.I. 1996/481"/><FRBRprescriptive value="true"/></FRBRWork><FRBRExpression><FRBRthis value="http://www.legislation.gov.uk/uksi/1996/481/made"/><FRBRuri value="http://www.legislation.gov.uk/uksi/1996/481/made"/><FRBRdate date="1996-02-29" name="made"/><FRBRauthor href="#source"/><FRBRlanguage language="eng"/></FRBRExpression><FRBRManifestation><FRBRthis value="http://www.legislation.gov.uk/uksi/1996/481/made/data.akn"/><FRBRuri value="http://www.legislation.gov.uk/uksi/1996/481/made/data.akn"/><FRBRdate date="2021-07-26+01:00" name="transform"/><FRBRauthor href="http://www.legislation.gov.uk"/><FRBRformat value="application/akn+xml"/></FRBRManifestation></identification><classification source="#source"><keyword value="child support" showAs="Child support" dictionary="http://www.legislation.gov.uk"/><keyword value="family law;child support" showAs="FAMILY LAW;CHILD SUPPORT" dictionary="http://www.legislation.gov.uk"/><keyword value="social security" showAs="SOCIAL SECURITY" dictionary="http://www.legislation.gov.uk"/></classification><lifecycle source="#source"><eventRef date="1996-02-29" type="generation" eId="made-date" source="#source"/><eventRef date="1996-04-08" eId="coming-into-force-date-1" source="#source"/><eventRef date="2003-04-07" type="amendment" source="#source"/></lifecycle><references source="#source"><TLCOrganization eId="source" href="http://www.legislation.gov.uk/id/publisher/KingsOrQueensPrinterOfActsOfParliament" showAs="Queen's Printer of Acts of Parliament"/><TLCOrganization eId="ref-d4e291" href="/ontology/organization/uk.Department of Social Security" showAs="Department of Social Security"/><TLCRole eId="ref-d4e289" href="/ontology/role/uk.Parliamentary Under-Secretary of State," showAs="Parliamentary Under-Secretary of State,"/><TLCPerson eId="ref-d4e287" href="/ontology/persons/uk.A.J.B.Mitchell" showAs="A. J. B. Mitchell"/><TLCConcept href="/uk/subject/family-law" showAs="FAMILY LAW" eId="d4e60"/><TLCConcept href="/uk/subject/child-support" showAs="CHILD SUPPORT" eId="d4e62"/><TLCConcept href="/uk/subject/social-security" showAs="SOCIAL SECURITY" eId="d4e65"/></references><notes source="#source"><note class="footnote" eId="f00001"><p><ref href="http://www.legislation.gov.uk/id/ukpga/1991/48">1991 c. 48</ref>.</p></note><note class="footnote" eId="f00002"><p>Section 54 is cited because of the meaning ascribed to the word “prescribed”.</p></note><note class="footnote" eId="f00003"><p><ref href="http://www.legislation.gov.uk/id/ukpga/1992/5">1992 c. 5</ref>.</p></note><note class="footnote" eId="f00004"><p>Section 43(2) was amended by Schedule 2, paragraph 113 of the Social Security (Consequential Provisons) Act <ref href="http://www.legislation.gov.uk/id/ukpga/1992/6">1992 (c. 6)</ref>.</p></note><note class="footnote" eId="f00005"><p><em>See</em> section 173(1) of the Social Security Administration Act 1992.</p></note><note class="footnote" eId="f00006"><p><abbr class="Acronym" title="Statutory Instrument">S.I.</abbr><ref href="http://www.legislation.gov.uk/id/uksi/1992/1815">1992/1815</ref>.</p></note><note class="footnote" eId="f00007"><p><abbr class="Acronym" title="Statutory Instrument">S.I.</abbr><ref href="http://www.legislation.gov.uk/id/uksi/1987/1968">1987/1968</ref>; the relevant amending instruments are <abbr class="Acronym" title="Statutory Instrument">S.I.</abbr><ref href="http://www.legislation.gov.uk/id/uksi/1991/2284">1991/2284</ref>, <ref href="http://www.legislation.gov.uk/id/uksi/1992/1026">1992/1026</ref>, <ref href="http://www.legislation.gov.uk/id/uksi/1993/478">1993/478</ref>, <ref href="http://www.legislation.gov.uk/id/uksi/1993/495">495</ref> and <ref href="http://www.legislation.gov.uk/id/uksi/1993/2113">2113</ref> and <ref href="http://www.legislation.gov.uk/id/uksi/1994/2319">1994/2319</ref>.</p></note></notes><proprietary xmlns:ukl="http://www.legislation.gov.uk/namespaces/legislation" xmlns:ukm="http://www.legislation.gov.uk/namespaces/metadata" xmlns:dc="http://purl.org/dc/elements/1.1/" xmlns:dct="http://purl.org/dc/terms/" xmlns:atom="http://www.w3.org/2005/Atom" source="#source"><dc:identifier>http://www.legislation.gov.uk/uksi/1996/481/made</dc:identifier><dc:title>The Child Support (Maintenance Assessments and Special Cases) and Social Security (Claims and Payments) Amendment Regulations 1996</dc:title><dc:subject>Child support</dc:subject><dc:publisher>Queen's Printer of Acts of Parliament</dc:publisher><dc:modified>2016-01-07</dc:modified><dc:subject scheme="SIheading">FAMILY LAW;CHILD SUPPORT</dc:subject><dc:subject scheme="SIheading">SOCIAL SECURITY</dc:subject><dc:description>These Regulations amend the Child Support (Maintenance Assessments and Special Cases) Regulations 1992 to provide for an increase in the minimum amount of child support maintenance payable, and accordingly, by virtue of regulation 28 of those Regulations, of the amount payable by an absent parent in receipt of income support or other prescribed benefit. The amount is increased to 2 times 5 per cent of the income support personal allowance for a single claimant aged not less than 25. Consequential amendments are made to paragraph 7A of Schedule 9 of the Social Security (Claims and Payments) Regulations 1987, which deals with deductions from benefit and direct payment to third parties. In particular, provision is made that, in certain circumstances, the amount to be deducted is one half of the amount otherwise deductible.</dc:description><atom:link rel="self" href="http://www.legislation.gov.uk/uksi/1996/481/made/data.xml" type="application/xml"/><atom:link rel="http://www.legislation.gov.uk/def/navigation/resources" href="http://www.legislation.gov.uk/uksi/1996/481/resources" title="More Resources"/><atom:link rel="http://www.legislation.gov.uk/def/navigation/act" href="http://www.legislation.gov.uk/uksi/1996/481/made" title="whole act"/><atom:link rel="http://www.legislation.gov.uk/def/navigation/introduction" href="http://www.legislation.gov.uk/uksi/1996/481/introduction/made" title="introduction"/><atom:link rel="http://www.legislation.gov.uk/def/navigation/signature" href="http://www.legislation.gov.uk/uksi/1996/481/signature/made" title="signature"/><atom:link rel="http://www.legislation.gov.uk/def/navigation/note" href="http://www.legislation.gov.uk/uksi/1996/481/note/made" title="note"/><atom:link rel="http://www.legislation.gov.uk/def/navigation/body" href="http://www.legislation.gov.uk/uksi/1996/481/body/made" title="body"/><atom:link rel="alternate" type="application/rdf+xml" href="http://www.legislation.gov.uk/uksi/1996/481/made/data.rdf" title="RDF/XML"/><atom:link rel="alternate" type="application/akn+xml" href="http://www.legislation.gov.uk/uksi/1996/481/made/data.akn" title="AKN"/><atom:link rel="alternate" type="application/xhtml+xml" href="http://www.legislation.gov.uk/uksi/1996/481/made/data.xht" title="HTML snippet"/><atom:link rel="alternate" type="application/pdf" href="http://www.legislation.gov.uk/uksi/1996/481/made/data.pdf" title="PDF"/><atom:link rel="alternate" type="application/akn+xhtml" href="http://www.legislation.gov.uk/uksi/1996/481/made/data.html" title="HTML5 snippet"/><atom:link rel="http://purl.org/dc/terms/tableOfContents" hreflang="en" href="http://www.legislation.gov.uk/uksi/1996/481/contents/made" title="Table of Contents"/><atom:link rel="http://purl.org/dc/terms/hasVersion" href="http://www.legislation.gov.uk/uksi/1996/481/2003-04-07" title="2003-04-07"/><atom:link rel="http://purl.org/dc/terms/hasVersion" href="http://www.legislation.gov.uk/uksi/1996/481" title="current"/><ukm:SecondaryMetadata><ukm:DocumentClassification><ukm:DocumentCategory Value="secondary"/><ukm:DocumentMainType Value="UnitedKingdomStatutoryInstrument"/><ukm:DocumentStatus Value="final"/><ukm:DocumentMinorType Value="regulation"/></ukm:DocumentClassification><ukm:Year Value="1996"/><ukm:Number Value="481"/><ukm:Made Date="1996-02-29"/><ukm:ComingIntoForce><ukm:DateTime Date="1996-04-08"/></ukm:ComingIntoForce><ukm:ISBN Value="0110541693"/></ukm:SecondaryMetadata><ukm:Statistics><ukm:TotalParagraphs Value="6"/><ukm:BodyParagraphs Value="6"/><ukm:ScheduleParagraphs Value="0"/><ukm:AttachmentParagraphs Value="0"/><ukm:TotalImages Value="0"/></ukm:Statistics></proprietary></meta><preface><p class="number"><docNumber>1996 No. 481</docNumber></p><block name="subject"><concept class="title" refersTo="#d4e60">FAMILY LAW</concept><concept class="subtitle" refersTo="#d4e62">CHILD SUPPORT</concept></block><block name="subject"><concept class="title" refersTo="#d4e65">SOCIAL SECURITY</concept></block><p class="title"><shortTitle>The Child Support (Maintenance Assessments and Special Cases) and Social Security (Claims and Payments) Amendment Regulations 1996</shortTitle></p><p class="MadeDate"><span>Made</span><docDate date="1996-02-29">29th February 1996</docDate></p><p class="ComingIntoForce"><span>Coming into force</span><docDate date="1996-04-08">8th April 1996</docDate></p></preface><preamble><p>Whereas a draft of this instrument was laid before Parliament in accordance with section 52(2) of the Child Support Act 1991<noteRef href="#f00001" class="footnote" marker="1"/> and approved by resolution of each House of Parliament:</p><formula name="EnactingText"><p>Now, therefore, the Secretary of State for Social Security, in exercise of the powers conferred by sections 51, 52(4) and 54<noteRef href="#f00002" class="footnote" marker="2"/> of, and paragraphs 5 and 7 of Schedule 1 to, the Child Support Act 1991, section 5(1)(p) of the Social Security Administration Act 1992<noteRef href="#f00003" class="footnote" marker="3"/> as extended by section 43(2) of the Child Support Act 1991<noteRef href="#f00004" class="footnote" marker="4"/> and section 189(1) and (4) of the Social Security Administration Act 1992, and of all other powers enabling him in that behalf, after agreement by the Social Security Advisory Committee that the proposals in respect of these Regulations should not be referred to it<noteRef href="#f00005" class="footnote" marker="5"/>, hereby makes the following Regulations:</p></formula></preamble><body><hcontainer name="regulation" eId="regulation-1"><num>1</num><heading>Citation, commencement and interpretation</heading><paragraph eId="regulation-1-1"><num>1</num><content><p>These Regulations may be cited as the Child Support (Maintenance Assessments and Special Cases) and Social Security (Claims and Payments) Amendment Regulations 1996 and shall come into force on 8th April 1996.</p></content></paragraph><paragraph eId="regulation-1-2"><num>2</num><content><p>In these Regulations—</p><blockList class="unordered"><item><p>“<abbr title="Child Support Act 1991 c. 48" xml:lang="">the Act</abbr>” means the Child Support Act 1991;</p></item><item><p>“<abbr title="Child Support (Maintenance Assessments and Special Cases) Regulations 1992 (S.I. 1992/1815)" xml:lang="">Maintenance Assessments and Special Cases Regulations</abbr>” means the Child Support (Maintenance Assessments and Special Cases) Regulations 1992<noteRef href="#f00006" class="footnote" marker="6"/>;</p></item><item><p>“<abbr title="Social Security (Claims and Payments) Regulations 1987 (S.I. 1987/1968)" xml:lang="">Claims and Payments Regulations</abbr>” means the Social Security (Claims and Payments) Regulations 1987<noteRef href="#f00007" class="footnote" marker="7"/>.</p></item></blockList></content></paragraph></hcontainer><hcontainer name="regulation" eId="regulation-2"><num>2</num><heading>Amendment of regulation 13 of the <abbr title="Child Support (Maintenance Assessments and Special Cases) Regulations 1992 (S.I. 1992/1815)" xml:lang="">Maintenance Assessments and Special Cases Regulations</abbr></heading><paragraph eId="regulation-2-1"><num>1</num><content><p>Regulation 13 of the <abbr title="Child Support (Maintenance Assessments and Special Cases) Regulations 1992 (S.I. 1992/1815)" xml:lang="">Maintenance Assessments and Special Cases Regulations</abbr> shall be amended in accordance with the following provisions of this regulation.</p></content></paragraph><paragraph eId="regulation-2-2"><num>2</num><content><p>In paragraph (1) after the words “the minimum amount shall be” there shall be inserted the words “2 multiplied by”.</p></content></paragraph><paragraph eId="regulation-2-3"><num>3</num><content><p>In paragraph (2) for the words “an amount” there shall be substituted the words “the 5 per centum amount”.</p></content></paragraph></hcontainer><hcontainer name="regulation" eId="regulation-3"><num>3</num><heading>Amendment of Schedule 2 to the <abbr title="Child Support (Maintenance Assessments and Special Cases) Regulations 1992 (S.I. 1992/1815)" xml:lang="">Maintenance Assessments and Special Cases Regulations</abbr></heading><paragraph eId="regulation-3-1"><num>1</num><content><p>Schedule 2 to the <abbr title="Child Support (Maintenance Assessments and Special Cases) Regulations 1992 (S.I. 1992/1815)" xml:lang="">Maintenance Assessments and Special Cases Regulations</abbr> shall be amended in accordance with the following provisions of this regulation.</p></content></paragraph><paragraph eId="regulation-3-2"><num>2</num><content><p>In sub-paragraph (1) of paragraph 19, for “£10.00” there shall be substituted “up to £20.00”.</p></content></paragraph><paragraph eId="regulation-3-3"><num>3</num><content><p>In sub-paragraph (1) of paragraph 20, for “£10.00” in the three places in which it occurs there shall be substituted“£20.00”.</p></content></paragraph></hcontainer><hcontainer name="regulation" eId="regulation-4"><num>4</num><heading>Transitional provisions</heading><content><p>A maintenance assessment in force on 8th April 1996 shall not be reviewed solely to give effect to regulation 3 but, on a review of that assessment under section 16, 17 or 18 of <abbr title="Child Support Act 1991 c. 48" xml:lang="">the Act</abbr>, the provisions of that regulation shall have effect from the effective date of any fresh maintenance assessment made following that review.</p></content></hcontainer><hcontainer name="regulation" eId="regulation-5"><num>5</num><heading>Amendment of paragraph 7A of Schedule 9 to the <abbr title="Social Security (Claims and Payments) Regulations 1987 (S.I. 1987/1968)" xml:lang="">Claims and Payments Regulations</abbr></heading><paragraph eId="regulation-5-1"><num>1</num><content><p>Paragraph 7A of Schedule 9 to the <abbr title="Social Security (Claims and Payments) Regulations 1987 (S.I. 1987/1968)" xml:lang="">Claims and Payments Regulations</abbr> shall be amended in accordance with the following provisions of this regulation.</p></content></paragraph><paragraph eId="regulation-5-2"><num>2</num><intro><p>In sub-paragraph (3)—</p></intro><subparagraph eId="regulation-5-2-a"><num>a</num><content><p>at the beginning there shall be inserted the words “Subject to sub-paragraph (4),”;</p></content></subparagraph><subparagraph eId="regulation-5-2-b"><num>b</num><content><p>the words “(that is to say 5 per cent of the personal allowance for a single claimant aged not less than 25)” shall be omitted.</p></content></subparagraph></paragraph><paragraph eId="regulation-5-3"><num>3</num><content><p>After sub-paragraph (3) there shall be added the following sub-paragraph—</p><p class="BlockAmendment"><mod><quotedStructure class="unknown unknown unknown default" startQuote="“" endQuote="”"><paragraph eId="d4e259"><num>4</num><content><p>Where, apart from the provisions of this sub-paragraph, the provisions of paragraphs 8(1) and 9 would result in the maximum aggregate amount payable equalling 2 times 5 per cent. of the personal allowance for a single claimant aged not less than 25 years, the amount of specified benefit to be paid under this paragraph shall be one half of the amount specified in sub-paragraph (3).</p></content></paragraph></quotedStructure></mod><inline name="AppendText">.</inline></p></content></paragraph></hcontainer><hcontainer name="regulation" eId="regulation-6"><num>6</num><heading>Amendment of paragraph 8 of Schedule 9 to the <abbr title="Social Security (Claims and Payments) Regulations 1987 (S.I. 1987/1968)" xml:lang="">Claims and Payments Regulations</abbr></heading><content><p>In sub-paragraph (1) of paragraph 8 of Schedule 9 to the <abbr title="Social Security (Claims and Payments) Regulations 1987 (S.I. 1987/1968)" xml:lang="">Claims and Payments Regulations</abbr>, for the word“sub-paragraphs” there shall be substituted the word“paragraphs” and for the word “sub-paragraph” there shall be substituted the word “paragraph”.</p></content></hcontainer><hcontainer name="signatures"><content><p>Signed by authority of the Secretary of State for Social Security.</p><block name="signature"><signature><person refersTo="#ref-d4e287">A. J. B. Mitchell</person><role refersTo="#ref-d4e289">Parliamentary Under-Secretary of State,</role><organization refersTo="#ref-d4e291">Department of Social Security</organization><date date="1996-02-29">29th February 1996</date></signature></block></content></hcontainer></body><conclusions><blockContainer class="ExplanatoryNotes"><intro><p>(This note is not part of the Regulations)</p></intro><p><authorialNote><p>These Regulations amend the Child Support (Maintenance Assessments and Special Cases) Regulations 1992 to provide for an increase in the minimum amount of child support maintenance payable, and accordingly, by virtue of regulation 28 of those Regulations, of the amount payable by an absent parent in receipt of income support or other prescribed benefit. The amount is increased to 2 times 5 per cent of the income support personal allowance for a single claimant aged not less than 25. Consequential amendments are made to paragraph 7A of Schedule 9 of the Social Security (Claims and Payments) Regulations 1987, which deals with deductions from benefit and direct payment to third parties. In particular, provision is made that, in certain circumstances, the amount to be deducted is one half of the amount otherwise deductible.</p><p>Schedule 2 of the Child Support (Maintenance Assessments and Special Cases) Regulations is also amended so as to increase from £10.00 to £20.00 the disregard, when determining net income, in relation to charitable or voluntary payments.</p><p>These Regulations impose no costs on business.</p></authorialNote></p></blockContainer></conclusions></act></akomaNtoso>