<akomaNtoso xmlns:xsi="http://www.w3.org/2001/XMLSchema-instance" xmlns="http://docs.oasis-open.org/legaldocml/ns/akn/3.0" xsi:schemaLocation="http://docs.oasis-open.org/legaldocml/ns/akn/3.0 http://docs.oasis-open.org/legaldocml/akn-core/v1.0/cos01/part2-specs/schemas/akomantoso30.xsd"><act name="UnitedKingdomStatutoryInstrument"><meta><identification source="#source"><FRBRWork><FRBRthis value="http://www.legislation.gov.uk/id/uksi/1996/542"/><FRBRuri value="http://www.legislation.gov.uk/id/uksi/1996/542"/><FRBRdate date="1996-03-07" name="made"/><FRBRauthor href="http://www.legislation.gov.uk/id/government/uk"/><FRBRcountry value="GB-UKM"/><FRBRsubtype value="regulation"/><FRBRnumber value="542"/><FRBRname value="S.I. 1996/542"/><FRBRprescriptive value="true"/></FRBRWork><FRBRExpression><FRBRthis value="http://www.legislation.gov.uk/uksi/1996/542/made"/><FRBRuri value="http://www.legislation.gov.uk/uksi/1996/542/made"/><FRBRdate date="1996-03-07" name="made"/><FRBRauthor href="#source"/><FRBRlanguage language="eng"/></FRBRExpression><FRBRManifestation><FRBRthis value="http://www.legislation.gov.uk/uksi/1996/542/made/data.akn"/><FRBRuri value="http://www.legislation.gov.uk/uksi/1996/542/made/data.akn"/><FRBRdate date="2021-07-26+01:00" name="transform"/><FRBRauthor href="http://www.legislation.gov.uk"/><FRBRformat value="application/akn+xml"/></FRBRManifestation></identification><classification source="#source"><keyword value="vat" showAs="VAT" dictionary="http://www.legislation.gov.uk"/><keyword value="value added tax" showAs="VALUE ADDED TAX" dictionary="http://www.legislation.gov.uk"/></classification><lifecycle source="#source"><eventRef date="1996-03-07" type="generation" eId="made-date" source="#source"/><eventRef date="1996-03-07" eId="laid-date-1" source="#source"/></lifecycle><references source="#source"><TLCOrganization eId="source" href="http://www.legislation.gov.uk/id/publisher/KingsOrQueensPrinterOfActsOfParliament" showAs="Queen's Printer of Acts of Parliament"/><TLCLocation eId="newking’sbeamhouse22uppergroundlondonse19pj" href="/ontology/location/uk.NewKing’sBeamHouse22UpperGroundLONDONSE19PJ" showAs="New King’s Beam House 22 Upper Ground LONDON SE1 9PJ"/><TLCRole eId="ref-d4e550" href="/ontology/role/uk.Commissioner of Customs and Excise" showAs="Commissioner of Customs and Excise"/><TLCPerson eId="ref-d4e548" href="/ontology/persons/uk.LeonardHarris" showAs="Leonard Harris"/><TLCConcept href="/uk/subject/value-added-tax" showAs="VALUE ADDED TAX" eId="d4e54"/></references><notes source="#source"><note class="footnote" eId="f00001"><p><ref href="http://www.legislation.gov.uk/id/ukpga/1994/23">1994 c. 23</ref>; section 96(1) defines “the Commissioners” as meaning the Commissioners of Customs and Excise and “regulations” as meaning regulations made by the Commissioners under the Act.</p></note><note class="footnote" eId="f00002"><p><abbr class="Acronym" title="Statutory Instrument">S.I.</abbr><ref href="http://www.legislation.gov.uk/id/uksi/1995/2518">1995/2518</ref>; to which there are amendments not relevant to these regulations.</p></note></notes><proprietary xmlns:ukl="http://www.legislation.gov.uk/namespaces/legislation" xmlns:ukm="http://www.legislation.gov.uk/namespaces/metadata" xmlns:dc="http://purl.org/dc/elements/1.1/" xmlns:dct="http://purl.org/dc/terms/" xmlns:atom="http://www.w3.org/2005/Atom" source="#source"><dc:identifier>http://www.legislation.gov.uk/uksi/1996/542/made</dc:identifier><dc:title>The Value Added Tax (Annual Accounting) Regulations 1996</dc:title><dc:subject>VAT</dc:subject><dc:publisher>Queen's Printer of Acts of Parliament</dc:publisher><dc:modified>2011-07-04</dc:modified><dc:subject scheme="SIheading">VALUE ADDED TAX</dc:subject><dc:description>These Regulations delete Part VII (Annual Accounting) (Regulations 49 to 55) of the Value Added Tax Regulations 1995 (“the principal Regulations”), and substitute a new Part VII.</dc:description><atom:link rel="self" href="http://www.legislation.gov.uk/uksi/1996/542/made/data.xml" type="application/xml"/><atom:link rel="http://www.legislation.gov.uk/def/navigation/resources" href="http://www.legislation.gov.uk/uksi/1996/542/resources" title="More Resources"/><atom:link rel="http://www.legislation.gov.uk/def/navigation/act" href="http://www.legislation.gov.uk/uksi/1996/542/made" title="whole act"/><atom:link rel="http://www.legislation.gov.uk/def/navigation/introduction" href="http://www.legislation.gov.uk/uksi/1996/542/introduction/made" title="introduction"/><atom:link rel="http://www.legislation.gov.uk/def/navigation/signature" href="http://www.legislation.gov.uk/uksi/1996/542/signature/made" title="signature"/><atom:link rel="http://www.legislation.gov.uk/def/navigation/note" href="http://www.legislation.gov.uk/uksi/1996/542/note/made" title="note"/><atom:link rel="http://www.legislation.gov.uk/def/navigation/body" href="http://www.legislation.gov.uk/uksi/1996/542/body/made" title="body"/><atom:link rel="alternate" type="application/rdf+xml" href="http://www.legislation.gov.uk/uksi/1996/542/made/data.rdf" title="RDF/XML"/><atom:link rel="alternate" type="application/akn+xml" href="http://www.legislation.gov.uk/uksi/1996/542/made/data.akn" title="AKN"/><atom:link rel="alternate" type="application/xhtml+xml" href="http://www.legislation.gov.uk/uksi/1996/542/made/data.xht" title="HTML snippet"/><atom:link rel="alternate" type="application/pdf" href="http://www.legislation.gov.uk/uksi/1996/542/made/data.pdf" title="PDF"/><atom:link rel="alternate" type="application/akn+xhtml" href="http://www.legislation.gov.uk/uksi/1996/542/made/data.html" title="HTML5 snippet"/><atom:link rel="http://purl.org/dc/terms/tableOfContents" hreflang="en" href="http://www.legislation.gov.uk/uksi/1996/542/contents/made" title="Table of Contents"/><ukm:SecondaryMetadata><ukm:DocumentClassification><ukm:DocumentCategory Value="secondary"/><ukm:DocumentMainType Value="UnitedKingdomStatutoryInstrument"/><ukm:DocumentStatus Value="final"/><ukm:DocumentMinorType Value="regulation"/></ukm:DocumentClassification><ukm:Year Value="1996"/><ukm:Number Value="542"/><ukm:Made Date="1996-03-07"/><ukm:Laid Date="1996-03-07" Class="UnitedKingdomParliament"/><ukm:ISBN Value="0110545311"/></ukm:SecondaryMetadata><ukm:Statistics><ukm:TotalParagraphs Value="10"/><ukm:BodyParagraphs Value="10"/><ukm:ScheduleParagraphs Value="0"/><ukm:AttachmentParagraphs Value="0"/><ukm:TotalImages Value="0"/></ukm:Statistics></proprietary></meta><preface><p class="number"><docNumber>1996 No. 542</docNumber></p><block name="subject"><concept class="title" refersTo="#d4e54">VALUE ADDED TAX</concept></block><p class="title"><shortTitle>The Value Added Tax (Annual Accounting) Regulations 1996</shortTitle></p><p class="MadeDate"><span>Made</span><docDate date="1996-03-07">7th March 1996</docDate></p><p class="LaidDate"><span>Laid before the House of Commons</span><docDate date="1996-03-07">7th March 1996</docDate></p><p class="ComingIntoForce"><span>Coming into force in accordance with regulation 1 below</span></p></preface><preamble><formula name="EnactingText"><p>The Commissioners of Customs and Excise, in exercise of the powers conferred on them by section 25(1) of, and paragraphs 2(1) and (11) of Schedule 11 to, the Value Added Tax Act 1994<noteRef href="#f00001" class="footnote" marker="1"/> and of all other powers enabling them in that behalf, hereby make the following Regulations:</p></formula></preamble><body><hcontainer name="regulation" eId="regulation-1"><num>1</num><content><p>These Regulations may be cited as the Value Added Tax (Annual Accounting) Regulations 1996 and shall, in the case of a taxable person who is on the 31st March 1996 authorised under regulation 50 of the Value Added Tax Regulations 1995<noteRef href="#f00002" class="footnote" marker="2"/> come into force on the first day of his next current accounting year and in respect of any other taxable person, shall come into force on 1st April 1996.</p></content></hcontainer><hcontainer name="regulation" eId="regulation-2"><num>2</num><content><p>The Value Added Tax Regulations 1995 shall be amended in accordance with Regulation 3 below.</p></content></hcontainer><hcontainer name="regulation" eId="regulation-3"><num>3</num><content><p>For Part VII (Annual Accounting) (Regulations 49 to 55) there shall be substituted—</p><p class="BlockAmendment"><mod><quotedStructure class="unknown unknown unknown default" startQuote="“" endQuote="”"><part eId="d4e100"><num>PART VII</num><heading>ANNUAL ACCOUNTING</heading><hcontainer name="regulation" eId="d4e108"><num>49</num><heading>Interpretation of Part VII</heading><content><p>In this Part—</p><blockList class="unordered"><item><p>“authorised person” means a person who has been authorised by the Commissioners in accordance with regulation 50(1), and “authorised” and “authorisation” shall be construed accordingly;</p></item><item><p>“transitional accounting period” means the period commencing on the first day of a person’s prescribed accounting period in which the Commissioners authorise him to use the scheme, and ending on the day immediately preceding the first day of that person’s first current accounting year, and is a prescribed accounting period within the meaning of section 25(1) of the Act;</p></item><item><p>“current accounting year” means the period of 12 months commencing on a date indicated by the Commissioners in their notification of authorisation of a person, or while a person remains authorised the most recent anniversary thereof, and is a prescribed accounting period within the meaning of section 25(1) of the Act;</p></item><item><p>“the scheme” means the annual accounting scheme established by regulations 50 and 51;</p></item><item><p>“credit transfer” means the transfer of funds from one bank account to another under a mandate given by the payer to the bank making the transfer;</p></item><item><p>“the quarterly sum” means a sum equal to 20 per cent of the total amount of <abbr class="Acronym" title="Value Added Tax">VAT</abbr> which a taxable person was liable to pay to the Commissioners in the 12 months—</p><blockList class="ordered"><item><num>a</num><p>immediately preceding the first day of his current accounting year; or</p></item><item><num>b</num><p>for the purposes of regulation 51, immediately preceding the first day of his transitional accounting period;</p></item></blockList></item><item><p>“the agreed quarterly sum” means a sum agreed with the Commissioners, not being less than 20 per cent of a taxable person’s estimated liability for <abbr class="Acronym" title="Value Added Tax">VAT</abbr> in his current accounting year;</p></item><item><p>“the monthly sum” means a sum equal to 10 per cent of the total amount of <abbr class="Acronym" title="Value Added Tax">VAT</abbr> which a taxable person was liable to pay to the Commissioners in the 12 months—</p><blockList class="ordered"><item><num>a</num><p>immediately preceding the first day of his current accounting year; or</p></item><item><num>b</num><p>for the purposes of regulation 51, immediately preceding the first day of his transitional accounting period;</p></item></blockList></item><item><p>“the agreed monthly sum” means a sum agreed with the Commissioners, not being less than 10 per cent of a taxable person’s estimated liability for <abbr class="Acronym" title="Value Added Tax">VAT</abbr>, in his current accounting year;</p></item><item><p>“working day” means any day of the week other than Saturday, Sunday, a bank holiday or a public holiday;</p></item><item><p>“relevant quarterly date” means the last working day of the fourth and, where a period has such months, the seventh and the tenth months of a transitional accounting period;</p></item><item><p>“relevant monthly date” means the last working day of the fourth and each successive month of a transitional accounting period.</p></item></blockList></content></hcontainer><hcontainer name="P1group" eId="d4e194"><heading>Annual accounting scheme</heading><hcontainer name="regulation" eId="d4e197"><num>50</num><paragraph eId="d4e201"><num>1</num><content><p>The Commissioners may, subject to the requirements of this Part, authorise a taxable person to pay and account for <abbr class="Acronym" title="Value Added Tax">VAT</abbr> by reference to any transitional accounting period, and any subsequent current accounting year at such times, and for such amounts, as may be determined in accordance with the scheme.</p></content></paragraph><paragraph eId="d4e210"><num>2</num><intro><p>A taxable person authorised to pay and account for <abbr class="Acronym" title="Value Added Tax">VAT</abbr> in accordance with the scheme shall—</p></intro><subparagraph eId="d4e219"><num>a</num><intro><p>pay to the Commissioners by credit transfer—</p></intro><clause eId="d4e225"><num>i</num><content><p>in cases to which paragraph (3) below applies, the quarterly sum, or as the case may be, the agreed quarterly sum, no later than the last working day of each of the fourth, seventh and tenth months of his current accounting year, save that where that sum does not exceed £400 no quarterly payment need be made; or</p></content></clause><clause eId="d4e231"><num>ii</num><content><p>in all other cases, the monthly sum, or as the case may be, the agreed monthly sum, in nine equal monthly instalments, commencing on the last working day of the fourth month of his current accounting year; and</p></content></clause></subparagraph><subparagraph eId="d4e237"><num>b</num><content><p>make by the last working day of the second month following the end of that current accounting year a return in respect of that year, together with any outstanding payment due to the Commissioners in respect of his liability for <abbr class="Acronym" title="Value Added Tax">VAT</abbr> for the current accounting year declared on that return.</p></content></subparagraph></paragraph><paragraph eId="d4e246"><num>3</num><intro><p>This paragraph applies where the value of taxable supplies made by a taxable person in the period of 12 months ending on the day before the first day of his current accounting year —</p></intro><subparagraph eId="d4e252"><num>a</num><content><p>does not exceed £100,000; or</p></content></subparagraph><subparagraph eId="d4e258"><num>b</num><content><p>where he was paying quarterly sums under the scheme in that period, does not exceed £110,000.</p></content></subparagraph></paragraph></hcontainer><hcontainer name="regulation" eId="d4e264"><num>51</num><intro><p>An authorised person shall, where in any given case the transitional accounting period is—</p></intro><subparagraph eId="d4e270"><num>a</num><intro><p>4 months or more—</p></intro><clause eId="d4e276"><num>i</num><content><p>if the value of his taxable supplies during the period of 12 months immediately preceding the first day of his transitional accounting period did not exceed £100,000, pay to the Commissioners by credit transfer on each relevant quarterly date the quarterly sum, save that where that sum does not exceed £400 no quarterly payment need be made; or</p></content></clause><clause eId="d4e282"><num>ii</num><content><p>in all other cases, pay to the Commissioners by credit transfer on each relevant monthly date the monthly sum; and</p></content></clause><clause eId="d4e288"><num>iii</num><content><p>make by the last working day of the second month following the end of his transitional accounting period a return in respect of that period, together with any outstanding payment due to the Commissioners in respect of his liability for <abbr class="Acronym" title="Value Added Tax">VAT</abbr> declared on that return; or</p></content></clause></subparagraph><subparagraph eId="d4e297"><num>b</num><content><p>less than 4 months, make by the last working day of the first month following the end of his transitional accounting period a return in respect of that period, together with any outstanding payment due to the Commissioners in respect of his liability for <abbr class="Acronym" title="Value Added Tax">VAT</abbr> declared on that return.</p></content></subparagraph></hcontainer></hcontainer><hcontainer name="P1group" eId="d4e306"><heading>Admission to the scheme</heading><hcontainer name="regulation" eId="d4e309"><num>52</num><paragraph eId="d4e313"><num>1</num><intro><p>A taxable person shall be eligible to apply for authorisation under regulation 50(1) if—</p></intro><subparagraph eId="d4e319"><num>a</num><content><p>he has been registered for at least 12 months at the date of his application for authorisation;</p></content></subparagraph><subparagraph eId="d4e325"><num>b</num><content><p>he has reasonable grounds for believing that the value of taxable supplies made or to be made by him in the period of 12 months beginning on the date of his application for authorisation will not exceed £300,000;</p></content></subparagraph><subparagraph eId="d4e331"><num>c</num><content><p>his registration is not in the name of a group under section 43(1) of the Act;</p></content></subparagraph><subparagraph eId="d4e337"><num>d</num><content><p>his registration is not in the name of a division under section 46(1) of the Act; and</p></content></subparagraph><subparagraph eId="d4e343"><num>e</num><content><p>he has not in the 12 months preceding the date of his application for authorisation ceased to operate the scheme.</p></content></subparagraph></paragraph><paragraph eId="d4e349"><num>2</num><content><p>The Commissioners may refuse to authorise a person under regulation 50(1) where they consider it necessary to do so for the protection of the revenue.</p></content></paragraph></hcontainer><hcontainer name="regulation" eId="d4e355"><num>53</num><paragraph eId="d4e359"><num>1</num><content><p>An authorised person shall continue to account for <abbr class="Acronym" title="Value Added Tax">VAT</abbr> in accordance with the scheme until he ceases to be authorised.</p></content></paragraph><paragraph eId="d4e368"><num>2</num><intro><p>An authorised person ceases to be authorised when—</p></intro><subparagraph eId="d4e374"><num>a</num><content><p>at the end of any transitional accounting period or current accounting year the value of taxable supplies made by him in that period or, as the case may be, year has exceeded £375,000; or</p></content></subparagraph><subparagraph eId="d4e380"><num>b</num><content><p>his authorisation is terminated in accordance with regulation 54 below;</p></content></subparagraph><subparagraph eId="d4e386"><num>c</num><intro><p>he—</p></intro><clause eId="d4e392"><num>i</num><content><p>becomes insolvent and ceases to trade, other than for the purpose of disposing of stocks and assets; or</p></content></clause><clause eId="d4e398"><num>ii</num><content><p>ceases business or ceases to be registered; or</p></content></clause><clause eId="d4e404"><num>iii</num><content><p>dies, becomes bankrupt or incapacitated;</p></content></clause></subparagraph><subparagraph eId="d4e410"><num>d</num><content><p>he ceases to operate the scheme of his own volition.</p></content></subparagraph></paragraph></hcontainer><hcontainer name="regulation" eId="d4e416"><num>54</num><paragraph eId="d4e420"><num>1</num><intro><p>The Commissioners may terminate an authorisation in any case where—</p></intro><subparagraph eId="d4e426"><num>a</num><content><p>a false statement has been made by or on behalf of an authorised person in relation to his application for authorisation; or</p></content></subparagraph><subparagraph eId="d4e432"><num>b</num><content><p>an authorised person fails to make by the due date a return in accordance with regulation 50(2)(b) or regulation 51(a)(iii) or (b); or</p></content></subparagraph><subparagraph eId="d4e438"><num>c</num><content><p>an authorised person fails to make any payment prescribed in regulation 50 or 51; or</p></content></subparagraph><subparagraph eId="d4e444"><num>d</num><content><p>where they receive a notification in accordance with paragraph (2) below; or</p></content></subparagraph><subparagraph eId="d4e450"><num>e</num><content><p>at any time during an authorised person’s transitional accounting period or current accounting year they have reason to believe, that the value of taxable supplies he will make during the period or as the case may be year, will exceed £375,000; or</p></content></subparagraph><subparagraph eId="d4e456"><num>f</num><content><p>it is necessary to do so for the protection of the revenue; or</p></content></subparagraph><subparagraph eId="d4e462"><num>g</num><content><p>an authorised person has not, in relation to a return made by him prior to authorisation, paid to the Commissioners all such sums shown as due thereon; or</p></content></subparagraph><subparagraph eId="d4e468"><num>h</num><content><p>an authorised person has not, in relation to any assessment made under either section 73 or section 76 of the Act, paid to the Commissioners all such sums shown as due thereon.</p></content></subparagraph></paragraph><paragraph eId="d4e474"><num>2</num><content><p>Where an authorised person has reason to believe that the value of taxable supplies made by him during a transitional accounting period or current accounting year will exceed £375,000, he shall within 30 days notify the Commissioners in writing.</p></content></paragraph></hcontainer><hcontainer name="regulation" eId="d4e480"><num>55</num><paragraph eId="d4e484"><num>1</num><intro><p>The date from which an authorised person ceases to be authorised in accordance with Regulation 53(2) shall be —</p></intro><subparagraph eId="d4e490"><num>a</num><content><p>where regulation 53(2)(a) applies, the day following the last day of the relevant transitional accounting period or current accounting year;</p></content></subparagraph><subparagraph eId="d4e496"><num>b</num><content><p>where regulation 53(2)(b) applies, the day on which the Commissioners terminate his authorisation;</p></content></subparagraph><subparagraph eId="d4e502"><num>c</num><content><p>where regulation 53(2)(c) applies, the day on which any one of the events mentioned in that paragraph occurs; and</p></content></subparagraph><subparagraph eId="d4e508"><num>d</num><content><p>where regulation 53(2)(d) applies, the date on which the Commissioners are notified in writing of the authorised persons decision to cease using the scheme.</p></content></subparagraph></paragraph><paragraph eId="d4e514"><num>2</num><intro><p>Where an authorised person ceases to be authorised, he or as the case may be, his representative, shall—</p></intro><subparagraph eId="d4e520"><num>a</num><content><p>if his authorisation ceases before the end of his transitional accounting period or current accounting year, make a return within 2 months of the date specified in paragraph (1)(b), (1)(c) or (1)(d) above, together with any outstanding payment due to the Commissioners in respect of his liability for <abbr class="Acronym" title="Value Added Tax">VAT</abbr> for that part of the period or year arising before the date he ceased to be authorised; or</p></content></subparagraph><subparagraph eId="d4e529"><num>b</num><content><p>if his authorisation ceases at the end of his transitional accounting period or current accounting year, make a return together with any outstanding payment due to the Commissioners in respect of his liability for <abbr class="Acronym" title="Value Added Tax">VAT</abbr> in accordance with regulation 51 or 50 above; and</p></content></subparagraph><wrapUp><p>in either case, from the day following the day on which he ceases to be authorised, account for and pay <abbr class="Acronym" title="Value Added Tax">VAT</abbr> as provided for otherwise than under this Part.</p></wrapUp></paragraph></hcontainer></hcontainer></part></quotedStructure></mod><inline name="AppendText">.</inline></p></content></hcontainer><hcontainer name="signatures"><content><block name="signature"><signature><person refersTo="#ref-d4e548">Leonard Harris</person><role refersTo="#ref-d4e550">Commissioner of Customs and Excise</role><location refersTo="#newking’sbeamhouse22uppergroundlondonse19pj">New King’s Beam House 22 Upper Ground LONDON SE1 9PJ</location><date date="1996-03-07">7th March 1996</date></signature></block></content></hcontainer></body><conclusions><blockContainer class="ExplanatoryNotes"><intro><p>(This note is not part of the Regulations)</p></intro><p><authorialNote><p>These Regulations delete Part VII (Annual Accounting) (Regulations 49 to 55) of the Value Added Tax Regulations 1995 (“the principal Regulations”), and substitute a new Part VII.</p><p>The Regulations, in accordance with regulation 1, come into force on the 1st April 1996 except where a taxable person is already authorised to use the annual accounting scheme (“the scheme”), in which case the regulations come into force on the first day of his next current accounting year.</p><p>The major change that is made to the operation of the scheme is the reduction in the number of interim payments that are required to be made by certain businesses which are authorised to use the scheme. Businesses will also be permitted to join the scheme before the start of their first current accounting year.</p><p>Regulation 3 substitutes a new Part VII of the principal Regulations which deal with the requirements of the annual accounting scheme.</p><p>New regulation 50 provides that, subject to the turnover limits specified in the regulation a business may account annually whilst making payments of tax quarterly or monthly. The quarterly and monthly sum are defined in regulation 49 and are respectively 20 per cent and 10 per cent of the total <abbr class="Acronym" title="Value Added Tax">VAT</abbr> liability of the business in the preceding 12 months. The Commissioners and authorised person, however, may agree a quarterly or monthly sum to be paid based on the person’s estimated liability for his current accounting year. Where the quarterly payment is £400 or less, a business is not required to account for and pay tax until the end of its current accounting year.</p><p>New regulation 51 makes provision for a transitional accounting period to operate prior to the start of a business’s current accounting year. This means a business will be able to benefit from the scheme as soon as it is authorised.</p><p>New regulation 52 states who is eligible to join the scheme. The significant change here is that a taxable person will only be excluded from admission to the scheme for twelve months, instead of three years, if he has previously ceased to operate the scheme.</p><p>New regulations 53 and 54 make provision for when a person will cease to be authorised under the scheme, and when authorisation may be terminated.</p><p>New regulation 55 specifies the date from which authorisation ceases and sets out how the business is to account for and pay <abbr class="Acronym" title="Value Added Tax">VAT</abbr> thereafter.</p></authorialNote></p></blockContainer></conclusions></act></akomaNtoso>