<akomaNtoso xmlns:xsi="http://www.w3.org/2001/XMLSchema-instance" xmlns="http://docs.oasis-open.org/legaldocml/ns/akn/3.0" xsi:schemaLocation="http://docs.oasis-open.org/legaldocml/ns/akn/3.0 http://docs.oasis-open.org/legaldocml/akn-core/v1.0/cos01/part2-specs/schemas/akomantoso30.xsd"><act name="UnitedKingdomStatutoryInstrument"><meta><identification source="#source"><FRBRWork><FRBRthis value="http://www.legislation.gov.uk/id/uksi/1996/491"/><FRBRuri value="http://www.legislation.gov.uk/id/uksi/1996/491"/><FRBRdate date="1996-02-29" name="made"/><FRBRauthor href="http://www.legislation.gov.uk/id/government/uk"/><FRBRcountry value="GB-UKM"/><FRBRsubtype value="regulation"/><FRBRnumber value="491"/><FRBRname value="S.I. 1996/491"/><FRBRprescriptive value="true"/></FRBRWork><FRBRExpression><FRBRthis value="http://www.legislation.gov.uk/uksi/1996/491/made"/><FRBRuri value="http://www.legislation.gov.uk/uksi/1996/491/made"/><FRBRdate date="1996-02-29" name="made"/><FRBRauthor href="#source"/><FRBRlanguage language="eng"/></FRBRExpression><FRBRManifestation><FRBRthis value="http://www.legislation.gov.uk/uksi/1996/491/made/data.akn"/><FRBRuri value="http://www.legislation.gov.uk/uksi/1996/491/made/data.akn"/><FRBRdate date="2021-07-26+01:00" name="transform"/><FRBRauthor href="http://www.legislation.gov.uk"/><FRBRformat value="application/akn+xml"/></FRBRManifestation></identification><classification source="#source"><keyword value="business practice and regulation" showAs="Business practice and regulation" dictionary="http://www.legislation.gov.uk"/><keyword value="small businesses" showAs="Small businesses" dictionary="http://www.legislation.gov.uk"/><keyword value="regulation and deregulation" showAs="Regulation and deregulation" dictionary="http://www.legislation.gov.uk"/><keyword value="gas" showAs="GAS" dictionary="http://www.legislation.gov.uk"/></classification><lifecycle source="#source"><eventRef date="1996-02-29" type="generation" eId="made-date" source="#source"/><eventRef date="1996-03-01" eId="laid-date-1" source="#source"/><eventRef date="1996-03-22" eId="coming-into-force-date-1" source="#source"/></lifecycle><references source="#source"><TLCOrganization eId="source" href="http://www.legislation.gov.uk/id/publisher/KingsOrQueensPrinterOfActsOfParliament" showAs="Queen's Printer of Acts of Parliament"/><passiveRef href="http://www.legislation.gov.uk/id/ssi/2015/337" showAs="The Legal Aid (Miscellaneous Amendments) (Scotland) Regulations 2015"/><TLCOrganization eId="ref-d4e455" href="/ontology/organization/uk.Department of Trade and Industry" showAs="Department of Trade and Industry"/><TLCRole eId="ref-d4e453" href="/ontology/role/uk.Minister for Industry and Energy" showAs="Minister for Industry and Energy"/><TLCPerson eId="ref-d4e451" href="/ontology/persons/uk.TimEggar" showAs="Tim Eggar"/><TLCConcept href="/uk/subject/gas" showAs="GAS" eId="d4e99"/></references><notes source="#source"><note class="footnote" eId="f00001"><p><ref href="http://www.legislation.gov.uk/id/ukpga/1986/44">1986 c. 44</ref>; paragraph 1(4) of Schedule 4 to the 1986 Act was inserted by paragraph 57 of Schedule 3 to the Gas Act <ref href="http://www.legislation.gov.uk/id/ukpga/1995/45">1995 (c. 45)</ref>.</p></note><note class="footnote" eId="f00002"><p>Section 47 was amended by paragraph 53 of Schedule 3 to the Gas Act <ref href="http://www.legislation.gov.uk/id/ukpga/1995/45">1995 (c. 45)</ref>.</p></note><note class="footnote" eId="f00003"><p><ref href="http://www.legislation.gov.uk/id/ukpga/1991/22">1991 c. 22</ref>.</p></note><note class="footnote" eId="f00004"><p><ref href="http://www.legislation.gov.uk/id/ukpga/1985/6">1985 c. 6</ref>; section 223 was inserted by section 3 of the Companies Act <ref href="http://www.legislation.gov.uk/id/ukpga/1989/40">1989 (c. 40)</ref>.</p></note><note class="footnote" eId="f00005"><p><ref href="http://www.legislation.gov.uk/id/ukpga/1985/6">1985 c. 6</ref>; sections 258 and 259 were inserted by sections 21(1) and 22 of the Companies Act <ref href="http://www.legislation.gov.uk/id/ukpga/1989/40">1989 (c. 40)</ref>.</p></note><note class="footnote" eId="f00006"><p><ref href="http://www.legislation.gov.uk/id/ukpga/1992/12">1992 c. 12</ref>.</p></note></notes><proprietary xmlns:ukl="http://www.legislation.gov.uk/namespaces/legislation" xmlns:ukm="http://www.legislation.gov.uk/namespaces/metadata" xmlns:dc="http://purl.org/dc/elements/1.1/" xmlns:dct="http://purl.org/dc/terms/" xmlns:atom="http://www.w3.org/2005/Atom" source="#source"><dc:identifier>http://www.legislation.gov.uk/uksi/1996/491/made</dc:identifier><dc:title>The Gas (Street Works) (Compensation of Small Businesses) Regulations 1996</dc:title><dc:subject>Business practice and regulation</dc:subject><dc:subject>Small businesses</dc:subject><dc:subject>Regulation and deregulation</dc:subject><dc:publisher>Queen's Printer of Acts of Parliament</dc:publisher><dc:modified>2015-03-10</dc:modified><dc:subject scheme="SIheading">GAS</dc:subject><dc:description>These Regulations require a public gas transporter which executes street works which are not completed within 28 days to pay compensation for loss of turnover sustained by a small business (defined in regulation 3), during a specified period of at least 28 days, in consequence of the works, except where the compensation would be less than £500 or would not exceed 2½% of the annual turnover of the business. The amount of the compensation is the difference between the profit (or loss) which would have accrued to the business but for the works and the reduced profit (or increased loss) which is a consequence of the works. (Regulation 5(1), (2) and (3).)</dc:description><atom:link rel="self" href="http://www.legislation.gov.uk/uksi/1996/491/made/data.xml" type="application/xml"/><atom:link rel="http://www.legislation.gov.uk/def/navigation/resources" href="http://www.legislation.gov.uk/uksi/1996/491/resources" title="More Resources"/><atom:link rel="http://www.legislation.gov.uk/def/navigation/act" href="http://www.legislation.gov.uk/uksi/1996/491/made" title="whole act"/><atom:link rel="http://www.legislation.gov.uk/def/navigation/introduction" href="http://www.legislation.gov.uk/uksi/1996/491/introduction/made" title="introduction"/><atom:link rel="http://www.legislation.gov.uk/def/navigation/signature" href="http://www.legislation.gov.uk/uksi/1996/491/signature/made" title="signature"/><atom:link rel="http://www.legislation.gov.uk/def/navigation/note" href="http://www.legislation.gov.uk/uksi/1996/491/note/made" title="note"/><atom:link rel="http://www.legislation.gov.uk/def/navigation/body" href="http://www.legislation.gov.uk/uksi/1996/491/body/made" title="body"/><atom:link rel="alternate" type="application/rdf+xml" href="http://www.legislation.gov.uk/uksi/1996/491/made/data.rdf" title="RDF/XML"/><atom:link rel="alternate" type="application/akn+xml" href="http://www.legislation.gov.uk/uksi/1996/491/made/data.akn" title="AKN"/><atom:link rel="alternate" type="application/xhtml+xml" href="http://www.legislation.gov.uk/uksi/1996/491/made/data.xht" title="HTML snippet"/><atom:link rel="alternate" type="application/pdf" href="http://www.legislation.gov.uk/uksi/1996/491/made/data.pdf" title="PDF"/><atom:link rel="alternate" type="application/akn+xhtml" href="http://www.legislation.gov.uk/uksi/1996/491/made/data.html" title="HTML5 snippet"/><atom:link rel="http://purl.org/dc/terms/tableOfContents" hreflang="en" href="http://www.legislation.gov.uk/uksi/1996/491/contents/made" title="Table of Contents"/><ukm:SecondaryMetadata><ukm:DocumentClassification><ukm:DocumentCategory Value="secondary"/><ukm:DocumentMainType Value="UnitedKingdomStatutoryInstrument"/><ukm:DocumentStatus Value="final"/><ukm:DocumentMinorType Value="regulation"/></ukm:DocumentClassification><ukm:Year Value="1996"/><ukm:Number Value="491"/><ukm:Made Date="1996-02-29"/><ukm:Laid Date="1996-03-01" Class="UnitedKingdomParliament"/><ukm:ComingIntoForce><ukm:DateTime Date="1996-03-22"/></ukm:ComingIntoForce><ukm:ISBN Value="0110543920"/><ukm:UnappliedEffects><ukm:UnappliedEffect EffectId="key-d01201063720239a9157e9e3734f999c" AffectedURI="http://www.legislation.gov.uk/id/uksi/1996/491" AffectedClass="UnitedKingdomStatutoryInstrument" AffectingURI="http://www.legislation.gov.uk/id/ssi/2015/337" AffectingClass="ScottishStatutoryInstrument" URI="http://www.legislation.gov.uk/id/effect/ssi-2015-337-zi4wfax1-22" Row="22" Type="words omitted" RequiresApplied="true" AffectedProvisions="reg. 2(1)" AffectingEffectsExtent="S" AffectingYear="2015" AffectingNumber="337" AffectingProvisions="reg. 5(2)" AffectedYear="1996" AffectedNumber="491" Created="2015-11-16T12:18:03Z" Modified="2015-11-16T12:18:03Z"><ukm:AffectedTitle>The Gas (Street Works) (Compensation of Small Businesses) Regulations 1996</ukm:AffectedTitle><ukm:AffectedProvisions><ukm:Section Ref="regulation-2-1" URI="http://www.legislation.gov.uk/id/uksi/1996/491/regulation/2/1">reg. 2(1)</ukm:Section></ukm:AffectedProvisions><ukm:AffectingTitle>The Legal Aid (Miscellaneous Amendments) (Scotland) Regulations 2015</ukm:AffectingTitle><ukm:AffectingProvisions><ukm:Section Ref="regulation-5-2" URI="http://www.legislation.gov.uk/id/ssi/2015/337/regulation/5/2">reg. 5(2)</ukm:Section></ukm:AffectingProvisions><ukm:CommencementAuthority><ukm:Section Ref="regulation-1" URI="http://www.legislation.gov.uk/id/ssi/2015/337/regulation/1">reg. 1</ukm:Section></ukm:CommencementAuthority><ukm:InForceDates><ukm:InForce Applied="false" Date="2015-09-22" Qualification="wholly in force"/></ukm:InForceDates></ukm:UnappliedEffect><ukm:UnappliedEffect EffectId="key-eaddb1d832c2848e25647998edc13b37" AffectedURI="http://www.legislation.gov.uk/id/uksi/1996/491" AffectedClass="UnitedKingdomStatutoryInstrument" AffectingURI="http://www.legislation.gov.uk/id/ssi/2015/337" AffectingClass="ScottishStatutoryInstrument" URI="http://www.legislation.gov.uk/id/effect/ssi-2015-337-zi4wfax1-23" Row="23" Type="substituted" RequiresApplied="true" AffectedProvisions="Sch. 1 Pt. 1 Table para. 13" AffectingEffectsExtent="S" AffectingYear="2015" AffectingNumber="337" AffectingProvisions="reg. 5(3)" AffectedYear="1996" AffectedNumber="491" Created="2015-11-16T12:18:03Z" Modified="2015-11-16T12:18:03Z"><ukm:AffectedTitle>The Gas (Street Works) (Compensation of Small Businesses) Regulations 1996</ukm:AffectedTitle><ukm:AffectedProvisions><ukm:Section xmlns:err="http://www.legislation.gov.uk/namespaces/error" Ref="schedule-1" URI="http://www.legislation.gov.uk/id/uksi/1996/491/schedule/1" err:Ref="Section missing in legislation" Missing="true">Sch. 1 </ukm:Section><ukm:Section xmlns:err="http://www.legislation.gov.uk/namespaces/error" Ref="schedule-1-part-1" URI="http://www.legislation.gov.uk/id/uksi/1996/491/schedule/1/part/1" err:Ref="Section missing in legislation" Missing="true">Pt. 1</ukm:Section> Table <ukm:Section xmlns:err="http://www.legislation.gov.uk/namespaces/error" Ref="paragraph-13" URI="http://www.legislation.gov.uk/id/uksi/1996/491/paragraph/13" err:Ref="Section missing in legislation" Missing="true">para. 13</ukm:Section></ukm:AffectedProvisions><ukm:AffectingTitle>The Legal Aid (Miscellaneous Amendments) (Scotland) Regulations 2015</ukm:AffectingTitle><ukm:AffectingProvisions><ukm:Section Ref="regulation-5-3" URI="http://www.legislation.gov.uk/id/ssi/2015/337/regulation/5/3">reg. 5(3)</ukm:Section></ukm:AffectingProvisions><ukm:CommencementAuthority><ukm:Section Ref="regulation-1" URI="http://www.legislation.gov.uk/id/ssi/2015/337/regulation/1">reg. 1</ukm:Section></ukm:CommencementAuthority><ukm:InForceDates><ukm:InForce Applied="false" Date="2015-09-22" Qualification="wholly in force"/></ukm:InForceDates></ukm:UnappliedEffect></ukm:UnappliedEffects></ukm:SecondaryMetadata><ukm:Statistics><ukm:TotalParagraphs Value="5"/><ukm:BodyParagraphs Value="5"/><ukm:ScheduleParagraphs Value="0"/><ukm:AttachmentParagraphs Value="0"/><ukm:TotalImages Value="0"/></ukm:Statistics></proprietary></meta><preface><p class="number"><docNumber>1996 No. 491</docNumber></p><block name="subject"><concept class="title" refersTo="#d4e99">GAS</concept></block><p class="title"><shortTitle>The Gas (Street Works) (Compensation of Small Businesses) Regulations 1996</shortTitle></p><p class="MadeDate"><span>Made</span><docDate date="1996-02-29">29th February 1996</docDate></p><p class="LaidDate"><span>Laid before Parliament</span><docDate date="1996-03-01">1st March 1996</docDate></p><p class="ComingIntoForce"><span>Coming into force</span><docDate date="1996-03-22">22nd March 1996</docDate></p></preface><preamble><formula name="EnactingText"><p>In exercise of the powers conferred on him by paragraph 1(4) of Schedule 4 to the Gas Act 1986<noteRef href="#f00001" class="footnote" marker="1"/> and section 47 thereof<noteRef href="#f00002" class="footnote" marker="2"/> and of all other powers enabling him in that behalf, the Secretary of State hereby makes the following Regulations: —</p></formula></preamble><body><hcontainer name="regulation" eId="regulation-1"><num>1</num><heading>Citation and coming into force</heading><content><p>These Regulations may be cited as the Gas (Street Works) (Compensation of Small Businesses) Regulations 1996, shall come into force on 22nd March 1996 and have effect in relation to relevant works begun on or after that date.</p></content></hcontainer><hcontainer name="regulation" eId="regulation-2"><num>2</num><heading>Interpretation</heading><paragraph eId="regulation-2-1"><num>1</num><content><p>In these Regulations, except where the context otherwise requires —</p><blockList class="unordered"><item><p>“the <abbr title="New Roads and Street Works Act 1991 c. 22" xml:lang="">1991 Act</abbr>” means the New Roads and Street Works Act 1991;<noteRef href="#f00003" class="footnote" marker="3"/></p></item><item><p>“annual turnover” means such turnover determined as mentioned in regulation 4;</p></item><item><p>“relevant works” means —</p><blockList class="ordered"><item><num>a</num><p>in the application of these Regulations to England and Wales, street works within the meaning of section 48(3) of the <abbr title="New Roads and Street Works Act 1991 c. 22" xml:lang="">1991 Act</abbr>, including works in respect of the reinstatement of a street required by section 70 of that Act, and</p></item><item><num>b</num><p>in the application of these Regulations to Scotland, road works within the meaning of section 107(3) of the <abbr title="New Roads and Street Works Act 1991 c. 22" xml:lang="">1991 Act</abbr>, including works in respect of the reinstatement of a road required by section 129 of that Act,</p></item></blockList><p>except that, where works in respect of the interim reinstatement of a street (or, in Scotland, a road) have been completed, it does not include any subsequent works in respect of the permanent reinstatement of the street (or, in Scotland, the road) and, for the purposes hereof, “interim reinstatement” and “permanent reinstatement” have the meanings which they have in the said section 70 or, as the case may be, in the said section 129;</p></item><item><p>“small business” has the meaning assigned thereto by regulation 3.</p></item></blockList></content></paragraph><paragraph eId="regulation-2-2"><num>2</num><content><p>In these Regulations, “company” means a company within the meaning of section 735 of the Companies Act 1985<noteRef href="#f00004" class="footnote" marker="4"/> and, for the purposes of these Regulations, “financial year” in relation to a company shall be determined as provided in section 223 of that Act.</p></content></paragraph><paragraph eId="regulation-2-3"><num>3</num><content><p>In these Regulations a reference to a regulation is a reference to a regulation thereof and a reference in a regulation to a paragraph is a reference to a paragraph of that regulation.</p></content></paragraph></hcontainer><hcontainer name="regulation" eId="regulation-3"><num>3</num><heading>Meaning of “small business”</heading><paragraph eId="regulation-3-1"><num>1</num><content><p>Subject to paragraph (2), for the purposes of these Regulations “small business” means a business conducted at particular premises the annual turnover of which (determined as provided in regulation 4) does not exceed the amount determined as mentioned in paragraph (4).</p></content></paragraph><paragraph eId="regulation-3-2"><num>2</num><intro><p>A business shall not be a small business for the purposes of these Regulations if —</p></intro><subparagraph eId="regulation-3-2-a"><num>a</num><content><p>the person conducting that business (“the business in question”), or any related person, conducts one or more like businesses at premises other than those at which the business in question is conducted, and</p></content></subparagraph><subparagraph eId="regulation-3-2-b"><num>b</num><content><p>the annual turnover of the business in question, when aggregated with the annual turnovers of each of the like businesses, exceeds the amount determined as mentioned in paragraph (4).</p></content></subparagraph></paragraph><paragraph eId="regulation-3-3"><num>3</num><intro><p>In paragraph (2), “related person” means —</p></intro><subparagraph eId="regulation-3-3-a"><num>a</num><content><p>in relation to an undertaking within the meaning of section 259 of the Companies Act 1985<noteRef href="#f00005" class="footnote" marker="5"/> (“the principal undertaking”), a parent or subsidiary undertaking of the principal undertaking or a subsidiary undertaking of a parent undertaking of the principal undertaking, in each case within the meaning of section 258 of that Act, and,</p></content></subparagraph><subparagraph eId="regulation-3-3-b"><num>b</num><content><p>in relation to any person (including such an undertaking), a connected person of that person within the meaning of section 286 of the Taxation of Chargeable Gains Act 1992.<noteRef href="#f00006" class="footnote" marker="6"/></p></content></subparagraph></paragraph><paragraph eId="regulation-3-4"><num>4</num><intro><p>For the purposes of the application of these Regulations in relation to particular relevant works, the amount referred to in paragraph (1) or (2) shall be determined by reference to the year beginning with 1st March within which the date on which the relevant works in question were completed falls (“the year in question”) and shall be —</p></intro><subparagraph eId="regulation-3-4-a"><num>a</num><content><p>in the case of the year beginning with 1st March 1996, £1,000,000, or</p></content></subparagraph><subparagraph eId="regulation-3-4-b"><num>b</num><content><p>in the case of a subsequent year, that amount multiplied by the appropriate factor mentioned in paragraph (5) except that any fraction of £1,000 in that product shall be disregarded.</p></content></subparagraph></paragraph><paragraph eId="regulation-3-5"><num>5</num><content><p>The appropriate factor referred to in paragraph (4)(b) shall be obtained by dividing the retail price index for the first month of the year in question by the retail price index for March 1996.</p></content></paragraph><paragraph eId="regulation-3-6"><num>6</num><content><p>A reference in paragraph (5) to the retail price index is a reference to the general index of retail prices (for all items) published by the Central Statistical Office of the Chancellor of the Exchequer; and if that index is not published for any month that reference shall be read as a reference to any substituted index or index figures published by that Office for that month.</p></content></paragraph></hcontainer><hcontainer name="regulation" eId="regulation-4"><num>4</num><heading>Determination of annual turnover</heading><intro><p>In the application of these Regulations in relation to particular relevant works, the annual turnover of a business shall be determined —</p></intro><subparagraph eId="regulation-4-a"><num>a</num><content><p>in the case of a business conducted by a person other than a company, by reference to the period of a year in respect of which the accounts of the business (or, if the business is part of a larger business and there are no separate accounts, the accounts of that larger business) are drawn up last ending before the date on which the relevant works in question were completed, or</p></content></subparagraph><subparagraph eId="regulation-4-b"><num>b</num><content><p>in the case of a business conducted by a company, by reference to the financial year of that company last ending before that date,</p></content></subparagraph><hcontainer name="wrapper"><content><p>except that —</p></content></hcontainer><clause eId="regulation-4-i"><num>i</num><content><p>in the case of a business conducted by a person other than a company, if the accounts for the period last ending before the date on which the relevant works in question were completed were for a period longer or shorter than a year or, in the case of a business conducted by a company, the financial year of that company last so ending was a period longer or shorter than a year, the annual turnover of the business shall be determined proportionately by reference to the longer or shorter period in question, and</p></content></clause><clause eId="regulation-4-ii"><num>ii</num><content><p>where the business was not conducted throughout the period by reference to which the annual turnover would otherwise fall to be determined, or there were no accounts for a period ending, or no financial year ending, before the relevant works in question were completed, the annual turnover thereof shall be taken to be such as, on reasonable assumptions and having regard to such information as is available, appears to be likely to be the annual turnover of the business.</p></content></clause></hcontainer><hcontainer name="regulation" eId="regulation-5"><num>5</num><heading>Compensation of small businesses for loss of turnover sustained in consequence of street works</heading><paragraph eId="regulation-5-1"><num>1</num><intro><p>Where —</p></intro><subparagraph eId="regulation-5-1-a"><num>a</num><content><p>a public gas transporter executes any relevant works which are not completed within the period of 28 days beginning with the day on which they were begun (“the works in question”), and</p></content></subparagraph><subparagraph eId="regulation-5-1-b"><num>b</num><content><p>any person conducting a small business, as respects that business, sustains, in consequence of the works in question, a loss of turnover during the period mentioned in paragraph (2),</p></content></subparagraph><wrapUp><p> the public gas transporter shall pay to that person, by way of compensation for such loss, an amount calculated as provided in paragraph (3) unless the amount so calculated is less than £500 or does not exceed 2½% of the annual turnover of the business.</p></wrapUp></paragraph><paragraph eId="regulation-5-2"><num>2</num><intro><p>The period referred to in paragraph (1)(b) is a period of not less than 28 days —</p></intro><subparagraph eId="regulation-5-2-a"><num>a</num><intro><p>beginning with —</p></intro><clause eId="regulation-5-2-a-i"><num>i</num><content><p>the day on which the works in question were begun or, if later,</p></content></clause><clause eId="regulation-5-2-a-ii"><num>ii</num><content><p>the day on which such loss was first so sustained or, where different, which immediately followed that on which the small business was last open for business before the day on which such loss was first so sustained, and</p></content></clause></subparagraph><subparagraph eId="regulation-5-2-b"><num>b</num><intro><p>ending with —</p></intro><clause eId="regulation-5-2-b-i"><num>i</num><content><p>the day on which such loss was last so sustained or, where different, which immediately preceded that on which the small business was first open for business after the day on which such loss was last so sustained or, if earlier,</p></content></clause><clause eId="regulation-5-2-b-ii"><num>ii</num><content><p>the day 10 days after the completion of the works in question.</p></content></clause></subparagraph></paragraph><paragraph eId="regulation-5-3"><num>3</num><content><p>The amount of the compensation referred to in paragraph (1) shall be calculated by determining A and B and then subtracting B from A, the amount so arrived at being the amount of the compensation, where —</p><blockList class="unordered"><item><p>“A” is the amount of the profit or loss that could reasonably have been expected to accrue to the small business during the period mentioned in paragraph (2) if the works in question had not been executed, and</p></item><item><p>“B” is the amount of the profit or loss that accrued to that business during that period, a loss being treated as a negative amount.</p></item></blockList></content></paragraph><paragraph eId="regulation-5-4"><num>4</num><intro><p>No compensation referable to particular relevant works shall be payable to a person under this regulation unless —</p></intro><subparagraph eId="regulation-5-4-a"><num>a</num><content><p>within 3 months of the completion of those works, he has reserved the right to claim compensation under this regulation by written notice, identifying the works in question, given to the transporter by which those works were executed, and</p></content></subparagraph><subparagraph eId="regulation-5-4-b"><num>b</num><intro><p>within 6 months of the completion of those works, he has provided that transporter with a statement of facts and a summary of evidence (including, where appropriate, extracts from accounts and other documents) sufficient to establish, <em>prima facie</em>—</p></intro><clause eId="regulation-5-4-b-i"><num>i</num><content><p>that the person claiming compensation was such a person as is mentioned in paragraph (1)(b) who, as respects a small business, sustained such loss as is there mentioned;</p></content></clause><clause eId="regulation-5-4-b-ii"><num>ii</num><content><p>the annual turnover of the small business as respects which that loss was sustained and the annual turnover of any like business referred to in regulation 3(2)(a);</p></content></clause><clause eId="regulation-5-4-b-iii"><num>iii</num><content><p>the period satisfying the criteria in paragraph (2) during which that loss was sustained, and</p></content></clause><clause eId="regulation-5-4-b-iv"><num>iv</num><content><p>the amount of the compensation for that loss calculated as provided in paragraph (3).</p></content></clause></subparagraph></paragraph></hcontainer><hcontainer name="signatures"><content><block name="signature"><signature><person refersTo="#ref-d4e451">Tim Eggar</person><role refersTo="#ref-d4e453">Minister for Industry and Energy</role><organization refersTo="#ref-d4e455">Department of Trade and Industry</organization><date date="1996-02-29">29th February 1996</date></signature></block></content></hcontainer></body><conclusions><blockContainer class="ExplanatoryNotes"><intro><p>(This note is not part of the Regulations)</p></intro><p><authorialNote><p>These Regulations require a public gas transporter which executes street works which are not completed within 28 days to pay compensation for loss of turnover sustained by a small business (defined in <em>regulation 3</em>), during a specified period of at least 28 days, in consequence of the works, except where the compensation would be less than £500 or would not exceed 2½% of the annual turnover of the business. The amount of the compensation is the difference between the profit (or loss) which would have accrued to the business but for the works and the reduced profit (or increased loss) which is a consequence of the works. <em>(Regulation 5(1), (2) and (3).)</em></p><p>A person must reserve the right to claim compensation within 3 months of the completion of the street works and submit supporting evidence within 6 months of their completion <em>(regulation 5(4)).</em></p><p>A compliance cost assessment of the effect that this instrument would have on the cost of business is available from the Department of Trade and Industry.</p></authorialNote></p></blockContainer></conclusions></act></akomaNtoso>