<akomaNtoso xmlns:xsi="http://www.w3.org/2001/XMLSchema-instance" xmlns="http://docs.oasis-open.org/legaldocml/ns/akn/3.0" xsi:schemaLocation="http://docs.oasis-open.org/legaldocml/ns/akn/3.0 http://docs.oasis-open.org/legaldocml/akn-core/v1.0/cos01/part2-specs/schemas/akomantoso30.xsd"><act name="UnitedKingdomStatutoryInstrument"><meta><identification source="#source"><FRBRWork><FRBRthis value="http://www.legislation.gov.uk/id/uksi/1996/182"/><FRBRuri value="http://www.legislation.gov.uk/id/uksi/1996/182"/><FRBRdate date="1996-01-31" name="made"/><FRBRauthor href="http://www.legislation.gov.uk/id/government/uk"/><FRBRcountry value="GB-UKM"/><FRBRsubtype value="regulation"/><FRBRnumber value="182"/><FRBRname value="S.I. 1996/182"/><FRBRprescriptive value="true"/></FRBRWork><FRBRExpression><FRBRthis value="http://www.legislation.gov.uk/uksi/1996/182/made"/><FRBRuri value="http://www.legislation.gov.uk/uksi/1996/182/made"/><FRBRdate date="1996-01-31" name="made"/><FRBRauthor href="#source"/><FRBRlanguage language="eng"/></FRBRExpression><FRBRManifestation><FRBRthis value="http://www.legislation.gov.uk/uksi/1996/182/made/data.akn"/><FRBRuri value="http://www.legislation.gov.uk/uksi/1996/182/made/data.akn"/><FRBRdate date="2021-07-26+01:00" name="transform"/><FRBRauthor href="http://www.legislation.gov.uk"/><FRBRformat value="application/akn+xml"/></FRBRManifestation></identification><classification source="#source"><keyword value="child support" showAs="Child support" dictionary="http://www.legislation.gov.uk"/><keyword value="family law;child support" showAs="FAMILY LAW;CHILD SUPPORT" dictionary="http://www.legislation.gov.uk"/><keyword value="social security" showAs="SOCIAL SECURITY" dictionary="http://www.legislation.gov.uk"/></classification><lifecycle source="#source"><eventRef date="1996-01-31" type="generation" eId="made-date" source="#source"/><eventRef date="1996-02-07" eId="laid-date-1" source="#source"/><eventRef date="1996-02-28" eId="coming-into-force-date-1" source="#source"/></lifecycle><references source="#source"><TLCOrganization eId="source" href="http://www.legislation.gov.uk/id/publisher/KingsOrQueensPrinterOfActsOfParliament" showAs="Queen's Printer of Acts of Parliament"/><passiveRef href="http://www.legislation.gov.uk/id/uksi/1999/991" showAs="The Social Security and Child Support (Decisions and Appeals) Regulations 1999"/><TLCOrganization eId="ref-d4e382" href="/ontology/organization/uk.Department of Social Security" showAs="Department of Social Security"/><TLCRole eId="ref-d4e380" href="/ontology/role/uk.Parliamentary Under-Secretary of State," showAs="Parliamentary Under-Secretary of State,"/><TLCPerson eId="ref-d4e378" href="/ontology/persons/uk.RogerEvans" showAs="Roger Evans"/><TLCConcept href="/uk/subject/family-law" showAs="FAMILY LAW" eId="d4e106"/><TLCConcept href="/uk/subject/child-support" showAs="CHILD SUPPORT" eId="d4e108"/><TLCConcept href="/uk/subject/social-security" showAs="SOCIAL SECURITY" eId="d4e111"/></references><notes source="#source"><note class="footnote" eId="f00001"><p><ref href="http://www.legislation.gov.uk/id/ukpga/1991/48">1991 c. 48</ref>.</p></note><note class="footnote" eId="f00002"><p><ref href="http://www.legislation.gov.uk/id/ukpga/1992/5">1992 c. 5</ref>.</p></note><note class="footnote" eId="f00003"><p><ref href="http://www.legislation.gov.uk/id/ukpga/1992/53">1992 c. 53</ref>.</p></note><note class="footnote" eId="f00004"><p><abbr class="Acronym" title="Statutory Instrument">S.I.</abbr><ref href="http://www.legislation.gov.uk/id/uksi/1995/1801">1995/1801</ref>.</p></note><note class="footnote" eId="f00005"><p><abbr class="Acronym" title="Statutory Instrument">S.I.</abbr><ref href="http://www.legislation.gov.uk/id/uksi/1992/2641">1992/2641</ref>.</p></note></notes><proprietary xmlns:ukl="http://www.legislation.gov.uk/namespaces/legislation" xmlns:ukm="http://www.legislation.gov.uk/namespaces/metadata" xmlns:dc="http://purl.org/dc/elements/1.1/" xmlns:dct="http://purl.org/dc/terms/" xmlns:atom="http://www.w3.org/2005/Atom" source="#source"><dc:identifier>http://www.legislation.gov.uk/uksi/1996/182/made</dc:identifier><dc:title>The Social Security (Adjudication) and Child Support Amendment Regulations 1996</dc:title><dc:subject>Child support</dc:subject><dc:publisher>Queen's Printer of Acts of Parliament</dc:publisher><dc:modified>2011-07-04</dc:modified><dc:subject scheme="SIheading">FAMILY LAW;CHILD SUPPORT</dc:subject><dc:subject scheme="SIheading">SOCIAL SECURITY</dc:subject><dc:description>These Regulations amend the Social Security (Adjudication) Regulations 1995 and the Child Support Appeal Tribunals (Procedure) Regulations 1992.</dc:description><atom:link rel="self" href="http://www.legislation.gov.uk/uksi/1996/182/made/data.xml" type="application/xml"/><atom:link rel="http://www.legislation.gov.uk/def/navigation/resources" href="http://www.legislation.gov.uk/uksi/1996/182/resources" title="More Resources"/><atom:link rel="http://www.legislation.gov.uk/def/navigation/act" href="http://www.legislation.gov.uk/uksi/1996/182/made" title="whole act"/><atom:link rel="http://www.legislation.gov.uk/def/navigation/introduction" href="http://www.legislation.gov.uk/uksi/1996/182/introduction/made" title="introduction"/><atom:link rel="http://www.legislation.gov.uk/def/navigation/signature" href="http://www.legislation.gov.uk/uksi/1996/182/signature/made" title="signature"/><atom:link rel="http://www.legislation.gov.uk/def/navigation/note" href="http://www.legislation.gov.uk/uksi/1996/182/note/made" title="note"/><atom:link rel="http://www.legislation.gov.uk/def/navigation/body" href="http://www.legislation.gov.uk/uksi/1996/182/body/made" title="body"/><atom:link rel="alternate" type="application/rdf+xml" href="http://www.legislation.gov.uk/uksi/1996/182/made/data.rdf" title="RDF/XML"/><atom:link rel="alternate" type="application/akn+xml" href="http://www.legislation.gov.uk/uksi/1996/182/made/data.akn" title="AKN"/><atom:link rel="alternate" type="application/xhtml+xml" href="http://www.legislation.gov.uk/uksi/1996/182/made/data.xht" title="HTML snippet"/><atom:link rel="alternate" type="application/pdf" href="http://www.legislation.gov.uk/uksi/1996/182/made/data.pdf" title="PDF"/><atom:link rel="alternate" type="application/akn+xhtml" href="http://www.legislation.gov.uk/uksi/1996/182/made/data.html" title="HTML5 snippet"/><atom:link rel="http://purl.org/dc/terms/tableOfContents" hreflang="en" href="http://www.legislation.gov.uk/uksi/1996/182/contents/made" title="Table of Contents"/><ukm:SecondaryMetadata><ukm:DocumentClassification><ukm:DocumentCategory Value="secondary"/><ukm:DocumentMainType Value="UnitedKingdomStatutoryInstrument"/><ukm:DocumentStatus Value="final"/><ukm:DocumentMinorType Value="regulation"/></ukm:DocumentClassification><ukm:Year Value="1996"/><ukm:Number Value="182"/><ukm:Made Date="1996-01-31"/><ukm:Laid Date="1996-02-07" Class="UnitedKingdomParliament"/><ukm:ComingIntoForce><ukm:DateTime Date="1996-02-28"/></ukm:ComingIntoForce><ukm:ISBN Value="0110539702"/><ukm:UnappliedEffects><ukm:UnappliedEffect EffectId="key-b429ffce3b76a9a3669e92051765406e" AffectedURI="http://www.legislation.gov.uk/id/uksi/1996/182" AffectedClass="UnitedKingdomStatutoryInstrument" AffectingURI="http://www.legislation.gov.uk/id/uksi/1999/991" AffectingClass="UnitedKingdomStatutoryInstrument" URI="http://www.legislation.gov.uk/id/effect/upload-b1z2e7x3--3553" Row="3558" Type="revoked" RequiresApplied="true" AffectedProvisions="reg.2" Comments="reg.2 rev." AffectingYear="1999" AffectingNumber="991" AffectingProvisions="reg.59, Sch.4" AffectedYear="1996" AffectedNumber="182" Created="2019-03-19T00:00:00" Modified="2019-03-19T00:00:00"><ukm:AffectedTitle>The Social Security (Adjudication) and Child Support Amendment Regulations 1996</ukm:AffectedTitle><ukm:AffectedProvisions><ukm:Section Ref="regulation-2" URI="http://www.legislation.gov.uk/id/uksi/1996/182/regulation/2">reg.2</ukm:Section></ukm:AffectedProvisions><ukm:AffectingTitle>The Social Security and Child Support (Decisions and Appeals) Regulations 1999</ukm:AffectingTitle><ukm:AffectingProvisions><ukm:Section Ref="regulation-59" URI="http://www.legislation.gov.uk/id/uksi/1999/991/regulation/59">reg.59</ukm:Section><ukm:Section Ref="schedule-4" URI="http://www.legislation.gov.uk/id/uksi/1999/991/schedule/4">Sch.4</ukm:Section></ukm:AffectingProvisions><ukm:InForceDates><ukm:InForce Applied="false" Prospective="true" Qualification=""/></ukm:InForceDates></ukm:UnappliedEffect><ukm:UnappliedEffect EffectId="key-b84fd9e559a5f3d1494a90590b6635c7" Modified="2013-09-17T10:38:41.893+01:00" URI="http://www.legislation.gov.uk/id/effect/key-60ee2be05cac8471d441942045acc13e-5" Type="revoked" RequiresApplied="true" AffectedProvisions="reg. 2" Comments="reg. 007-010" AffectingEffectsExtent="E+W+S" AffectingYear="1999" AffectingNumber="991" AffectingProvisions="reg. 59(1) Sch. 4" AffectedURI="http://www.legislation.gov.uk/id/uksi/1996/182" AffectedYear="1996" AffectedNumber="182" AffectingURI="http://www.legislation.gov.uk/id/uksi/1999/991" Created="2013-09-17T10:38:41.893+01:00" AffectedClass="UnitedKingdomStatutoryInstrument" AffectingClass="UnitedKingdomStatutoryInstrument"><ukm:AffectedTitle>The Social Security (Adjudication) and Child Support Amendment Regulations 1996</ukm:AffectedTitle><ukm:AffectedProvisions><ukm:Section Ref="regulation-2" URI="http://www.legislation.gov.uk/id/uksi/1996/182/regulation/2">reg. 2</ukm:Section></ukm:AffectedProvisions><ukm:AffectingTitle>The Social Security and Child Support (Decisions and Appeals) Regulations 1999</ukm:AffectingTitle><ukm:AffectingProvisions><ukm:Section Ref="regulation-59-1" URI="http://www.legislation.gov.uk/id/uksi/1999/991/regulation/59/1">reg. 59(1)</ukm:Section><ukm:Section Ref="schedule-4" URI="http://www.legislation.gov.uk/id/uksi/1999/991/schedule/4">Sch. 4</ukm:Section></ukm:AffectingProvisions><ukm:Savings><ukm:Section Ref="regulation-59-2" URI="http://www.legislation.gov.uk/id/uksi/1999/991/regulation/59/2">reg. 59(2)</ukm:Section><ukm:Section Ref="regulation-59-3" URI="http://www.legislation.gov.uk/id/uksi/1999/991/regulation/59/3">(3)</ukm:Section></ukm:Savings><ukm:CommencementAuthority><ukm:SectionRange Start="regulation-1-2-b" URI="http://www.legislation.gov.uk/id/uksi/1999/991/regulation/1/2/b" End="regulation-1-2-f" UpTo="http://www.legislation.gov.uk/id/uksi/1999/991/regulation/1/2/f"><ukm:Section Ref="regulation-1-2-b" URI="http://www.legislation.gov.uk/id/uksi/1999/991/regulation/1/2/b">reg. 1(2)(b)</ukm:Section>-<ukm:Section Ref="regulation-1-2-f" URI="http://www.legislation.gov.uk/id/uksi/1999/991/regulation/1/2/f">(f)</ukm:Section></ukm:SectionRange></ukm:CommencementAuthority><ukm:InForceDates><ukm:InForce Date="1999-07-05" Qualification="for specified purposes" Applied="false"/><ukm:InForce Date="1999-09-06" Qualification="for specified purposes" Applied="false"/><ukm:InForce Date="1999-10-05" Qualification="for specified purposes" Applied="false"/><ukm:InForce Date="1999-10-18" Qualification="for specified purposes" Applied="false"/><ukm:InForce Date="1999-11-29" Qualification="in force in so far as not already in force" Applied="false"/></ukm:InForceDates></ukm:UnappliedEffect></ukm:UnappliedEffects></ukm:SecondaryMetadata><ukm:Statistics><ukm:TotalParagraphs Value="3"/><ukm:BodyParagraphs Value="3"/><ukm:ScheduleParagraphs Value="0"/><ukm:AttachmentParagraphs Value="0"/><ukm:TotalImages Value="0"/></ukm:Statistics></proprietary></meta><preface><p class="number"><docNumber>1996 No. 182</docNumber></p><block name="subject"><concept class="title" refersTo="#d4e106">FAMILY LAW</concept><concept class="subtitle" refersTo="#d4e108">CHILD SUPPORT</concept></block><block name="subject"><concept class="title" refersTo="#d4e111">SOCIAL SECURITY</concept></block><p class="title"><shortTitle>The Social Security (Adjudication) and Child Support Amendment Regulations 1996</shortTitle></p><p class="MadeDate"><span>Made</span><docDate date="1996-01-31">31st January 1996</docDate></p><p class="LaidDate"><span>Laid before Parliament</span><docDate date="1996-02-07">7th February 1996</docDate></p><p class="ComingIntoForce"><span>Coming into force</span><docDate date="1996-02-28">28th February 1996</docDate></p></preface><preamble><formula name="EnactingText"><p>The Secretary of State for Social Security, in exercise of the powers conferred by section 21(2) of the Child Support Act 1991<noteRef href="#f00001" class="footnote" marker="1"/> and sections 59(1) and 189 of, and paragraphs 2 and 5 of Schedule 3 to, the Social Security Administration Act 1992<noteRef href="#f00002" class="footnote" marker="2"/> and of all other powers enabling him in that behalf, after consultation with the Council on Tribunals in accordance with section 8 of the Tribunals and Inquiries Act 1992<noteRef href="#f00003" class="footnote" marker="3"/>, hereby makes the following Regulations:</p></formula></preamble><body><hcontainer name="regulation" eId="regulation-1"><num>1</num><heading>Citation and commencement</heading><content><p>These Regulations may be cited as the Social Security (Adjudication) and Child Support Amendment Regulations 1996 and shall come into force on 28th February 1996.</p></content></hcontainer><hcontainer name="regulation" eId="regulation-2"><num>2</num><heading>Amendment of the Social Security (Adjudication) Regulations 1995</heading><paragraph eId="regulation-2-1"><num>1</num><content><p>The Social Security (Adjudication) Regulations 1995<noteRef href="#f00004" class="footnote" marker="4"/> are amended in accordance with the following provisions of this regulation.</p></content></paragraph><paragraph eId="regulation-2-2"><num>2</num><intro><p>In regulation 3—</p></intro><subparagraph eId="regulation-2-2-a"><num>a</num><content><p>in paragraph (3), for the words “for special reasons” there are substituted the words “in the case of an application or reference, for special reasons, and in the case of an appeal, provided the conditions set out in paragraphs (3A) to (3E) are satisfied”.</p></content></subparagraph><subparagraph eId="regulation-2-2-b"><num>b</num><content><p>after paragraph (3) there are inserted the following paragraphs—</p><p class="BlockAmendment"><mod><quotedStructure class="unknown unknown unknown default" startQuote="“" endQuote="”"><paragraph eId="d4e185"><num>3A</num><intro><p>Where the time specified for the making of an appeal has already expired, an application for an extension of time for making an appeal shall not be granted unless the applicant has satisfied the person considering the application that—</p></intro><subparagraph eId="d4e191"><num>a</num><content><p>if the application is granted there are reasonable prospects that such an appeal will be successful; and</p></content></subparagraph><subparagraph eId="d4e197"><num>b</num><content><p>it is in the interests of justice that the application be granted.</p></content></subparagraph></paragraph><paragraph eId="d4e203"><num>3B</num><intro><p>For the purposes of paragraph (3A) it shall not be considered to be in the interests of justice to grant an application unless the person considering the application is satisfied that—</p></intro><subparagraph eId="d4e209"><num>a</num><content><p>special reasons exist, which are wholly exceptional and which relate to the history or facts of the case; and</p></content></subparagraph><subparagraph eId="d4e215"><num>b</num><content><p>such special reasons have existed throughout the period beginning with the day following the expiration of the time specified by Schedule 2 for the making of an appeal and ending with the day on which the application for an extension of time is made; and</p></content></subparagraph><subparagraph eId="d4e221"><num>c</num><content><p>such special reasons manifestly constitute a reasonable excuse of compelling weight for the applicant’s failure to make an appeal within the time specified.</p></content></subparagraph></paragraph><paragraph eId="d4e227"><num>3C</num><content><p>In determining whether there are special reasons for granting an application for an extension of time for making an appeal under paragraph (3) the person considering the application shall have regard to the principle that the greater the amount of time that has elapsed between the expiration of the time specified for the making of the appeal and the making of the application for an extension of time, the more cogent should be the special reasons on which the application is based.</p></content></paragraph><paragraph eId="d4e233"><num>3D</num><intro><p>In determining whether facts constitute special reasons for granting an application for an extension of time for making an appeal under paragraph (3) no account shall be taken of the following—</p></intro><subparagraph eId="d4e239"><num>a</num><content><p>that the applicant or anyone acting for him or advising him was unaware of or misunderstood the law applicable to his case (including ignorance or misunderstanding of any time limits imposed by Schedule 2);</p></content></subparagraph><subparagraph eId="d4e245"><num>b</num><content><p>that a Commissioner or a court has taken a different view of the law from that previously understood and applied.</p></content></subparagraph></paragraph><paragraph eId="d4e251"><num>3E</num><content><p>Notwithstanding paragraph (3), no appeal may in any event be brought later than 6 years after the beginning of the period specified in column (3) of Schedule 2.</p></content></paragraph></quotedStructure></mod><inline name="AppendText">;</inline></p></content></subparagraph><subparagraph eId="regulation-2-2-c"><num>c</num><content><p>for paragraph (5) there is substituted the following paragraph—</p><p class="BlockAmendment"><mod><quotedStructure class="unknown unknown unknown default" startQuote="“" endQuote="”"><paragraph eId="d4e266"><num>5</num><intro><p>Any application, appeal or reference under these Regulations shall contain particulars of the grounds on which it is made or given and—</p></intro><subparagraph eId="d4e272"><num>a</num><content><p>in the case of an appeal, shall include sufficient particulars of the decision under appeal to enable that decision to be identified; and</p></content></subparagraph><subparagraph eId="d4e278"><num>b</num><content><p>in the case of an application under paragraph (3) for an extension of time in which to appeal, shall state the grounds on which it is proposed to bring the appeal.</p></content></subparagraph></paragraph></quotedStructure></mod><inline name="AppendText">;</inline></p></content></subparagraph><subparagraph eId="regulation-2-2-d"><num>d</num><content><p>after paragraph (7) there are added the following paragraphs—</p><p class="BlockAmendment"><mod><quotedStructure class="unknown unknown unknown default" startQuote="“" endQuote="”"><paragraph eId="d4e293"><num>8</num><content><p>In the case of an application under paragraph (3) for an extension of time for making an appeal, the person who determines that application shall record his decision in writing together with a statement of the reasons for the decision.</p></content></paragraph><paragraph eId="d4e299"><num>9</num><content><p>As soon as practicable after the decision has been made it shall be communicated to the applicant and to every other party to the proceedings and if within 3 months of such communication being sent the applicant or any other party to the proceedings so requests in writing, a copy of the record referred to in paragraph (8) shall be supplied to him.</p></content></paragraph></quotedStructure></mod><inline name="AppendText">.</inline></p></content></subparagraph></paragraph><paragraph eId="regulation-2-3"><num>3</num><content><p>In regulation 23, after paragraph (3) there is added the following paragraph—</p><p class="BlockAmendment"><mod><quotedStructure class="secondary regulation main default" startQuote="“" endQuote="”"><paragraph eId="d4e314"><num>4</num><content><p>A record of the proceedings at the hearing shall be made by the chairman in such medium as he may direct and preserved by the clerk to the tribunal for 18 months, and a copy of such record (which may take the form of a transcript or tape) shall be supplied to the parties if requested by any of them within that period.</p></content></paragraph></quotedStructure></mod><inline name="AppendText">.</inline></p></content></paragraph><paragraph eId="regulation-2-4"><num>4</num><content><p>In regulation 29, after paragraph (6) there is added the following paragraph—</p><p class="BlockAmendment"><mod><quotedStructure class="secondary regulation main default" startQuote="“" endQuote="”"><paragraph eId="d4e329"><num>7</num><content><p>A record of the proceedings at the hearing shall be made by the chairman in such medium as he may direct and preserved by the clerk to the tribunal for 18 months, and a copy of such record (which may take the form of a transcript or a tape) shall be supplied to the parties if requested by any of them within that period.</p></content></paragraph></quotedStructure></mod><inline name="AppendText">.</inline></p></content></paragraph><paragraph eId="regulation-2-5"><num>5</num><content><p>In regulation 38, after paragraph (5) there is added the following paragraph—</p><p class="BlockAmendment"><mod><quotedStructure class="secondary regulation main default" startQuote="“" endQuote="”"><paragraph eId="d4e344"><num>6</num><content><p>A record of the proceedings at the hearing shall be made by the chairman in such medium as he may direct and preserved by the clerk to the tribunal for 18 months, and a copy of such record (which may take the form of a transcript or a tape) shall be supplied to the parties if requested by any of them within that period.</p></content></paragraph></quotedStructure></mod><inline name="AppendText">.</inline></p></content></paragraph></hcontainer><hcontainer name="regulation" eId="regulation-3"><num>3</num><heading>Amendment of the Child Support Appeal Tribunals (Procedure) Regulations 1992</heading><content><p>In regulation 13 of the Child Support Appeal Tribunals (Procedure) Regulations 1992<noteRef href="#f00005" class="footnote" marker="5"/>, after paragraph (3) there shall be added the following paragraph—</p><p class="BlockAmendment"><mod><quotedStructure class="secondary regulation main default" startQuote="“" endQuote="”"><paragraph eId="d4e364"><num>3A</num><content><p>A record of the proceedings at the hearing shall be made by the chairman in such medium as he may direct and preserved by the clerk to the tribunal for 18 months, and a copy of such record (which may take the form of a transcript or a tape) shall be supplied to the parties if requested by any of them within that period.</p></content></paragraph></quotedStructure></mod><inline name="AppendText">.</inline></p></content></hcontainer><hcontainer name="signatures"><content><p>Signed by authority of the Secretary of State for Social Security.</p><block name="signature"><signature><person refersTo="#ref-d4e378">Roger Evans</person><role refersTo="#ref-d4e380">Parliamentary Under-Secretary of State,</role><organization refersTo="#ref-d4e382">Department of Social Security</organization><date date="1996-01-31">31st January 1996</date></signature></block></content></hcontainer></body><conclusions><blockContainer class="ExplanatoryNotes"><intro><p>(This note is not part of the Regulations)</p></intro><p><authorialNote><p>These Regulations amend the Social Security (Adjudication) Regulations 1995 and the Child Support Appeal Tribunals (Procedure) Regulations 1992.</p><p>Regulation 3 of the Social Security (Adjudication) Regulations 1995 provides for the manner of making applications, appeals and references and the time limits for so doing. Regulation 3(3) provides that the time limit may be extended for special reasons. These Regulations amend regulation 3 by inserting new paragraphs into that regulation which make further provision about an application for an extension of time for making an appeal.</p><p>New paragraph (3B) provides that special reasons for granting an extension must exist throughout the period between the end of the specified time limit and the time when the application for an extension is made. New paragraphs (3C) and (3D) set out criteria to be taken into account when deciding whether special reasons exist and specify certain factors that are not to be taken into account. New paragraph (3E) imposes an absolute time limit of 6 years for making an appeal. An amendment is made to paragraph (5) so as to require that an application for an extension of time shall state the grounds on which it is made, and a new paragraph (8) is added which requires the person deciding the application to record his decision in writing together with the reasons for it. New paragraph (9) provides that as soon as practicable a copy of the decision shall be sent to every party to the proceedings and that a copy of the record should be supplied to any party on a request being made within 3 months.</p><p>A new paragraph is inserted into regulations 23, 29 and 38 of the Social Security (Adjudication) Regulations and also into regulation 13 of the Child Support Appeal Tribunals (Procedure) Regulations to provide that the chairman of, respectively, a social security appeal tribunal, a disability appeal tribunal, a medical appeal tribunal and a child support appeal tribunal shall make a record of the proceedings at the hearing of a case and that the clerk to the tribunal shall preserve that record for 18 months during which time copies are to be available to the parties to the hearing on request. This removes the practice of the automatic issue of the record of proceedings to every appellant.</p><p>These Regulations do not impose any costs on business.</p></authorialNote></p></blockContainer></conclusions></act></akomaNtoso>