<akomaNtoso xmlns:xsi="http://www.w3.org/2001/XMLSchema-instance" xmlns="http://docs.oasis-open.org/legaldocml/ns/akn/3.0" xsi:schemaLocation="http://docs.oasis-open.org/legaldocml/ns/akn/3.0 http://docs.oasis-open.org/legaldocml/akn-core/v1.0/cos01/part2-specs/schemas/akomantoso30.xsd"><act name="UnitedKingdomStatutoryInstrument"><meta><identification source="#source"><FRBRWork><FRBRthis value="http://www.legislation.gov.uk/id/uksi/1996/349"/><FRBRuri value="http://www.legislation.gov.uk/id/uksi/1996/349"/><FRBRdate date="1996-02-19" name="made"/><FRBRauthor href="http://www.legislation.gov.uk/id/government/uk"/><FRBRcountry value="GB-UKM"/><FRBRsubtype value="order"/><FRBRnumber value="349"/><FRBRname value="S.I. 1996/349"/><FRBRprescriptive value="true"/></FRBRWork><FRBRExpression><FRBRthis value="http://www.legislation.gov.uk/uksi/1996/349/made"/><FRBRuri value="http://www.legislation.gov.uk/uksi/1996/349/made"/><FRBRdate date="1996-02-19" name="made"/><FRBRauthor href="#source"/><FRBRlanguage language="eng"/></FRBRExpression><FRBRManifestation><FRBRthis value="http://www.legislation.gov.uk/uksi/1996/349/made/data.akn"/><FRBRuri value="http://www.legislation.gov.uk/uksi/1996/349/made/data.akn"/><FRBRdate date="2021-07-26+01:00" name="transform"/><FRBRauthor href="http://www.legislation.gov.uk"/><FRBRformat value="application/akn+xml"/></FRBRManifestation></identification><classification source="#source"><keyword value="fair trading" showAs="Fair trading" dictionary="http://www.legislation.gov.uk"/><keyword value="restrictive trade practices" showAs="RESTRICTIVE TRADE PRACTICES" dictionary="http://www.legislation.gov.uk"/></classification><lifecycle source="#source"><eventRef date="1996-02-19" type="generation" eId="made-date" source="#source"/><eventRef date="1996-02-20" eId="laid-date-1" source="#source"/><eventRef date="1996-03-19" eId="coming-into-force-date-1" source="#source"/></lifecycle><references source="#source"><TLCOrganization eId="source" href="http://www.legislation.gov.uk/id/publisher/KingsOrQueensPrinterOfActsOfParliament" showAs="Queen's Printer of Acts of Parliament"/><TLCLocation eId="departmentoftradeandindustry" href="/ontology/location/uk.DepartmentofTradeandIndustry" showAs="Department of Trade and Industry"/><TLCRole eId="ref-d4e173" href="/ontology/role/uk.Parliamentary Under-Secretary of State for Competition and Consumer Affairs," showAs="Parliamentary Under-Secretary of State for Competition and Consumer Affairs,"/><TLCPerson eId="ref-d4e171" href="/ontology/persons/uk.JohnTaylor" showAs="John Taylor"/><TLCConcept href="/uk/subject/restrictive-trade-practices" showAs="RESTRICTIVE TRADE PRACTICES" eId="d4e56"/></references><notes source="#source"><note class="footnote" eId="f00001"><p><ref href="http://www.legislation.gov.uk/id/ukpga/1976/34">1976 c. 34</ref>; section 27A was inserted by section 10 of the Deregulation and Contracting Out Act <ref href="http://www.legislation.gov.uk/id/ukpga/1994/40">1994 (c. 40)</ref>.</p></note></notes><proprietary xmlns:ukl="http://www.legislation.gov.uk/namespaces/legislation" xmlns:ukm="http://www.legislation.gov.uk/namespaces/metadata" xmlns:dc="http://purl.org/dc/elements/1.1/" xmlns:dct="http://purl.org/dc/terms/" xmlns:atom="http://www.w3.org/2005/Atom" source="#source"><dc:identifier>http://www.legislation.gov.uk/uksi/1996/349/made</dc:identifier><dc:title>The Restrictive Trade Practices (Non-notifiable Agreements) (EC Block Exemptions) Order 1996</dc:title><dc:subject>Fair trading</dc:subject><dc:publisher>Queen's Printer of Acts of Parliament</dc:publisher><dc:modified>2016-08-02</dc:modified><dc:subject scheme="SIheading">RESTRICTIVE TRADE PRACTICES</dc:subject><dc:description>This Order specifies two descriptions of a non-notifiable agreement for the purposes of section 27A of the Restrictive Trade Practices Act 1976. A non-notifiable agreement is an agreement which is registrable under the Act but whose particulars do not have to be furnished to the Director General of Fair Trading unless he requires them by serving a notice on the parties.</dc:description><atom:link rel="self" href="http://www.legislation.gov.uk/uksi/1996/349/made/data.xml" type="application/xml"/><atom:link rel="http://www.legislation.gov.uk/def/navigation/resources" href="http://www.legislation.gov.uk/uksi/1996/349/resources" title="More Resources"/><atom:link rel="http://www.legislation.gov.uk/def/navigation/act" href="http://www.legislation.gov.uk/uksi/1996/349/made" title="whole act"/><atom:link rel="http://www.legislation.gov.uk/def/navigation/introduction" href="http://www.legislation.gov.uk/uksi/1996/349/introduction/made" title="introduction"/><atom:link rel="http://www.legislation.gov.uk/def/navigation/signature" href="http://www.legislation.gov.uk/uksi/1996/349/signature/made" title="signature"/><atom:link rel="http://www.legislation.gov.uk/def/navigation/note" href="http://www.legislation.gov.uk/uksi/1996/349/note/made" title="note"/><atom:link rel="http://www.legislation.gov.uk/def/navigation/body" href="http://www.legislation.gov.uk/uksi/1996/349/body/made" title="body"/><atom:link rel="alternate" type="application/rdf+xml" href="http://www.legislation.gov.uk/uksi/1996/349/made/data.rdf" title="RDF/XML"/><atom:link rel="alternate" type="application/akn+xml" href="http://www.legislation.gov.uk/uksi/1996/349/made/data.akn" title="AKN"/><atom:link rel="alternate" type="application/xhtml+xml" href="http://www.legislation.gov.uk/uksi/1996/349/made/data.xht" title="HTML snippet"/><atom:link rel="alternate" type="application/pdf" href="http://www.legislation.gov.uk/uksi/1996/349/made/data.pdf" title="PDF"/><atom:link rel="alternate" type="application/akn+xhtml" href="http://www.legislation.gov.uk/uksi/1996/349/made/data.html" title="HTML5 snippet"/><atom:link rel="http://purl.org/dc/terms/tableOfContents" hreflang="en" href="http://www.legislation.gov.uk/uksi/1996/349/contents/made" title="Table of Contents"/><ukm:SecondaryMetadata><ukm:DocumentClassification><ukm:DocumentCategory Value="secondary"/><ukm:DocumentMainType Value="UnitedKingdomStatutoryInstrument"/><ukm:DocumentStatus Value="final"/><ukm:DocumentMinorType Value="order"/></ukm:DocumentClassification><ukm:Year Value="1996"/><ukm:Number Value="349"/><ukm:Made Date="1996-02-19"/><ukm:Laid Date="1996-02-20" Class="UnitedKingdomParliament"/><ukm:ComingIntoForce><ukm:DateTime Date="1996-03-19"/></ukm:ComingIntoForce><ukm:ISBN Value="0110541499"/></ukm:SecondaryMetadata><ukm:Statistics><ukm:TotalParagraphs Value="3"/><ukm:BodyParagraphs Value="3"/><ukm:ScheduleParagraphs Value="0"/><ukm:AttachmentParagraphs Value="0"/><ukm:TotalImages Value="0"/></ukm:Statistics></proprietary></meta><preface><p class="number"><docNumber>1996 No. 349</docNumber></p><block name="subject"><concept class="title" refersTo="#d4e56">RESTRICTIVE TRADE PRACTICES</concept></block><p class="title"><shortTitle>The Restrictive Trade Practices (Non-notifiable Agreements) (<abbr class="Acronym" title="European Community">EC</abbr> Block Exemptions) Order 1996</shortTitle></p><p class="MadeDate"><span>Made</span><docDate date="1996-02-19">19th February 1996</docDate></p><p class="LaidDate"><span>Laid before Parliament</span><docDate date="1996-02-20">20th February 1996</docDate></p><p class="ComingIntoForce"><span>Coming into force</span><docDate date="1996-03-19">19th March 1996</docDate></p></preface><preamble><formula name="EnactingText"><p>The Secretary of State, in exercise of the power conferred upon him by section 27A of the Restrictive Trade Practices Act 1976<noteRef href="#f00001" class="footnote" marker="1"/>, , hereby makes the following Order:—</p></formula></preamble><body><article eId="article-1"><num>1</num><heading>Title and Commencement</heading><paragraph eId="article-1-1"><num>1</num><content><p>This Order may be cited as the Restrictive Trade Practices (Non-notifiable Agreements) (<abbr class="Acronym" title="European Community">EC</abbr> Block Exemptions) Order 1996.</p></content></paragraph><paragraph eId="article-1-2"><num>2</num><content><p>This Order shall come into force on 19th March 1996 and shall apply to agreements made on or after that date.</p></content></paragraph></article><article eId="article-2"><num>2</num><heading>Interpretation</heading><content><p>In this Order—</p><blockList class="unordered"><item><p>“<abbr title="Restrictive Trade Practices Act 1976 c. 34" xml:lang="">the Act</abbr>” means the Restrictive Trade Practices Act 1976;</p></item><item><p>“block exemption regulation” means an <abbr class="Acronym" title="European Community">EC</abbr> Council Regulation or an <abbr class="Acronym" title="European Community">EC</abbr> Commission Regulation (whether adopted before or after the coming into force of this Order) which declares the prohibition contained in Article 85.1 of the <abbr class="Acronym" title="European Community">EC</abbr> Treaty inapplicable to a category or categories of agreements decisions and concerted practices.</p></item></blockList></content></article><article eId="article-3"><num>3</num><heading>Descriptions of Non-notifiable Agreements</heading><intro><p>An agreement is of a description specified for the purposes of section 27A of <abbr title="Restrictive Trade Practices Act 1976 c. 34" xml:lang="">the Act</abbr> (which defines non-notifiable agreements) if—</p></intro><subparagraph eId="article-3-a"><num>a</num><content><p>it is an agreement which is exempt from Article 85.1 of the <abbr class="Acronym" title="European Community">EC</abbr> Treaty by virtue of the application to it of a block exemption regulation; or</p></content></subparagraph><subparagraph eId="article-3-b"><num>b</num><content><p>it is an agreement which does not fall within the prohibition contained in Article 85.1 of the <abbr class="Acronym" title="European Community">EC</abbr> Treaty but which, if it did so fall, would be exempt from that provision by virtue of the application to it of a block exemption regulation.</p></content></subparagraph></article><hcontainer name="signatures"><content><block name="signature"><signature><person refersTo="#ref-d4e171">John Taylor</person><role refersTo="#ref-d4e173">Parliamentary Under-Secretary of State for Competition and Consumer Affairs,</role><location refersTo="#departmentoftradeandindustry">Department of Trade and Industry</location><date date="1996-02-19">19th February 1996</date></signature></block></content></hcontainer></body><conclusions><blockContainer class="ExplanatoryNotes"><intro><p>(This note is not part of the Order)</p></intro><p><authorialNote><p>This Order specifies two descriptions of a non-notifiable agreement for the purposes of section 27A of the Restrictive Trade Practices Act 1976. A non-notifiable agreement is an agreement which is registrable under <abbr title="Restrictive Trade Practices Act 1976 c. 34" xml:lang="">the Act</abbr> but whose particulars do not have to be furnished to the Director General of Fair Trading unless he requires them by serving a notice on the parties.</p><p>An agreement will be non-notifiable if it is exempt from the prohibition on agreements restrictive of competition contained in Article 85.1 of the <abbr class="Acronym" title="European Community">EC</abbr> Treaty, by virtue of the application to it of a block exemption regulation adopted by the Council of Ministers of the <abbr class="Acronym" title="European Community">EC</abbr> or by the <abbr class="Acronym" title="European Community">EC</abbr> Commission. An agreement which ceases to be exempt from Article 85.1 will cease to meet the specified description and, therefore, cease to be non-notifiable.</p><p>An agreement will also be non-notifiable if it does not fall within the prohibition contained in Article 85.1, because, for example, it does not have an appreciable effect on trade between member States, but which would have qualified for exemption under a block exemption regulation if it had fallen within that prohibition.</p><p>Section 27A provides that price fixing agreements and agreements of which particulars have been entered on the register of restrictive trading agreements are not non-notifiable agreements.</p><p>This Order applies to agreements made on or after the date on which it comes into force.</p></authorialNote></p></blockContainer></conclusions></act></akomaNtoso>