<akomaNtoso xmlns:xsi="http://www.w3.org/2001/XMLSchema-instance" xmlns="http://docs.oasis-open.org/legaldocml/ns/akn/3.0" xsi:schemaLocation="http://docs.oasis-open.org/legaldocml/ns/akn/3.0 http://docs.oasis-open.org/legaldocml/akn-core/v1.0/cos01/part2-specs/schemas/akomantoso30.xsd"><act name="UnitedKingdomStatutoryInstrument"><meta><identification source="#source"><FRBRWork><FRBRthis value="http://www.legislation.gov.uk/id/uksi/1996/536"/><FRBRuri value="http://www.legislation.gov.uk/id/uksi/1996/536"/><FRBRdate date="1996-03-04" name="made"/><FRBRauthor href="http://www.legislation.gov.uk/id/government/uk"/><FRBRcountry value="GB-UKM"/><FRBRsubtype value="regulation"/><FRBRnumber value="536"/><FRBRname value="S.I. 1996/536"/><FRBRprescriptive value="true"/></FRBRWork><FRBRExpression><FRBRthis value="http://www.legislation.gov.uk/uksi/1996/536/made"/><FRBRuri value="http://www.legislation.gov.uk/uksi/1996/536/made"/><FRBRdate date="1996-03-04" name="made"/><FRBRauthor href="#source"/><FRBRlanguage language="eng"/></FRBRExpression><FRBRManifestation><FRBRthis value="http://www.legislation.gov.uk/uksi/1996/536/made/data.akn"/><FRBRuri value="http://www.legislation.gov.uk/uksi/1996/536/made/data.akn"/><FRBRdate date="2021-07-26+01:00" name="transform"/><FRBRauthor href="http://www.legislation.gov.uk"/><FRBRformat value="application/akn+xml"/></FRBRManifestation></identification><classification source="#source"><keyword value="driving licences" showAs="Driving licences" dictionary="http://www.legislation.gov.uk"/><keyword value="vehicles" showAs="Vehicles" dictionary="http://www.legislation.gov.uk"/><keyword value="road traffic;wales" showAs="ROAD TRAFFIC;WALES" dictionary="http://www.legislation.gov.uk"/></classification><lifecycle source="#source"><eventRef date="1996-03-04" type="generation" eId="made-date" source="#source"/><eventRef date="1996-03-06" eId="laid-date-1" source="#source"/><eventRef date="1996-04-01" eId="coming-into-force-date-1" source="#source"/></lifecycle><references source="#source"><TLCOrganization eId="source" href="http://www.legislation.gov.uk/id/publisher/KingsOrQueensPrinterOfActsOfParliament" showAs="Queen's Printer of Acts of Parliament"/><passiveRef href="http://www.legislation.gov.uk/id/uksi/1996/2824" showAs="The Motor Vehicles (Driving Licences) Regulations 1996"/><TLCRole eId="ref-d4e187" href="/ontology/role/uk.Secretary of State for Wales" showAs="Secretary of State for Wales"/><TLCPerson eId="ref-d4e185" href="/ontology/persons/uk.WilliamHague" showAs="William Hague"/><TLCConcept href="/uk/subject/road-traffic" showAs="ROAD TRAFFIC" eId="d4e74"/><TLCConcept href="/uk/subject/wales" showAs="WALES" eId="d4e76"/></references><notes source="#source"><note class="footnote" eId="f00001"><p><ref href="http://www.legislation.gov.uk/id/ukpga/1988/52">1988 c. 52</ref>. See the definition of “prescribed” in Section 108(1).</p></note><note class="footnote" eId="f00002"><p><abbr class="Acronym" title="Statutory Instrument">S.I.</abbr><ref href="http://www.legislation.gov.uk/id/uksi/1987/1378">1987/1378</ref>, to which there are amendments not relevant to these Regulations.</p></note></notes><proprietary xmlns:ukl="http://www.legislation.gov.uk/namespaces/legislation" xmlns:ukm="http://www.legislation.gov.uk/namespaces/metadata" xmlns:dc="http://purl.org/dc/elements/1.1/" xmlns:dct="http://purl.org/dc/terms/" xmlns:atom="http://www.w3.org/2005/Atom" source="#source"><dc:identifier>http://www.legislation.gov.uk/uksi/1996/536/made</dc:identifier><dc:title>The Motor Vehicles (Driving Licences) (Amendment) (No.2) Regulations 1996</dc:title><dc:subject>Driving licences</dc:subject><dc:subject>Vehicles</dc:subject><dc:publisher>Queen's Printer of Acts of Parliament</dc:publisher><dc:modified>2011-07-04</dc:modified><dc:subject scheme="SIheading">ROAD TRAFFIC;WALES</dc:subject><dc:description>These Regulations relate to Wales. They amend the Motor Vehicles (Driving Licences) Regulations 1987 to allow provisional licence holders driving in Wales to display `D' plates as an alternative to `L' plates, if they so wish. (The Welsh word for learner is dysgwr.)</dc:description><atom:link rel="self" href="http://www.legislation.gov.uk/uksi/1996/536/made/data.xml" type="application/xml"/><atom:link rel="http://www.legislation.gov.uk/def/navigation/resources" href="http://www.legislation.gov.uk/uksi/1996/536/resources" title="More Resources"/><atom:link rel="http://www.legislation.gov.uk/def/navigation/act" href="http://www.legislation.gov.uk/uksi/1996/536/made" title="whole act"/><atom:link rel="http://www.legislation.gov.uk/def/navigation/introduction" href="http://www.legislation.gov.uk/uksi/1996/536/introduction/made" title="introduction"/><atom:link rel="http://www.legislation.gov.uk/def/navigation/signature" href="http://www.legislation.gov.uk/uksi/1996/536/signature/made" title="signature"/><atom:link rel="http://www.legislation.gov.uk/def/navigation/note" href="http://www.legislation.gov.uk/uksi/1996/536/note/made" title="note"/><atom:link rel="http://www.legislation.gov.uk/def/navigation/body" href="http://www.legislation.gov.uk/uksi/1996/536/body/made" title="body"/><atom:link rel="alternate" type="application/rdf+xml" href="http://www.legislation.gov.uk/uksi/1996/536/made/data.rdf" title="RDF/XML"/><atom:link rel="alternate" type="application/akn+xml" href="http://www.legislation.gov.uk/uksi/1996/536/made/data.akn" title="AKN"/><atom:link rel="alternate" type="application/xhtml+xml" href="http://www.legislation.gov.uk/uksi/1996/536/made/data.xht" title="HTML snippet"/><atom:link rel="alternate" type="application/pdf" href="http://www.legislation.gov.uk/uksi/1996/536/made/data.pdf" title="PDF"/><atom:link rel="alternate" type="application/akn+xhtml" href="http://www.legislation.gov.uk/uksi/1996/536/made/data.html" title="HTML5 snippet"/><atom:link rel="http://purl.org/dc/terms/tableOfContents" hreflang="en" href="http://www.legislation.gov.uk/uksi/1996/536/contents/made" title="Table of Contents"/><ukm:SecondaryMetadata><ukm:DocumentClassification><ukm:DocumentCategory Value="secondary"/><ukm:DocumentMainType Value="UnitedKingdomStatutoryInstrument"/><ukm:DocumentStatus Value="final"/><ukm:DocumentMinorType Value="regulation"/></ukm:DocumentClassification><ukm:Year Value="1996"/><ukm:Number Value="536"/><ukm:Made Date="1996-03-04"/><ukm:Laid Date="1996-03-06" Class="UnitedKingdomParliament"/><ukm:ComingIntoForce><ukm:DateTime Date="1996-04-01"/></ukm:ComingIntoForce><ukm:ISBN Value="0110543262"/><ukm:UnappliedEffects><ukm:UnappliedEffect EffectId="key-a092785b67d5889b7036357a9b787797" AffectedURI="http://www.legislation.gov.uk/id/uksi/1996/536" AffectedClass="UnitedKingdomStatutoryInstrument" AffectingURI="http://www.legislation.gov.uk/id/uksi/1996/2824" AffectingClass="UnitedKingdomStatutoryInstrument" URI="http://www.legislation.gov.uk/id/effect/upload-b507ayy3--6491" Row="6496" Type="revoked" RequiresApplied="true" AffectedProvisions="Act" Comments="rev. (1.1.1997)" AffectingYear="1996" AffectingNumber="2824" AffectingProvisions="reg.2, Sch.1" AffectedYear="1996" AffectedNumber="536" Created="2019-07-11T00:00:00" Modified="2019-07-11T00:00:00"><ukm:AffectedTitle>The Motor Vehicles (Driving Licences) (Amendment) (No.2) Regulations 1996</ukm:AffectedTitle><ukm:AffectedProvisions>Act</ukm:AffectedProvisions><ukm:AffectingTitle>The Motor Vehicles (Driving Licences) Regulations 1996</ukm:AffectingTitle><ukm:AffectingProvisions><ukm:Section Ref="regulation-2" URI="http://www.legislation.gov.uk/id/uksi/1996/2824/regulation/2">reg.2</ukm:Section><ukm:Section Ref="schedule-1" URI="http://www.legislation.gov.uk/id/uksi/1996/2824/schedule/1">Sch.1</ukm:Section></ukm:AffectingProvisions><ukm:InForceDates><ukm:InForce Applied="false" Date="1997-01-01" Qualification=""/></ukm:InForceDates></ukm:UnappliedEffect></ukm:UnappliedEffects></ukm:SecondaryMetadata><ukm:Statistics><ukm:TotalParagraphs Value="2"/><ukm:BodyParagraphs Value="2"/><ukm:ScheduleParagraphs Value="0"/><ukm:AttachmentParagraphs Value="0"/><ukm:TotalImages Value="1"/></ukm:Statistics></proprietary></meta><preface><p class="number"><docNumber>1996 No. 536</docNumber></p><block name="subject"><concept class="title" refersTo="#d4e74">ROAD TRAFFIC</concept><concept class="subtitle" refersTo="#d4e76">WALES</concept></block><p class="title"><shortTitle>The Motor Vehicles (Driving Licences) (Amendment) (No.2) Regulations 1996</shortTitle></p><p class="MadeDate"><span>Made</span><docDate date="1996-03-04">4th March 1996</docDate></p><p class="LaidDate"><span>Laid before Parliament</span><docDate date="1996-03-06">6th March 1996</docDate></p><p class="ComingIntoForce"><span>Coming into force</span><docDate date="1996-04-01">1st April 1996</docDate></p></preface><preamble><formula name="EnactingText"><p>The Secretary of State for Wales, in exercise of the powers conferred on him by sections 97(3), 105 and 108(1) of the Road Traffic Act 1988<noteRef href="#f00001" class="footnote" marker="1"/>, and of all other enabling powers, and after consulting such representative organizations as he thinks fit in accordance with section 195(2) of that Act, hereby makes the following Regulations:</p></formula></preamble><body><hcontainer name="regulation" eId="regulation-1"><num>1</num><heading>Citation and commencement</heading><content><p>These Regulations may be cited as the Motor Vehicles (Driving Licences) (Amendment) (No.2) Regulations 1996 and shall come into force on 1st April 1996.</p></content></hcontainer><hcontainer name="regulation" eId="regulation-2"><num>2</num><heading>Interpretation</heading><paragraph eId="regulation-2-1"><num>1</num><content><p>The Motor Vehicles (Driving Licences) Regulations 1987<noteRef href="#f00002" class="footnote" marker="2"/> shall be amended in accordance with the following provisions of this regulation.</p></content></paragraph><paragraph eId="regulation-2-2"><num>2</num><content><p>After “(2),” in paragraph (1) of regulation 9 there shall be inserted “(2A),”.</p></content></paragraph><paragraph eId="regulation-2-3"><num>3</num><content><p>After paragraph (2) of regulation 9 there shall be inserted —</p><p class="BlockAmendment"><mod><quotedStructure class="secondary regulation main default" startQuote="“" endQuote="”"><paragraph eId="d4e140"><num>2A</num><intro><p>The condition specified in paragraph (l)(b) shall not apply—</p></intro><subparagraph eId="d4e146"><num>a</num><content><p>when the holder of the provisional licence is driving a motor vehicle on a road in Wales, and</p></content></subparagraph><subparagraph eId="d4e152"><num>b</num><content><p>a distinguishing mark in the form set out in Schedule 2A is displayed on the vehicle in such manner as to be clearly visible to other persons using the road from within a reasonable distance from the front and from the back of the vehicle.</p></content></subparagraph></paragraph></quotedStructure></mod><inline name="AppendText">.</inline></p></content></paragraph><paragraph eId="regulation-2-4"><num>4</num><content><p>After Schedule 2 there shall be inserted—</p><p class="BlockAmendment"><mod><quotedStructure class="unknown unknown schedule default" startQuote="“" endQuote="”"><hcontainer name="schedule" eId="d4e167"><num>SCHEDULE 2A<authorialNote class="referenceNote" placement="right"><p>Regulation 9</p></authorialNote></num><content><p>Diagram of distinguishing mark to be displayed on a motor vehicle being driven under a provisional licence in Wales if a distinguishing mark in the form set out in Schedule 2 above is not so displayed.</p><tblock class="figure"><heading>The corners of the white ground can be rounded off.</heading><p><img alt="Image_r00000" src="http://www.legislation.gov.uk/uksi/1996/536/images/uksi_19960536_en_001" width="332" height="348"/></p></tblock></content></hcontainer></quotedStructure></mod><inline name="AppendText">.</inline></p></content></paragraph></hcontainer><hcontainer name="signatures"><content><block name="signature"><signature><person refersTo="#ref-d4e185">William Hague</person><role refersTo="#ref-d4e187">Secretary of State for Wales</role><date date="1996-03-04">4th March 1996</date></signature></block></content></hcontainer></body><conclusions><blockContainer class="ExplanatoryNotes"><intro><p>(This note is not part of the Regulations)</p></intro><p><authorialNote><p>These Regulations relate to Wales. They amend the Motor Vehicles (Driving Licences) Regulations 1987 to allow provisional licence holders driving in Wales to display `D' plates as an alternative to `L' plates, if they so wish. (The Welsh word for learner is <em>dysgwr</em>.)</p></authorialNote></p></blockContainer></conclusions></act></akomaNtoso>