<akomaNtoso xmlns:xsi="http://www.w3.org/2001/XMLSchema-instance" xmlns="http://docs.oasis-open.org/legaldocml/ns/akn/3.0" xsi:schemaLocation="http://docs.oasis-open.org/legaldocml/ns/akn/3.0 http://docs.oasis-open.org/legaldocml/akn-core/v1.0/cos01/part2-specs/schemas/akomantoso30.xsd"><act name="UnitedKingdomStatutoryInstrument"><meta><identification source="#source"><FRBRWork><FRBRthis value="http://www.legislation.gov.uk/id/uksi/1996/583"/><FRBRuri value="http://www.legislation.gov.uk/id/uksi/1996/583"/><FRBRdate date="1996-03-05" name="made"/><FRBRauthor href="http://www.legislation.gov.uk/id/government/uk"/><FRBRcountry value="GB-UKM"/><FRBRsubtype value="regulation"/><FRBRnumber value="583"/><FRBRname value="S.I. 1996/583"/><FRBRprescriptive value="true"/></FRBRWork><FRBRExpression><FRBRthis value="http://www.legislation.gov.uk/uksi/1996/583/made"/><FRBRuri value="http://www.legislation.gov.uk/uksi/1996/583/made"/><FRBRdate date="1996-03-05" name="made"/><FRBRauthor href="#source"/><FRBRlanguage language="eng"/></FRBRExpression><FRBRManifestation><FRBRthis value="http://www.legislation.gov.uk/uksi/1996/583/made/data.akn"/><FRBRuri value="http://www.legislation.gov.uk/uksi/1996/583/made/data.akn"/><FRBRdate date="2021-07-26+01:00" name="transform"/><FRBRauthor href="http://www.legislation.gov.uk"/><FRBRformat value="application/akn+xml"/></FRBRManifestation></identification><classification source="#source"><keyword value="national health service (nhs)" showAs="National Health Service (NHS)" dictionary="http://www.legislation.gov.uk"/><keyword value="health care services and specialisms" showAs="Health care services and specialisms" dictionary="http://www.legislation.gov.uk"/><keyword value="national health service, england and wales" showAs="NATIONAL HEALTH SERVICE, ENGLAND AND WALES" dictionary="http://www.legislation.gov.uk"/></classification><lifecycle source="#source"><eventRef date="1996-03-05" type="generation" eId="made-date" source="#source"/><eventRef date="1996-03-06" eId="laid-date-1" source="#source"/><eventRef date="1996-04-01" eId="coming-into-force-date-1" source="#source"/></lifecycle><references source="#source"><TLCOrganization eId="source" href="http://www.legislation.gov.uk/id/publisher/KingsOrQueensPrinterOfActsOfParliament" showAs="Queen's Printer of Acts of Parliament"/><passiveRef href="http://www.legislation.gov.uk/id/uksi/2000/620" showAs="The National Health Service (Charges for Drugs and Appliances) Regulations 2000"/><passiveRef href="http://www.legislation.gov.uk/id/wsi/2001/1358" showAs="National Health Service (Charges for Drugs and Appliances) (Wales) Regulations 2001"/><TLCOrganization eId="ref-d4e214" href="/ontology/organization/uk.Department of Health" showAs="Department of Health"/><TLCRole eId="ref-d4e212" href="/ontology/role/uk.Minister of State," showAs="Minister of State,"/><TLCPerson eId="ref-d4e210" href="/ontology/persons/uk.GeraldMalone" showAs="Gerald Malone"/><TLCConcept href="/uk/subject/national-health-service-england-and-wales" showAs="NATIONAL HEALTH SERVICE, ENGLAND AND WALES" eId="d4e94"/></references><notes source="#source"><note class="footnote" eId="f00001"><p><ref href="http://www.legislation.gov.uk/id/ukpga/1977/49">1977 c. 49</ref>; see section 128(1) as amended by the National Health Service and Community Care Act <ref href="http://www.legislation.gov.uk/id/ukpga/1990/19">1990 (c. 19)</ref> (“the <abbr title="National Health Service and Community Care Act 1990 c. 19" xml:lang="">1990 Act</abbr>”), section 26(2)(g) and (i), for the definitions of“prescribed”and “regulations”. Section 126(4) was amended by the <abbr title="National Health Service and Community Care Act 1990 c. 19" xml:lang="">1990 Act</abbr>, section 65(2).</p></note><note class="footnote" eId="f00002"><p><ref href="http://www.legislation.gov.uk/id/uksi/1989/419">S.I. 1989/419</ref>, amended by <ref href="http://www.legislation.gov.uk/id/uksi/1990/537">S.I. 1990/537</ref>, <ref href="http://www.legislation.gov.uk/id/uksi/1991/579">1991/579</ref>, <ref href="http://www.legislation.gov.uk/id/uksi/1992/365">1992/365</ref>, <ref href="http://www.legislation.gov.uk/id/uksi/1993/420">1993/420</ref>, <ref href="http://www.legislation.gov.uk/id/uksi/1994/690">1994/690</ref>, <ref href="http://www.legislation.gov.uk/id/uksi/1994/2402">1994/2402</ref>, <ref href="http://www.legislation.gov.uk/id/uksi/1995/643">1995/643</ref> and <ref href="http://www.legislation.gov.uk/id/uksi/1995/2737">1995/2737</ref>.</p></note><note class="footnote" eId="f00003"><p>Paragraph (1A) of regulation 2 was inserted by <ref href="http://www.legislation.gov.uk/id/uksi/1994/2402">S.I. 1994/2402</ref>.</p></note></notes><proprietary xmlns:ukl="http://www.legislation.gov.uk/namespaces/legislation" xmlns:ukm="http://www.legislation.gov.uk/namespaces/metadata" xmlns:dc="http://purl.org/dc/elements/1.1/" xmlns:dct="http://purl.org/dc/terms/" xmlns:atom="http://www.w3.org/2005/Atom" source="#source"><dc:identifier>http://www.legislation.gov.uk/uksi/1996/583/made</dc:identifier><dc:title>The National Health Service (Charges for Drugs and Appliances) Amendment Regulations 1996</dc:title><dc:subject>National Health Service (NHS)</dc:subject><dc:subject>Health care services and specialisms</dc:subject><dc:publisher>Queen's Printer of Acts of Parliament</dc:publisher><dc:modified>2017-05-04</dc:modified><dc:subject scheme="SIheading">NATIONAL HEALTH SERVICE, ENGLAND AND WALES</dc:subject><dc:description>These Regulations further amend the National Health Service (Charges for Drugs and Appliances) Regulations 1989 (“the principal Regulations”) which provide for the making and recovery of charges for drugs and appliances supplied by doctors and chemists providing pharmaceutical services, and by Health Authorities and NHS trusts to out-patients.</dc:description><atom:link rel="self" href="http://www.legislation.gov.uk/uksi/1996/583/made/data.xml" type="application/xml"/><atom:link rel="http://www.legislation.gov.uk/def/navigation/resources" href="http://www.legislation.gov.uk/uksi/1996/583/resources" title="More Resources"/><atom:link rel="http://www.legislation.gov.uk/def/navigation/act" href="http://www.legislation.gov.uk/uksi/1996/583/made" title="whole act"/><atom:link rel="http://www.legislation.gov.uk/def/navigation/introduction" href="http://www.legislation.gov.uk/uksi/1996/583/introduction/made" title="introduction"/><atom:link rel="http://www.legislation.gov.uk/def/navigation/signature" href="http://www.legislation.gov.uk/uksi/1996/583/signature/made" title="signature"/><atom:link rel="http://www.legislation.gov.uk/def/navigation/note" href="http://www.legislation.gov.uk/uksi/1996/583/note/made" title="note"/><atom:link rel="http://www.legislation.gov.uk/def/navigation/body" href="http://www.legislation.gov.uk/uksi/1996/583/body/made" title="body"/><atom:link rel="http://www.legislation.gov.uk/def/navigation/schedules" href="http://www.legislation.gov.uk/uksi/1996/583/schedules/made" title="schedules"/><atom:link rel="alternate" type="application/rdf+xml" href="http://www.legislation.gov.uk/uksi/1996/583/made/data.rdf" title="RDF/XML"/><atom:link rel="alternate" type="application/akn+xml" href="http://www.legislation.gov.uk/uksi/1996/583/made/data.akn" title="AKN"/><atom:link rel="alternate" type="application/xhtml+xml" href="http://www.legislation.gov.uk/uksi/1996/583/made/data.xht" title="HTML snippet"/><atom:link rel="alternate" type="application/pdf" href="http://www.legislation.gov.uk/uksi/1996/583/made/data.pdf" title="PDF"/><atom:link rel="alternate" type="application/akn+xhtml" href="http://www.legislation.gov.uk/uksi/1996/583/made/data.html" title="HTML5 snippet"/><atom:link rel="http://purl.org/dc/terms/tableOfContents" hreflang="en" href="http://www.legislation.gov.uk/uksi/1996/583/contents/made" title="Table of Contents"/><ukm:SecondaryMetadata><ukm:DocumentClassification><ukm:DocumentCategory Value="secondary"/><ukm:DocumentMainType Value="UnitedKingdomStatutoryInstrument"/><ukm:DocumentStatus Value="final"/><ukm:DocumentMinorType Value="regulation"/></ukm:DocumentClassification><ukm:Year Value="1996"/><ukm:Number Value="583"/><ukm:Made Date="1996-03-05"/><ukm:Laid Date="1996-03-06" Class="UnitedKingdomParliament"/><ukm:ComingIntoForce><ukm:DateTime Date="1996-04-01"/></ukm:ComingIntoForce><ukm:ISBN Value="0110542207"/><ukm:UnappliedEffects><ukm:UnappliedEffect EffectId="key-71529df71dab28cdb027d1c38cbec340" AffectedURI="http://www.legislation.gov.uk/id/uksi/1996/583" AffectedClass="UnitedKingdomStatutoryInstrument" AffectingURI="http://www.legislation.gov.uk/id/uksi/2000/620" AffectingClass="UnitedKingdomStatutoryInstrument" URI="http://www.legislation.gov.uk/id/effect/upload-9mivznu3--3551" Row="3556" Type="revoked" RequiresApplied="true" AffectedProvisions="Act" Comments="rev." AffectingYear="2000" AffectingNumber="620" AffectingProvisions="reg.13, Sch.2" AffectedYear="1996" AffectedNumber="583" Created="2019-02-12T00:00:00Z" Modified="2019-02-12T00:00:00Z"><ukm:AffectedTitle>The National Health Service (Charges for Drugs and Appliances) Amendment Regulations 1996</ukm:AffectedTitle><ukm:AffectedProvisions>Act</ukm:AffectedProvisions><ukm:AffectingTitle>The National Health Service (Charges for Drugs and Appliances) Regulations 2000</ukm:AffectingTitle><ukm:AffectingProvisions><ukm:Section Ref="regulation-13" URI="http://www.legislation.gov.uk/id/uksi/2000/620/regulation/13">reg.13</ukm:Section><ukm:Section Ref="schedule-2" URI="http://www.legislation.gov.uk/id/uksi/2000/620/schedule/2">Sch.2</ukm:Section></ukm:AffectingProvisions><ukm:InForceDates><ukm:InForce Applied="false" Prospective="true" Qualification=""/></ukm:InForceDates><ukm:AffectedTitle>NHS (Charges for Drugs abd Appliances) Amdt Regs</ukm:AffectedTitle></ukm:UnappliedEffect><ukm:UnappliedEffect EffectId="key-52f0f8b94cb4e27662c6b1b9a02767cc" AffectedURI="http://www.legislation.gov.uk/id/uksi/1996/583" AffectedClass="UnitedKingdomStatutoryInstrument" AffectingURI="http://www.legislation.gov.uk/id/wsi/2001/1358" AffectingClass="WelshStatutoryInstrument" URI="http://www.legislation.gov.uk/id/effect/wsi-2001-1358-nd1xyw63-14" Row="14" Type="revoked" affectingLegislation="2001 SI1358" RequiresApplied="true" AffectedProvisions="Regulations" AffectingEffectsExtent="E+W" AffectingTerritorialApplication="W" AffectingYear="2001" AffectingNumber="1358" AffectingProvisions="Sch. 2" AffectedYear="1996" AffectedNumber="583" Created="2012-10-17T05:39:05Z" Modified="2012-10-17T05:39:05Z"><ukm:AffectedTitle>The National Health Service (Charges for Drugs and Appliances) Amendment Regulations 1996</ukm:AffectedTitle><ukm:AffectedProvisions>Regulations</ukm:AffectedProvisions><ukm:AffectingTitle>National Health Service (Charges for Drugs and Appliances) (Wales) Regulations 2001</ukm:AffectingTitle><ukm:AffectingTitle xml:lang="cy">Rheoliadau'r Gwasanaeth Iechyd Gwladol (Ffioedd am Gyffuriau a Chyfarpar) (Cymru) 2001</ukm:AffectingTitle><ukm:AffectingProvisions><ukm:Section Ref="schedule-2" URI="http://www.legislation.gov.uk/id/wsi/2001/1358/schedule/2">Sch. 2</ukm:Section></ukm:AffectingProvisions><ukm:CommencementAuthority><ukm:Section Ref="regulation-1-1" URI="http://www.legislation.gov.uk/id/wsi/2001/1358/regulation/1/1">reg. 1(1)</ukm:Section></ukm:CommencementAuthority><ukm:InForceDates><ukm:InForce Applied="false" Date="2001-04-01" Qualification="wholly in force"/></ukm:InForceDates></ukm:UnappliedEffect></ukm:UnappliedEffects></ukm:SecondaryMetadata><ukm:Statistics><ukm:TotalParagraphs Value="4"/><ukm:BodyParagraphs Value="4"/><ukm:ScheduleParagraphs Value="0"/><ukm:AttachmentParagraphs Value="0"/><ukm:TotalImages Value="0"/></ukm:Statistics></proprietary></meta><preface><p class="number"><docNumber>1996 No. 583</docNumber></p><block name="subject"><concept class="title" refersTo="#d4e94">NATIONAL HEALTH SERVICE, ENGLAND AND WALES</concept></block><p class="title"><shortTitle>The National Health Service (Charges for Drugs and Appliances) Amendment Regulations 1996</shortTitle></p><p class="MadeDate"><span>Made</span><docDate date="1996-03-05">5th March 1996</docDate></p><p class="LaidDate"><span>Laid before Parliament</span><docDate date="1996-03-06">6th March 1996</docDate></p><p class="ComingIntoForce"><span>Coming into force</span><docDate date="1996-04-01">1st April 1996</docDate></p></preface><preamble><formula name="EnactingText"><p>The Secretary of State for Health, in exercise of powers conferred on him by sections 77 and 126(4) of the National Health Service Act 1977<noteRef href="#f00001" class="footnote" marker="1"/> and of all other powers enabling him in that behalf, hereby makes the following Regulations—</p></formula></preamble><body><hcontainer name="regulation" eId="regulation-1"><num>1</num><heading>Citation, commencement and interpretation</heading><paragraph eId="regulation-1-1"><num>1</num><content><p>These Regulations may be cited as the National Health Service (Charges for Drugs and Appliances) Amendment Regulations 1996 and shall come into force on 1st April 1996.</p></content></paragraph><paragraph eId="regulation-1-2"><num>2</num><content><p>In these Regulations, “the <abbr title="National Health Service (Charges for Drugs and Appliances) Regulations 1989 (S.I. 1989/419)" xml:lang="">principal Regulations</abbr>” means the National Health Service (Charges for Drugs and Appliances) Regulations 1989<noteRef href="#f00002" class="footnote" marker="2"/>.</p></content></paragraph></hcontainer><hcontainer name="regulation" eId="regulation-2"><num>2</num><heading>Nurse prescribing</heading><content><p>In regulation 2(1A) of the <abbr title="National Health Service (Charges for Drugs and Appliances) Regulations 1989 (S.I. 1989/419)" xml:lang="">principal Regulations</abbr><noteRef href="#f00003" class="footnote" marker="3"/> (which describes nurse prescribers who may issue prescription forms), in each of sub-paragraphs (a)(iii) and (b)(ii), for the words from “a fund-holding practice” to “effect” substitute “a doctor whose name is included in a medical list”.</p></content></hcontainer><hcontainer name="regulation" eId="regulation-3"><num>3</num><heading>Amendment of amounts specified in the <abbr title="National Health Service (Charges for Drugs and Appliances) Regulations 1989 (S.I. 1989/419)" xml:lang="">principal Regulations</abbr></heading><content><p>For each amount specified in column (3) of the Schedule to these Regulations, where it appears in the provision of the <abbr title="National Health Service (Charges for Drugs and Appliances) Regulations 1989 (S.I. 1989/419)" xml:lang="">principal Regulations</abbr> specified in relation to it in column (1) (the subject matter of which is indicated in column (2)), there shall be substituted the amount specified in relation to it in column (4).</p></content></hcontainer><hcontainer name="regulation" eId="regulation-4"><num>4</num><heading>Transitional provisions</heading><intro><p>Where, on or after 1st April 1996—</p></intro><subparagraph eId="regulation-4-a"><num>a</num><content><p>any appliance specified in Schedule 1 to the <abbr title="National Health Service (Charges for Drugs and Appliances) Regulations 1989 (S.I. 1989/419)" xml:lang="">principal Regulations</abbr> is supplied pursuant to an order given before that date; or</p></content></subparagraph><subparagraph eId="regulation-4-b"><num>b</num><content><p>any pre-payment certificate is granted under regulation 8 of the <abbr title="National Health Service (Charges for Drugs and Appliances) Regulations 1989 (S.I. 1989/419)" xml:lang="">principal Regulations</abbr> pursuant to an application under that regulation which was received before that date,</p></content></subparagraph><wrapUp><p>the <abbr title="National Health Service (Charges for Drugs and Appliances) Regulations 1989 (S.I. 1989/419)" xml:lang="">principal Regulations</abbr> shall have effect in relation to that supply or, as the case may be, that grant as if regulation 3 of these Regulations had not come into force.</p></wrapUp></hcontainer><hcontainer name="signatures"><content><p>Signed by authority of the Secretary of State for Health.</p><block name="signature"><signature><person refersTo="#ref-d4e210">Gerald Malone</person><role refersTo="#ref-d4e212">Minister of State,</role><organization refersTo="#ref-d4e214">Department of Health</organization><date date="1996-03-05">5th March 1996</date></signature></block></content></hcontainer><hcontainer name="schedules" eId="d4e219"><hcontainer name="schedule" eId="schedule"><num>SCHEDULE<authorialNote class="referenceNote" placement="right"><p>Regulation 3</p></authorialNote></num><heading>AMOUNTS SUBSTITUTED IN THE PRINCIPAL REGULATIONS</heading><content><tblock class="tabular"><table><tr><th colspan="1" rowspan="1"><p><em>(1)</em></p></th><th colspan="1" rowspan="1"><p><em>(2)</em></p></th><th colspan="1" rowspan="1"><p><em>(3)</em></p></th><th colspan="1" rowspan="1"><p><em>(4)</em></p></th></tr><tr><th colspan="1" rowspan="1"><p><em>Provision in the <abbr title="National Health Service (Charges for Drugs and Appliances) Regulations 1989 (S.I. 1989/419)" xml:lang="">principal Regulations</abbr></em></p></th><th colspan="1" rowspan="1"><p><em>Subject matter</em></p></th><th colspan="1" rowspan="1"><p><em>Old amount</em></p></th><th colspan="1" rowspan="1"><p><em>New amount</em></p></th></tr><tr><td colspan="1" rowspan="1"><p>Regulation 3–</p></td><td colspan="1" rowspan="1"><p>Supply of drugs and appliances by chemists–</p></td></tr><tr><td colspan="1" rowspan="1"><p>paragraph (1)(a)</p></td><td colspan="1" rowspan="1"><p>charge for elastic hosiery–</p></td></tr><tr><td colspan="1" rowspan="1"><p/></td><td colspan="1" rowspan="1"><p>per item</p></td><td colspan="1" rowspan="1"><p>£5.25</p></td><td colspan="1" rowspan="1"><p>£5.50</p></td></tr><tr><td colspan="1" rowspan="1"><p/></td><td colspan="1" rowspan="1"><p>per pair</p></td><td colspan="1" rowspan="1"><p>£10.50</p></td><td colspan="1" rowspan="1"><p>£11.00</p></td></tr><tr><td colspan="1" rowspan="1"><p>paragraph (1)(c)</p></td><td colspan="1" rowspan="1"><p>charge for drugs, and for appliances not specified in paragraph 1(a)</p></td><td colspan="1" rowspan="1"><p>£5.25</p></td><td colspan="1" rowspan="1"><p>£5.50</p></td></tr><tr><td colspan="1" rowspan="1"><p>paragraph (3)</p></td><td colspan="1" rowspan="1"><p>charge for drugs supplied by instalments</p></td><td colspan="1" rowspan="1"><p>£5.25</p></td><td colspan="1" rowspan="1"><p>£5.50</p></td></tr><tr><td colspan="1" rowspan="1"><p>Regulation 4–</p></td><td colspan="1" rowspan="1"><p>Supply of drugs and appliances by doctors–</p></td></tr><tr><td colspan="1" rowspan="1"><p>paragraph 1(a)</p></td><td colspan="1" rowspan="1"><p>charge for elastic hosiery–</p></td></tr><tr><td colspan="1" rowspan="1"><p/></td><td colspan="1" rowspan="1"><p>per item</p></td><td colspan="1" rowspan="1"><p>£5.25</p></td><td colspan="1" rowspan="1"><p>£5.50</p></td></tr><tr><td colspan="1" rowspan="1"><p/></td><td colspan="1" rowspan="1"><p>per pair</p></td><td colspan="1" rowspan="1"><p>£10.50</p></td><td colspan="1" rowspan="1"><p>£11.00</p></td></tr><tr><td colspan="1" rowspan="1"><p>paragraph 1(b)</p></td><td colspan="1" rowspan="1"><p>charge for drugs, and for appliances not specified in paragraph 1(a)</p></td><td colspan="1" rowspan="1"><p>£5.25</p></td><td colspan="1" rowspan="1"><p>£5.50</p></td></tr><tr><td colspan="1" rowspan="1"><p>paragraph (3)</p></td><td colspan="1" rowspan="1"><p>charge for drugs supplied by instalments</p></td><td colspan="1" rowspan="1"><p>£5.25</p></td><td colspan="1" rowspan="1"><p>£5.50</p></td></tr><tr><td colspan="1" rowspan="1"><p>Regulation 5–</p></td><td colspan="1" rowspan="1"><p>Supply of drugs and appliances to out-patients by Health Authorities and <abbr class="Acronym" title="National Health Service">NHS</abbr> trusts–</p></td></tr><tr><td colspan="1" rowspan="1"><p>paragraph (1)(a)</p></td><td colspan="1" rowspan="1"><p>charge for elastic hosiery–</p></td></tr><tr><td colspan="1" rowspan="1"><p/></td><td colspan="1" rowspan="1"><p>per item</p></td><td colspan="1" rowspan="1"><p>£5.25</p></td><td colspan="1" rowspan="1"><p>£5.50</p></td></tr><tr><td colspan="1" rowspan="1"><p/></td><td colspan="1" rowspan="1"><p>per pair</p></td><td colspan="1" rowspan="1"><p>£10.50</p></td><td colspan="1" rowspan="1"><p>£11.00</p></td></tr><tr><td colspan="1" rowspan="1"><p>paragraph (1)(c)</p></td><td colspan="1" rowspan="1"><p>charge for tights</p></td><td colspan="1" rowspan="1"><p>£10.50</p></td><td colspan="1" rowspan="1"><p>£11.00</p></td></tr><tr><td colspan="1" rowspan="1"><p>paragraph (1)(d)</p></td><td colspan="1" rowspan="1"><p>charge for drugs and for appliances not specified in paragraph (1)(a) or (c), or in Schedule 1</p></td><td colspan="1" rowspan="1"><p>£5.25</p></td><td colspan="1" rowspan="1"><p>£5.50</p></td></tr><tr><td colspan="1" rowspan="1"><p>paragraph (3)</p></td><td colspan="1" rowspan="1"><p>charge for drugs supplied by instalments</p></td><td colspan="1" rowspan="1"><p>£5.25</p></td><td colspan="1" rowspan="1"><p>£5.50</p></td></tr><tr><td colspan="1" rowspan="1"><p>Regulation 8(5)</p></td><td colspan="1" rowspan="1"><p>Pre-payment certificate for–</p></td></tr><tr><td colspan="1" rowspan="1"><p/></td><td colspan="1" rowspan="1"><p>4 months</p></td><td colspan="1" rowspan="1"><p>£27.20</p></td><td colspan="1" rowspan="1"><p>£28.50</p></td></tr><tr><td colspan="1" rowspan="1"><p/></td><td colspan="1" rowspan="1"><p>12 months</p></td><td colspan="1" rowspan="1"><p>£74.80</p></td><td colspan="1" rowspan="1"><p>£78.40</p></td></tr><tr><td colspan="1" rowspan="1"><p>Schedule 1–</p></td><td colspan="1" rowspan="1"><p>Charges for fabric supports and wigs–</p></td></tr><tr><td colspan="1" rowspan="1"><p/></td><td colspan="1" rowspan="1"><p>surgical brassiere</p></td><td colspan="1" rowspan="1"><p>£19.00</p></td><td colspan="1" rowspan="1"><p>£19.25</p></td></tr><tr><td colspan="1" rowspan="1"><p/></td><td colspan="1" rowspan="1"><p>abdominal or spinal support</p></td><td colspan="1" rowspan="1"><p>£27.00</p></td><td colspan="1" rowspan="1"><p>£28.30</p></td></tr><tr><td colspan="1" rowspan="1"><p/></td><td colspan="1" rowspan="1"><p>stock modacrylic wig</p></td><td colspan="1" rowspan="1"><p>£44.00</p></td><td colspan="1" rowspan="1"><p>£46.00</p></td></tr><tr><td colspan="1" rowspan="1"><p/></td><td colspan="1" rowspan="1"><p>partial human hair wig</p></td><td colspan="1" rowspan="1"><p>£115.00</p></td><td colspan="1" rowspan="1"><p>£120.00</p></td></tr><tr><td colspan="1" rowspan="1"><p/></td><td colspan="1" rowspan="1"><p>full bespoke human hair wig</p></td><td colspan="1" rowspan="1"><p>£167.00</p></td><td colspan="1" rowspan="1"><p>£175.00</p></td></tr></table></tblock></content></hcontainer></hcontainer></body><conclusions><blockContainer class="ExplanatoryNotes"><intro><p>(This note is not part of the Regulations)</p></intro><p><authorialNote><p>These Regulations further amend the National Health Service (Charges for Drugs and Appliances) Regulations 1989 (“the <abbr title="National Health Service (Charges for Drugs and Appliances) Regulations 1989 (S.I. 1989/419)" xml:lang="">principal Regulations</abbr>”) which provide for the making and recovery of charges for drugs and appliances supplied by doctors and chemists providing pharmaceutical services, and by Health Authorities and <abbr class="Acronym" title="National Health Service">NHS</abbr> trusts to out-patients.</p><p>Amendments made to the <abbr title="National Health Service (Charges for Drugs and Appliances) Regulations 1989 (S.I. 1989/419)" xml:lang="">principal Regulations</abbr> by regulation 2 alter the specified description of a nurse or health visitor mentioned in the definition of “nurse prescriber” in Regulation 2(1) of the Principal Regulations to include a nurse employed by a medical practitioner whose name is included in a medical list.</p><p>Amendments made to the <abbr title="National Health Service (Charges for Drugs and Appliances) Regulations 1989 (S.I. 1989/419)" xml:lang="">principal Regulations</abbr> by regulation 3 and the Schedule, increase the charge for items on prescription or supplied to out-patients from £5.25 to £5.50. The charge for elastic stockings is increased from £5.25 to £5.50 each (from £10.50 to £11.00 per pair) and that for tights from £10.50 to £11.00. The charges for partial human hair wigs and modacrylic wigs are increased from £115.00 to £120.00 and from £44.00 to £46.00 respectively. The charge for full human hair wigs is increased from £167.00 to £175.00. The charge for fabric supports is increased from £27.00 to £28.30 and the charge for surgical brassieres is increased from £19.00 to £19.25. The sums prescribed for the grant of pre-payment certificates are increased from £27.20 to £28.50 for a four month certificate and from £74.80 to £78.40 for a twelve month certificate.</p><p>These Regulations also make transitional arrangements in regulation 4 in respect of pre-payment certificates and appliances ordered before the coming into force of these Regulations.</p></authorialNote></p></blockContainer></conclusions></act></akomaNtoso>