<akomaNtoso xmlns:xsi="http://www.w3.org/2001/XMLSchema-instance" xmlns="http://docs.oasis-open.org/legaldocml/ns/akn/3.0" xsi:schemaLocation="http://docs.oasis-open.org/legaldocml/ns/akn/3.0 http://docs.oasis-open.org/legaldocml/akn-core/v1.0/cos01/part2-specs/schemas/akomantoso30.xsd"><act name="UnitedKingdomStatutoryInstrument"><meta><identification source="#source"><FRBRWork><FRBRthis value="http://www.legislation.gov.uk/id/uksi/1996/240"/><FRBRuri value="http://www.legislation.gov.uk/id/uksi/1996/240"/><FRBRdate date="1996-02-08" name="made"/><FRBRauthor href="http://www.legislation.gov.uk/id/government/uk"/><FRBRcountry value="GB-UKM"/><FRBRsubtype value="regulation"/><FRBRnumber value="240"/><FRBRname value="S.I. 1996/240"/><FRBRprescriptive value="true"/></FRBRWork><FRBRExpression><FRBRthis value="http://www.legislation.gov.uk/uksi/1996/240/made"/><FRBRuri value="http://www.legislation.gov.uk/uksi/1996/240/made"/><FRBRdate date="1996-02-08" name="made"/><FRBRauthor href="#source"/><FRBRlanguage language="eng"/></FRBRExpression><FRBRManifestation><FRBRthis value="http://www.legislation.gov.uk/uksi/1996/240/made/data.akn"/><FRBRuri value="http://www.legislation.gov.uk/uksi/1996/240/made/data.akn"/><FRBRdate date="2021-07-26+01:00" name="transform"/><FRBRauthor href="http://www.legislation.gov.uk"/><FRBRformat value="application/akn+xml"/></FRBRManifestation></identification><classification source="#source"><keyword value="hours of work" showAs="Hours of work" dictionary="http://www.legislation.gov.uk"/><keyword value="weather forecasts" showAs="Weather forecasts" dictionary="http://www.legislation.gov.uk"/><keyword value="road traffic" showAs="ROAD TRAFFIC" dictionary="http://www.legislation.gov.uk"/></classification><lifecycle source="#source"><eventRef date="1996-02-08" type="generation" eId="made-date" source="#source"/><eventRef date="1996-02-08" eId="laid-date-1" source="#source"/><eventRef date="1996-02-09" eId="coming-into-force-date-1" source="#source"/></lifecycle><references source="#source"><TLCOrganization eId="source" href="http://www.legislation.gov.uk/id/publisher/KingsOrQueensPrinterOfActsOfParliament" showAs="Queen's Printer of Acts of Parliament"/><passiveRef href="http://www.legislation.gov.uk/id/uksi/2013/2987" showAs="The Road Traffic, Public Passenger Transport and Vehicles (Revocations) Regulations 2013"/><TLCLocation eId="departmentoftransport" href="/ontology/location/uk.DepartmentofTransport" showAs="Department of Transport"/><TLCRole eId="ref-d4e125" href="/ontology/role/uk.Parliamentary Under Secretary of State for Transport," showAs="Parliamentary Under Secretary of State for Transport,"/><TLCPerson eId="ref-d4e123" href="/ontology/persons/uk.StevenNorris" showAs="Steven Norris"/><TLCConcept href="/uk/subject/road-traffic" showAs="ROAD TRAFFIC" eId="d4e76"/></references><notes source="#source"><note class="footnote" eId="f00001"><p><ref href="http://www.legislation.gov.uk/id/ukpga/1968/73">1968 c. 73</ref>: Part VI of the Transport Act 1968 is modified by section 4 of and Schedule 4 to the European Communities Act <ref href="http://www.legislation.gov.uk/id/ukpga/1972/68">1972 c. 68</ref>; section 2 of the Road Traffic (Drivers’ Ages and Hours of Work) Act <ref href="http://www.legislation.gov.uk/id/ukpga/1976/3">1976 c. 3</ref>; section 10 of the Transport Act <ref href="http://www.legislation.gov.uk/id/ukpga/1978/55">1978 c. 55</ref>; section 32 of the Magistrates Courts Act <ref href="http://www.legislation.gov.uk/id/ukpga/1980/43">1980 c. 43</ref>; sections 38, 39 and 46 of and Schedule 3 to the Criminal Justice Act <ref href="http://www.legislation.gov.uk/id/ukpga/1982/48">1982 c. 48</ref>; section 3 of and Schedule 2 to the Transport Act 1985; section 4 of and Schedule 3 to the Road Traffic (Consequential Provisions) Act <ref href="http://www.legislation.gov.uk/id/ukpga/1988/54">1988 c. 54</ref>; section 48 of and Schedule 4 to the Road Traffic Act <ref href="http://www.legislation.gov.uk/id/ukpga/1991/40">1991 c. 40</ref>; and by S.I.s <ref href="http://www.legislation.gov.uk/id/uksi/1970/257">1970/257</ref>, <ref href="http://www.legislation.gov.uk/id/uksi/1971/818">1971/818</ref>, <ref href="http://www.legislation.gov.uk/id/uksi/1979/1746">1979/1746</ref>, <ref href="http://www.legislation.gov.uk/id/uksi/1981/1373">1981/1373</ref>, <ref href="http://www.legislation.gov.uk/id/uksi/1982/2121">1982/2121</ref>, <ref href="http://www.legislation.gov.uk/id/uksi/1984/144">1984/144</ref>, <ref href="http://www.legislation.gov.uk/id/uksi/1986/1457">1986/1457</ref>, <ref href="http://www.legislation.gov.uk/id/uksi/1986/1458">1986/1458</ref>, <ref href="http://www.legislation.gov.uk/id/uksi/1986/1459">1986/1459</ref>, <ref href="http://www.legislation.gov.uk/id/uksi/1989/2121">1989/2121</ref>, <ref href="http://www.legislation.gov.uk/id/uksi/1991/381">1991/381</ref> and <ref href="http://www.legislation.gov.uk/id/uksi/1994/1838">1994/1838</ref>.</p></note><note class="footnote" eId="f00002"><p><abbr class="Acronym" title="Statutory Instrument">S.I.</abbr><ref href="http://www.legislation.gov.uk/id/uksi/1970/1681">1970/1681</ref>, <ref href="http://www.legislation.gov.uk/id/uksi/1976/1775">1976/1775</ref>, <ref href="http://www.legislation.gov.uk/id/uksi/1979/571">1979/571</ref> and <ref href="http://www.legislation.gov.uk/id/uksi/1981/238">1981/238</ref>.</p></note></notes><proprietary xmlns:ukl="http://www.legislation.gov.uk/namespaces/legislation" xmlns:ukm="http://www.legislation.gov.uk/namespaces/metadata" xmlns:dc="http://purl.org/dc/elements/1.1/" xmlns:dct="http://purl.org/dc/terms/" xmlns:atom="http://www.w3.org/2005/Atom" source="#source"><dc:identifier>http://www.legislation.gov.uk/uksi/1996/240/made</dc:identifier><dc:title>The Drivers’ Hours (Passenger and Goods Vehicles) (Exemption) Regulations 1996</dc:title><dc:subject>Hours of work</dc:subject><dc:subject>Weather forecasts</dc:subject><dc:publisher>Queen's Printer of Acts of Parliament</dc:publisher><dc:modified>2011-07-04</dc:modified><dc:subject scheme="SIheading">ROAD TRAFFIC</dc:subject><dc:description>These Regulations exempt until 18th February 1996 from the requirements of section 96(1) to (6) of the Transport Act 1968 a driver who during any working day or any working week spends time in driving passenger or goods vehicles and who spends time driving or on duty during that day or week to meet the special need occasioned by severe weather conditions in Great Britain or the effects or consequences of such severe weather conditions in respect of that day or that week.</dc:description><atom:link rel="self" href="http://www.legislation.gov.uk/uksi/1996/240/made/data.xml" type="application/xml"/><atom:link rel="http://www.legislation.gov.uk/def/navigation/resources" href="http://www.legislation.gov.uk/uksi/1996/240/resources" title="More Resources"/><atom:link rel="http://www.legislation.gov.uk/def/navigation/act" href="http://www.legislation.gov.uk/uksi/1996/240/made" title="whole act"/><atom:link rel="http://www.legislation.gov.uk/def/navigation/introduction" href="http://www.legislation.gov.uk/uksi/1996/240/introduction/made" title="introduction"/><atom:link rel="http://www.legislation.gov.uk/def/navigation/signature" href="http://www.legislation.gov.uk/uksi/1996/240/signature/made" title="signature"/><atom:link rel="http://www.legislation.gov.uk/def/navigation/note" href="http://www.legislation.gov.uk/uksi/1996/240/note/made" title="note"/><atom:link rel="http://www.legislation.gov.uk/def/navigation/body" href="http://www.legislation.gov.uk/uksi/1996/240/body/made" title="body"/><atom:link rel="alternate" type="application/rdf+xml" href="http://www.legislation.gov.uk/uksi/1996/240/made/data.rdf" title="RDF/XML"/><atom:link rel="alternate" type="application/akn+xml" href="http://www.legislation.gov.uk/uksi/1996/240/made/data.akn" title="AKN"/><atom:link rel="alternate" type="application/xhtml+xml" href="http://www.legislation.gov.uk/uksi/1996/240/made/data.xht" title="HTML snippet"/><atom:link rel="alternate" type="application/pdf" href="http://www.legislation.gov.uk/uksi/1996/240/made/data.pdf" title="PDF"/><atom:link rel="alternate" type="application/akn+xhtml" href="http://www.legislation.gov.uk/uksi/1996/240/made/data.html" title="HTML5 snippet"/><atom:link rel="http://purl.org/dc/terms/tableOfContents" hreflang="en" href="http://www.legislation.gov.uk/uksi/1996/240/contents/made" title="Table of Contents"/><ukm:SecondaryMetadata><ukm:DocumentClassification><ukm:DocumentCategory Value="secondary"/><ukm:DocumentMainType Value="UnitedKingdomStatutoryInstrument"/><ukm:DocumentStatus Value="final"/><ukm:DocumentMinorType Value="regulation"/></ukm:DocumentClassification><ukm:Year Value="1996"/><ukm:Number Value="240"/><ukm:DepartmentCode Value="DOT 1041"/><ukm:Made Date="1996-02-08"/><ukm:Laid Date="1996-02-08" Class="UnitedKingdomParliament"/><ukm:ComingIntoForce><ukm:DateTime Date="1996-02-09"/></ukm:ComingIntoForce><ukm:ISBN Value="011054062X"/><ukm:UnappliedEffects><ukm:UnappliedEffect EffectId="key-dc078ed72bbd6c535428cb6bf9a19746" AffectingClass="UnitedKingdomStatutoryInstrument" Modified="2014-02-12T11:51:12.236Z" Created="2014-02-12T11:51:12.236Z" URI="http://www.legislation.gov.uk/id/effect/uksi-2013-2987-96shy6b1-19" Type="revoked" RequiresApplied="true" AffectedProvisions="Regulations" AffectingEffectsExtent="E+W+S" AffectingYear="2013" AffectingNumber="2987" AffectingProvisions="Sch. 3" AffectedURI="http://www.legislation.gov.uk/id/uksi/1996/240" AffectedYear="1996" AffectedNumber="240" AffectingURI="http://www.legislation.gov.uk/id/uksi/2013/2987" AffectedClass="UnitedKingdomStatutoryInstrument"><ukm:AffectedTitle>The Drivers’ Hours (Passenger and Goods Vehicles) (Exemption) Regulations 1996</ukm:AffectedTitle><ukm:AffectedProvisions>Regulations</ukm:AffectedProvisions><ukm:AffectingTitle>The Road Traffic, Public Passenger Transport and Vehicles (Revocations) Regulations 2013</ukm:AffectingTitle><ukm:AffectingProvisions><ukm:Section Ref="schedule-3" URI="http://www.legislation.gov.uk/id/uksi/2013/2987/schedule/3">Sch. 3</ukm:Section></ukm:AffectingProvisions><ukm:CommencementAuthority><ukm:Section Ref="regulation-1" URI="http://www.legislation.gov.uk/id/uksi/2013/2987/regulation/1">reg. 1</ukm:Section></ukm:CommencementAuthority><ukm:InForceDates><ukm:InForce Date="2013-12-31" Qualification="for E.W." Applied="false"/></ukm:InForceDates></ukm:UnappliedEffect></ukm:UnappliedEffects></ukm:SecondaryMetadata><ukm:Statistics><ukm:TotalParagraphs Value="2"/><ukm:BodyParagraphs Value="2"/><ukm:ScheduleParagraphs Value="0"/><ukm:AttachmentParagraphs Value="0"/><ukm:TotalImages Value="0"/></ukm:Statistics></proprietary></meta><preface><p class="number"><docNumber>1996 No. 240</docNumber></p><block name="subject"><concept class="title" refersTo="#d4e76">ROAD TRAFFIC</concept></block><p class="title"><shortTitle>The Drivers’ Hours (Passenger and Goods Vehicles) (Exemption) Regulations 1996</shortTitle></p><p class="MadeDate"><span>Made</span><docDate date="1996-02-08">8th February 1996</docDate></p><p class="LaidDate"><span>Laid before Parliament</span><docDate date="1996-02-08">8th February 1996</docDate></p><p class="ComingIntoForce"><span>Coming into force</span><docDate date="1996-02-09">9th February 1996</docDate></p></preface><preamble><formula name="EnactingText"><p>The Secretary of State for Transport, in exercise of the powers conferred by section 96(10) of the Transport Act 1968<noteRef href="#f00001" class="footnote" marker="1"/> and now vested in him<noteRef href="#f00002" class="footnote" marker="2"/> and of all the enabling powers, after consultation with representative organisations in accordance with section 101(6) of that Act, hereby makes the following Regulations:—</p></formula></preamble><body><hcontainer name="regulation" eId="regulation-1"><num>1</num><content><p>The Regulations may be cited as the Drivers’ Hours (Passenger and Goods Vehicles) (Exemption) Regulations 1996 and shall come into force on 9th February 1996.</p></content></hcontainer><hcontainer name="regulation" eId="regulation-2"><num>2</num><content><p>Until 18th February 1996 a driver who during any working day or any working week spends time in driving passenger or goods vehicles and who spends time driving or on duty during that day or week to meet the special need occasioned by severe weather conditions in Great Britain or the effects or consequences of such severe weather conditions is exempted from the requirements of the domestic drivers’ hours code in respect of that day or that week.</p></content></hcontainer><hcontainer name="signatures"><content><p>Signed by authority of the Secretary of State for Transport</p><block name="signature"><signature><person refersTo="#ref-d4e123">Steven Norris</person><role refersTo="#ref-d4e125">Parliamentary Under Secretary of State for Transport,</role><location refersTo="#departmentoftransport">Department of Transport</location><date date="1996-02-08">8th February 1996</date></signature></block></content></hcontainer></body><conclusions><blockContainer class="ExplanatoryNotes"><intro><p>(This note is not part of the Rules)</p></intro><p><authorialNote><p>These Regulations exempt until 18th February 1996 from the requirements of section 96(1) to (6) of the Transport Act 1968 a driver who during any working day or any working week spends time in driving passenger or goods vehicles and who spends time driving or on duty during that day or week to meet the special need occasioned by severe weather conditions in Great Britain or the effects or consequences of such severe weather conditions in respect of that day or that week.</p></authorialNote></p></blockContainer></conclusions></act></akomaNtoso>