<akomaNtoso xmlns:xsi="http://www.w3.org/2001/XMLSchema-instance" xmlns="http://docs.oasis-open.org/legaldocml/ns/akn/3.0" xsi:schemaLocation="http://docs.oasis-open.org/legaldocml/ns/akn/3.0 http://docs.oasis-open.org/legaldocml/akn-core/v1.0/cos01/part2-specs/schemas/akomantoso30.xsd"><act name="UnitedKingdomStatutoryInstrument"><meta><identification source="#source"><FRBRWork><FRBRthis value="http://www.legislation.gov.uk/id/uksi/1996/25"/><FRBRuri value="http://www.legislation.gov.uk/id/uksi/1996/25"/><FRBRdate date="1996-01-10" name="made"/><FRBRauthor href="http://www.legislation.gov.uk/id/government/uk"/><FRBRcountry value="GB-UKM"/><FRBRsubtype value="order"/><FRBRnumber value="25"/><FRBRname value="S.I. 1996/25"/><FRBRprescriptive value="true"/></FRBRWork><FRBRExpression><FRBRthis value="http://www.legislation.gov.uk/uksi/1996/25/made"/><FRBRuri value="http://www.legislation.gov.uk/uksi/1996/25/made"/><FRBRdate date="1996-01-10" name="made"/><FRBRauthor href="#source"/><FRBRlanguage language="eng"/></FRBRExpression><FRBRManifestation><FRBRthis value="http://www.legislation.gov.uk/uksi/1996/25/made/data.akn"/><FRBRuri value="http://www.legislation.gov.uk/uksi/1996/25/made/data.akn"/><FRBRdate date="2021-07-26+01:00" name="transform"/><FRBRauthor href="http://www.legislation.gov.uk"/><FRBRformat value="application/akn+xml"/></FRBRManifestation></identification><classification source="#source"><keyword value="plant health" showAs="Plant health" dictionary="http://www.legislation.gov.uk"/><keyword value="plant health" showAs="PLANT HEALTH" dictionary="http://www.legislation.gov.uk"/></classification><lifecycle source="#source"><eventRef date="1996-01-10" type="generation" eId="made-date" source="#source"/><eventRef date="1996-01-11" eId="laid-date-1" source="#source"/><eventRef date="1996-02-01" eId="coming-into-force-date-1" source="#source"/></lifecycle><references source="#source"><TLCOrganization eId="source" href="http://www.legislation.gov.uk/id/publisher/KingsOrQueensPrinterOfActsOfParliament" showAs="Queen's Printer of Acts of Parliament"/><passiveRef href="http://www.legislation.gov.uk/id/ssi/2005/613" showAs="The Plant Health (Scotland) Order 2005"/><passiveRef href="http://www.legislation.gov.uk/id/uksi/2005/2530" showAs="The Plant Health (England) Order 2005"/><passiveRef href="http://www.legislation.gov.uk/id/wsi/2006/1643" showAs="The Plant Health (Wales) Order 2006"/><TLCRole eId="ref-d4e476" href="/ontology/role/uk.Parliamentary Secretary, Ministry of Agriculture, Fisheries and Food" showAs="Parliamentary Secretary, Ministry of Agriculture, Fisheries and Food"/><TLCRole eId="ref-d4e485" href="/ontology/role/uk.Parliamentary Under Secretary of State, Scottish Office" showAs="Parliamentary Under Secretary of State, Scottish Office"/><TLCRole eId="ref-d4e497" href="/ontology/role/uk.Parliamentary Under Secretary of State, Welsh Office" showAs="Parliamentary Under Secretary of State, Welsh Office"/><TLCPerson eId="ref-d4e474" href="/ontology/persons/uk.TimBoswell" showAs="Tim Boswell"/><TLCPerson eId="ref-d4e483" href="/ontology/persons/uk.Lindsay" showAs="Lindsay"/><TLCPerson eId="ref-d4e495" href="/ontology/persons/uk.GwilymJones" showAs="Gwilym Jones"/><TLCConcept href="/uk/subject/plant-health" showAs="PLANT HEALTH" eId="d4e94"/></references><notes source="#source"><note class="footnote" eId="f00001"><p><ref href="http://www.legislation.gov.uk/id/ukpga/1967/8">1967 c. 8</ref>; sections 2(1) and 3(1) and (2) were amended by the European Communities Act <ref href="http://www.legislation.gov.uk/id/ukpga/1972/68">1972 (c. 68)</ref>, section 4(1) and Schedule 4, paragraph 8; section 3(4) was substituted by section 42 of the Criminal Justice Act <ref href="http://www.legislation.gov.uk/id/ukpga/1982/48">1982 (c. 48)</ref>.</p></note><note class="footnote" eId="f00002"><p>In the case of the Secretary of State for Wales by virtue of <abbr class="Acronym" title="Statutory Instrument">S.I.</abbr><ref href="http://www.legislation.gov.uk/id/uksi/1978/272">1978/272</ref>.</p></note><note class="footnote" eId="f00003"><p><abbr class="Acronym" title="Statutory Instrument">S.I.</abbr><ref href="http://www.legislation.gov.uk/id/uksi/1993/1320">1993/1320</ref>, amended by <abbr class="Acronym" title="Statutory Instrument">S.I.</abbr><ref href="http://www.legislation.gov.uk/id/uksi/1993/3213">1993/3213</ref>, <ref href="http://www.legislation.gov.uk/id/uksi/1995/1358">1995/1358</ref>, <ref href="http://www.legislation.gov.uk/id/uksi/1995/2929">2929</ref>.</p></note><note class="footnote" eId="f00004"><p><abbr class="Acronym" title="Official Journal">OJ</abbr><abbr title="Number" xml:lang="">No.</abbr> L184, 3.8.95, p.34.</p></note></notes><proprietary xmlns:ukl="http://www.legislation.gov.uk/namespaces/legislation" xmlns:ukm="http://www.legislation.gov.uk/namespaces/metadata" xmlns:dc="http://purl.org/dc/elements/1.1/" xmlns:dct="http://purl.org/dc/terms/" xmlns:atom="http://www.w3.org/2005/Atom" source="#source"><dc:identifier>http://www.legislation.gov.uk/uksi/1996/25/made</dc:identifier><dc:title>The Plant Health (Great Britain) (Amendment) Order 1996</dc:title><dc:subject>Plant health</dc:subject><dc:publisher>Queen's Printer of Acts of Parliament</dc:publisher><dc:modified>2011-07-04</dc:modified><dc:subject scheme="SIheading">PLANT HEALTH</dc:subject><dc:description>This Order amends the Plant Health (Great Britain) Order 1993 to provide for the granting of licences by Ministers in accordance with the requirements of Commission Directive 95/44/EC establishing the conditions under which certain harmful organisms, plants, plant products and other objects listed in Annexes I to V to Council Directive 77/93/EEC may be introduced into or moved within the Community or certain protected zones thereof, for trial or scientific purposes and for work on varietal selections (OJ No. L184, 3.8.95, p.34).</dc:description><atom:link rel="self" href="http://www.legislation.gov.uk/uksi/1996/25/made/data.xml" type="application/xml"/><atom:link rel="http://www.legislation.gov.uk/def/navigation/resources" href="http://www.legislation.gov.uk/uksi/1996/25/resources" title="More Resources"/><atom:link rel="http://www.legislation.gov.uk/def/navigation/act" href="http://www.legislation.gov.uk/uksi/1996/25/made" title="whole act"/><atom:link rel="http://www.legislation.gov.uk/def/navigation/introduction" href="http://www.legislation.gov.uk/uksi/1996/25/introduction/made" title="introduction"/><atom:link rel="http://www.legislation.gov.uk/def/navigation/signature" href="http://www.legislation.gov.uk/uksi/1996/25/signature/made" title="signature"/><atom:link rel="http://www.legislation.gov.uk/def/navigation/note" href="http://www.legislation.gov.uk/uksi/1996/25/note/made" title="note"/><atom:link rel="http://www.legislation.gov.uk/def/navigation/body" href="http://www.legislation.gov.uk/uksi/1996/25/body/made" title="body"/><atom:link rel="alternate" type="application/rdf+xml" href="http://www.legislation.gov.uk/uksi/1996/25/made/data.rdf" title="RDF/XML"/><atom:link rel="alternate" type="application/akn+xml" href="http://www.legislation.gov.uk/uksi/1996/25/made/data.akn" title="AKN"/><atom:link rel="alternate" type="application/xhtml+xml" href="http://www.legislation.gov.uk/uksi/1996/25/made/data.xht" title="HTML snippet"/><atom:link rel="alternate" type="application/pdf" href="http://www.legislation.gov.uk/uksi/1996/25/made/data.pdf" title="PDF"/><atom:link rel="alternate" type="application/akn+xhtml" href="http://www.legislation.gov.uk/uksi/1996/25/made/data.html" title="HTML5 snippet"/><atom:link rel="http://purl.org/dc/terms/tableOfContents" hreflang="en" href="http://www.legislation.gov.uk/uksi/1996/25/contents/made" title="Table of Contents"/><ukm:SecondaryMetadata><ukm:DocumentClassification><ukm:DocumentCategory Value="secondary"/><ukm:DocumentMainType Value="UnitedKingdomStatutoryInstrument"/><ukm:DocumentStatus Value="final"/><ukm:DocumentMinorType Value="order"/></ukm:DocumentClassification><ukm:Year Value="1996"/><ukm:Number Value="25"/><ukm:Made Date="1996-01-10"/><ukm:Laid Date="1996-01-11" Class="UnitedKingdomParliament"/><ukm:ComingIntoForce><ukm:DateTime Date="1996-02-01"/></ukm:ComingIntoForce><ukm:ISBN Value="0110539842"/><ukm:UnappliedEffects><ukm:UnappliedEffect EffectId="key-6adb90e6a6f15ff0c40fd50b2fa3b0a2" AffectingClass="ScottishStatutoryInstrument" URI="http://www.legislation.gov.uk/id/effect/ssi-2005-613xls-8" Type="rev (S)" RequiresApplied="true" AffectingYear="2005" AffectingNumber="613" AffectingProvisions="art 48, Sch 19" AffectedURI="http://www.legislation.gov.uk/id/uksi/1996/25" AffectedYear="1996" AffectedNumber="25" AffectingURI="http://www.legislation.gov.uk/id/ssi/2005/613" Modified="2013-10-13T01:26:24.47+01:00" Created="2013-10-13T01:26:24.47+01:00" AffectedClass="UnitedKingdomStatutoryInstrument"><ukm:AffectedTitle>The Plant Health (Great Britain) (Amendment) Order 1996</ukm:AffectedTitle><ukm:AffectingTitle>The Plant Health (Scotland) Order 2005</ukm:AffectingTitle><ukm:AffectingProvisions><ukm:Section Ref="article-48" URI="http://www.legislation.gov.uk/id/ssi/2005/613/article/48">art 48</ukm:Section><ukm:Section Ref="schedule-19" URI="http://www.legislation.gov.uk/id/ssi/2005/613/schedule/19">Sch 19</ukm:Section></ukm:AffectingProvisions><ukm:InForceDates><ukm:InForce Prospective="true" Qualification="" Applied="false"/></ukm:InForceDates></ukm:UnappliedEffect><ukm:UnappliedEffect EffectId="key-a355adb2851c47b9964a6e319e148a29" AffectedURI="http://www.legislation.gov.uk/id/uksi/1996/25" AffectedClass="UnitedKingdomStatutoryInstrument" AffectingURI="http://www.legislation.gov.uk/id/uksi/2005/2530" AffectingClass="UnitedKingdomStatutoryInstrument" URI="http://www.legislation.gov.uk/id/effect/uksi-2005-2530-gz2y6qh3-9" Row="9" Type="revoked" RequiresApplied="true" AffectedProvisions="Order" AffectingExtent="Order" AffectingEffectsExtent="E+W" AffectingTerritorialApplication="E" AffectingYear="2005" AffectingNumber="2530" AffectingProvisions="Sch. 19" AffectedYear="1996" AffectedNumber="25" Created="2012-10-17T05:37:35Z" Modified="2012-10-17T05:37:35Z"><ukm:AffectedTitle>The Plant Health (Great Britain) (Amendment) Order 1996</ukm:AffectedTitle><ukm:AffectedProvisions>Order</ukm:AffectedProvisions><ukm:AffectingTitle>The Plant Health (England) Order 2005</ukm:AffectingTitle><ukm:AffectingProvisions><ukm:Section Ref="schedule-19" URI="http://www.legislation.gov.uk/id/uksi/2005/2530/schedule/19">Sch. 19</ukm:Section></ukm:AffectingProvisions><ukm:CommencementAuthority><ukm:Section Ref="article-1-1" URI="http://www.legislation.gov.uk/id/uksi/2005/2530/article/1/1">art. 1(1)</ukm:Section></ukm:CommencementAuthority><ukm:InForceDates><ukm:InForce Applied="false" Date="2005-10-03" Qualification="wholly in force"/></ukm:InForceDates></ukm:UnappliedEffect><ukm:UnappliedEffect EffectId="key-1e4fa3b6a22936c015cf60c3c4b324d9" AffectingClass="WelshStatutoryInstrument" Created="2013-10-12T23:02:02.203+01:00" AffectedClass="UnitedKingdomStatutoryInstrument" Modified="2013-10-12T23:02:02.203+01:00" URI="http://www.legislation.gov.uk/id/effect/wsi-2006-1643xls-8" Type="rev" RequiresApplied="true" AffectingYear="2006" AffectingNumber="1643" AffectingProvisions="art 48, sch 19" AffectedURI="http://www.legislation.gov.uk/id/uksi/1996/25" AffectedYear="1996" AffectedNumber="25" AffectingURI="http://www.legislation.gov.uk/id/wsi/2006/1643"><ukm:AffectedTitle>The Plant Health (Great Britain) (Amendment) Order 1996</ukm:AffectedTitle><ukm:AffectingTitle>The Plant Health (Wales) Order 2006</ukm:AffectingTitle><ukm:AffectingProvisions><ukm:Section Ref="article-48" URI="http://www.legislation.gov.uk/id/wsi/2006/1643/article/48">art 48</ukm:Section><ukm:Section Ref="schedule-19" URI="http://www.legislation.gov.uk/id/wsi/2006/1643/schedule/19">sch 19</ukm:Section></ukm:AffectingProvisions></ukm:UnappliedEffect></ukm:UnappliedEffects></ukm:SecondaryMetadata><ukm:Statistics><ukm:TotalParagraphs Value="11"/><ukm:BodyParagraphs Value="11"/><ukm:ScheduleParagraphs Value="0"/><ukm:AttachmentParagraphs Value="0"/><ukm:TotalImages Value="0"/></ukm:Statistics></proprietary></meta><preface><p class="number"><docNumber>1996 No. 25</docNumber></p><block name="subject"><concept class="title" refersTo="#d4e94">PLANT HEALTH</concept></block><p class="title"><shortTitle>The Plant Health (Great Britain) (Amendment) Order 1996</shortTitle></p><p class="MadeDate"><span>Made</span><docDate date="1996-01-10">10th January 1996</docDate></p><p class="LaidDate"><span>Laid before Parliament</span><docDate date="1996-01-11">11th January 1996</docDate></p><p class="ComingIntoForce"><span>Coming into force</span><docDate date="1996-02-01">1st February 1996</docDate></p></preface><preamble><formula name="EnactingText"><p>The Minister of Agriculture, Fisheries and Food in relation to England, the Secretary of State for Scotland in relation to Scotland and the Secretary of State for Wales in relation to Wales, in exercise of the powers conferred on them by sections 2, 3 and 4(1) of the Plant Health Act 1967<noteRef href="#f00001" class="footnote" marker="1"/> and now vested in them<noteRef href="#f00002" class="footnote" marker="2"/> and of all other powers enabling them in that behalf, hereby make the following Order:—</p></formula></preamble><body><article eId="article-1"><num>1</num><heading>Title and commencement</heading><content><p>This Order may be cited as the Plant Health (Great Britain) (Amendment) Order 1996 and shall come into force on 1st February 1996.</p></content></article><hcontainer name="P1group" eId="d4e132"><heading>Amendment of the Plant Health (Great Britain) Order 1993</heading><article eId="article-2"><num>2</num><content><p>The Plant Health (Great Britain) Order 1993<noteRef href="#f00003" class="footnote" marker="3"/> shall be amended in accordance with the provisions of articles 3 to 10 below.</p></content></article><article eId="article-3"><num>3</num><content><p>In article 2(1) (interpretation) after the definition of “Directive <ref href="http://www.legislation.gov.uk/european/directive/1977/0093">77/93/<abbr class="Acronym" title="European Economic Community">EEC</abbr></ref>” there shall be added the following definition—</p><p class="BlockAmendment"><mod><quotedStructure class="unknown unknown unknown default" startQuote="“" endQuote="”"><blockList class="unordered"><item><p>“Directive <ref href="http://www.legislation.gov.uk/european/directive/1995/0044">95/44/<abbr class="Acronym" title="European Community">EC</abbr></ref>” means Commission Directive <ref href="http://www.legislation.gov.uk/european/directive/1995/0044">95/44/<abbr class="Acronym" title="European Community">EC</abbr></ref><noteRef href="#f00004" class="footnote" marker="4"/> establishing the conditions under which certain harmful organisms, plants, plant products and other objects listed in Annexes I to V to Council Directive <ref href="http://www.legislation.gov.uk/european/directive/1977/0093">77/93/<abbr class="Acronym" title="European Economic Community">EEC</abbr></ref> may be introduced into or moved within the Community or certain protected zones thereof, for trial or scientific purposes and for work on varietal selections;</p></item></blockList></quotedStructure></mod></p></content></article><article eId="article-4"><num>4</num><content><p>After article 30 there shall be added the following new article—</p><p class="BlockAmendment"><mod><quotedStructure class="secondary order main default" startQuote="“" endQuote="”"><article eId="d4e186"><num>30A</num><heading>Licences for trial or scientific purposes and for work on varietal selections</heading><paragraph eId="d4e190"><num>1</num><content><p>On receipt of an application containing the information set out in article 1(2) of Directive <ref href="http://www.legislation.gov.uk/european/directive/1995/0044">95/44/<abbr class="Acronym" title="European Community">EC</abbr></ref> and on being satisfied that the general conditions set out in Annex I to Directive <ref href="http://www.legislation.gov.uk/european/directive/1995/0044">95/44/<abbr class="Acronym" title="European Community">EC</abbr></ref> are fulfilled, the appropriate Minister shall by licence authorise the importation, movement or keeping of any plant pest, plant, plant product or other object for activities for trial or scientific purposes or for work on varietal selections where such importation, movement or keeping would otherwise be prohibited by this Order, and it shall not be an offence to import, move or keep anything under the authority of such a licence.</p></content></paragraph><paragraph eId="d4e206"><num>2</num><intro><p>A licence granted under paragraph (1) above shall be subject to—</p></intro><subparagraph eId="d4e212"><num>a</num><content><p>the conditions laid down in article 2(2) of Directive <ref href="http://www.legislation.gov.uk/european/directive/1995/0044">95/44/<abbr class="Acronym" title="European Community">EC</abbr></ref> to the extent that they are relevant to any plant pest, plant, plant product or other object that is the subject of the activities to which the licence relates;</p></content></subparagraph><subparagraph eId="d4e223"><num>b</num><content><p>such conditions specifying quarantine measures under paragraph 2(a) of Annex I to Directive <ref href="http://www.legislation.gov.uk/european/directive/1995/0044">95/44/<abbr class="Acronym" title="European Community">EC</abbr></ref> as the appropriate Minister may determine;</p></content></subparagraph><subparagraph eId="d4e234"><num>c</num><content><p>such conditions specifying further quarantine measures under paragraph 2(b) of Annex I to Directive <ref href="http://www.legislation.gov.uk/european/directive/1995/0044">95/44/<abbr class="Acronym" title="European Community">EC</abbr></ref> as the appropriate Minister may determine; and</p></content></subparagraph><subparagraph eId="d4e245"><num>d</num><content><p>in respect of a plant pest which is not listed in this Order, such additional conditions as the appropriate Minister may specify.</p></content></subparagraph></paragraph><paragraph eId="d4e251"><num>3</num><intro><p>At the conclusion of any activities to which a licence granted under paragraph (1) above relates the licensee shall—</p></intro><subparagraph eId="d4e257"><num>a</num><content><p>subject to paragraph (4) below, destroy or sterilise any plant pest, plant, plant product or other object that was the subject of the activities and any other plant, plant product or other object which has come into contact with or which may have been contaminated by any such plant pest, plant, plant product or other object; and</p></content></subparagraph><subparagraph eId="d4e263"><num>b</num><content><p>sterilise, or clean in such other manner as may be specified by an inspector, the premises and facilities at which the activities were undertaken.</p></content></subparagraph></paragraph><paragraph eId="d4e269"><num>4</num><content><p>An inspector may authorise the licensee to refrain from destroying any plant, plant product or other object under paragraph (3)(a) above if he is satisfied that it has been subjected to appropriate quarantine measures and that it has been found by testing in such manner as may be specified by an inspector to be free from plant pests listed in this Order and from other plant pests considered by the inspector issuing the authority to pose a risk.</p></content></paragraph><paragraph eId="d4e275"><num>5</num><content><p>For the purposes of paragraph (2) above, references to the responsible official body in article 2(2) of, and Annex I to, Directive <ref href="http://www.legislation.gov.uk/european/directive/1995/0044">95/44/<abbr class="Acronym" title="European Community">EC</abbr></ref> shall be taken to refer to the appropriate Minister.</p></content></paragraph><paragraph eId="d4e286"><num>6</num><intro><p>In paragraph (4) above “appropriate quarantine measures” means—</p></intro><subparagraph eId="d4e292"><num>a</num><content><p>in relation to plants for which quarantine measures are specified in Part A of Annex <abbr class="Acronym" title="3">III</abbr> to Directive <ref href="http://www.legislation.gov.uk/european/directive/1995/0044">95/44/<abbr class="Acronym" title="European Community">EC</abbr></ref>, those measures; and</p></content></subparagraph><subparagraph eId="d4e306"><num>b</num><content><p>in relation to other plants and to plant products and other objects, such quarantine measures as may be specified by an inspector.</p></content></subparagraph></paragraph></article></quotedStructure></mod><inline name="AppendText">.</inline></p></content></article><article eId="article-5"><num>5</num><content><p>In Schedule 2, Part B, section (d), for the entry in the second column there shall be substituted the following—</p><p class="BlockAmendment"><mod><quotedStructure class="unknown unknown schedule default" startQuote="“" endQuote="”"><p>Fruits of <em>Citrus</em> L., <em>Fortunella</em> Swingle, <em>Poncirus</em> Raf. and their hybrids, with leaves and peduncles</p></quotedStructure></mod><inline name="AppendText">.</inline></p></content></article><article eId="article-6"><num>6</num><content><p>In Schedule 4, Part A, section 2, item number 31.2 shall be deleted.</p></content></article><article eId="article-7"><num>7</num><content><p>In Schedule 4, Part B, for item number 31 there shall be substituted the following—</p><p class="BlockAmendment"><mod><quotedStructure class="unknown unknown schedule default" startQuote="“" endQuote="”"><tblock class="tabular"><table><tr><td colspan="1" rowspan="1"><p>31.</p></td><td colspan="1" rowspan="1"><p>Fruits of <em>Citrus</em> L., <em>Fortunella</em> Swingle, <em>Poncirus</em> Raf. and their hybrids originating in E and F (except Corsica)</p></td><td colspan="1" rowspan="1"><p>Without prejudice to the requirements applicable to the fruit in Schedule 4A2 (31.1):</p><blockList class="ordered"><item><num>a</num><p>the fruits shall be free from leaves and peduncles, or</p></item><item><num>b</num><p>in the case of fruits with leaves or peduncles, official statement that the fruits are packed in closed containers which have been officially sealed and shall remain sealed during their transport through a protected zone, recognised for these fruits, and shall bear a distinguishing mark to be reported on the passport</p></item></blockList></td><td colspan="1" rowspan="1"><p>EL, F (Corsica), I, P</p></td></tr></table></tblock></quotedStructure></mod></p></content></article><article eId="article-8"><num>8</num><content><p>In Schedule 5, Part AI, for item number 1.6 there shall be substituted the following—</p><p class="BlockAmendment"><mod><quotedStructure class="unknown unknown schedule default" startQuote="“" endQuote="”"><p>Fruits of <em>Citrus</em> L., <em>Fortunella</em> Swingle, <em>Poncirus</em> Raf. and their hybrids, with leaves and peduncles</p></quotedStructure></mod><inline name="AppendText">.</inline></p></content></article><article eId="article-9"><num>9</num><content><p>In Schedule 8, section (d), for the entry in the second column opposite item number 4 there shall be substituted the following—</p><p class="BlockAmendment"><mod><quotedStructure class="unknown unknown schedule default" startQuote="“" endQuote="”"><p>Citrus tristeza virus (European isolates) harmful to fruits of <em>Citrus</em> L., <em>Fortunella</em> Swingle, <em>Poncirus</em> Raf. and their hybrids, with leaves and peduncles</p></quotedStructure></mod><inline name="AppendText">.</inline></p></content></article><article eId="article-10"><num>10</num><content><p>In Schedule 16 there shall be inserted at the end of the following—</p><p class="BlockAmendment"><mod><quotedStructure class="unknown unknown schedule default" startQuote="“" endQuote="”"><tblock class="tabular"><table><tr><td colspan="1" rowspan="1"><p>Commission Directive <ref href="http://www.legislation.gov.uk/european/directive/1995/0044">95/44/<abbr class="Acronym" title="European Community">EC</abbr></ref></p></td><td colspan="1" rowspan="1"><p><abbr class="Acronym" title="Official Journal">OJ</abbr><abbr title="Number" xml:lang="">No.</abbr> L184, 3.8.95, p.34.</p></td></tr><tr><td colspan="1" rowspan="1"><p>Commission Directive <ref href="http://www.legislation.gov.uk/european/directive/1995/0065">95/65/<abbr class="Acronym" title="European Community">EC</abbr></ref></p></td><td colspan="1" rowspan="1"><p><abbr class="Acronym" title="Official Journal">OJ</abbr><abbr title="Number" xml:lang="">No.</abbr> L308, 21.12.95, p.75.</p></td></tr><tr><td colspan="1" rowspan="1"><p>Commission Directive <ref href="http://www.legislation.gov.uk/european/directive/1995/0066">95/66/<abbr class="Acronym" title="European Community">EC</abbr></ref></p></td><td colspan="1" rowspan="1"><p><abbr class="Acronym" title="Official Journal">OJ</abbr><abbr title="Number" xml:lang="">No.</abbr> L308, 21.12.95, p.77.</p></td></tr></table></tblock></quotedStructure></mod></p></content></article></hcontainer><hcontainer name="signatures"><content><block name="signature"><signature><person refersTo="#ref-d4e474">Tim Boswell</person><role refersTo="#ref-d4e476">Parliamentary Secretary, Ministry of Agriculture, Fisheries and Food</role><date date="1996-01-10">10th January 1996</date></signature></block><block name="signature"><signature><person refersTo="#ref-d4e483">Lindsay</person><role refersTo="#ref-d4e485">Parliamentary Under Secretary of State, Scottish Office</role><date date="1996-01-08">8th January 1996</date></signature></block><p>Signed by authority of the Secretary of State for Wales</p><block name="signature"><signature><person refersTo="#ref-d4e495">Gwilym Jones</person><role refersTo="#ref-d4e497">Parliamentary Under Secretary of State, Welsh Office</role><date date="1996-01-09">9th January 1996</date></signature></block></content></hcontainer></body><conclusions><blockContainer class="ExplanatoryNotes"><intro><p>(This note is not part of the Order)</p></intro><p><authorialNote><p>This Order amends the Plant Health (Great Britain) Order 1993 to provide for the granting of licences by Ministers in accordance with the requirements of Commission Directive <ref href="http://www.legislation.gov.uk/european/directive/1995/0044">95/44/<abbr class="Acronym" title="European Community">EC</abbr></ref> establishing the conditions under which certain harmful organisms, plants, plant products and other objects listed in Annexes I to V to Council Directive <ref href="http://www.legislation.gov.uk/european/directive/1977/0093">77/93/<abbr class="Acronym" title="European Economic Community">EEC</abbr></ref> may be introduced into or moved within the Community or certain protected zones thereof, for trial or scientific purposes and for work on varietal selections (<abbr class="Acronym" title="Official Journal">OJ</abbr><abbr title="Number" xml:lang="">No.</abbr> L184, 3.8.95, p.34).</p><p>The Order also implements Commission Directive <ref href="http://www.legislation.gov.uk/european/directive/1995/0065">95/65/<abbr class="Acronym" title="European Community">EC</abbr></ref> amending Directive <ref href="http://www.legislation.gov.uk/european/directive/1992/0076">92/76/<abbr class="Acronym" title="European Economic Community">EEC</abbr></ref> recognising protected zones exposed to particular plant health risks in the Community (<abbr class="Acronym" title="Official Journal">OJ</abbr><abbr title="Number" xml:lang="">No.</abbr> L308, 21.12.95, p.75) and Commission Directive <ref href="http://www.legislation.gov.uk/european/directive/1995/0066">95/66/<abbr class="Acronym" title="European Community">EC</abbr></ref> amending certain Annexes to Council Directive <ref href="http://www.legislation.gov.uk/european/directive/1977/0093">77/93/<abbr class="Acronym" title="European Economic Community">EEC</abbr></ref> on protective measures against the introduction into the Community of organisms harmful to plants or plant products and against their spread within the Community (<abbr class="Acronym" title="Official Journal">OJ</abbr><abbr title="Number" xml:lang="">No.</abbr> L308, 21.12.95, p.77).</p><p>The Order—</p><paragraph eId="d4e562"><num>a</num><content><p>provides for the granting of licences authorising the importation, movement and keeping of material that would otherwise be prohibited and controls the use of such material (article 4); and</p></content></paragraph><paragraph eId="d4e568"><num>b</num><content><p>extends the range of citrus fruits that may, subject to certain conditions, circulate in the Community with leaves and peduncles (articles 5 to 9).</p></content></paragraph><p>A Compliance Cost Assessment based on licensing in England and Wales, which accounts for the bulk of licensing income in Great Britain, has been placed in the libraries of both Houses of Parliament, and copies can be obtained from the Plant Health Division of the Ministry of Agriculture, Fisheries and Food, Foss House, Kings Pool, 1–2 Peasholme Green, York YO1 2PX.</p></authorialNote></p></blockContainer></conclusions></act></akomaNtoso>