<akomaNtoso xmlns:xsi="http://www.w3.org/2001/XMLSchema-instance" xmlns="http://docs.oasis-open.org/legaldocml/ns/akn/3.0" xsi:schemaLocation="http://docs.oasis-open.org/legaldocml/ns/akn/3.0 http://docs.oasis-open.org/legaldocml/akn-core/v1.0/cos01/part2-specs/schemas/akomantoso30.xsd"><act name="UnitedKingdomStatutoryInstrument"><meta><identification source="#source"><FRBRWork><FRBRthis value="http://www.legislation.gov.uk/id/uksi/1996/587"/><FRBRuri value="http://www.legislation.gov.uk/id/uksi/1996/587"/><FRBRdate date="1996-03-06" name="made"/><FRBRauthor href="http://www.legislation.gov.uk/id/government/uk"/><FRBRcountry value="GB-UKM"/><FRBRsubtype value="regulation"/><FRBRnumber value="587"/><FRBRname value="S.I. 1996/587"/><FRBRprescriptive value="true"/></FRBRWork><FRBRExpression><FRBRthis value="http://www.legislation.gov.uk/uksi/1996/587/made"/><FRBRuri value="http://www.legislation.gov.uk/uksi/1996/587/made"/><FRBRdate date="1996-03-06" name="made"/><FRBRauthor href="#source"/><FRBRlanguage language="eng"/></FRBRExpression><FRBRManifestation><FRBRthis value="http://www.legislation.gov.uk/uksi/1996/587/made/data.akn"/><FRBRuri value="http://www.legislation.gov.uk/uksi/1996/587/made/data.akn"/><FRBRdate date="2021-07-26+01:00" name="transform"/><FRBRauthor href="http://www.legislation.gov.uk"/><FRBRformat value="application/akn+xml"/></FRBRManifestation></identification><classification source="#source"><keyword value="energy efficiency" showAs="Energy efficiency" dictionary="http://www.legislation.gov.uk"/><keyword value="benefits" showAs="Benefits" dictionary="http://www.legislation.gov.uk"/><keyword value="disability living allowance" showAs="Disability living allowance" dictionary="http://www.legislation.gov.uk"/><keyword value="sickness and disability benefits" showAs="Sickness and disability benefits" dictionary="http://www.legislation.gov.uk"/><keyword value="energy conservation" showAs="Energy conservation" dictionary="http://www.legislation.gov.uk"/><keyword value="energy conservation" showAs="ENERGY CONSERVATION" dictionary="http://www.legislation.gov.uk"/></classification><lifecycle source="#source"><eventRef date="1996-03-06" type="generation" eId="made-date" source="#source"/><eventRef date="1996-03-08" eId="laid-date-1" source="#source"/><eventRef date="1996-10-07" eId="coming-into-force-date-1" source="#source"/><eventRef date="1996-04-01" eId="coming-into-force-date-2" source="#source"/></lifecycle><references source="#source"><TLCOrganization eId="source" href="http://www.legislation.gov.uk/id/publisher/KingsOrQueensPrinterOfActsOfParliament" showAs="Queen's Printer of Acts of Parliament"/><passiveRef href="http://www.legislation.gov.uk/id/uksi/1997/790" showAs="The Home Energy Efficiency Scheme Regulations 1997"/><TLCOrganization eId="ref-d4e566" href="/ontology/organization/uk.Department of the Environment" showAs="Department of the Environment"/><TLCRole eId="ref-d4e564" href="/ontology/role/uk.Minister of State," showAs="Minister of State,"/><TLCRole eId="ref-d4e580" href="/ontology/role/uk.Two of the Lords Commissioners of Her Majesty’s Treasury" showAs="Two of the Lords Commissioners of Her Majesty’s Treasury"/><TLCPerson eId="ref-d4e562" href="/ontology/persons/uk.RobertJones" showAs="Robert Jones"/><TLCPerson eId="ref-d4e576" href="/ontology/persons/uk.SimonBurns" showAs="Simon Burns"/><TLCPerson eId="ref-d4e578" href="/ontology/persons/uk.MichaelBates" showAs="Michael Bates"/><TLCConcept href="/uk/subject/energy-conservation" showAs="ENERGY CONSERVATION" eId="d4e100"/></references><notes source="#source"><note class="footnote" eId="f00001"><p><ref href="http://www.legislation.gov.uk/id/ukpga/1990/27">1990 c. 27</ref>.</p></note><note class="footnote" eId="f00002"><p><abbr class="Acronym" title="Statutory Instrument">S.I.</abbr><ref href="http://www.legislation.gov.uk/id/uksi/1992/483">1992/483</ref>; amended by <abbr class="Acronym" title="Statutory Instrument">S.I.</abbr><ref href="http://www.legislation.gov.uk/id/uksi/1993/2799">1993/2799</ref>, <abbr class="Acronym" title="Statutory Instrument">S.I.</abbr><ref href="http://www.legislation.gov.uk/id/uksi/1994/637">1994/637</ref> and <abbr class="Acronym" title="Statutory Instrument">S.I.</abbr><ref href="http://www.legislation.gov.uk/id/uksi/1995/49">1995/49</ref>.</p></note><note class="footnote" eId="f00003"><p>Regulation 3(1)(b) was substituted by <abbr class="Acronym" title="Statutory Instrument">S.I.</abbr><ref href="http://www.legislation.gov.uk/id/uksi/1994/637">1994/637</ref>.</p></note><note class="footnote" eId="f00004"><p>Inserted by regulation 4(1) of these Regulations.</p></note><note class="footnote" eId="f00005"><p><ref href="http://www.legislation.gov.uk/id/ukpga/1995/18">1995 c. 18</ref>.</p></note><note class="footnote" eId="f00006"><p>Regulation 3(2) was substituted by <abbr class="Acronym" title="Statutory Instrument">S.I.</abbr><ref href="http://www.legislation.gov.uk/id/uksi/1995/49">1995/49</ref>.</p></note><note class="footnote" eId="f00007"><p><em>See</em> section 5 of the Industrial Injuries and Diseases (Old Cases) Act <ref href="http://www.legislation.gov.uk/id/ukpga/1975/16">1975 (c. 16)</ref> which was repealed, with savings, by the Social Security (Consequential Provisions) Act <ref href="http://www.legislation.gov.uk/id/ukpga/1992/6">1992 (c. 6)</ref>.</p></note><note class="footnote" eId="f00008"><p><abbr class="Acronym" title="Statutory Instrument">S.I.</abbr><ref href="http://www.legislation.gov.uk/id/uksi/1983/686">1983/686</ref>; relevant amending instruments are <abbr class="Acronym" title="Statutory Instrument">S.I.</abbr><ref href="http://www.legislation.gov.uk/id/uksi/1983/1164">1983/1164</ref> and <ref href="http://www.legislation.gov.uk/id/uksi/1984/1675">1984/1675</ref>.</p></note><note class="footnote" eId="f00009"><p><abbr class="Acronym" title="Statutory Instrument">S.I.</abbr><ref href="http://www.legislation.gov.uk/id/uksi/1983/883">1983/883</ref>; article 26A was inserted by <abbr class="Acronym" title="Statutory Instrument">S.I.</abbr><ref href="http://www.legislation.gov.uk/id/uksi/1983/1116">1983/1116</ref> and amended by <abbr class="Acronym" title="Statutory Instrument">S.I.</abbr><ref href="http://www.legislation.gov.uk/id/uksi/1986/592">1986/592</ref>, <ref href="http://www.legislation.gov.uk/id/uksi/1990/1308">1990/1308</ref>, <ref href="http://www.legislation.gov.uk/id/uksi/1991/766">1991/766</ref>, <ref href="http://www.legislation.gov.uk/id/uksi/1992/710">1992/710</ref> and <ref href="http://www.legislation.gov.uk/id/uksi/1995/766">1995/766</ref>.</p></note><note class="footnote" eId="f00010"><p>Article 25A was inserted by <abbr class="Acronym" title="Statutory Instrument">S.I.</abbr><ref href="http://www.legislation.gov.uk/id/uksi/1983/1164">1983/1164</ref> and amended by <abbr class="Acronym" title="Statutory Instrument">S.I.</abbr><ref href="http://www.legislation.gov.uk/id/uksi/1983/1540">1983/1540</ref>, <ref href="http://www.legislation.gov.uk/id/uksi/1986/628">1986/628</ref>, <ref href="http://www.legislation.gov.uk/id/uksi/1990/1300">1990/1300</ref>, <ref href="http://www.legislation.gov.uk/id/uksi/1991/708">1991/708</ref> and <ref href="http://www.legislation.gov.uk/id/uksi/1992/702">1992/702</ref>; article 48A was inserted by <abbr class="Acronym" title="Statutory Instrument">S.I.</abbr><ref href="http://www.legislation.gov.uk/id/uksi/1984/1289">1984/1289</ref>.</p></note><note class="footnote" eId="f00011"><p><ref href="http://www.legislation.gov.uk/id/ukpga/1992/5">1992 c. 5</ref>.</p></note><note class="footnote" eId="f00012"><p>Article 10 was amended by <abbr class="Acronym" title="Statutory Instrument">S.I.</abbr><ref href="http://www.legislation.gov.uk/id/uksi/1993/598">1993/598</ref>.</p></note><note class="footnote" eId="f00013"><p>7&amp;8 <abbr title="George" xml:lang="">Geo.</abbr> 5 c.51.</p></note><note class="footnote" eId="f00014"><p>Amended by <abbr class="Acronym" title="Statutory Instrument">S.I.</abbr><ref href="http://www.legislation.gov.uk/id/uksi/1994/637">1994/637</ref>.</p></note><note class="footnote" eId="f00015"><p>Regulation 9 was substituted by <abbr class="Acronym" title="Statutory Instrument">S.I.</abbr><ref href="http://www.legislation.gov.uk/id/uksi/1993/2799">1993/2799</ref>.</p></note></notes><proprietary xmlns:ukl="http://www.legislation.gov.uk/namespaces/legislation" xmlns:ukm="http://www.legislation.gov.uk/namespaces/metadata" xmlns:dc="http://purl.org/dc/elements/1.1/" xmlns:dct="http://purl.org/dc/terms/" xmlns:atom="http://www.w3.org/2005/Atom" source="#source"><dc:identifier>http://www.legislation.gov.uk/uksi/1996/587/made</dc:identifier><dc:title>The Home Energy Efficiency Grants (Amendment) Regulations 1996</dc:title><dc:subject>Energy efficiency</dc:subject><dc:subject>Benefits</dc:subject><dc:subject>Disability living allowance</dc:subject><dc:subject>Sickness and disability benefits</dc:subject><dc:subject>Energy conservation</dc:subject><dc:publisher>Queen's Printer of Acts of Parliament</dc:publisher><dc:modified>2011-07-04</dc:modified><dc:subject scheme="SIheading">ENERGY CONSERVATION</dc:subject><dc:description>These Regulations amend the Home Energy Efficiency Grants Regulations 1992, which provide for grants to improve energy efficiency in dwellings and certain buildings in multiple occupation, and for agencies to administer the making of the grants.</dc:description><atom:link rel="self" href="http://www.legislation.gov.uk/uksi/1996/587/made/data.xml" type="application/xml"/><atom:link rel="http://www.legislation.gov.uk/def/navigation/resources" href="http://www.legislation.gov.uk/uksi/1996/587/resources" title="More Resources"/><atom:link rel="http://www.legislation.gov.uk/def/navigation/act" href="http://www.legislation.gov.uk/uksi/1996/587/made" title="whole act"/><atom:link rel="http://www.legislation.gov.uk/def/navigation/introduction" href="http://www.legislation.gov.uk/uksi/1996/587/introduction/made" title="introduction"/><atom:link rel="http://www.legislation.gov.uk/def/navigation/signature" href="http://www.legislation.gov.uk/uksi/1996/587/signature/made" title="signature"/><atom:link rel="http://www.legislation.gov.uk/def/navigation/note" href="http://www.legislation.gov.uk/uksi/1996/587/note/made" title="note"/><atom:link rel="http://www.legislation.gov.uk/def/navigation/body" href="http://www.legislation.gov.uk/uksi/1996/587/body/made" title="body"/><atom:link rel="alternate" type="application/rdf+xml" href="http://www.legislation.gov.uk/uksi/1996/587/made/data.rdf" title="RDF/XML"/><atom:link rel="alternate" type="application/akn+xml" href="http://www.legislation.gov.uk/uksi/1996/587/made/data.akn" title="AKN"/><atom:link rel="alternate" type="application/xhtml+xml" href="http://www.legislation.gov.uk/uksi/1996/587/made/data.xht" title="HTML snippet"/><atom:link rel="alternate" type="application/pdf" href="http://www.legislation.gov.uk/uksi/1996/587/made/data.pdf" title="PDF"/><atom:link rel="alternate" type="application/akn+xhtml" href="http://www.legislation.gov.uk/uksi/1996/587/made/data.html" title="HTML5 snippet"/><atom:link rel="http://purl.org/dc/terms/tableOfContents" hreflang="en" href="http://www.legislation.gov.uk/uksi/1996/587/contents/made" title="Table of Contents"/><ukm:SecondaryMetadata><ukm:DocumentClassification><ukm:DocumentCategory Value="secondary"/><ukm:DocumentMainType Value="UnitedKingdomStatutoryInstrument"/><ukm:DocumentStatus Value="final"/><ukm:DocumentMinorType Value="regulation"/></ukm:DocumentClassification><ukm:Year Value="1996"/><ukm:Number Value="587"/><ukm:DepartmentCode Value="DOE 0601"/><ukm:Made Date="1996-03-06"/><ukm:Laid Date="1996-03-08" Class="UnitedKingdomParliament"/><ukm:ComingIntoForce><ukm:DateTime Date="1996-10-07"/><ukm:DateTime Date="1996-04-01"/></ukm:ComingIntoForce><ukm:ISBN Value="0110542312"/><ukm:UnappliedEffects><ukm:UnappliedEffect EffectId="key-97c6bed6cadd7c360103af974e992aed" AffectedURI="http://www.legislation.gov.uk/id/uksi/1996/587" AffectedClass="UnitedKingdomStatutoryInstrument" AffectingURI="http://www.legislation.gov.uk/id/uksi/1997/790" AffectingClass="UnitedKingdomStatutoryInstrument" URI="http://www.legislation.gov.uk/id/effect/upload-b4yrers3--4097" Row="4102" Type="revoked" RequiresApplied="true" AffectedProvisions="Instrument" Comments="revoked" AffectingYear="1997" AffectingNumber="790" AffectingProvisions="reg.14(1)(2), Sch.2" AffectedYear="1996" AffectedNumber="587" Created="2019-07-11T00:00:00" Modified="2019-07-11T00:00:00"><ukm:AffectedTitle>The Home Energy Efficiency Grants (Amendment) Regulations 1996</ukm:AffectedTitle><ukm:AffectedProvisions>Instrument</ukm:AffectedProvisions><ukm:AffectingTitle>The Home Energy Efficiency Scheme Regulations 1997</ukm:AffectingTitle><ukm:AffectingProvisions><ukm:Section Ref="regulation-14-1" URI="http://www.legislation.gov.uk/id/uksi/1997/790/regulation/14/1">reg.14(1)</ukm:Section><ukm:Section Ref="regulation-14-2" URI="http://www.legislation.gov.uk/id/uksi/1997/790/regulation/14/2">(2)</ukm:Section><ukm:Section Ref="schedule-2" URI="http://www.legislation.gov.uk/id/uksi/1997/790/schedule/2">Sch.2</ukm:Section></ukm:AffectingProvisions><ukm:InForceDates><ukm:InForce Applied="false" Prospective="true" Qualification=""/></ukm:InForceDates></ukm:UnappliedEffect><ukm:UnappliedEffect EffectId="key-764435c472aaf36f5098f4cb3ef18482" AffectedURI="http://www.legislation.gov.uk/id/uksi/1996/587" AffectedClass="UnitedKingdomStatutoryInstrument" AffectingURI="http://www.legislation.gov.uk/id/uksi/1997/790" AffectingClass="UnitedKingdomStatutoryInstrument" URI="http://www.legislation.gov.uk/id/effect/key-764435c472aaf36f5098f4cb3ef18482" Row="3177" Type="revoked" RequiresApplied="true" AffectedProvisions="Act" Comments="revoked" AffectingYear="1997" AffectingNumber="790" AffectingProvisions="reg.14(1)(2), Sch.2" AffectedYear="1996" AffectedNumber="587" Created="2019-05-02T00:00:00" Modified="2019-05-02T00:00:00"><ukm:AffectedTitle>The Home Energy Efficiency Grants (Amendment) Regulations 1996</ukm:AffectedTitle><ukm:AffectedProvisions>Act</ukm:AffectedProvisions><ukm:AffectingTitle>The Home Energy Efficiency Scheme Regulations 1997</ukm:AffectingTitle><ukm:AffectingProvisions><ukm:Section Ref="regulation-14-1" URI="http://www.legislation.gov.uk/id/uksi/1997/790/regulation/14/1">reg.14(1)</ukm:Section><ukm:Section Ref="regulation-14-2" URI="http://www.legislation.gov.uk/id/uksi/1997/790/regulation/14/2">(2)</ukm:Section><ukm:Section Ref="schedule-2" URI="http://www.legislation.gov.uk/id/uksi/1997/790/schedule/2">Sch.2</ukm:Section></ukm:AffectingProvisions><ukm:InForceDates><ukm:InForce Applied="false" Prospective="true" Qualification=""/></ukm:InForceDates></ukm:UnappliedEffect></ukm:UnappliedEffects></ukm:SecondaryMetadata><ukm:Statistics><ukm:TotalParagraphs Value="11"/><ukm:BodyParagraphs Value="11"/><ukm:ScheduleParagraphs Value="0"/><ukm:AttachmentParagraphs Value="0"/><ukm:TotalImages Value="0"/></ukm:Statistics></proprietary></meta><preface><p class="number"><docNumber>1996 No. 587</docNumber></p><block name="subject"><concept class="title" refersTo="#d4e100">ENERGY CONSERVATION</concept></block><p class="title"><shortTitle>The Home Energy Efficiency Grants (Amendment) Regulations 1996</shortTitle></p><p class="MadeDate"><span>Made</span><docDate date="1996-03-06">6th March 1996</docDate></p><p class="LaidDate"><span>Laid before the House of Commons</span><docDate date="1996-03-08">8th March 1996</docDate></p><container name="ComingIntoForce"><p>Coming into force</p><p class="ComingIntoForceClauses"><span>For the purposes of regulation 4(2)</span><docDate date="1996-10-07">7th October 1996</docDate></p><p class="ComingIntoForceClauses"><span>For all other purposes</span><docDate date="1996-04-01">1st April 1996</docDate></p></container></preface><preamble><formula name="EnactingText"><p>The Secretary of State, in exercise of the powers conferred upon him by section 15 of the Social Security Act 1990<noteRef href="#f00001" class="footnote" marker="1"/> and of all other powers enabling him in that behalf, and with the consent of the Treasury, hereby makes the following Regulations—</p></formula></preamble><body><hcontainer name="regulation" eId="regulation-1"><num>1</num><heading>Citation</heading><content><p>These Regulations may be cited as the Home Energy Efficiency Grants (Amendment) Regulations 1996.</p></content></hcontainer><hcontainer name="regulation" eId="regulation-2"><num>2</num><heading>Commencement</heading><content><p>Regulation 4(2) shall come into force on 7th October 1996 and all other regulations shall come into force on 1st April 1996.</p></content></hcontainer><hcontainer name="regulation" eId="regulation-3"><num>3</num><heading>Amendments</heading><content><p>The Home Energy Efficiency Grants Regulations 1992<noteRef href="#f00002" class="footnote" marker="2"/> shall be amended in accordance with the following regulations.</p></content></hcontainer><hcontainer name="regulation" eId="regulation-4"><num>4</num><heading>Person who may apply for grant</heading><paragraph eId="regulation-4-1"><num>1</num><content><p>For regulation 3(1)(b)<noteRef href="#f00003" class="footnote" marker="3"/> (persons who may apply for grant) substitute—</p><p class="BlockAmendment"><mod><quotedStructure class="secondary regulation main default" startQuote="“" endQuote="”"><subparagraph eId="d4e180"><num>b</num><content><p>who at the time of making the application has, or lives with a spouse who has, attained the age of 60; or</p></content></subparagraph><subparagraph eId="d4e186"><num>c</num><content><p>who at the time of making the application is, or lives with a spouse who is, in receipt of an attendance allowance, a disability living allowance (as provided for in Part III of the 1992 Act), a disability working allowance, council tax benefit, family credit, housing benefit or income support (each as provided for in Part VII of the 1992 Act); or</p></content></subparagraph><subparagraph eId="d4e192"><num>d</num><intro><p>who at the time of making the application is, or lives with a spouse who is, in receipt of a war disablement pension and</p></intro><clause eId="d4e198"><num>i</num><content><p>a mobility supplement or a payment intended to compensate for the non-payment of such a supplement; or</p></content></clause><clause eId="d4e204"><num>ii</num><content><p>a payment made under regulations made under paragraph 7(2)(b) of Schedule 8 to the 1992 Act (constant attendance allowance).</p></content></clause></subparagraph></quotedStructure></mod><inline name="AppendText">.</inline></p></content></paragraph><paragraph eId="regulation-4-2"><num>2</num><content><p>In regulation 3(1)(c)<noteRef href="#f00004" class="footnote" marker="4"/> after “1992 Act)” insert “or an income-based jobseeker’s allowance (within the meaning of the Jobseekers Act 1995)<noteRef href="#f00005" class="footnote" marker="5"/>”.</p></content></paragraph><paragraph eId="regulation-4-3"><num>3</num><intro><p>In regulation 3(2)<noteRef href="#f00006" class="footnote" marker="6"/>—</p></intro><subparagraph eId="regulation-4-3-a"><num>a</num><content><p>before the definition of householder insert—</p><p class="BlockAmendment"><mod><quotedStructure class="unknown unknown unknown default" startQuote="“" endQuote="”"><blockList class="unordered"><item><p>“an attendance allowance” means—</p><blockList class="ordered"><item><num>a</num><p>an attendance allowance under Part III of the 1992 Act;</p></item><item><num>b</num><p>an increase of an allowance which is payable in respect of constant attendance under a scheme under, or having effect under, paragraph 4 of Part I of Schedule 8 to the 1992 Act<noteRef href="#f00007" class="footnote" marker="7"/>;</p></item><item><num>c</num><p>a payment made under article 14, 15, 16, 43 or 44 of the Personal Injuries (Civilians) Scheme<noteRef href="#f00008" class="footnote" marker="8"/> or any analogous payment;</p></item><item><num>d</num><p>any payment based on need for attendance which is paid with a war disablement pension; or</p></item><item><num>e</num><p>any payment intended to compensate for the non-payment of any payment, allowance or pension mentioned in sub-paragraphs (a) to (d) of this definition;</p></item></blockList></item></blockList></quotedStructure></mod><inline name="AppendText">;</inline></p></content></subparagraph><subparagraph eId="regulation-4-3-b"><num>b</num><content><p>at the end of the definition of householder omit “and”;</p></content></subparagraph><subparagraph eId="regulation-4-3-c"><num>c</num><content><p>after the definition of householder insert—</p><p class="BlockAmendment"><mod><quotedStructure class="unknown unknown unknown default" startQuote="“" endQuote="”"><blockList class="unordered"><item><p>“mobility supplement” means a mobility supplement under—</p><blockList class="ordered"><item><num>a</num><p>article 26A of the Naval, Military and Air Forces <abbr title="et cetera" xml:lang="la">etc.</abbr> (Disablement and Death) Service Pensions Order 1983<noteRef href="#f00009" class="footnote" marker="9"/> (including such a supplement payable by virtue of the application of that article by any other scheme or order); or</p></item><item><num>b</num><p>under article 25A of the Personal Injuries (Civilians) Scheme 1983 (including that article as applied by article 48A of that Scheme)<noteRef href="#f00010" class="footnote" marker="10"/>; and</p></item></blockList></item></blockList></quotedStructure></mod><inline name="AppendText">; and</inline></p></content></subparagraph><subparagraph eId="regulation-4-3-d"><num>d</num><content><p>after the definition of spouse insert—</p><p class="BlockAmendment"><mod><quotedStructure class="unknown unknown unknown default" startQuote="“" endQuote="”"><blockList class="unordered"><item><p>“war disablement pension” means—</p><blockList class="ordered"><item><num>a</num><p>a war disablement pension within the meaning of section 139(11) of the Social Security Administration Act 1992<noteRef href="#f00011" class="footnote" marker="11"/>; and</p></item><item><num>b</num><p>a war disablement pension under article 10 of the Naval, Military and Air Forces <abbr title="et cetera" xml:lang="la">etc.</abbr> (Disablement and Death) Service Pensions Order 1983<noteRef href="#f00012" class="footnote" marker="12"/> (so far as that Order is made otherwise than under the Air Force (Constitution) Act 1917<noteRef href="#f00013" class="footnote" marker="13"/>); and</p></item></blockList></item></blockList></quotedStructure></mod><inline name="AppendText">.</inline></p></content></subparagraph></paragraph></hcontainer><hcontainer name="regulation" eId="regulation-5"><num>5</num><heading>Grant applications</heading><intro><p>In regulation 4(3) (application for grant)<noteRef href="#f00014" class="footnote" marker="14"/>—</p></intro><subparagraph eId="regulation-5-a"><num>a</num><content><p>in paragraphs (a) and (b) for “in a case where the applicant proposes to carry out the works himself” substitute “in a case where the applicant proposes that the works will not be carried out, or arranged to be carried out, by an eligible contractor”; and</p></content></subparagraph><subparagraph eId="regulation-5-b"><num>b</num><content><p>for paragraph (e)(ii) substitute “(ii) the applicant specified the name of an eligible contractor as required by regulation 4(3)(a)”.</p></content></subparagraph></hcontainer><hcontainer name="regulation" eId="regulation-6"><num>6</num><heading>Procedure after applying to network installer</heading><intro><p>In regulation 7(3)(b)(i) (procedure after applying to network installer) omit—</p></intro><subparagraph eId="regulation-6-a"><num>a</num><content><p>“the contributions as specified in column 2 of the table in regulation 9 together with”; and</p></content></subparagraph><subparagraph eId="regulation-6-b"><num>b</num><content><p>“and the contribution”.</p></content></subparagraph></hcontainer><hcontainer name="regulation" eId="regulation-7"><num>7</num><heading>Procedure after applying to agency</heading><content><p>In regulation 8(2) (procedure after applying to administering agency) for “Except in a case where the applicant proposes to carry out the works himself” substitute “Except in a case where the applicant proposes that someone who is not an eligible contractor will carry out or arrange to carry out the works”.</p></content></hcontainer><hcontainer name="regulation" eId="regulation-8"><num>8</num><heading>Calculating size of grant</heading><intro><p>In regulation 9 (calculation of size of grant)<noteRef href="#f00015" class="footnote" marker="15"/>—</p></intro><subparagraph eId="regulation-8-a"><num>a</num><intro><p>in paragraph (1)—</p></intro><clause eId="regulation-8-a-i"><num>i</num><content><p>at the beginning insert “Subject to paragraph 4,”;</p></content></clause><clause eId="regulation-8-a-ii"><num>ii</num><content><p>for the heading in column 2 of the table substitute “<em>Work not carried out or arranged by eligible contractor</em>”; and</p></content></clause><clause eId="regulation-8-a-iii"><num>iii</num><content><p>in the heading in column 3 of the table substitute “<em>Work carried out or arranged by eligible contractor</em>”;</p></content></clause></subparagraph><subparagraph eId="regulation-8-b"><num>b</num><content><p>in paragraph (2) for “Where the work is carried out by the applicant” substitute “Where the work is not carried out or arranged to be carried out by an eligible contractor”; and</p></content></subparagraph><subparagraph eId="regulation-8-c"><num>c</num><content><p>at the end insert—</p><p class="BlockAmendment"><mod><quotedStructure class="unknown unknown unknown default" startQuote="“" endQuote="”"><paragraph eId="d4e444"><num>4</num><content><p>Where the applicant meets the condition in regulation 3(1)(b), but not the condition in regulation 3(1)(c) or (d), paragraphs (1) to (3) above shall apply as if the reference to the table were to the following table—</p><tblock class="tabular"><table><tr><th colspan="1" rowspan="1"><p><em>(1)</em></p></th><th colspan="1" rowspan="1"><p><em>(2)</em></p></th><th colspan="1" rowspan="1"><p><em>(3)</em></p></th></tr><tr><th colspan="1" rowspan="1"><p><em>Work under regulation</em></p></th><th colspan="1" rowspan="1"><p><em>Work not carried out or arranged by eligible contractor</em></p></th><th colspan="1" rowspan="1"><p><em>Work carried out or arranged by eligible contractor</em></p></th></tr><tr><td colspan="1" rowspan="1"><p>5(1)(a)</p></td><td colspan="1" rowspan="1"><p>£40.18</p></td><td colspan="1" rowspan="1"><p>£49.68</p></td></tr><tr><td colspan="1" rowspan="1"><p>5(1)(b)</p></td><td colspan="1" rowspan="1"><p>£22.63</p></td><td colspan="1" rowspan="1"><p>£32.13</p></td></tr><tr><td colspan="1" rowspan="1"><p>5(1)(c)</p></td><td colspan="1" rowspan="1"><p>£62.75</p></td><td colspan="1" rowspan="1"><p>£76.25</p></td></tr><tr><td colspan="1" rowspan="1"><p>5(1)(d)</p></td><td colspan="1" rowspan="1"><p>No grant available</p></td><td colspan="1" rowspan="1"><p>£10.00</p></td></tr></table></tblock></content></paragraph></quotedStructure></mod><inline name="AppendText">.</inline></p></content></subparagraph></hcontainer><hcontainer name="regulation" eId="regulation-9"><num>9</num><heading>Claiming and paying grant</heading><intro><p>In regulation 10 (claim for and payment of grant)—</p></intro><subparagraph eId="regulation-9-a"><num>a</num><intro><p>in paragraph (1)—</p></intro><clause eId="regulation-9-a-i"><num>i</num><content><p>in sub-paragraph (a) for “by the applicant himself” substitute “by any other person”; and</p></content></clause><clause eId="regulation-9-a-ii"><num>ii</num><content><p>in sub-paragraph (d)(ii) for “where the applicant carried out the work himself” substitute “where an eligible contractor did not carry out or arrange to carry out the work”; and</p></content></clause></subparagraph><subparagraph eId="regulation-9-b"><num>b</num><content><p>in paragraph (4) for “where the work has been carried out by the applicant himself” substitute “where the work has not been carried out or arranged to have been carried out by an eligible contractor”.</p></content></subparagraph></hcontainer><hcontainer name="regulation" eId="regulation-10"><num>10</num><heading>Buildings in multiple occupation: procedure after application</heading><content><p>In regulation 13(1) (buildings in multiple occupation: procedure after application) omit the words after “regulation 4”.</p></content></hcontainer><hcontainer name="regulation" eId="regulation-11"><num>11</num><heading>Application</heading><content><p>Any amendment made by these Regulations shall not have effect in a case where an application has been made under regulation 4 of the Home Energy Efficiency Grants Regulations 1992 (application for a grant to administering agency) before the amendment comes into force.</p></content></hcontainer><hcontainer name="signatures"><content><p>Signed by authority of the Secretary of State</p><block name="signature"><signature><person refersTo="#ref-d4e562">Robert Jones</person><role refersTo="#ref-d4e564">Minister of State,</role><organization refersTo="#ref-d4e566">Department of the Environment</organization><date date="1996-03-05">5th March 1996</date></signature></block><p>We consent,</p><block name="signature"><signature><person refersTo="#ref-d4e576">Simon Burns</person><person refersTo="#ref-d4e578">Michael Bates</person><role refersTo="#ref-d4e580">Two of the Lords Commissioners of Her Majesty’s Treasury</role><date date="1996-03-06">6th March 1996</date></signature></block></content></hcontainer></body><conclusions><blockContainer class="ExplanatoryNotes"><intro><p>(This note is not part of the Regulations)</p></intro><p><authorialNote><p>These Regulations amend the Home Energy Efficiency Grants Regulations 1992, which provide for grants to improve energy efficiency in dwellings and certain buildings in multiple occupation, and for agencies to administer the making of the grants.</p><p>Regulation 4 extends eligibility for grants to cases where an individual receives an attendance or disability living allowance, an income-based jobseeker’s allowance or both a war disablement pension and a mobility supplement or constant attendance allowance.</p><p>Regulations 5, 7, 8(a)(ii) and (iii) and (b) and 9 replace references to cases where the applicant carries out the grant works himself with references to cases where the works are not carried out by eligible contractors. Regulations 6 and 10 remove redundant words in regulations 7 and 13 of the 1992 Regulations.</p><p>Regulation 8(a)(i) and (c) provides for a reduced amount of grant where the applicant is only eligible for a grant because he is at least 60 years old (or the applicant’s spouse, where they are living together, has attained that age).</p><p>The Regulations come into force on 1st April 1996, except for regulation 4(2) (eligibility for grant in income-based jobseeker allowance cases) which comes into force on 7th October 1996. Regulation 9 contains transitional provisions.</p></authorialNote></p></blockContainer></conclusions></act></akomaNtoso>