<akomaNtoso xmlns:xsi="http://www.w3.org/2001/XMLSchema-instance" xmlns="http://docs.oasis-open.org/legaldocml/ns/akn/3.0" xsi:schemaLocation="http://docs.oasis-open.org/legaldocml/ns/akn/3.0 http://docs.oasis-open.org/legaldocml/akn-core/v1.0/cos01/part2-specs/schemas/akomantoso30.xsd"><act name="UnitedKingdomStatutoryInstrument"><meta><identification source="#source"><FRBRWork><FRBRthis value="http://www.legislation.gov.uk/id/uksi/1996/372"/><FRBRuri value="http://www.legislation.gov.uk/id/uksi/1996/372"/><FRBRdate date="1996-02-21" name="made"/><FRBRauthor href="http://www.legislation.gov.uk/id/government/uk"/><FRBRcountry value="GB-UKM"/><FRBRsubtype value="order"/><FRBRnumber value="372"/><FRBRname value="S.I. 1996/372"/><FRBRprescriptive value="true"/></FRBRWork><FRBRExpression><FRBRthis value="http://www.legislation.gov.uk/uksi/1996/372/made"/><FRBRuri value="http://www.legislation.gov.uk/uksi/1996/372/made"/><FRBRdate date="1996-02-21" name="made"/><FRBRauthor href="#source"/><FRBRlanguage language="eng"/></FRBRExpression><FRBRManifestation><FRBRthis value="http://www.legislation.gov.uk/uksi/1996/372/made/data.akn"/><FRBRuri value="http://www.legislation.gov.uk/uksi/1996/372/made/data.akn"/><FRBRdate date="2021-07-26+01:00" name="transform"/><FRBRauthor href="http://www.legislation.gov.uk"/><FRBRformat value="application/akn+xml"/></FRBRManifestation></identification><classification source="#source"><keyword value="further and higher education" showAs="Further and higher education" dictionary="http://www.legislation.gov.uk"/><keyword value="further and higher education management" showAs="Further and higher education management" dictionary="http://www.legislation.gov.uk"/><keyword value="careers advice" showAs="Careers advice" dictionary="http://www.legislation.gov.uk"/><keyword value="employment terms and conditions" showAs="Employment terms and conditions" dictionary="http://www.legislation.gov.uk"/><keyword value="national parks" showAs="National parks" dictionary="http://www.legislation.gov.uk"/><keyword value="terms and conditions of employment" showAs="TERMS AND CONDITIONS OF EMPLOYMENT" dictionary="http://www.legislation.gov.uk"/></classification><lifecycle source="#source"><eventRef date="1996-02-21" type="generation" eId="made-date" source="#source"/><eventRef date="1996-02-22" eId="laid-date-1" source="#source"/><eventRef date="1996-04-01" eId="coming-into-force-date-1" source="#source"/></lifecycle><references source="#source"><TLCOrganization eId="source" href="http://www.legislation.gov.uk/id/publisher/KingsOrQueensPrinterOfActsOfParliament" showAs="Queen's Printer of Acts of Parliament"/><passiveRef href="http://www.legislation.gov.uk/id/uksi/1999/2277" showAs="The Redundancy Payments (Continuity of Employment in Local Government, etc.) (Modification) Order 1999"/><TLCLocation eId="departmentoftradeandindustry" href="/ontology/location/uk.DepartmentofTradeandIndustry" showAs="Department of Trade and Industry"/><TLCRole eId="ref-d4e374" href="/ontology/role/uk.Parliamentary Under Secretary of State," showAs="Parliamentary Under Secretary of State,"/><TLCPerson eId="ref-d4e372" href="/ontology/persons/uk.JohnTaylor," showAs="John Taylor,"/><TLCConcept href="/uk/subject/terms-and-conditions-of-employment" showAs="TERMS AND CONDITIONS OF EMPLOYMENT" eId="d4e82"/></references><notes source="#source"><note class="footnote" eId="f00001"><p><ref href="http://www.legislation.gov.uk/id/ukpga/1978/44">1978 c. 44</ref>.</p></note><note class="footnote" eId="f00002"><p><ref href="http://www.legislation.gov.uk/id/uksi/1983/1160">S.I. 1983/1160</ref>, amended by <ref href="http://www.legislation.gov.uk/id/uksi/1985/1872">S.I. 1985/1872</ref>, <ref href="http://www.legislation.gov.uk/id/uksi/1988/907">1988/907</ref>, <ref href="http://www.legislation.gov.uk/id/uksi/1989/532">1989/532</ref>, <ref href="http://www.legislation.gov.uk/id/uksi/1990/826">1990/826</ref>, <ref href="http://www.legislation.gov.uk/id/uksi/1990/1432">1990/1432</ref>, <ref href="http://www.legislation.gov.uk/id/uksi/1991/818">1991/818</ref>, <ref href="http://www.legislation.gov.uk/id/uksi/1993/784">1993/784</ref>, <ref href="http://www.legislation.gov.uk/id/uksi/1994/417">1994/417</ref>, <ref href="http://www.legislation.gov.uk/id/uksi/1995/1157">1995/1157</ref>.</p></note><note class="footnote" eId="f00003"><p><ref href="http://www.legislation.gov.uk/id/ukpga/1992/13">1992 c. 13</ref>.</p></note><note class="footnote" eId="f00004"><p><ref href="http://www.legislation.gov.uk/id/ukpga/1988/40">1988 c. 40</ref>.</p></note><note class="footnote" eId="f00005"><p><ref href="http://www.legislation.gov.uk/id/ukpga/1995/25">1995 c. 25</ref>.</p></note><note class="footnote" eId="f00006"><p>Section 132(6) was repealed with effect from 1st April 1993 by the Further and Higher Education Act 1992, section 93 and Schedule 8, paragraph 35.</p></note></notes><proprietary xmlns:ukl="http://www.legislation.gov.uk/namespaces/legislation" xmlns:ukm="http://www.legislation.gov.uk/namespaces/metadata" xmlns:dc="http://purl.org/dc/elements/1.1/" xmlns:dct="http://purl.org/dc/terms/" xmlns:atom="http://www.w3.org/2005/Atom" source="#source"><dc:identifier>http://www.legislation.gov.uk/uksi/1996/372/made</dc:identifier><dc:title>The Redundancy Payments (Local Government) (Modification) (Amendment) Order 1996</dc:title><dc:subject>Further and higher education</dc:subject><dc:subject>Further and higher education management</dc:subject><dc:subject>Careers advice</dc:subject><dc:subject>Employment terms and conditions</dc:subject><dc:subject>National parks</dc:subject><dc:publisher>Queen's Printer of Acts of Parliament</dc:publisher><dc:modified>2017-05-04</dc:modified><dc:subject scheme="SIheading">TERMS AND CONDITIONS OF EMPLOYMENT</dc:subject><dc:description>This Order, which comes into force on 1st April 1996, amends the Redundancy Payments (Local Government) (Modification) Order 1983 as amended by the Redundancy Payments (Local Government) (Modification) (Amendment) Order 1985, the Redundancy Payments (Local Government) (Modification) (Amendment) Order 1988, the Redundancy Payments (Local Government) (Modification) (Amendment) Order 1989, the Redundancy Payments (Local Government) (Modification) (Amendment) Order 1990, the Education (Reorganisation in Inner London) (Redundancy Payments) (Amendment) Order 1990, the Redundancy Payments (Local Government) (Modification) (Amendment) Order 1991, the Redundancy Payments (Local Government) (Modification) (Amendment) Order 1993, the Redundancy Payments (Local Government) (Modification) (Amendment) Order 1994 and the Redundancy Payments (Local Government) (Modification) (Amendment) Order 1995. Those Orders modified certain redundancy payments provisions of the Employment Protection (Consolidation) Act 1978 in their application to persons employed in relevant local government service so that their employment in the service is to be treated as if it were continuous for the purposes of those provisions. This Order deletes six employers from Schedule 1, adds seven employers to Schedule 1 and adds six employers to the Appendix to Schedule 2.</dc:description><atom:link rel="self" href="http://www.legislation.gov.uk/uksi/1996/372/made/data.xml" type="application/xml"/><atom:link rel="http://www.legislation.gov.uk/def/navigation/resources" href="http://www.legislation.gov.uk/uksi/1996/372/resources" title="More Resources"/><atom:link rel="http://www.legislation.gov.uk/def/navigation/act" href="http://www.legislation.gov.uk/uksi/1996/372/made" title="whole act"/><atom:link rel="http://www.legislation.gov.uk/def/navigation/introduction" href="http://www.legislation.gov.uk/uksi/1996/372/introduction/made" title="introduction"/><atom:link rel="http://www.legislation.gov.uk/def/navigation/signature" href="http://www.legislation.gov.uk/uksi/1996/372/signature/made" title="signature"/><atom:link rel="http://www.legislation.gov.uk/def/navigation/note" href="http://www.legislation.gov.uk/uksi/1996/372/note/made" title="note"/><atom:link rel="http://www.legislation.gov.uk/def/navigation/body" href="http://www.legislation.gov.uk/uksi/1996/372/body/made" title="body"/><atom:link rel="alternate" type="application/rdf+xml" href="http://www.legislation.gov.uk/uksi/1996/372/made/data.rdf" title="RDF/XML"/><atom:link rel="alternate" type="application/akn+xml" href="http://www.legislation.gov.uk/uksi/1996/372/made/data.akn" title="AKN"/><atom:link rel="alternate" type="application/xhtml+xml" href="http://www.legislation.gov.uk/uksi/1996/372/made/data.xht" title="HTML snippet"/><atom:link rel="alternate" type="application/pdf" href="http://www.legislation.gov.uk/uksi/1996/372/made/data.pdf" title="PDF"/><atom:link rel="alternate" type="application/akn+xhtml" href="http://www.legislation.gov.uk/uksi/1996/372/made/data.html" title="HTML5 snippet"/><atom:link rel="http://purl.org/dc/terms/tableOfContents" hreflang="en" href="http://www.legislation.gov.uk/uksi/1996/372/contents/made" title="Table of Contents"/><ukm:SecondaryMetadata><ukm:DocumentClassification><ukm:DocumentCategory Value="secondary"/><ukm:DocumentMainType Value="UnitedKingdomStatutoryInstrument"/><ukm:DocumentStatus Value="final"/><ukm:DocumentMinorType Value="order"/></ukm:DocumentClassification><ukm:Year Value="1996"/><ukm:Number Value="372"/><ukm:Made Date="1996-02-21"/><ukm:Laid Date="1996-02-22" Class="UnitedKingdomParliament"/><ukm:ComingIntoForce><ukm:DateTime Date="1996-04-01"/></ukm:ComingIntoForce><ukm:ISBN Value="0110541332"/><ukm:UnappliedEffects><ukm:UnappliedEffect EffectId="key-9317ea6c0e4c99b19efbedc091b49515" AffectedURI="http://www.legislation.gov.uk/id/uksi/1996/372" AffectedClass="UnitedKingdomStatutoryInstrument" AffectingURI="http://www.legislation.gov.uk/id/uksi/1999/2277" AffectingClass="UnitedKingdomStatutoryInstrument" URI="http://www.legislation.gov.uk/id/effect/upload-b1z2e7x3--3670" Row="3675" Type="revoked" RequiresApplied="true" AffectedProvisions="Act" Comments="revoked" AffectingYear="1999" AffectingNumber="2277" AffectingProvisions="arts 4,5(3), Sch.3" AffectedYear="1996" AffectedNumber="372" Created="2019-03-19T00:00:00" Modified="2019-03-19T00:00:00"><ukm:AffectedTitle>The Redundancy Payments (Local Government) (Modification) (Amendment) Order 1996</ukm:AffectedTitle><ukm:AffectedProvisions>Act</ukm:AffectedProvisions><ukm:AffectingTitle>The Redundancy Payments (Continuity of Employment in Local Government, etc.) (Modification) Order 1999</ukm:AffectingTitle><ukm:AffectingProvisions><ukm:Section Ref="article-4" URI="http://www.legislation.gov.uk/id/uksi/1999/2277/article/4">arts 4</ukm:Section><ukm:Section Ref="article-5-3" URI="http://www.legislation.gov.uk/id/uksi/1999/2277/article/5/3">5(3)</ukm:Section><ukm:Section Ref="schedule-3" URI="http://www.legislation.gov.uk/id/uksi/1999/2277/schedule/3">Sch.3</ukm:Section></ukm:AffectingProvisions><ukm:InForceDates><ukm:InForce Applied="false" Prospective="true" Qualification=""/></ukm:InForceDates></ukm:UnappliedEffect></ukm:UnappliedEffects></ukm:SecondaryMetadata><ukm:Statistics><ukm:TotalParagraphs Value="21"/><ukm:BodyParagraphs Value="21"/><ukm:ScheduleParagraphs Value="0"/><ukm:AttachmentParagraphs Value="0"/><ukm:TotalImages Value="0"/></ukm:Statistics></proprietary></meta><preface><p class="number"><docNumber>1996 No. 372</docNumber></p><block name="subject"><concept class="title" refersTo="#d4e82">TERMS AND CONDITIONS OF EMPLOYMENT</concept></block><p class="title"><shortTitle>The Redundancy Payments (Local Government) (Modification) (Amendment) Order 1996</shortTitle></p><p class="MadeDate"><span>Made</span><docDate date="1996-02-21">21st February 1996</docDate></p><p class="LaidDate"><span>Laid before Parliament</span><docDate date="1996-02-22">22nd February 1996</docDate></p><p class="ComingIntoForce"><span>Coming into force</span><docDate date="1996-04-01">1st April 1996</docDate></p></preface><preamble><formula name="EnactingText"><p>The Secretary of State in exercise of the powers conferred on him by section 149(1)(b) and section 154(3) and (4) of the Employment Protection (Consolidation) Act 1978<noteRef href="#f00001" class="footnote" marker="1"/> (“the <abbr title="Employment Protection (Consolidation) Act 1978 c. 44" xml:lang="">1978 Act</abbr>”) and of all other powers enabling him in that behalf hereby makes the following Order:</p></formula></preamble><body><article eId="article-1"><num>1</num><heading>Citation, commencement and interpretation</heading><paragraph eId="article-1-1"><num>1</num><content><p>This Order may be cited as the Redundancy Payments (Local Government) (Modification) (Amendment) Order 1996 and shall come into force on 1st April 1996.</p></content></paragraph><paragraph eId="article-1-2"><num>2</num><content><p>In this Order the “<abbr title="Redundancy Payments (Local Government) (Modification) Order 1983 (S.I. 1983/1160)" xml:lang="">principal Order</abbr>” means the Redundancy Payments (Local Government) (Modification) Order 1983<noteRef href="#f00002" class="footnote" marker="2"/>.</p></content></paragraph></article><article eId="article-2"><num>2</num><heading>Amendments to the <abbr title="Redundancy Payments (Local Government) (Modification) Order 1983 (S.I. 1983/1160)" xml:lang="">principal Order</abbr></heading><intro><p>The <abbr title="Redundancy Payments (Local Government) (Modification) Order 1983 (S.I. 1983/1160)" xml:lang="">principal Order</abbr> shall be amended as follows:—</p></intro><subparagraph eId="article-2-a"><num>a</num><content><p>In Article 1(2)(a) after the tenth reference to “the <abbr title="Employment Protection (Consolidation) Act 1978 c. 44" xml:lang="">1978 Act</abbr>” add—“or, in relation to any person to whom this Order applies by reason of an amendment contained in the Redundancy Payments (Local Government) (Modification) (Amendment) Order 1996, any event occurring on or after the coming into force of that Order on the happening of which an employee may become entitled to a redundancy payment in accordance with the provisions of the <abbr title="Employment Protection (Consolidation) Act 1978 c. 44" xml:lang="">1978 Act</abbr>.”.</p></content></subparagraph><subparagraph eId="article-2-b"><num>b</num><content><p>In Article 4(3) after “(9), (10), (11)” delete “and (12)” and substitute “, (12) and (13).”.</p></content></subparagraph><subparagraph eId="article-2-c"><num>c</num><content><p>After Article 4(12) add—</p><p class="BlockAmendment"><mod><quotedStructure class="secondary order main default" startQuote="“" endQuote="”"><paragraph eId="d4e175"><num>13</num><content><p>Where a period of employment of a person to whom this Order applies by reason of an amendment contained in the Redundancy Payments (Local Government) (Modification) (Amendment) Order 1996 falls to be computed in accordance with the provisions of the <abbr title="Employment Protection (Consolidation) Act 1978 c. 44" xml:lang="">1978 Act</abbr> as modified by this Order, the provisions of this Order shall have effect in relation to any period whether falling wholly or partly before or after the coming into force of that Order.</p></content></paragraph></quotedStructure></mod><inline name="AppendText">.</inline></p></content></subparagraph><subparagraph eId="article-2-d"><num>d</num><intro><p>In Schedule 1 delete—</p></intro><clause eId="article-2-d-i"><num>i</num><content><p class="BlockAmendment"><mod><quotedStructure class="unknown unknown unknown default" startQuote="“" endQuote="”"><article eId="d4e197"><num>60</num><content><p>The National Advisory Body for Public Sector Higher Education.</p></content></article></quotedStructure></mod></p></content></clause><clause eId="article-2-d-ii"><num>ii</num><content><p class="BlockAmendment"><mod><quotedStructure class="unknown unknown unknown default" startQuote="“" endQuote="”"><article eId="d4e208"><num>72</num><content><p>A school maintained under Chapter <abbr class="Acronym" title="4">IV</abbr> of Part 1 of the Education Reform Act 1988 (grant maintained schools).</p></content></article></quotedStructure></mod></p></content></clause><clause eId="article-2-d-iii"><num>iii</num><content><p class="BlockAmendment"><mod><quotedStructure class="unknown unknown unknown default" startQuote="“" endQuote="”"><article eId="d4e222"><num>73</num><content><p>The Polytechnics and Colleges Funding Council as established by section 132 of the Education Reform Act 1988.</p></content></article></quotedStructure></mod></p></content></clause><clause eId="article-2-d-iv"><num>iv</num><content><p>In relation to the occurrence of a relevant event on or after 1st April 1993</p><p class="BlockAmendment"><mod><quotedStructure class="unknown unknown unknown default" startQuote="“" endQuote="”"><article eId="d4e235"><num>74</num><content><p>An institution falling within section 218(11) of the Education Reform Act 1988 (institutions within the Polytechnics and Colleges Funding Sector).</p></content></article></quotedStructure></mod></p></content></clause><clause eId="article-2-d-v"><num>v</num><content><p>In relation to any employee who commenced employment with a Further Education Funding Council established by section 1 of the Further and Higher Education Act 1992<noteRef href="#f00003" class="footnote" marker="3"/> after the coming into force of this Order</p><p class="BlockAmendment"><mod><quotedStructure class="unknown unknown unknown default" startQuote="“" endQuote="”"><article eId="d4e250"><num>92</num><content><p>A Further Education Funding Council established by section 1 of the Further and Higher Education Act 1992.</p></content></article></quotedStructure></mod></p></content></clause><clause eId="article-2-d-vi"><num>vi</num><content><p class="BlockAmendment"><mod><quotedStructure class="unknown unknown unknown default" startQuote="“" endQuote="”"><article eId="d4e261"><num>101</num><content><p>Kent Careers and Guidance Service Limited.</p></content></article></quotedStructure></mod></p></content></clause></subparagraph><subparagraph eId="article-2-e"><num>e</num><content><p>In Schedule 1, after entry 114 add—</p><p class="BlockAmendment"><mod><quotedStructure class="unknown unknown schedule default" startQuote="“" endQuote="”"><paragraph eId="d4e274"><num>115</num><content><p>In relation to the occurrence of a relevant event on or after 1st April 1993 higher education corporations established under section 121 or 122A of the Education Reform Act 1988<noteRef href="#f00004" class="footnote" marker="4"/> or in respect of which an Order has been made under section 122A of that Act.</p></content></paragraph><paragraph eId="d4e282"><num>116</num><content><p>In relation to the occurrence of a relevant event on or after 1st April 1993 the governing body of an institution designated under section 129 of the Education Reform Act 1988 or in the case of such an institution conducted by a company, that company.</p></content></paragraph><paragraph eId="d4e288"><num>117</num><content><p>A governing body of a grant-maintained school.</p></content></paragraph><paragraph eId="d4e294"><num>118</num><content><p>A governing body of a grant-maintained special school.</p></content></paragraph><paragraph eId="d4e300"><num>119</num><content><p>The Environment Agency.</p></content></paragraph><paragraph eId="d4e306"><num>120</num><content><p>Springfield Horseshoe Housing Management Cooperative Limited.</p></content></paragraph><paragraph eId="d4e312"><num>121</num><content><p>In relation to the occurrence of a relevant event on or after 23rd November 1995 a National Park authority established by order under section 63 of the Environment Act 1995<noteRef href="#f00005" class="footnote" marker="5"/> for a National Park in Wales.</p></content></paragraph></quotedStructure></mod><inline name="AppendText">.</inline></p></content></subparagraph><subparagraph eId="article-2-f"><num>f</num><content><p>In the Appendix to Schedule 2 after entry 30 add—</p><p class="BlockAmendment"><mod><quotedStructure class="unknown unknown unknown default" startQuote="“" endQuote="”"><article eId="d4e329"><num>31</num><content><p>The National Advisory Body for Public Sector Higher Education.</p></content></article><article eId="d4e335"><num>32</num><content><p>The Polytechnics and Colleges Funding Council as established by section 132 of the Education Reform Act 1988.</p></content></article><article eId="d4e341"><num>33</num><content><p>An institution within the Polytechnics and Colleges Funding Sector, within the meaning of section 132(6) of the Education Reform Act 1988<noteRef href="#f00006" class="footnote" marker="6"/>.</p></content></article><article eId="d4e349"><num>34</num><content><p>A Further Education Funding Council established by section 1 of the Further and Higher Education Act 1992 but not if the employee left the employment of such a Council after the coming into force of this Order other than as a result of a relevant event.</p></content></article><article eId="d4e355"><num>35</num><content><p>The council of a county or district in Wales ceasing to exist after 31st March 1996.</p></content></article><article eId="d4e361"><num>36</num><content><p>Kent Careers and Guidance Service Limited.</p></content></article></quotedStructure></mod><inline name="AppendText">.</inline></p></content></subparagraph></article><hcontainer name="signatures"><content><block name="signature"><signature><person refersTo="#ref-d4e372">John Taylor,</person><role refersTo="#ref-d4e374">Parliamentary Under Secretary of State,</role><location refersTo="#departmentoftradeandindustry">Department of Trade and Industry</location><date date="1996-02-21">21st February 1996</date></signature></block></content></hcontainer></body><conclusions><blockContainer class="ExplanatoryNotes"><intro><p>(This note is not part of the Order)</p></intro><p><authorialNote><p>This Order, which comes into force on 1st April 1996, amends the Redundancy Payments (Local Government) (Modification) Order 1983 as amended by the Redundancy Payments (Local Government) (Modification) (Amendment) Order 1985, the Redundancy Payments (Local Government) (Modification) (Amendment) Order 1988, the Redundancy Payments (Local Government) (Modification) (Amendment) Order 1989, the Redundancy Payments (Local Government) (Modification) (Amendment) Order 1990, the Education (Reorganisation in Inner London) (Redundancy Payments) (Amendment) Order 1990, the Redundancy Payments (Local Government) (Modification) (Amendment) Order 1991, the Redundancy Payments (Local Government) (Modification) (Amendment) Order 1993, the Redundancy Payments (Local Government) (Modification) (Amendment) Order 1994 and the Redundancy Payments (Local Government) (Modification) (Amendment) Order 1995. Those Orders modified certain redundancy payments provisions of the Employment Protection (Consolidation) Act 1978 in their application to persons employed in relevant local government service so that their employment in the service is to be treated as if it were continuous for the purposes of those provisions. This Order deletes six employers from Schedule 1, adds seven employers to Schedule 1 and adds six employers to the Appendix to Schedule 2.</p></authorialNote></p></blockContainer></conclusions></act></akomaNtoso>