<akomaNtoso xmlns:xsi="http://www.w3.org/2001/XMLSchema-instance" xmlns="http://docs.oasis-open.org/legaldocml/ns/akn/3.0" xsi:schemaLocation="http://docs.oasis-open.org/legaldocml/ns/akn/3.0 http://docs.oasis-open.org/legaldocml/akn-core/v1.0/cos01/part2-specs/schemas/akomantoso30.xsd"><act name="UnitedKingdomStatutoryInstrument"><meta><identification source="#source"><FRBRWork><FRBRthis value="http://www.legislation.gov.uk/id/uksi/1996/111"/><FRBRuri value="http://www.legislation.gov.uk/id/uksi/1996/111"/><FRBRdate date="1996-01-16" name="made"/><FRBRauthor href="http://www.legislation.gov.uk/id/government/uk"/><FRBRcountry value="GB-UKM"/><FRBRsubtype value="regulation"/><FRBRnumber value="111"/><FRBRname value="S.I. 1996/111"/><FRBRprescriptive value="true"/></FRBRWork><FRBRExpression><FRBRthis value="http://www.legislation.gov.uk/uksi/1996/111/made"/><FRBRuri value="http://www.legislation.gov.uk/uksi/1996/111/made"/><FRBRdate date="1996-01-16" name="made"/><FRBRauthor href="#source"/><FRBRlanguage language="eng"/></FRBRExpression><FRBRManifestation><FRBRthis value="http://www.legislation.gov.uk/uksi/1996/111/made/data.akn"/><FRBRuri value="http://www.legislation.gov.uk/uksi/1996/111/made/data.akn"/><FRBRdate date="2021-07-26+01:00" name="transform"/><FRBRauthor href="http://www.legislation.gov.uk"/><FRBRformat value="application/akn+xml"/></FRBRManifestation></identification><classification source="#source"><keyword value="special schools" showAs="Special schools" dictionary="http://www.legislation.gov.uk"/><keyword value="education, england and wales" showAs="EDUCATION, ENGLAND AND WALES" dictionary="http://www.legislation.gov.uk"/></classification><lifecycle source="#source"><eventRef date="1996-01-16" type="generation" eId="made-date" source="#source"/><eventRef date="1996-01-30" eId="laid-date-1" source="#source"/><eventRef date="1996-02-22" eId="coming-into-force-date-1" source="#source"/></lifecycle><references source="#source"><TLCOrganization eId="source" href="http://www.legislation.gov.uk/id/publisher/KingsOrQueensPrinterOfActsOfParliament" showAs="Queen's Printer of Acts of Parliament"/><TLCRole eId="ref-d4e161" href="/ontology/role/uk.Secretary of State for Wales" showAs="Secretary of State for Wales"/><TLCPerson eId="ref-d4e159" href="/ontology/persons/uk.WilliamHague" showAs="William Hague"/><TLCConcept href="/uk/subject/education-england-and-wales" showAs="EDUCATION, ENGLAND AND WALES" eId="d4e56"/></references><notes source="#source"><note class="footnote" eId="f00001"><p><ref href="http://www.legislation.gov.uk/id/ukpga/1993/35">1993 c. 35</ref>; for matters to be prescribed and the definition of “regulations” see section 305(1).</p></note><note class="footnote" eId="f00002"><p><abbr class="Acronym" title="Statutory Instrument">S.I.</abbr><ref href="http://www.legislation.gov.uk/id/uksi/1994/653">1994/653</ref>, amended by <abbr class="Acronym" title="Statutory Instrument">S.I.</abbr><ref href="http://www.legislation.gov.uk/id/uksi/1994/1231">1994/1231</ref> and <abbr class="Acronym" title="Statutory Instrument">S.I.</abbr><ref href="http://www.legislation.gov.uk/id/uksi/1994/2003">1994/2003</ref>.</p></note></notes><proprietary xmlns:ukl="http://www.legislation.gov.uk/namespaces/legislation" xmlns:ukm="http://www.legislation.gov.uk/namespaces/metadata" xmlns:dc="http://purl.org/dc/elements/1.1/" xmlns:dct="http://purl.org/dc/terms/" xmlns:atom="http://www.w3.org/2005/Atom" source="#source"><dc:identifier>http://www.legislation.gov.uk/uksi/1996/111/made</dc:identifier><dc:title>The Education (Grant-maintained Special Schools) (Amendment) Regulations 1996</dc:title><dc:subject>Special schools</dc:subject><dc:publisher>Queen's Printer of Acts of Parliament</dc:publisher><dc:modified>2011-07-04</dc:modified><dc:subject scheme="SIheading">EDUCATION, ENGLAND AND WALES</dc:subject><dc:description>The Education (Grant-maintained Special Schools) Regulations 1994 apply to section 24 of the Education Act 1993 (annual consideration of grant-maintained status) to grant-maintained special schools in England. The present Regulations amend regulation 4 so that it will now extend to grant-maintained special schools in Wales. The governing body will not, however, be required to consider in the 1995-1996 school year the question of whether the school should become a grant-maintained special school if they have already considered that question before these Regulations came into force.</dc:description><atom:link rel="self" href="http://www.legislation.gov.uk/uksi/1996/111/made/data.xml" type="application/xml"/><atom:link rel="http://www.legislation.gov.uk/def/navigation/resources" href="http://www.legislation.gov.uk/uksi/1996/111/resources" title="More Resources"/><atom:link rel="http://www.legislation.gov.uk/def/navigation/act" href="http://www.legislation.gov.uk/uksi/1996/111/made" title="whole act"/><atom:link rel="http://www.legislation.gov.uk/def/navigation/introduction" href="http://www.legislation.gov.uk/uksi/1996/111/introduction/made" title="introduction"/><atom:link rel="http://www.legislation.gov.uk/def/navigation/signature" href="http://www.legislation.gov.uk/uksi/1996/111/signature/made" title="signature"/><atom:link rel="http://www.legislation.gov.uk/def/navigation/note" href="http://www.legislation.gov.uk/uksi/1996/111/note/made" title="note"/><atom:link rel="http://www.legislation.gov.uk/def/navigation/body" href="http://www.legislation.gov.uk/uksi/1996/111/body/made" title="body"/><atom:link rel="alternate" type="application/rdf+xml" href="http://www.legislation.gov.uk/uksi/1996/111/made/data.rdf" title="RDF/XML"/><atom:link rel="alternate" type="application/akn+xml" href="http://www.legislation.gov.uk/uksi/1996/111/made/data.akn" title="AKN"/><atom:link rel="alternate" type="application/xhtml+xml" href="http://www.legislation.gov.uk/uksi/1996/111/made/data.xht" title="HTML snippet"/><atom:link rel="alternate" type="application/pdf" href="http://www.legislation.gov.uk/uksi/1996/111/made/data.pdf" title="PDF"/><atom:link rel="alternate" type="application/akn+xhtml" href="http://www.legislation.gov.uk/uksi/1996/111/made/data.html" title="HTML5 snippet"/><atom:link rel="http://purl.org/dc/terms/tableOfContents" hreflang="en" href="http://www.legislation.gov.uk/uksi/1996/111/contents/made" title="Table of Contents"/><ukm:SecondaryMetadata><ukm:DocumentClassification><ukm:DocumentCategory Value="secondary"/><ukm:DocumentMainType Value="UnitedKingdomStatutoryInstrument"/><ukm:DocumentStatus Value="final"/><ukm:DocumentMinorType Value="regulation"/></ukm:DocumentClassification><ukm:Year Value="1996"/><ukm:Number Value="111"/><ukm:Made Date="1996-01-16"/><ukm:Laid Date="1996-01-30" Class="UnitedKingdomParliament"/><ukm:ComingIntoForce><ukm:DateTime Date="1996-02-22"/></ukm:ComingIntoForce><ukm:ISBN Value="0110539370"/></ukm:SecondaryMetadata><ukm:Statistics><ukm:TotalParagraphs Value="3"/><ukm:BodyParagraphs Value="3"/><ukm:ScheduleParagraphs Value="0"/><ukm:AttachmentParagraphs Value="0"/><ukm:TotalImages Value="0"/></ukm:Statistics></proprietary></meta><preface><p class="number"><docNumber>1996 No. 111</docNumber></p><block name="subject"><concept class="title" refersTo="#d4e56">EDUCATION, ENGLAND AND WALES</concept></block><p class="title"><shortTitle>The Education (Grant-maintained Special Schools) (Amendment) Regulations 1996</shortTitle></p><p class="MadeDate"><span>Made</span><docDate date="1996-01-16">16th January 1996</docDate></p><p class="LaidDate"><span>Laid before Parliament</span><docDate date="1996-01-30">30th January 1996</docDate></p><p class="ComingIntoForce"><span>Coming into force</span><docDate date="1996-02-22">22nd February 1996</docDate></p></preface><preamble><formula name="EnactingText"><p>In exercise of the powers conferred on the Secretary of State by sections 186(4) and 301(6) of the Education Act 1993<noteRef href="#f00001" class="footnote" marker="1"/> the Secretary of State for Wales hereby makes the following Regulations:</p></formula></preamble><body><hcontainer name="regulation" eId="regulation-1"><num>1</num><heading>Citation and Commencement</heading><content><p>These Regulations may be cited as the Education (Grant-maintained Special Schools) (Amendment) Regulations 1996 and shall come into force on 22nd February 1996.</p></content></hcontainer><hcontainer name="regulation" eId="regulation-2"><num>2</num><heading>Amendment</heading><content><p>There shall be substituted for regulation 4(1) of the Education (Grant-maintained Special Schools) Regulations 1994<noteRef href="#f00002" class="footnote" marker="2"/> the following—</p><p class="BlockAmendment"><mod><quotedStructure class="secondary regulation main default" startQuote="“" endQuote="”"><hcontainer name="regulation" eId="d4e104"><num>4</num><paragraph eId="d4e108"><num>1</num><intro><p>Section 24 of the 1993 Act shall apply in relation to the governing bodies of maintained special schools eligible to become grant-maintained special schools as it applies to other schools which are eligible for grant-maintained status, subject to the following modifications—</p></intro><subparagraph eId="d4e114"><num>a</num><content><p>for subsection (1) of that section there shall be substituted—</p><p class="BlockAmendment"><mod><quotedStructure class="primary unknown main default" startQuote="“" endQuote="”"><subsection eId="d4e121"><num>1</num><content><p>This section applies to the governing bodies of all maintained special schools which are eligible to become grant-maintained special schools.</p></content></subsection></quotedStructure></mod><inline name="AppendText">; and</inline></p></content></subparagraph><subparagraph eId="d4e129"><num>b</num><content><p>for subsection (3) of that section there shall be substituted—</p><p class="BlockAmendment"><mod><quotedStructure class="primary unknown main default" startQuote="“" endQuote="”"><subsection eId="d4e136"><num>3</num><intro><p>Subsection (2) does not apply (if it would otherwise have applied)—</p></intro><paragraph eId="d4e142"><num>a</num><content><p>in respect of any school year if a ballot has been held in accordance with section 28 of this Act in the school year which precedes it; and</p></content></paragraph><paragraph eId="d4e148"><num>b</num><content><p>in relation to the school year ending in 1996, if the question referred to in that subsection has been considered by the governing body of the school at least once in that school year.</p></content></paragraph></subsection></quotedStructure></mod><inline name="AppendText">.</inline></p></content></subparagraph></paragraph></hcontainer></quotedStructure></mod></p></content></hcontainer><hcontainer name="signatures"><content><block name="signature"><signature><person refersTo="#ref-d4e159">William Hague</person><role refersTo="#ref-d4e161">Secretary of State for Wales</role><date date="1996-01-16">16th January 1996</date></signature></block></content></hcontainer></body><conclusions><blockContainer class="ExplanatoryNotes"><intro><p>(This note is not part of the Regulations)</p></intro><p><authorialNote><p>The Education (Grant-maintained Special Schools) Regulations 1994 apply to section 24 of the Education Act 1993 (annual consideration of grant-maintained status) to grant-maintained special schools in England. The present Regulations amend regulation 4 so that it will now extend to grant-maintained special schools in Wales. The governing body will not, however, be required to consider in the 1995-1996 school year the question of whether the school should become a grant-maintained special school if they have already considered that question before these Regulations came into force.</p></authorialNote></p></blockContainer></conclusions></act></akomaNtoso>