<akomaNtoso xmlns:xsi="http://www.w3.org/2001/XMLSchema-instance" xmlns="http://docs.oasis-open.org/legaldocml/ns/akn/3.0" xsi:schemaLocation="http://docs.oasis-open.org/legaldocml/ns/akn/3.0 http://docs.oasis-open.org/legaldocml/akn-core/v1.0/cos01/part2-specs/schemas/akomantoso30.xsd"><act name="UnitedKingdomStatutoryInstrument"><meta><identification source="#source"><FRBRWork><FRBRthis value="http://www.legislation.gov.uk/id/uksi/1996/52"/><FRBRuri value="http://www.legislation.gov.uk/id/uksi/1996/52"/><FRBRdate date="1996-01-11" name="made"/><FRBRauthor href="http://www.legislation.gov.uk/id/government/uk"/><FRBRcountry value="GB-UKM"/><FRBRsubtype value="regulation"/><FRBRnumber value="52"/><FRBRname value="S.I. 1996/52"/><FRBRprescriptive value="true"/></FRBRWork><FRBRExpression><FRBRthis value="http://www.legislation.gov.uk/uksi/1996/52/made"/><FRBRuri value="http://www.legislation.gov.uk/uksi/1996/52/made"/><FRBRdate date="1996-01-11" name="made"/><FRBRauthor href="#source"/><FRBRlanguage language="eng"/></FRBRExpression><FRBRManifestation><FRBRthis value="http://www.legislation.gov.uk/uksi/1996/52/made/data.akn"/><FRBRuri value="http://www.legislation.gov.uk/uksi/1996/52/made/data.akn"/><FRBRdate date="2021-07-26+01:00" name="transform"/><FRBRauthor href="http://www.legislation.gov.uk"/><FRBRformat value="application/akn+xml"/></FRBRManifestation></identification><classification source="#source"><keyword value="retirement" showAs="Retirement" dictionary="http://www.legislation.gov.uk"/><keyword value="personal pensions" showAs="Personal pensions" dictionary="http://www.legislation.gov.uk"/><keyword value="pensions" showAs="Pensions" dictionary="http://www.legislation.gov.uk"/><keyword value="pensions" showAs="PENSIONS" dictionary="http://www.legislation.gov.uk"/></classification><lifecycle source="#source"><eventRef date="1996-01-11" type="generation" eId="made-date" source="#source"/><eventRef date="1996-01-12" eId="laid-date-1" source="#source"/><eventRef date="1996-02-02" eId="coming-into-force-date-1" source="#source"/></lifecycle><references source="#source"><TLCOrganization eId="source" href="http://www.legislation.gov.uk/id/publisher/KingsOrQueensPrinterOfActsOfParliament" showAs="Queen's Printer of Acts of Parliament"/><TLCRole eId="ref-d4e621" href="/ontology/role/uk.One of Her Majesty’s Principal Secretaries of State" showAs="One of Her Majesty’s Principal Secretaries of State"/><TLCRole eId="ref-d4e635" href="/ontology/role/uk.Two of the Lords Commissioners of Her Majesty’s Treasury" showAs="Two of the Lords Commissioners of Her Majesty’s Treasury"/><TLCPerson eId="ref-d4e612" href="/ontology/persons/uk.MackayofClashfern,C." showAs="Mackay of Clashfern, C."/><TLCPerson eId="ref-d4e619" href="/ontology/persons/uk.M.Forsyth" showAs="M. Forsyth"/><TLCPerson eId="ref-d4e631" href="/ontology/persons/uk.LiamFox" showAs="Liam Fox"/><TLCPerson eId="ref-d4e633" href="/ontology/persons/uk.MichaelBates" showAs="Michael Bates"/><TLCConcept href="/uk/subject/pensions" showAs="PENSIONS" eId="d4e62"/></references><notes source="#source"><note class="footnote" eId="f00001"><p><ref href="http://www.legislation.gov.uk/id/ukpga/1981/20">1981 c. 20</ref>. Section 33A was inserted by the Courts and Legal Services Act <ref href="http://www.legislation.gov.uk/id/ukpga/1990/41">1990 (c. 41)</ref>, section 82 and amended by the Judicial Pensions and Retirement Act <ref href="http://www.legislation.gov.uk/id/ukpga/1993/8">1993 (c. 8)</ref>, section 24 and schedule 3. The power of the Secretary of State to make regulations under section 33A is expressed to be in relation to pensions for service in offices existing only in Scotland. These are coterminous with offices whose jurisdiction is exercised exclusively in relation to Scotland.</p></note><note class="footnote" eId="f00002"><p><ref href="http://www.legislation.gov.uk/id/ukpga/1993/8">1993 c. 8</ref>; by virtue of section 10(7), the power to make these regulations is vested in “the appropriate Minister” which expression is defined in section 30(1) as (a) in relation to any judicial office whose jurisdiction is exercised exclusively in Scotland, the Secretary of State or (b), subject to (a), the Lord Chancellor.</p></note><note class="footnote" eId="f00003"><p><abbr class="Acronym" title="Statutory Instrument">S.I.</abbr><ref href="http://www.legislation.gov.uk/id/uksi/1995/639">1995/639</ref>.</p></note><note class="footnote" eId="f00004"><p><abbr class="Acronym" title="Statutory Instrument">S.I.</abbr><ref href="http://www.legislation.gov.uk/id/uksi/1995/636">1995/636</ref>.</p></note></notes><proprietary xmlns:ukl="http://www.legislation.gov.uk/namespaces/legislation" xmlns:ukm="http://www.legislation.gov.uk/namespaces/metadata" xmlns:dc="http://purl.org/dc/elements/1.1/" xmlns:dct="http://purl.org/dc/terms/" xmlns:atom="http://www.w3.org/2005/Atom" source="#source"><dc:identifier>http://www.legislation.gov.uk/uksi/1996/52/made</dc:identifier><dc:title>The Judicial Pensions (Additional Voluntary Contributions) (Amendment) Regulations 1996</dc:title><dc:subject>Retirement</dc:subject><dc:subject>Personal pensions</dc:subject><dc:subject>Pensions</dc:subject><dc:publisher>Queen's Printer of Acts of Parliament</dc:publisher><dc:modified>2011-07-04</dc:modified><dc:subject scheme="SIheading">PENSIONS</dc:subject><dc:description>These Regulations amend the Judicial Pensions (Additional Voluntary Contributions) Regulations 1995. They provide for—the further application of Inland Revenue limits to the amount of additional benefits which may be purchased;the provision of additional children’s pension in return for the purchase of added units of benefit under the Judicial Added Benefits Scheme;a revised basis for calculating the cost of contributions to purchase a surviving spouse’s pension under the Judicial Added Surviving Spouse’s Pension Scheme; andfor administrative expenses incurred by the authorised provider to be deducted from voluntary contributions received.</dc:description><atom:link rel="self" href="http://www.legislation.gov.uk/uksi/1996/52/made/data.xml" type="application/xml"/><atom:link rel="http://www.legislation.gov.uk/def/navigation/resources" href="http://www.legislation.gov.uk/uksi/1996/52/resources" title="More Resources"/><atom:link rel="http://www.legislation.gov.uk/def/navigation/act" href="http://www.legislation.gov.uk/uksi/1996/52/made" title="whole act"/><atom:link rel="http://www.legislation.gov.uk/def/navigation/introduction" href="http://www.legislation.gov.uk/uksi/1996/52/introduction/made" title="introduction"/><atom:link rel="http://www.legislation.gov.uk/def/navigation/signature" href="http://www.legislation.gov.uk/uksi/1996/52/signature/made" title="signature"/><atom:link rel="http://www.legislation.gov.uk/def/navigation/note" href="http://www.legislation.gov.uk/uksi/1996/52/note/made" title="note"/><atom:link rel="http://www.legislation.gov.uk/def/navigation/body" href="http://www.legislation.gov.uk/uksi/1996/52/body/made" title="body"/><atom:link rel="http://www.legislation.gov.uk/def/navigation/schedules" href="http://www.legislation.gov.uk/uksi/1996/52/schedules/made" title="schedules"/><atom:link rel="alternate" type="application/rdf+xml" href="http://www.legislation.gov.uk/uksi/1996/52/made/data.rdf" title="RDF/XML"/><atom:link rel="alternate" type="application/akn+xml" href="http://www.legislation.gov.uk/uksi/1996/52/made/data.akn" title="AKN"/><atom:link rel="alternate" type="application/xhtml+xml" href="http://www.legislation.gov.uk/uksi/1996/52/made/data.xht" title="HTML snippet"/><atom:link rel="alternate" type="application/pdf" href="http://www.legislation.gov.uk/uksi/1996/52/made/data.pdf" title="PDF"/><atom:link rel="alternate" type="application/akn+xhtml" href="http://www.legislation.gov.uk/uksi/1996/52/made/data.html" title="HTML5 snippet"/><atom:link rel="http://purl.org/dc/terms/tableOfContents" hreflang="en" href="http://www.legislation.gov.uk/uksi/1996/52/contents/made" title="Table of Contents"/><ukm:SecondaryMetadata><ukm:DocumentClassification><ukm:DocumentCategory Value="secondary"/><ukm:DocumentMainType Value="UnitedKingdomStatutoryInstrument"/><ukm:DocumentStatus Value="final"/><ukm:DocumentMinorType Value="regulation"/></ukm:DocumentClassification><ukm:Year Value="1996"/><ukm:Number Value="52"/><ukm:Made Date="1996-01-11"/><ukm:Laid Date="1996-01-12" Class="UnitedKingdomParliament"/><ukm:ComingIntoForce><ukm:DateTime Date="1996-02-02"/></ukm:ComingIntoForce><ukm:ISBN Value="0110539184"/></ukm:SecondaryMetadata><ukm:Statistics><ukm:TotalParagraphs Value="19"/><ukm:BodyParagraphs Value="19"/><ukm:ScheduleParagraphs Value="0"/><ukm:AttachmentParagraphs Value="0"/><ukm:TotalImages Value="2"/></ukm:Statistics></proprietary></meta><preface><p class="number"><docNumber>1996 No. 52</docNumber></p><block name="subject"><concept class="title" refersTo="#d4e62">PENSIONS</concept></block><p class="title"><shortTitle>The Judicial Pensions (Additional Voluntary Contributions) (Amendment) Regulations 1996</shortTitle></p><p class="MadeDate"><span>Made</span><docDate date="1996-01-11">11th January 1996</docDate></p><p class="LaidDate"><span>Laid before Parliament</span><docDate date="1996-01-12">12th January 1996</docDate></p><p class="ComingIntoForce"><span>Coming into force</span><docDate date="1996-02-02">2nd February 1996</docDate></p></preface><preamble><formula name="EnactingText"><p>The Lord Chancellor, and, in relation to judicial offices whose jurisdiction is exercised exclusively in relation to Scotland, the Secretary of State, in exercise of the powers conferred on them by section 33A of the Judicial Pensions Act 1981<noteRef href="#f00001" class="footnote" marker="1"/> and sections 10, and 29(3) and (4) of the Judicial Pensions and Retirement Act 1993<noteRef href="#f00002" class="footnote" marker="2"/> and with the concurrence of the Treasury, hereby make the following Regulations—</p></formula></preamble><body><hcontainer name="regulation" eId="regulation-1"><num>1</num><content><p>These Regulations may be cited as the Judicial Pensions (Additional Voluntary Contributions) (Amendment) Regulations 1996 and shall come into force on 2nd February 1996.</p></content></hcontainer><hcontainer name="regulation" eId="regulation-2"><num>2</num><content><p>The Judicial Pensions (Additional Voluntary Contributions) Regulations 1995<noteRef href="#f00003" class="footnote" marker="3"/> (“the principal regulations”) shall be amended in accordance with the following provisions of these Regulations and, in those provisions, any reference to a regulation by number alone shall be construed as a reference to the regulation so numbered in the principal regulations.</p></content></hcontainer><hcontainer name="regulation" eId="regulation-3"><num>3</num><content><p>After regulation 2.2(3) insert—</p><p class="BlockAmendment"><mod><quotedStructure class="secondary regulation main default" startQuote="“" endQuote="”"><paragraph eId="d4e112"><num>4</num><content><p>Before his application for membership of the scheme is accepted, an applicant shall provide, and shall authorise to be provided, such information as shall be requested by the scheme administrators relating to his medical history and state of health.</p></content></paragraph></quotedStructure></mod><inline name="AppendText">.</inline></p></content></hcontainer><hcontainer name="regulation" eId="regulation-4"><num>4</num><intro><p>Regulation 2.7(2) is amended as follows—</p></intro><subparagraph eId="regulation-4-a"><num>a</num><content><p>in sub-paragraph (a), after “50 and 75” insert “with an immediate pension”; and</p></content></subparagraph><subparagraph eId="regulation-4-b"><num>b</num><content><p>in sub-paragraph (c), for “on any other grounds” substitute “in any other circumstances”.</p></content></subparagraph></hcontainer><hcontainer name="regulation" eId="regulation-5"><num>5</num><intro><p>In regulation 2.12(2)—</p></intro><subparagraph eId="regulation-5-a"><num>a</num><content><p>in the table in sub-paragraph (a), delete “for each year” in the second place where it appears; and</p></content></subparagraph><subparagraph eId="regulation-5-b"><num>b</num><content><p>in sub-paragraph (b), for “3(a)” substitute “(2)(a)”.</p></content></subparagraph></hcontainer><hcontainer name="regulation" eId="regulation-6"><num>6</num><content><p>In regulation 2.28(2), delete “as appropriate”.</p></content></hcontainer><hcontainer name="regulation" eId="regulation-7"><num>7</num><content><p>After regulation 2.30 insert—</p><p class="BlockAmendment"><mod><quotedStructure class="secondary regulation main default" startQuote="“" endQuote="”"><hcontainer name="regulation" eId="d4e172"><num>2.31</num><heading>Administrative expenses</heading><content><p>Any administrative expenses incurred, to an extent agreed by the scheme administrators, by the authorised provider by virtue of acting as authorised provider under these Regulations may be defrayed out of sums received by way of voluntary contributions.</p></content></hcontainer></quotedStructure></mod><inline name="AppendText">.</inline></p></content></hcontainer><hcontainer name="regulation" eId="regulation-8"><num>8</num><content><p>For regulation 3.1 substitute—</p><p class="BlockAmendment"><mod><quotedStructure class="secondary regulation main default" startQuote="“" endQuote="”"><hcontainer name="regulation" eId="d4e187"><num>3.1</num><paragraph eId="d4e191"><num>1</num><content><p>Paragraph (2) shall apply where a member of a scheme constituted under Part I of the 1993 Act or an existing scheme wishes to make contributions to a FSAVC scheme for the purpose of improving his personal pension benefits or the lump sum payable by virtue of his having died in service.</p></content></paragraph><paragraph eId="d4e197"><num>2</num><intro><p>Notwithstanding the provisions of section 18, there shall be taken into account for the purpose of assessing the maximum amount of contributions the member is entitled to make—</p></intro><subparagraph eId="d4e203"><num>a</num><content><p>in relation to the personal pension benefits, the member’s retained benefits;</p></content></subparagraph><subparagraph eId="d4e209"><num>b</num><content><p>in relation to the lump sum payble by virtue of the member having died in service, the member’s retained death benefits.</p></content></subparagraph></paragraph><paragraph eId="d4e215"><num>3</num><content><p>Paragraph (2) shall not apply where the member makes contributions to a FSAVC scheme for any purpose other than that set out in paragraph (1).</p></content></paragraph></hcontainer></quotedStructure></mod><inline name="AppendText">.</inline></p></content></hcontainer><hcontainer name="regulation" eId="regulation-9"><num>9</num><intro><p>Regulation 4.3 is amended as follows—</p></intro><subparagraph eId="regulation-9-a"><num>a</num><content><p>for paragraph (3) substitute—</p><p class="BlockAmendment"><mod><quotedStructure class="unknown unknown unknown default" startQuote="“" endQuote="”"><paragraph eId="d4e236"><num>3</num><content><p>The administrators shall require the provision of information relating to retained benefits in accordance with regulation 2.3.</p></content></paragraph></quotedStructure></mod><inline name="AppendText">.</inline></p></content></subparagraph><subparagraph eId="regulation-9-b"><num>b</num><content><p>for paragraph (4)(a) substitute—</p><p class="BlockAmendment"><mod><quotedStructure class="unknown unknown unknown default" startQuote="“" endQuote="”"><subparagraph eId="d4e251"><num>a</num><content><p>the period referred to in paragraph (5); and</p></content></subparagraph></quotedStructure></mod><inline name="AppendText">.</inline></p></content></subparagraph><subparagraph eId="regulation-9-c"><num>c</num><content><p>after paragraph (4) insert—</p><p class="BlockAmendment"><mod><quotedStructure class="unknown unknown unknown default" startQuote="“" endQuote="”"><paragraph eId="d4e266"><num>5</num><intro><p>The period referred to in paragraph (4)(a) is—</p></intro><subparagraph eId="d4e272"><num>a</num><content><p>where Part I applies to a member by virtue of section 1(1)(a) of the 1993 Act, the length of prospective service (in years and days) from the date of the scheme member’s first appointment to qualifying judical office to his assumed retirement age; or</p></content></subparagraph><subparagraph eId="d4e278"><num>b</num><content><p>in all other cases, the length of prospective service to the assumed retirement age of the scheme member (in years and days) at the date of the commencement of the period of notional service on the basis that such service ends on the day before the day of transfer into the Part I scheme.</p></content></subparagraph></paragraph><paragraph eId="d4e284"><num>6</num><content><p>In this regulation “notional service” means the total period of service credited to a member who transfers into the Part I scheme from another judical pension scheme, on the date of his transfer into that scheme, calculated in accordance with the Judical Pensions (Transfer Between Judical Pension Schemes) Regulations 1995<noteRef href="#f00004" class="footnote" marker="4"/>.</p></content></paragraph></quotedStructure></mod><inline name="AppendText">.</inline></p></content></subparagraph></hcontainer><hcontainer name="regulation" eId="regulation-10"><num>10</num><intro><p>Regulation 4.5 is amended as follows—</p></intro><subparagraph eId="regulation-10-a"><num>a</num><content><p>in the definition of “lump sum benefit” in paragraph (1), for “regulation 2.8(1)” substitute “regulations 2.3(1) and 2.8(1)”; and</p></content></subparagraph><subparagraph eId="regulation-10-b"><num>b</num><content><p>for paragraph (2) substitute—</p><p class="BlockAmendment"><mod><quotedStructure class="unknown unknown unknown default" startQuote="“" endQuote="”"><paragraph eId="d4e313"><num>2</num><content><p>The administrators shall require the provision of information relating to retained benefits in accordance with regulation 2.3.</p></content></paragraph></quotedStructure></mod><inline name="AppendText">.</inline></p></content></subparagraph></hcontainer><hcontainer name="regulation" eId="regulation-11"><num>11</num><intro><p>Regulation 4.7 is amended as follows—</p></intro><subparagraph eId="regulation-11-a"><num>a</num><content><p>in paragraph (1), for “Regulations 4.6(1) to (3) and 4.6(6)” substitute “Regulation 4.6(2), (3) and (6)”.</p></content></subparagraph><subparagraph eId="regulation-11-b"><num>b</num><content><p>after paragraph (1) insert—</p><p class="BlockAmendment"><mod><quotedStructure class="unknown unknown unknown default" startQuote="“" endQuote="”"><paragraph eId="d4e340"><num>1A</num><content><p>The right to purchase added units of surviving spouse’s pension must be exercised by notice in writing to the administrators while the member is still holding qualifying judical office and may not be exercised if the member has reached his assumed retirement age or in the twelve months before he reaches that date.</p></content></paragraph></quotedStructure></mod><inline name="AppendText">.</inline></p></content></subparagraph><subparagraph eId="regulation-11-c"><num>c</num><content><p>for paragraph (2) substitute—</p><p class="BlockAmendment"><mod><quotedStructure class="unknown unknown unknown default" startQuote="“" endQuote="”"><paragraph eId="d4e355"><num>2</num><content><p>Contributions shall be expressed as a level monthly payment per unit of additional surviving spouse’s pension and the level of monthly payment, subject to a minimum of £1, shall be calculated in accordance with the formula</p><foreign><math xmlns="http://www.w3.org/1998/Math/MathML" display="inline" overflow="scroll" altimg="http://www.legislation.gov.uk/uksi/1996/52/images/uksi_19960052_en_001"><mrow><mfrac linethickness="1" denomalign="center" numalign="center"><mrow><mi mathvariant="normal">A</mi></mrow><mrow><mi mathvariant="normal">B</mi></mrow></mfrac></mrow></math></foreign><blockContainer class="where"><p>where—</p><blockList class="key"><item><heading>a</heading><p>A is determined by reference to the member’s age last birthday at the date agreed under regulation 4.6(3) (as applied by regulation 4.7(1)) and the member’s assumed retirement age as set out in the table in Schedule 2; and</p></item><item><heading>b</heading><p>B is the length of time between the date agreed under regulation 4.6(3) (as applied by regulation 4.7(1)), and the member’s assumed retirement age (expressed in years and fractions of a year to four decimal places);</p></item></blockList></blockContainer><p>subject to the limit on total contributions allowed in any one year by regulation 4.9(2).</p></content></paragraph><paragraph eId="d4e392"><num>3</num><content><p>Where the member’s assumed retirement age does not fall on his birthday, the factor referred to in paragraph (2)(a) shall be determined by interpolation in accordance with paragraph (4).</p></content></paragraph><paragraph eId="d4e398"><num>4</num><content><p>The interpolation referred to in paragraph (3) shall be effected by applying the formula</p><foreign><math xmlns="http://www.w3.org/1998/Math/MathML" display="inline" overflow="scroll" altimg="http://www.legislation.gov.uk/uksi/1996/52/images/uksi_19960052_en_002"><mrow><mi mathvariant="normal">X</mi><mo>+</mo><mfrac linethickness="1" denomalign="center" numalign="center"><mrow><mi mathvariant="normal">Z</mi><mrow><mo fence="true">(</mo><mrow><mi mathvariant="normal">Y</mi><mo>-</mo><mi mathvariant="normal">X</mi></mrow><mo fence="true">)</mo></mrow></mrow><mrow><mn>12</mn></mrow></mfrac></mrow></math></foreign><blockContainer class="where"><p>where—</p><blockList class="key"><item><heading>a</heading><p>X is determined in accordance with paragraph 2(a) on the basis that reference to the member’s assumed retirement age was a reference to his age on his last birthday before his assumed retirement age;</p></item><item><heading>b</heading><p>Y is determined in accordance with paragraph 2(a) on the basis that the reference to the member’s assumed retirement age was a reference to his age on his next birthday after his assumed retirement age; and</p></item><item><heading>c</heading><p>Z is the number of months of service between the member’s last birthday before his assumed retirement age and his assumed retirement age.</p></item></blockList></blockContainer></content></paragraph><paragraph eId="d4e456"><num>5</num><content><p>For each part unit of benefit purchased, the rate shall be that determined in accordance with paragraphs (2) and (3) multiplied by the appropriate decimal fraction (to four decimal places).</p></content></paragraph></quotedStructure></mod><inline name="AppendText">.</inline></p></content></subparagraph></hcontainer><hcontainer name="regulation" eId="regulation-12"><num>12</num><content><p>In regulation 4.9(2), remove the words “any contributions made by the member to” from sub-paragraph (a) and insert those words after “together with”.</p></content></hcontainer><hcontainer name="regulation" eId="regulation-13"><num>13</num><content><p>In regulation 4.12, after paragraph (1) insert—</p><p class="BlockAmendment"><mod><quotedStructure class="secondary regulation main default" startQuote="“" endQuote="”"><paragraph eId="d4e478"><num>1A</num><content><p>If a member leaves qualifying judicial office on or after reaching his normal pension age, any added unit of benefit that he has purchased shall increase the rate of any children’s pension payable on his death in respect of service in such office in accordance with regulation 4.12A and so proportionately for any part unit of benefit purchased.</p></content></paragraph></quotedStructure></mod><inline name="AppendText">.</inline></p></content></hcontainer><hcontainer name="regulation" eId="regulation-14"><num>14</num><content><p>After regulation 4.12 insert—</p><p class="BlockAmendment"><mod><quotedStructure class="secondary regulation main default" startQuote="“" endQuote="”"><hcontainer name="regulation" eId="d4e493"><num>4.12A</num><paragraph eId="d4e497"><num>1</num><content><p>This regulation applies for the purpose of determining the increase in the rate of children’s pension payable in the circumstances set out in regulation 4.12(1A).</p></content></paragraph><paragraph eId="d4e503"><num>2</num><content><p>Where the annual rate of children’s pension before the application of this regulation and regulation 4.12 is that proportion of the annual rate of the member’s judicial pension which is set out in column 1 of the table below, the amount of the children’s pension shall be increased by that proportion of the member’s annual salary at the date of his death or retirement which is set out in column 2 of the table—</p><tblock class="tabular"><table><tr><th colspan="1" rowspan="1"><p><em>Rate of children’s pension before increase</em></p></th><th colspan="1" rowspan="1"><p><em>Rate of increase</em></p></th></tr><tr><td colspan="1" rowspan="1"><p>1/4</p></td><td colspan="1" rowspan="1"><p>1/160th</p></td></tr><tr><td colspan="1" rowspan="1"><p>1/3rd</p></td><td colspan="1" rowspan="1"><p>1/120th</p></td></tr><tr><td colspan="1" rowspan="1"><p>1/2</p></td><td colspan="1" rowspan="1"><p>1/80th</p></td></tr><tr><td colspan="1" rowspan="1"><p>2/3rds</p></td><td colspan="1" rowspan="1"><p>1/60th.</p></td></tr></table></tblock></content></paragraph></hcontainer></quotedStructure></mod></p></content></hcontainer><hcontainer name="regulation" eId="regulation-15"><num>15</num><intro><p>Regulation 4.13 is amended as follows—</p></intro><subparagraph eId="regulation-15-a"><num>a</num><intro><p>in paragraph (2)—</p></intro><clause eId="regulation-15-a-i"><num>i</num><content><p>for “date of retirement” where it first appears substitute “date he ceased to make contributions in accordance with regulation 4.6(6)”; and</p></content></clause><clause eId="regulation-15-a-ii"><num>ii</num><content><p>for “the member’s date of retirement” in sub-paragraph (i), substitute “the date the member ceased to make contributions in accordance with regulation 4.6(6)”; and</p></content></clause><clause eId="regulation-15-a-iii"><num>iii</num><content><p>after “Schedule 1” insert “which”.</p></content></clause></subparagraph><subparagraph eId="regulation-15-b"><num>b</num><intro><p>in paragraph (3)—</p></intro><clause eId="regulation-15-b-i"><num>i</num><content><p>for “date of retirement” where it first appears, substitute “date he ceased to make contributions in accordance with regulation 4.6(6)”; and</p></content></clause><clause eId="regulation-15-b-ii"><num>ii</num><content><p>for “the member’s date of retirement” in sub-paragraph (i), substitute “the date the member ceased to make contributions in accordance with regulation 4.6(6)”.</p></content></clause></subparagraph><subparagraph eId="regulation-15-c"><num>c</num><content><p>after paragraph (6) insert—</p><p class="BlockAmendment"><mod><quotedStructure class="unknown unknown unknown default" startQuote="“" endQuote="”"><paragraph eId="d4e595"><num>7</num><content><p>For the purposes of this regulation, the references in the tables set out in Schedule 1 to assumed retirement age and the reference in the table set out in Schedule 3 to normal pension age shall be treated as if they were references to the date that contributions ceased.</p></content></paragraph></quotedStructure></mod><inline name="AppendText">.</inline></p></content></subparagraph></hcontainer><hcontainer name="regulation" eId="regulation-16"><num>16</num><content><p>For Schedule 2 to the principal regulations, substitute the Schedule attached to these Regulations.</p></content></hcontainer><hcontainer name="signatures"><content><block name="signature"><signature><person refersTo="#ref-d4e612">Mackay of Clashfern, C.</person><date date="1996-01-10">Dated 10th January 1996</date></signature></block><block name="signature"><signature><person refersTo="#ref-d4e619">M. Forsyth</person><role refersTo="#ref-d4e621">One of Her Majesty’s Principal Secretaries of State</role><date date="1996-01-10">Dated 10th January 1996</date></signature></block><p>We concur</p><block name="signature"><signature><person refersTo="#ref-d4e631">Liam Fox</person><person refersTo="#ref-d4e633">Michael Bates</person><role refersTo="#ref-d4e635">Two of the Lords Commissioners of Her Majesty’s Treasury</role><date date="1996-01-11">Dated 11th January 1996</date></signature></block></content></hcontainer><hcontainer name="schedules" eId="d4e640"><hcontainer name="schedule" eId="schedule"><num>SCHEDULE<authorialNote class="referenceNote" placement="right"><p>Regulation 16</p></authorialNote></num><heading>JUDICIAL ADDED SURVIVING SPOUSE'S PENSION SCHEME</heading><content><tblock class="tabular"><table><tr><th colspan="1" rowspan="1"><p><em>Age last birthday at date of commence-ment of contributions</em></p></th></tr><tr><th colspan="1" rowspan="1"><p/></th><th colspan="16" rowspan="1"><p><em>Assumed retirement age</em></p></th></tr><tr><th colspan="1" rowspan="1"><p/></th><th colspan="1" rowspan="1"><p><em>60</em></p></th><th colspan="1" rowspan="1"><p><em>61</em></p></th><th colspan="1" rowspan="1"><p><em>62</em></p></th><th colspan="1" rowspan="1"><p><em>63</em></p></th><th colspan="1" rowspan="1"><p><em>64</em></p></th><th colspan="1" rowspan="1"><p><em>65</em></p></th><th colspan="1" rowspan="1"><p><em>66</em></p></th><th colspan="1" rowspan="1"><p><em>67</em></p></th><th colspan="1" rowspan="1"><p><em>68</em></p></th><th colspan="1" rowspan="1"><p><em>69</em></p></th><th colspan="1" rowspan="1"><p><em>70</em></p></th><th colspan="1" rowspan="1"><p><em>71</em></p></th><th colspan="1" rowspan="1"><p><em>72</em></p></th><th colspan="1" rowspan="1"><p><em>73</em></p></th><th colspan="1" rowspan="1"><p><em>74</em></p></th><th colspan="1" rowspan="1"><p><em>75</em></p></th></tr><tr><td colspan="1" rowspan="1"><p>40</p></td><td colspan="1" rowspan="1"><p>209</p></td><td colspan="1" rowspan="1"><p>209</p></td><td colspan="1" rowspan="1"><p>210</p></td><td colspan="1" rowspan="1"><p>212</p></td><td colspan="1" rowspan="1"><p>213</p></td><td colspan="1" rowspan="1"><p>215</p></td><td colspan="1" rowspan="1"><p>217</p></td><td colspan="1" rowspan="1"><p>220</p></td><td colspan="1" rowspan="1"><p>222</p></td><td colspan="1" rowspan="1"><p>225</p></td><td colspan="1" rowspan="1"><p>228</p></td><td colspan="1" rowspan="1"><p>232</p></td><td colspan="1" rowspan="1"><p>236</p></td><td colspan="1" rowspan="1"><p>240</p></td><td colspan="1" rowspan="1"><p>245</p></td><td colspan="1" rowspan="1"><p>250</p></td></tr><tr><td colspan="1" rowspan="1"><p>41</p></td><td colspan="1" rowspan="1"><p>218</p></td><td colspan="1" rowspan="1"><p>218</p></td><td colspan="1" rowspan="1"><p>220</p></td><td colspan="1" rowspan="1"><p>221</p></td><td colspan="1" rowspan="1"><p>223</p></td><td colspan="1" rowspan="1"><p>225</p></td><td colspan="1" rowspan="1"><p>227</p></td><td colspan="1" rowspan="1"><p>230</p></td><td colspan="1" rowspan="1"><p>232</p></td><td colspan="1" rowspan="1"><p>235</p></td><td colspan="1" rowspan="1"><p>239</p></td><td colspan="1" rowspan="1"><p>243</p></td><td colspan="1" rowspan="1"><p>248</p></td><td colspan="1" rowspan="1"><p>252</p></td><td colspan="1" rowspan="1"><p>257</p></td><td colspan="1" rowspan="1"><p>263</p></td></tr><tr><td colspan="1" rowspan="1"><p>42</p></td><td colspan="1" rowspan="1"><p>227</p></td><td colspan="1" rowspan="1"><p>228</p></td><td colspan="1" rowspan="1"><p>229</p></td><td colspan="1" rowspan="1"><p>230</p></td><td colspan="1" rowspan="1"><p>232</p></td><td colspan="1" rowspan="1"><p>235</p></td><td colspan="1" rowspan="1"><p>237</p></td><td colspan="1" rowspan="1"><p>240</p></td><td colspan="1" rowspan="1"><p>243</p></td><td colspan="1" rowspan="1"><p>246</p></td><td colspan="1" rowspan="1"><p>250</p></td><td colspan="1" rowspan="1"><p>255</p></td><td colspan="1" rowspan="1"><p>259</p></td><td colspan="1" rowspan="1"><p>264</p></td><td colspan="1" rowspan="1"><p>270</p></td><td colspan="1" rowspan="1"><p>276</p></td></tr><tr><td colspan="1" rowspan="1"><p>43</p></td><td colspan="1" rowspan="1"><p>236</p></td><td colspan="1" rowspan="1"><p>237</p></td><td colspan="1" rowspan="1"><p>238</p></td><td colspan="1" rowspan="1"><p>240</p></td><td colspan="1" rowspan="1"><p>242</p></td><td colspan="1" rowspan="1"><p>245</p></td><td colspan="1" rowspan="1"><p>247</p></td><td colspan="1" rowspan="1"><p>251</p></td><td colspan="1" rowspan="1"><p>253</p></td><td colspan="1" rowspan="1"><p>257</p></td><td colspan="1" rowspan="1"><p>262</p></td><td colspan="1" rowspan="1"><p>266</p></td><td colspan="1" rowspan="1"><p>271</p></td><td colspan="1" rowspan="1"><p>277</p></td><td colspan="1" rowspan="1"><p>283</p></td><td colspan="1" rowspan="1"><p>289</p></td></tr><tr><td colspan="1" rowspan="1"><p>44</p></td><td colspan="1" rowspan="1"><p>245</p></td><td colspan="1" rowspan="1"><p>247</p></td><td colspan="1" rowspan="1"><p>248</p></td><td colspan="1" rowspan="1"><p>250</p></td><td colspan="1" rowspan="1"><p>252</p></td><td colspan="1" rowspan="1"><p>255</p></td><td colspan="1" rowspan="1"><p>258</p></td><td colspan="1" rowspan="1"><p>261</p></td><td colspan="1" rowspan="1"><p>264</p></td><td colspan="1" rowspan="1"><p>269</p></td><td colspan="1" rowspan="1"><p>273</p></td><td colspan="1" rowspan="1"><p>278</p></td><td colspan="1" rowspan="1"><p>284</p></td><td colspan="1" rowspan="1"><p>290</p></td><td colspan="1" rowspan="1"><p>296</p></td><td colspan="1" rowspan="1"><p>303</p></td></tr><tr><td colspan="1" rowspan="1"><p>45</p></td><td colspan="1" rowspan="1"><p>255</p></td><td colspan="1" rowspan="1"><p>256</p></td><td colspan="1" rowspan="1"><p>258</p></td><td colspan="1" rowspan="1"><p>260</p></td><td colspan="1" rowspan="1"><p>262</p></td><td colspan="1" rowspan="1"><p>265</p></td><td colspan="1" rowspan="1"><p>269</p></td><td colspan="1" rowspan="1"><p>272</p></td><td colspan="1" rowspan="1"><p>275</p></td><td colspan="1" rowspan="1"><p>280</p></td><td colspan="1" rowspan="1"><p>285</p></td><td colspan="1" rowspan="1"><p>290</p></td><td colspan="1" rowspan="1"><p>296</p></td><td colspan="1" rowspan="1"><p>303</p></td><td colspan="1" rowspan="1"><p>310</p></td><td colspan="1" rowspan="1"><p>317</p></td></tr><tr><td colspan="1" rowspan="1"><p>46</p></td><td colspan="1" rowspan="1"><p>264</p></td><td colspan="1" rowspan="1"><p>266</p></td><td colspan="1" rowspan="1"><p>268</p></td><td colspan="1" rowspan="1"><p>270</p></td><td colspan="1" rowspan="1"><p>273</p></td><td colspan="1" rowspan="1"><p>276</p></td><td colspan="1" rowspan="1"><p>279</p></td><td colspan="1" rowspan="1"><p>283</p></td><td colspan="1" rowspan="1"><p>287</p></td><td colspan="1" rowspan="1"><p>292</p></td><td colspan="1" rowspan="1"><p>297</p></td><td colspan="1" rowspan="1"><p>303</p></td><td colspan="1" rowspan="1"><p>309</p></td><td colspan="1" rowspan="1"><p>316</p></td><td colspan="1" rowspan="1"><p>323</p></td><td colspan="1" rowspan="1"><p>331</p></td></tr><tr><td colspan="1" rowspan="1"><p>47</p></td><td colspan="1" rowspan="1"><p>274</p></td><td colspan="1" rowspan="1"><p>276</p></td><td colspan="1" rowspan="1"><p>278</p></td><td colspan="1" rowspan="1"><p>280</p></td><td colspan="1" rowspan="1"><p>283</p></td><td colspan="1" rowspan="1"><p>286</p></td><td colspan="1" rowspan="1"><p>290</p></td><td colspan="1" rowspan="1"><p>294</p></td><td colspan="1" rowspan="1"><p>298</p></td><td colspan="1" rowspan="1"><p>303</p></td><td colspan="1" rowspan="1"><p>309</p></td><td colspan="1" rowspan="1"><p>315</p></td><td colspan="1" rowspan="1"><p>322</p></td><td colspan="1" rowspan="1"><p>330</p></td><td colspan="1" rowspan="1"><p>337</p></td><td colspan="1" rowspan="1"><p>346</p></td></tr><tr><td colspan="1" rowspan="1"><p>48</p></td><td colspan="1" rowspan="1"><p>283</p></td><td colspan="1" rowspan="1"><p>285</p></td><td colspan="1" rowspan="1"><p>287</p></td><td colspan="1" rowspan="1"><p>290</p></td><td colspan="1" rowspan="1"><p>293</p></td><td colspan="1" rowspan="1"><p>297</p></td><td colspan="1" rowspan="1"><p>301</p></td><td colspan="1" rowspan="1"><p>305</p></td><td colspan="1" rowspan="1"><p>309</p></td><td colspan="1" rowspan="1"><p>315</p></td><td colspan="1" rowspan="1"><p>321</p></td><td colspan="1" rowspan="1"><p>328</p></td><td colspan="1" rowspan="1"><p>335</p></td><td colspan="1" rowspan="1"><p>343</p></td><td colspan="1" rowspan="1"><p>352</p></td><td colspan="1" rowspan="1"><p>361</p></td></tr><tr><td colspan="1" rowspan="1"><p>49</p></td><td colspan="1" rowspan="1"><p>293</p></td><td colspan="1" rowspan="1"><p>295</p></td><td colspan="1" rowspan="1"><p>297</p></td><td colspan="1" rowspan="1"><p>300</p></td><td colspan="1" rowspan="1"><p>303</p></td><td colspan="1" rowspan="1"><p>307</p></td><td colspan="1" rowspan="1"><p>311</p></td><td colspan="1" rowspan="1"><p>316</p></td><td colspan="1" rowspan="1"><p>321</p></td><td colspan="1" rowspan="1"><p>327</p></td><td colspan="1" rowspan="1"><p>333</p></td><td colspan="1" rowspan="1"><p>341</p></td><td colspan="1" rowspan="1"><p>349</p></td><td colspan="1" rowspan="1"><p>357</p></td><td colspan="1" rowspan="1"><p>366</p></td><td colspan="1" rowspan="1"><p>376</p></td></tr><tr><td colspan="1" rowspan="1"><p>50</p></td><td colspan="1" rowspan="1"><p>302</p></td><td colspan="1" rowspan="1"><p>304</p></td><td colspan="1" rowspan="1"><p>306</p></td><td colspan="1" rowspan="1"><p>310</p></td><td colspan="1" rowspan="1"><p>313</p></td><td colspan="1" rowspan="1"><p>317</p></td><td colspan="1" rowspan="1"><p>322</p></td><td colspan="1" rowspan="1"><p>327</p></td><td colspan="1" rowspan="1"><p>332</p></td><td colspan="1" rowspan="1"><p>338</p></td><td colspan="1" rowspan="1"><p>346</p></td><td colspan="1" rowspan="1"><p>353</p></td><td colspan="1" rowspan="1"><p>362</p></td><td colspan="1" rowspan="1"><p>371</p></td><td colspan="1" rowspan="1"><p>381</p></td><td colspan="1" rowspan="1"><p>391</p></td></tr><tr><td colspan="1" rowspan="1"><p>51</p></td><td colspan="1" rowspan="1"><p>311</p></td><td colspan="1" rowspan="1"><p>313</p></td><td colspan="1" rowspan="1"><p>316</p></td><td colspan="1" rowspan="1"><p>319</p></td><td colspan="1" rowspan="1"><p>323</p></td><td colspan="1" rowspan="1"><p>327</p></td><td colspan="1" rowspan="1"><p>332</p></td><td colspan="1" rowspan="1"><p>338</p></td><td colspan="1" rowspan="1"><p>343</p></td><td colspan="1" rowspan="1"><p>350</p></td><td colspan="1" rowspan="1"><p>357</p></td><td colspan="1" rowspan="1"><p>366</p></td><td colspan="1" rowspan="1"><p>375</p></td><td colspan="1" rowspan="1"><p>384</p></td><td colspan="1" rowspan="1"><p>395</p></td><td colspan="1" rowspan="1"><p>406</p></td></tr><tr><td colspan="1" rowspan="1"><p>52</p></td><td colspan="1" rowspan="1"><p>319</p></td><td colspan="1" rowspan="1"><p>322</p></td><td colspan="1" rowspan="1"><p>325</p></td><td colspan="1" rowspan="1"><p>328</p></td><td colspan="1" rowspan="1"><p>332</p></td><td colspan="1" rowspan="1"><p>337</p></td><td colspan="1" rowspan="1"><p>342</p></td><td colspan="1" rowspan="1"><p>349</p></td><td colspan="1" rowspan="1"><p>354</p></td><td colspan="1" rowspan="1"><p>361</p></td><td colspan="1" rowspan="1"><p>369</p></td><td colspan="1" rowspan="1"><p>378</p></td><td colspan="1" rowspan="1"><p>388</p></td><td colspan="1" rowspan="1"><p>398</p></td><td colspan="1" rowspan="1"><p>409</p></td><td colspan="1" rowspan="1"><p>421</p></td></tr><tr><td colspan="1" rowspan="1"><p>53</p></td><td colspan="1" rowspan="1"><p>328</p></td><td colspan="1" rowspan="1"><p>330</p></td><td colspan="1" rowspan="1"><p>333</p></td><td colspan="1" rowspan="1"><p>337</p></td><td colspan="1" rowspan="1"><p>342</p></td><td colspan="1" rowspan="1"><p>347</p></td><td colspan="1" rowspan="1"><p>352</p></td><td colspan="1" rowspan="1"><p>359</p></td><td colspan="1" rowspan="1"><p>364</p></td><td colspan="1" rowspan="1"><p>372</p></td><td colspan="1" rowspan="1"><p>381</p></td><td colspan="1" rowspan="1"><p>390</p></td><td colspan="1" rowspan="1"><p>400</p></td><td colspan="1" rowspan="1"><p>411</p></td><td colspan="1" rowspan="1"><p>423</p></td><td colspan="1" rowspan="1"><p>436</p></td></tr><tr><td colspan="1" rowspan="1"><p>54</p></td><td colspan="1" rowspan="1"><p>335</p></td><td colspan="1" rowspan="1"><p>338</p></td><td colspan="1" rowspan="1"><p>342</p></td><td colspan="1" rowspan="1"><p>346</p></td><td colspan="1" rowspan="1"><p>350</p></td><td colspan="1" rowspan="1"><p>356</p></td><td colspan="1" rowspan="1"><p>362</p></td><td colspan="1" rowspan="1"><p>369</p></td><td colspan="1" rowspan="1"><p>375</p></td><td colspan="1" rowspan="1"><p>383</p></td><td colspan="1" rowspan="1"><p>392</p></td><td colspan="1" rowspan="1"><p>402</p></td><td colspan="1" rowspan="1"><p>413</p></td><td colspan="1" rowspan="1"><p>424</p></td><td colspan="1" rowspan="1"><p>437</p></td><td colspan="1" rowspan="1"><p>451</p></td></tr><tr><td colspan="1" rowspan="1"><p>55</p></td><td colspan="1" rowspan="1"><p>343</p></td><td colspan="1" rowspan="1"><p>346</p></td><td colspan="1" rowspan="1"><p>349</p></td><td colspan="1" rowspan="1"><p>353</p></td><td colspan="1" rowspan="1"><p>358</p></td><td colspan="1" rowspan="1"><p>364</p></td><td colspan="1" rowspan="1"><p>370</p></td><td colspan="1" rowspan="1"><p>378</p></td><td colspan="1" rowspan="1"><p>384</p></td><td colspan="1" rowspan="1"><p>393</p></td><td colspan="1" rowspan="1"><p>402</p></td><td colspan="1" rowspan="1"><p>413</p></td><td colspan="1" rowspan="1"><p>424</p></td><td colspan="1" rowspan="1"><p>437</p></td><td colspan="1" rowspan="1"><p>450</p></td><td colspan="1" rowspan="1"><p>465</p></td></tr><tr><td colspan="1" rowspan="1"><p>56</p></td><td colspan="1" rowspan="1"><p>349</p></td><td colspan="1" rowspan="1"><p>352</p></td><td colspan="1" rowspan="1"><p>356</p></td><td colspan="1" rowspan="1"><p>360</p></td><td colspan="1" rowspan="1"><p>366</p></td><td colspan="1" rowspan="1"><p>372</p></td><td colspan="1" rowspan="1"><p>378</p></td><td colspan="1" rowspan="1"><p>386</p></td><td colspan="1" rowspan="1"><p>393</p></td><td colspan="1" rowspan="1"><p>402</p></td><td colspan="1" rowspan="1"><p>412</p></td><td colspan="1" rowspan="1"><p>423</p></td><td colspan="1" rowspan="1"><p>435</p></td><td colspan="1" rowspan="1"><p>449</p></td><td colspan="1" rowspan="1"><p>463</p></td><td colspan="1" rowspan="1"><p>478</p></td></tr><tr><td colspan="1" rowspan="1"><p>57</p></td><td colspan="1" rowspan="1"><p>355</p></td><td colspan="1" rowspan="1"><p>358</p></td><td colspan="1" rowspan="1"><p>362</p></td><td colspan="1" rowspan="1"><p>367</p></td><td colspan="1" rowspan="1"><p>372</p></td><td colspan="1" rowspan="1"><p>378</p></td><td colspan="1" rowspan="1"><p>385</p></td><td colspan="1" rowspan="1"><p>393</p></td><td colspan="1" rowspan="1"><p>400</p></td><td colspan="1" rowspan="1"><p>410</p></td><td colspan="1" rowspan="1"><p>421</p></td><td colspan="1" rowspan="1"><p>433</p></td><td colspan="1" rowspan="1"><p>446</p></td><td colspan="1" rowspan="1"><p>459</p></td><td colspan="1" rowspan="1"><p>475</p></td><td colspan="1" rowspan="1"><p>491</p></td></tr><tr><td colspan="1" rowspan="1"><p>58</p></td><td colspan="1" rowspan="1"><p>359</p></td><td colspan="1" rowspan="1"><p>363</p></td><td colspan="1" rowspan="1"><p>367</p></td><td colspan="1" rowspan="1"><p>372</p></td><td colspan="1" rowspan="1"><p>378</p></td><td colspan="1" rowspan="1"><p>384</p></td><td colspan="1" rowspan="1"><p>392</p></td><td colspan="1" rowspan="1"><p>400</p></td><td colspan="1" rowspan="1"><p>407</p></td><td colspan="1" rowspan="1"><p>417</p></td><td colspan="1" rowspan="1"><p>429</p></td><td colspan="1" rowspan="1"><p>441</p></td><td colspan="1" rowspan="1"><p>455</p></td><td colspan="1" rowspan="1"><p>469</p></td><td colspan="1" rowspan="1"><p>485</p></td><td colspan="1" rowspan="1"><p>503</p></td></tr><tr><td colspan="1" rowspan="1"><p>59</p></td><td colspan="1" rowspan="1"><p>362</p></td><td colspan="1" rowspan="1"><p>367</p></td><td colspan="1" rowspan="1"><p>371</p></td><td colspan="1" rowspan="1"><p>376</p></td><td colspan="1" rowspan="1"><p>382</p></td><td colspan="1" rowspan="1"><p>389</p></td><td colspan="1" rowspan="1"><p>397</p></td><td colspan="1" rowspan="1"><p>405</p></td><td colspan="1" rowspan="1"><p>413</p></td><td colspan="1" rowspan="1"><p>424</p></td><td colspan="1" rowspan="1"><p>435</p></td><td colspan="1" rowspan="1"><p>448</p></td><td colspan="1" rowspan="1"><p>463</p></td><td colspan="1" rowspan="1"><p>478</p></td><td colspan="1" rowspan="1"><p>495</p></td><td colspan="1" rowspan="1"><p>513</p></td></tr><tr><td colspan="1" rowspan="1"><p>60</p></td><td colspan="1" rowspan="1"><p>–</p></td><td colspan="1" rowspan="1"><p>370</p></td><td colspan="1" rowspan="1"><p>374</p></td><td colspan="1" rowspan="1"><p>379</p></td><td colspan="1" rowspan="1"><p>386</p></td><td colspan="1" rowspan="1"><p>393</p></td><td colspan="1" rowspan="1"><p>401</p></td><td colspan="1" rowspan="1"><p>410</p></td><td colspan="1" rowspan="1"><p>417</p></td><td colspan="1" rowspan="1"><p>428</p></td><td colspan="1" rowspan="1"><p>441</p></td><td colspan="1" rowspan="1"><p>454</p></td><td colspan="1" rowspan="1"><p>469</p></td><td colspan="1" rowspan="1"><p>485</p></td><td colspan="1" rowspan="1"><p>503</p></td><td colspan="1" rowspan="1"><p>522</p></td></tr><tr><td colspan="1" rowspan="1"><p>61</p></td><td colspan="1" rowspan="1"><p>–</p></td><td colspan="1" rowspan="1"><p>–</p></td><td colspan="1" rowspan="1"><p>376</p></td><td colspan="1" rowspan="1"><p>381</p></td><td colspan="1" rowspan="1"><p>388</p></td><td colspan="1" rowspan="1"><p>395</p></td><td colspan="1" rowspan="1"><p>403</p></td><td colspan="1" rowspan="1"><p>412</p></td><td colspan="1" rowspan="1"><p>420</p></td><td colspan="1" rowspan="1"><p>432</p></td><td colspan="1" rowspan="1"><p>444</p></td><td colspan="1" rowspan="1"><p>459</p></td><td colspan="1" rowspan="1"><p>474</p></td><td colspan="1" rowspan="1"><p>491</p></td><td colspan="1" rowspan="1"><p>509</p></td><td colspan="1" rowspan="1"><p>529</p></td></tr><tr><td colspan="1" rowspan="1"><p>62</p></td><td colspan="1" rowspan="1"><p>–</p></td><td colspan="1" rowspan="1"><p>–</p></td><td colspan="1" rowspan="1"><p>–</p></td><td colspan="1" rowspan="1"><p>382</p></td><td colspan="1" rowspan="1"><p>388</p></td><td colspan="1" rowspan="1"><p>396</p></td><td colspan="1" rowspan="1"><p>404</p></td><td colspan="1" rowspan="1"><p>413</p></td><td colspan="1" rowspan="1"><p>422</p></td><td colspan="1" rowspan="1"><p>433</p></td><td colspan="1" rowspan="1"><p>447</p></td><td colspan="1" rowspan="1"><p>461</p></td><td colspan="1" rowspan="1"><p>477</p></td><td colspan="1" rowspan="1"><p>495</p></td><td colspan="1" rowspan="1"><p>514</p></td><td colspan="1" rowspan="1"><p>535</p></td></tr><tr><td colspan="1" rowspan="1"><p>63</p></td><td colspan="1" rowspan="1"><p>–</p></td><td colspan="1" rowspan="1"><p>–</p></td><td colspan="1" rowspan="1"><p>–</p></td><td colspan="1" rowspan="1"><p>–</p></td><td colspan="1" rowspan="1"><p>387</p></td><td colspan="1" rowspan="1"><p>395</p></td><td colspan="1" rowspan="1"><p>403</p></td><td colspan="1" rowspan="1"><p>413</p></td><td colspan="1" rowspan="1"><p>421</p></td><td colspan="1" rowspan="1"><p>433</p></td><td colspan="1" rowspan="1"><p>447</p></td><td colspan="1" rowspan="1"><p>462</p></td><td colspan="1" rowspan="1"><p>478</p></td><td colspan="1" rowspan="1"><p>496</p></td><td colspan="1" rowspan="1"><p>516</p></td><td colspan="1" rowspan="1"><p>538</p></td></tr><tr><td colspan="1" rowspan="1"><p>64</p></td><td colspan="1" rowspan="1"><p>–</p></td><td colspan="1" rowspan="1"><p>–</p></td><td colspan="1" rowspan="1"><p>–</p></td><td colspan="1" rowspan="1"><p>–</p></td><td colspan="1" rowspan="1"><p>–</p></td><td colspan="1" rowspan="1"><p>393</p></td><td colspan="1" rowspan="1"><p>401</p></td><td colspan="1" rowspan="1"><p>411</p></td><td colspan="1" rowspan="1"><p>419</p></td><td colspan="1" rowspan="1"><p>431</p></td><td colspan="1" rowspan="1"><p>445</p></td><td colspan="1" rowspan="1"><p>460</p></td><td colspan="1" rowspan="1"><p>477</p></td><td colspan="1" rowspan="1"><p>496</p></td><td colspan="1" rowspan="1"><p>516</p></td><td colspan="1" rowspan="1"><p>539</p></td></tr><tr><td colspan="1" rowspan="1"><p>65</p></td><td colspan="1" rowspan="1"><p>–</p></td><td colspan="1" rowspan="1"><p>–</p></td><td colspan="1" rowspan="1"><p>–</p></td><td colspan="1" rowspan="1"><p>–</p></td><td colspan="1" rowspan="1"><p>–</p></td><td colspan="1" rowspan="1"><p>–</p></td><td colspan="1" rowspan="1"><p>398</p></td><td colspan="1" rowspan="1"><p>407</p></td><td colspan="1" rowspan="1"><p>415</p></td><td colspan="1" rowspan="1"><p>428</p></td><td colspan="1" rowspan="1"><p>441</p></td><td colspan="1" rowspan="1"><p>457</p></td><td colspan="1" rowspan="1"><p>474</p></td><td colspan="1" rowspan="1"><p>493</p></td><td colspan="1" rowspan="1"><p>514</p></td><td colspan="1" rowspan="1"><p>537</p></td></tr><tr><td colspan="1" rowspan="1"><p>66</p></td><td colspan="1" rowspan="1"><p>–</p></td><td colspan="1" rowspan="1"><p>–</p></td><td colspan="1" rowspan="1"><p>–</p></td><td colspan="1" rowspan="1"><p>–</p></td><td colspan="1" rowspan="1"><p>–</p></td><td colspan="1" rowspan="1"><p>–</p></td><td colspan="1" rowspan="1"><p>–</p></td><td colspan="1" rowspan="1"><p>402</p></td><td colspan="1" rowspan="1"><p>410</p></td><td colspan="1" rowspan="1"><p>422</p></td><td colspan="1" rowspan="1"><p>436</p></td><td colspan="1" rowspan="1"><p>451</p></td><td colspan="1" rowspan="1"><p>469</p></td><td colspan="1" rowspan="1"><p>488</p></td><td colspan="1" rowspan="1"><p>509</p></td><td colspan="1" rowspan="1"><p>533</p></td></tr><tr><td colspan="1" rowspan="1"><p>67</p></td><td colspan="1" rowspan="1"><p>–</p></td><td colspan="1" rowspan="1"><p>–</p></td><td colspan="1" rowspan="1"><p>–</p></td><td colspan="1" rowspan="1"><p>–</p></td><td colspan="1" rowspan="1"><p>–</p></td><td colspan="1" rowspan="1"><p>–</p></td><td colspan="1" rowspan="1"><p>–</p></td><td colspan="1" rowspan="1"><p>–</p></td><td colspan="1" rowspan="1"><p>403</p></td><td colspan="1" rowspan="1"><p>414</p></td><td colspan="1" rowspan="1"><p>428</p></td><td colspan="1" rowspan="1"><p>444</p></td><td colspan="1" rowspan="1"><p>461</p></td><td colspan="1" rowspan="1"><p>481</p></td><td colspan="1" rowspan="1"><p>502</p></td><td colspan="1" rowspan="1"><p>526</p></td></tr><tr><td colspan="1" rowspan="1"><p>68</p></td><td colspan="1" rowspan="1"><p>–</p></td><td colspan="1" rowspan="1"><p>–</p></td><td colspan="1" rowspan="1"><p>–</p></td><td colspan="1" rowspan="1"><p>–</p></td><td colspan="1" rowspan="1"><p>–</p></td><td colspan="1" rowspan="1"><p>–</p></td><td colspan="1" rowspan="1"><p>–</p></td><td colspan="1" rowspan="1"><p>–</p></td><td colspan="1" rowspan="1"><p>–</p></td><td colspan="1" rowspan="1"><p>404</p></td><td colspan="1" rowspan="1"><p>418</p></td><td colspan="1" rowspan="1"><p>433</p></td><td colspan="1" rowspan="1"><p>451</p></td><td colspan="1" rowspan="1"><p>470</p></td><td colspan="1" rowspan="1"><p>492</p></td><td colspan="1" rowspan="1"><p>516</p></td></tr><tr><td colspan="1" rowspan="1"><p>69</p></td><td colspan="1" rowspan="1"><p>–</p></td><td colspan="1" rowspan="1"><p>–</p></td><td colspan="1" rowspan="1"><p>–</p></td><td colspan="1" rowspan="1"><p>–</p></td><td colspan="1" rowspan="1"><p>–</p></td><td colspan="1" rowspan="1"><p>–</p></td><td colspan="1" rowspan="1"><p>–</p></td><td colspan="1" rowspan="1"><p>–</p></td><td colspan="1" rowspan="1"><p>–</p></td><td colspan="1" rowspan="1"><p>–</p></td><td colspan="1" rowspan="1"><p>405</p></td><td colspan="1" rowspan="1"><p>421</p></td><td colspan="1" rowspan="1"><p>438</p></td><td colspan="1" rowspan="1"><p>457</p></td><td colspan="1" rowspan="1"><p>479</p></td><td colspan="1" rowspan="1"><p>503</p></td></tr><tr><td colspan="1" rowspan="1"><p>70</p></td><td colspan="1" rowspan="1"><p>–</p></td><td colspan="1" rowspan="1"><p>–</p></td><td colspan="1" rowspan="1"><p>–</p></td><td colspan="1" rowspan="1"><p>–</p></td><td colspan="1" rowspan="1"><p>–</p></td><td colspan="1" rowspan="1"><p>–</p></td><td colspan="1" rowspan="1"><p>–</p></td><td colspan="1" rowspan="1"><p>–</p></td><td colspan="1" rowspan="1"><p>–</p></td><td colspan="1" rowspan="1"><p>–</p></td><td colspan="1" rowspan="1"><p>–</p></td><td colspan="1" rowspan="1"><p>406</p></td><td colspan="1" rowspan="1"><p>423</p></td><td colspan="1" rowspan="1"><p>442</p></td><td colspan="1" rowspan="1"><p>463</p></td><td colspan="1" rowspan="1"><p>487</p></td></tr><tr><td colspan="1" rowspan="1"><p>71</p></td><td colspan="1" rowspan="1"><p>–</p></td><td colspan="1" rowspan="1"><p>–</p></td><td colspan="1" rowspan="1"><p>–</p></td><td colspan="1" rowspan="1"><p>–</p></td><td colspan="1" rowspan="1"><p>–</p></td><td colspan="1" rowspan="1"><p>–</p></td><td colspan="1" rowspan="1"><p>–</p></td><td colspan="1" rowspan="1"><p>–</p></td><td colspan="1" rowspan="1"><p>–</p></td><td colspan="1" rowspan="1"><p>–</p></td><td colspan="1" rowspan="1"><p>–</p></td><td colspan="1" rowspan="1"><p>–</p></td><td colspan="1" rowspan="1"><p>406</p></td><td colspan="1" rowspan="1"><p>425</p></td><td colspan="1" rowspan="1"><p>445</p></td><td colspan="1" rowspan="1"><p>469</p></td></tr><tr><td colspan="1" rowspan="1"><p>72</p></td><td colspan="1" rowspan="1"><p>–</p></td><td colspan="1" rowspan="1"><p>–</p></td><td colspan="1" rowspan="1"><p>–</p></td><td colspan="1" rowspan="1"><p>–</p></td><td colspan="1" rowspan="1"><p>–</p></td><td colspan="1" rowspan="1"><p>–</p></td><td colspan="1" rowspan="1"><p>–</p></td><td colspan="1" rowspan="1"><p>–</p></td><td colspan="1" rowspan="1"><p>–</p></td><td colspan="1" rowspan="1"><p>–</p></td><td colspan="1" rowspan="1"><p>–</p></td><td colspan="1" rowspan="1"><p>–</p></td><td colspan="1" rowspan="1"><p>–</p></td><td colspan="1" rowspan="1"><p>405</p></td><td colspan="1" rowspan="1"><p>425</p></td><td colspan="1" rowspan="1"><p>448</p></td></tr><tr><td colspan="1" rowspan="1"><p>73</p></td><td colspan="1" rowspan="1"><p>–</p></td><td colspan="1" rowspan="1"><p>–</p></td><td colspan="1" rowspan="1"><p>–</p></td><td colspan="1" rowspan="1"><p>–</p></td><td colspan="1" rowspan="1"><p>–</p></td><td colspan="1" rowspan="1"><p>–</p></td><td colspan="1" rowspan="1"><p>–</p></td><td colspan="1" rowspan="1"><p>–</p></td><td colspan="1" rowspan="1"><p>–</p></td><td colspan="1" rowspan="1"><p>–</p></td><td colspan="1" rowspan="1"><p>–</p></td><td colspan="1" rowspan="1"><p>–</p></td><td colspan="1" rowspan="1"><p>–</p></td><td colspan="1" rowspan="1"><p>–</p></td><td colspan="1" rowspan="1"><p>403</p></td><td colspan="1" rowspan="1"><p>426</p></td></tr><tr><td colspan="1" rowspan="1"><p>74</p></td><td colspan="1" rowspan="1"><p>–</p></td><td colspan="1" rowspan="1"><p>–</p></td><td colspan="1" rowspan="1"><p>–</p></td><td colspan="1" rowspan="1"><p>–</p></td><td colspan="1" rowspan="1"><p>–</p></td><td colspan="1" rowspan="1"><p>–</p></td><td colspan="1" rowspan="1"><p>–</p></td><td colspan="1" rowspan="1"><p>–</p></td><td colspan="1" rowspan="1"><p>–</p></td><td colspan="1" rowspan="1"><p>–</p></td><td colspan="1" rowspan="1"><p>–</p></td><td colspan="1" rowspan="1"><p>–</p></td><td colspan="1" rowspan="1"><p>–</p></td><td colspan="1" rowspan="1"><p>–</p></td><td colspan="1" rowspan="1"><p>–</p></td><td colspan="1" rowspan="1"><p>403</p></td></tr><tr><td colspan="1" rowspan="1"><p>75</p></td><td colspan="1" rowspan="1"><p>–</p></td><td colspan="1" rowspan="1"><p>–</p></td><td colspan="1" rowspan="1"><p>–</p></td><td colspan="1" rowspan="1"><p>–</p></td><td colspan="1" rowspan="1"><p>–</p></td><td colspan="1" rowspan="1"><p>–</p></td><td colspan="1" rowspan="1"><p>–</p></td><td colspan="1" rowspan="1"><p>–</p></td><td colspan="1" rowspan="1"><p>–</p></td><td colspan="1" rowspan="1"><p>–</p></td><td colspan="1" rowspan="1"><p>–</p></td><td colspan="1" rowspan="1"><p>–</p></td><td colspan="1" rowspan="1"><p>–</p></td><td colspan="1" rowspan="1"><p>–</p></td><td colspan="1" rowspan="1"><p>–</p></td><td colspan="1" rowspan="1"><p>–</p></td></tr></table></tblock></content></hcontainer></hcontainer></body><conclusions><blockContainer class="ExplanatoryNotes"><intro><p>(This note is not part of the Regulations)</p></intro><p><authorialNote><p>These Regulations amend the Judicial Pensions (Additional Voluntary Contributions) Regulations 1995. They provide for—</p><paragraph eId="d4e2021"><num>a</num><content><p>the further application of Inland Revenue limits to the amount of additional benefits which may be purchased;</p></content></paragraph><paragraph eId="d4e2027"><num>b</num><content><p>the provision of additional children’s pension in return for the purchase of added units of benefit under the Judicial Added Benefits Scheme;</p></content></paragraph><paragraph eId="d4e2033"><num>c</num><content><p>a revised basis for calculating the cost of contributions to purchase a surviving spouse’s pension under the Judicial Added Surviving Spouse’s Pension Scheme; and</p></content></paragraph><paragraph eId="d4e2039"><num>d</num><content><p>for administrative expenses incurred by the authorised provider to be deducted from voluntary contributions received.</p></content></paragraph><p>The opportunity is taken to correct some errors in and omissions from the earlier Regulations.</p></authorialNote></p></blockContainer></conclusions></act></akomaNtoso>