<akomaNtoso xmlns:xsi="http://www.w3.org/2001/XMLSchema-instance" xmlns="http://docs.oasis-open.org/legaldocml/ns/akn/3.0" xsi:schemaLocation="http://docs.oasis-open.org/legaldocml/ns/akn/3.0 http://docs.oasis-open.org/legaldocml/akn-core/v1.0/cos01/part2-specs/schemas/akomantoso30.xsd"><act name="UnitedKingdomStatutoryInstrument"><meta><identification source="#source"><FRBRWork><FRBRthis value="http://www.legislation.gov.uk/id/uksi/1996/139"/><FRBRuri value="http://www.legislation.gov.uk/id/uksi/1996/139"/><FRBRdate date="1996-01-22" name="made"/><FRBRauthor href="http://www.legislation.gov.uk/id/government/uk"/><FRBRcountry value="GB-UKM"/><FRBRsubtype value="order"/><FRBRnumber value="139"/><FRBRname value="S.I. 1996/139 (S. 11)"/><FRBRprescriptive value="true"/></FRBRWork><FRBRExpression><FRBRthis value="http://www.legislation.gov.uk/uksi/1996/139/made"/><FRBRuri value="http://www.legislation.gov.uk/uksi/1996/139/made"/><FRBRdate date="1996-01-22" name="made"/><FRBRauthor href="#source"/><FRBRlanguage language="eng"/></FRBRExpression><FRBRManifestation><FRBRthis value="http://www.legislation.gov.uk/uksi/1996/139/made/data.akn"/><FRBRuri value="http://www.legislation.gov.uk/uksi/1996/139/made/data.akn"/><FRBRdate date="2021-07-26+01:00" name="transform"/><FRBRauthor href="http://www.legislation.gov.uk"/><FRBRformat value="application/akn+xml"/></FRBRManifestation></identification><classification source="#source"><keyword value="pollution" showAs="Pollution" dictionary="http://www.legislation.gov.uk"/><keyword value="environmental protection" showAs="ENVIRONMENTAL PROTECTION" dictionary="http://www.legislation.gov.uk"/></classification><lifecycle source="#source"><eventRef date="1996-01-22" type="generation" eId="made-date" source="#source"/></lifecycle><references source="#source"><TLCOrganization eId="source" href="http://www.legislation.gov.uk/id/publisher/KingsOrQueensPrinterOfActsOfParliament" showAs="Queen's Printer of Acts of Parliament"/><TLCLocation eId="standrew’shouse" href="/ontology/location/uk.StAndrew’sHouse" showAs="St Andrew’s House,"/><TLCLocation eId="edinburgh" href="/ontology/location/uk.Edinburgh" showAs="Edinburgh"/><TLCRole eId="ref-d4e97" href="/ontology/role/uk.Parliamentary Under Secretary of State, Scottish Office" showAs="Parliamentary Under Secretary of State, Scottish Office"/><TLCPerson eId="ref-d4e95" href="/ontology/persons/uk.Lindsay" showAs="Lindsay"/><TLCConcept href="/uk/subject/environmental-protection" showAs="ENVIRONMENTAL PROTECTION" eId="d4e54"/></references><notes source="#source"><note class="footnote" eId="f00001"><p><ref href="http://www.legislation.gov.uk/id/ukpga/1995/25">1995 c. 25</ref>; <em>see</em> the definition of “the transfer date” in section 56(1).</p></note></notes><proprietary xmlns:ukl="http://www.legislation.gov.uk/namespaces/legislation" xmlns:ukm="http://www.legislation.gov.uk/namespaces/metadata" xmlns:dc="http://purl.org/dc/elements/1.1/" xmlns:dct="http://purl.org/dc/terms/" xmlns:atom="http://www.w3.org/2005/Atom" source="#source"><dc:identifier>http://www.legislation.gov.uk/uksi/1996/139/made</dc:identifier><dc:title>The Scottish Environment Protection Agency (Transfer Date) Order 1996</dc:title><dc:subject>Pollution</dc:subject><dc:publisher>Queen's Printer of Acts of Parliament</dc:publisher><dc:modified>2011-07-04</dc:modified><dc:subject scheme="SIheading">ENVIRONMENTAL PROTECTION</dc:subject><dc:description>Chapter II of Part I of the Environment Act 1995 provides for the establishment of the Scottish Environment Protection Agency. That Chapter further provides for the transfer to that Agency on the transfer date of the functions, property, rights and liabilities of river purification authorities and Her Majesty’s Industrial Pollution Inspectorate and of certain functions, property, rights and liabilities of local authorities and the Secretary of State. This Order sets 1st April 1996 as the transfer date for those purposes.</dc:description><atom:link rel="self" href="http://www.legislation.gov.uk/uksi/1996/139/made/data.xml" type="application/xml"/><atom:link rel="http://www.legislation.gov.uk/def/navigation/resources" href="http://www.legislation.gov.uk/uksi/1996/139/resources" title="More Resources"/><atom:link rel="http://www.legislation.gov.uk/def/navigation/act" href="http://www.legislation.gov.uk/uksi/1996/139/made" title="whole act"/><atom:link rel="http://www.legislation.gov.uk/def/navigation/introduction" href="http://www.legislation.gov.uk/uksi/1996/139/introduction/made" title="introduction"/><atom:link rel="http://www.legislation.gov.uk/def/navigation/signature" href="http://www.legislation.gov.uk/uksi/1996/139/signature/made" title="signature"/><atom:link rel="http://www.legislation.gov.uk/def/navigation/note" href="http://www.legislation.gov.uk/uksi/1996/139/note/made" title="note"/><atom:link rel="http://www.legislation.gov.uk/def/navigation/body" href="http://www.legislation.gov.uk/uksi/1996/139/body/made" title="body"/><atom:link rel="alternate" type="application/rdf+xml" href="http://www.legislation.gov.uk/uksi/1996/139/made/data.rdf" title="RDF/XML"/><atom:link rel="alternate" type="application/akn+xml" href="http://www.legislation.gov.uk/uksi/1996/139/made/data.akn" title="AKN"/><atom:link rel="alternate" type="application/xhtml+xml" href="http://www.legislation.gov.uk/uksi/1996/139/made/data.xht" title="HTML snippet"/><atom:link rel="alternate" type="application/pdf" href="http://www.legislation.gov.uk/uksi/1996/139/made/data.pdf" title="PDF"/><atom:link rel="alternate" type="application/akn+xhtml" href="http://www.legislation.gov.uk/uksi/1996/139/made/data.html" title="HTML5 snippet"/><atom:link rel="http://purl.org/dc/terms/tableOfContents" hreflang="en" href="http://www.legislation.gov.uk/uksi/1996/139/contents/made" title="Table of Contents"/><ukm:SecondaryMetadata><ukm:DocumentClassification><ukm:DocumentCategory Value="secondary"/><ukm:DocumentMainType Value="UnitedKingdomStatutoryInstrument"/><ukm:DocumentStatus Value="final"/><ukm:DocumentMinorType Value="order"/></ukm:DocumentClassification><ukm:Year Value="1996"/><ukm:Number Value="139"/><ukm:AlternativeNumber Category="S" Value="11"/><ukm:Made Date="1996-01-22"/><ukm:ISBN Value="0110551583"/></ukm:SecondaryMetadata><ukm:Statistics><ukm:TotalParagraphs Value="2"/><ukm:BodyParagraphs Value="2"/><ukm:ScheduleParagraphs Value="0"/><ukm:AttachmentParagraphs Value="0"/><ukm:TotalImages Value="0"/></ukm:Statistics></proprietary></meta><preface><p class="number"><docNumber>1996 No. 139 (S.11)</docNumber></p><block name="subject"><concept class="title" refersTo="#d4e54">ENVIRONMENTAL PROTECTION</concept></block><p class="title"><shortTitle>The Scottish Environment Protection Agency (Transfer Date) Order 1996</shortTitle></p><p class="MadeDate"><span>Made</span><docDate date="1996-01-22">22nd January 1996</docDate></p></preface><preamble><formula name="EnactingText"><p>The Secretary of State, in exercise of the powers conferred on him by section 56(1) of the Environment Act 1995<noteRef href="#f00001" class="footnote" marker="1"/> and of all other powers enabling him in that behalf, hereby makes the following Order:</p></formula></preamble><body><article eId="article-1"><num>1</num><heading>Citation</heading><content><p>This Order may be cited as the Scottish Environment Protection Agency (Transfer Date) Order 1996.</p></content></article><article eId="article-2"><num>2</num><heading>Transfer date</heading><content><p>For the purposes of Part I of the Environment Act 1995 as it applies for or in connection with transfers under or by virtue of Chapter <abbr class="Acronym" title="2">II</abbr> of that Part, the transfer date shall be 1st April 1996.</p></content></article><hcontainer name="signatures"><content><block name="signature"><signature><person refersTo="#ref-d4e95">Lindsay</person><role refersTo="#ref-d4e97">Parliamentary Under Secretary of State, Scottish Office</role><location refersTo="#standrew’shouse">St Andrew’s House,</location><location refersTo="#edinburgh">Edinburgh</location><date date="1996-01-22">22nd January 1996</date></signature></block></content></hcontainer></body><conclusions><blockContainer class="ExplanatoryNotes"><intro><p>(This note is not part of the Order)</p></intro><p><authorialNote><p>Chapter <abbr class="Acronym" title="2">II</abbr> of Part I of the Environment Act 1995 provides for the establishment of the Scottish Environment Protection Agency. That Chapter further provides for the transfer to that Agency on the transfer date of the functions, property, rights and liabilities of river purification authorities and Her Majesty’s Industrial Pollution Inspectorate and of certain functions, property, rights and liabilities of local authorities and the Secretary of State. This Order sets 1st April 1996 as the transfer date for those purposes.</p></authorialNote></p></blockContainer></conclusions></act></akomaNtoso>