<akomaNtoso xmlns:xsi="http://www.w3.org/2001/XMLSchema-instance" xmlns="http://docs.oasis-open.org/legaldocml/ns/akn/3.0" xsi:schemaLocation="http://docs.oasis-open.org/legaldocml/ns/akn/3.0 http://docs.oasis-open.org/legaldocml/akn-core/v1.0/cos01/part2-specs/schemas/akomantoso30.xsd"><act name="UnitedKingdomStatutoryInstrument"><meta><identification source="#source"><FRBRWork><FRBRthis value="http://www.legislation.gov.uk/id/uksi/1996/76"/><FRBRuri value="http://www.legislation.gov.uk/id/uksi/1996/76"/><FRBRdate date="1996-01-16" name="made"/><FRBRauthor href="http://www.legislation.gov.uk/id/government/uk"/><FRBRcountry value="GB-UKM"/><FRBRsubtype value="regulation"/><FRBRnumber value="76"/><FRBRname value="S.I. 1996/76"/><FRBRprescriptive value="true"/></FRBRWork><FRBRExpression><FRBRthis value="http://www.legislation.gov.uk/uksi/1996/76/made"/><FRBRuri value="http://www.legislation.gov.uk/uksi/1996/76/made"/><FRBRdate date="1996-01-16" name="made"/><FRBRauthor href="#source"/><FRBRlanguage language="eng"/></FRBRExpression><FRBRManifestation><FRBRthis value="http://www.legislation.gov.uk/uksi/1996/76/made/data.akn"/><FRBRuri value="http://www.legislation.gov.uk/uksi/1996/76/made/data.akn"/><FRBRdate date="2021-07-26+01:00" name="transform"/><FRBRauthor href="http://www.legislation.gov.uk"/><FRBRformat value="application/akn+xml"/></FRBRManifestation></identification><classification source="#source"><keyword value="european union" showAs="European Union" dictionary="http://www.legislation.gov.uk"/><keyword value="civil aviation" showAs="CIVIL AVIATION" dictionary="http://www.legislation.gov.uk"/></classification><lifecycle source="#source"><eventRef date="1996-01-16" type="generation" eId="made-date" source="#source"/><eventRef date="1996-01-23" eId="laid-date-1" source="#source"/><eventRef date="1996-03-01" eId="coming-into-force-date-1" source="#source"/></lifecycle><references source="#source"><TLCOrganization eId="source" href="http://www.legislation.gov.uk/id/publisher/KingsOrQueensPrinterOfActsOfParliament" showAs="Queen's Printer of Acts of Parliament"/><passiveRef href="http://www.legislation.gov.uk/id/uksi/2018/321" showAs="The Civil Aviation (Investigation of Air Accidents and Incidents) Regulations 2018"/><TLCOrganization eId="ref-d4e152" href="/ontology/organization/uk.Department of Transport" showAs="Department of Transport"/><TLCRole eId="ref-d4e150" href="/ontology/role/uk.Parliamentary Under Secretary of State," showAs="Parliamentary Under Secretary of State,"/><TLCPerson eId="ref-d4e148" href="/ontology/persons/uk.Goschen" showAs="Goschen"/><TLCConcept href="/uk/subject/civil-aviation" showAs="CIVIL AVIATION" eId="d4e73"/></references><notes source="#source"><note class="footnote" eId="f00001"><p><abbr class="Acronym" title="Statutory Instrument">S.I.</abbr><ref href="http://www.legislation.gov.uk/id/uksi/1993/2661">1993/2661</ref>.</p></note><note class="footnote" eId="f00002"><p><ref href="http://www.legislation.gov.uk/id/ukpga/1972/68">1972 c. 68</ref>; by virtue of the amendment of section 1(2) of the European Communities Act by section 1 of the European Economic Area Act <ref href="http://www.legislation.gov.uk/id/ukpga/1993/51">1993 (c. 51)</ref> regulations may be made under section 2(2) of the European Communities Act to implement obligations of the United Kingdom created or arising by or under the Agreement on the European Economic Area signed at Oporto on 2nd May 1992 (<abbr title="Command Paper" xml:lang="">Cm</abbr> 2073) and the Protocol adjusting the Agreement signed at Brussels on 17th March 1993 (<abbr title="Command Paper" xml:lang="">Cm</abbr> 2183). Council Directive <ref href="http://www.legislation.gov.uk/european/directive/1994/0056">94/56/<abbr class="Acronym" title="European Community">EC</abbr></ref> was added to Annex <abbr class="Acronym" title="13">XIII</abbr> of the <abbr class="Acronym" title="European Economic Area">EEA</abbr> Agreement by article 1 of the Decision of the <abbr class="Acronym" title="European Economic Area">EEA</abbr> Joint Committee <abbr title="Number" xml:lang="">No.</abbr> 33/95 of 19 May 1995 (<abbr class="Acronym" title="Official Journal">OJ</abbr><abbr title="Number" xml:lang="">No.</abbr> L 273, 16.11.95, p.52).</p></note><note class="footnote" eId="f00003"><p><ref href="http://www.legislation.gov.uk/id/ukpga/1982/16">1982 c. 16</ref>.</p></note><note class="footnote" eId="f00004"><p><abbr class="Acronym" title="Official Journal">OJ</abbr><abbr title="Number" xml:lang="">No.</abbr> L 319, 12.12.94, p.14; a correction to Article 12, which incorrectly states that the implementation date is 21st November 1994 (the correct date is 21st November 1996), has been published in <abbr class="Acronym" title="Official Journal">OJ</abbr><abbr title="Number" xml:lang="">No.</abbr> L 191, 12.8.95, p.39.</p></note></notes><proprietary xmlns:ukl="http://www.legislation.gov.uk/namespaces/legislation" xmlns:ukm="http://www.legislation.gov.uk/namespaces/metadata" xmlns:dc="http://purl.org/dc/elements/1.1/" xmlns:dct="http://purl.org/dc/terms/" xmlns:atom="http://www.w3.org/2005/Atom" source="#source"><dc:identifier>http://www.legislation.gov.uk/uksi/1996/76/made</dc:identifier><dc:title>The Civil Aviation Act (Investigation of Accidents) Regulations 1996</dc:title><dc:subject>European Union</dc:subject><dc:publisher>Queen's Printer of Acts of Parliament</dc:publisher><dc:modified>2011-07-04</dc:modified><dc:subject scheme="SIheading">CIVIL AVIATION</dc:subject><dc:description>These Regulations extend section 75 of the Civil Aviation Act 1982 by conferring power on the Secretary of State to make regulations under that section in order to (a) implement the Community obligations of the United Kingdom under Council Directive 94/56/EC of 21 November 1994 establishing the fundamental principles governing the investigation of civil aviation accidents and incidents and (b) deal with matters arising out of or related to any such obligation.</dc:description><atom:link rel="self" href="http://www.legislation.gov.uk/uksi/1996/76/made/data.xml" type="application/xml"/><atom:link rel="http://www.legislation.gov.uk/def/navigation/resources" href="http://www.legislation.gov.uk/uksi/1996/76/resources" title="More Resources"/><atom:link rel="http://www.legislation.gov.uk/def/navigation/act" href="http://www.legislation.gov.uk/uksi/1996/76/made" title="whole act"/><atom:link rel="http://www.legislation.gov.uk/def/navigation/introduction" href="http://www.legislation.gov.uk/uksi/1996/76/introduction/made" title="introduction"/><atom:link rel="http://www.legislation.gov.uk/def/navigation/signature" href="http://www.legislation.gov.uk/uksi/1996/76/signature/made" title="signature"/><atom:link rel="http://www.legislation.gov.uk/def/navigation/note" href="http://www.legislation.gov.uk/uksi/1996/76/note/made" title="note"/><atom:link rel="http://www.legislation.gov.uk/def/navigation/body" href="http://www.legislation.gov.uk/uksi/1996/76/body/made" title="body"/><atom:link rel="alternate" type="application/rdf+xml" href="http://www.legislation.gov.uk/uksi/1996/76/made/data.rdf" title="RDF/XML"/><atom:link rel="alternate" type="application/akn+xml" href="http://www.legislation.gov.uk/uksi/1996/76/made/data.akn" title="AKN"/><atom:link rel="alternate" type="application/xhtml+xml" href="http://www.legislation.gov.uk/uksi/1996/76/made/data.xht" title="HTML snippet"/><atom:link rel="alternate" type="application/pdf" href="http://www.legislation.gov.uk/uksi/1996/76/made/data.pdf" title="PDF"/><atom:link rel="alternate" type="application/akn+xhtml" href="http://www.legislation.gov.uk/uksi/1996/76/made/data.html" title="HTML5 snippet"/><atom:link rel="http://purl.org/dc/terms/tableOfContents" hreflang="en" href="http://www.legislation.gov.uk/uksi/1996/76/contents/made" title="Table of Contents"/><ukm:SecondaryMetadata><ukm:DocumentClassification><ukm:DocumentCategory Value="secondary"/><ukm:DocumentMainType Value="UnitedKingdomStatutoryInstrument"/><ukm:DocumentStatus Value="final"/><ukm:DocumentMinorType Value="regulation"/></ukm:DocumentClassification><ukm:Year Value="1996"/><ukm:Number Value="76"/><ukm:DepartmentCode Value="DOT 10243"/><ukm:Made Date="1996-01-16"/><ukm:Laid Date="1996-01-23" Class="UnitedKingdomParliament"/><ukm:ComingIntoForce><ukm:DateTime Date="1996-03-01"/></ukm:ComingIntoForce><ukm:ISBN Value="0110539001"/><ukm:UnappliedEffects><ukm:UnappliedEffect EffectId="key-1227efe0bff05f55c0fb376e26571370" AffectedURI="http://www.legislation.gov.uk/id/uksi/1996/76" AffectedClass="UnitedKingdomStatutoryInstrument" AffectingURI="http://www.legislation.gov.uk/id/uksi/2018/321" AffectingClass="UnitedKingdomStatutoryInstrument" URI="http://www.legislation.gov.uk/id/effect/uksi-2018-321-wyn1vu92-5" Row="5" Type="revoked" RequiresApplied="true" AffectedProvisions="Regulations" AffectingEffectsExtent="E+W+S+NI" AffectingYear="2018" AffectingNumber="321" AffectingProvisions="reg. 5(a)" AffectedYear="1996" AffectedNumber="76" Created="2018-03-27T12:08:15Z" Modified="2018-03-27T12:08:15Z"><ukm:AffectedTitle>The Civil Aviation Act (Investigation of Accidents) Regulations 1996</ukm:AffectedTitle><ukm:AffectedProvisions>Regulations</ukm:AffectedProvisions><ukm:AffectingTitle>The Civil Aviation (Investigation of Air Accidents and Incidents) Regulations 2018</ukm:AffectingTitle><ukm:AffectingProvisions><ukm:Section Ref="regulation-5-a" URI="http://www.legislation.gov.uk/id/uksi/2018/321/regulation/5/a">reg. 5(a)</ukm:Section></ukm:AffectingProvisions><ukm:CommencementAuthority><ukm:Section Ref="regulation-1" URI="http://www.legislation.gov.uk/id/uksi/2018/321/regulation/1">reg. 1</ukm:Section></ukm:CommencementAuthority><ukm:InForceDates><ukm:InForce Applied="false" Date="2018-04-09" Qualification="wholly in force"/></ukm:InForceDates></ukm:UnappliedEffect></ukm:UnappliedEffects></ukm:SecondaryMetadata><ukm:Statistics><ukm:TotalParagraphs Value="2"/><ukm:BodyParagraphs Value="2"/><ukm:ScheduleParagraphs Value="0"/><ukm:AttachmentParagraphs Value="0"/><ukm:TotalImages Value="0"/></ukm:Statistics></proprietary></meta><preface><p class="number"><docNumber>1996 No. 76</docNumber></p><block name="subject"><concept class="title" refersTo="#d4e73">CIVIL AVIATION</concept></block><p class="title"><shortTitle>The Civil Aviation Act (Investigation of Accidents) Regulations 1996</shortTitle></p><p class="MadeDate"><span>Made</span><docDate date="1996-01-16">16th January 1996</docDate></p><p class="LaidDate"><span>Laid before Parliament</span><docDate date="1996-01-23">23rd January 1996</docDate></p><p class="ComingIntoForce"><span>Coming into force</span><docDate date="1996-03-01">1st March 1996</docDate></p></preface><preamble><formula name="EnactingText"><p>The Secretary of State for Transport, being a Minister designated<noteRef href="#f00001" class="footnote" marker="1"/> for the purposes of section 2(2) of the European Communities Act 1972<noteRef href="#f00002" class="footnote" marker="2"/> in relation to matters relating to air transport, in exercise of the powers conferred by that section hereby makes the following Regulations:—</p></formula></preamble><body><hcontainer name="regulation" eId="regulation-1"><num>1</num><content><p>These Regulations may be cited as the Civil Aviation Act (Investigation of Accidents) Regulations 1996 and shall come into force on 1st March 1996.</p></content></hcontainer><hcontainer name="regulation" eId="regulation-2"><num>2</num><content><p>After section 75(1) of the Civil Aviation Act 1982<noteRef href="#f00003" class="footnote" marker="3"/> (investigation of accidents: regulations) there shall be inserted—</p><p class="BlockAmendment"><mod><quotedStructure class="unknown unknown unknown default" startQuote="“" endQuote="”"><paragraph eId="d4e117"><num>1A</num><intro><p>The power to make regulations under this section includes power to make provision—</p></intro><subparagraph eId="d4e123"><num>a</num><content><p>for the purpose of implementing the Community obligations of the United Kingdom under Council Directive <ref href="http://www.legislation.gov.uk/european/directive/1994/0056">94/56/<abbr class="Acronym" title="European Community">EC</abbr></ref> of 21 November 1994 establishing the fundamental principles governing the investigation of civil aviation accidents and incidents<noteRef href="#f00004" class="footnote" marker="4"/>;</p></content></subparagraph><subparagraph eId="d4e136"><num>b</num><content><p>for the purpose of dealing with matters arising out of or related to any such obligation.</p></content></subparagraph></paragraph></quotedStructure></mod></p></content></hcontainer><hcontainer name="signatures"><content><p>Signed by authority of the Secretary of State for Transport</p><block name="signature"><signature><person refersTo="#ref-d4e148">Goschen</person><role refersTo="#ref-d4e150">Parliamentary Under Secretary of State,</role><organization refersTo="#ref-d4e152">Department of Transport</organization><date date="1996-01-16">16th January 1996</date></signature></block></content></hcontainer></body><conclusions><blockContainer class="ExplanatoryNotes"><intro><p>(This note is not part of the Regulations)</p></intro><p><authorialNote><p>These Regulations extend section 75 of the Civil Aviation Act 1982 by conferring power on the Secretary of State to make regulations under that section in order to (a) implement the Community obligations of the United Kingdom under Council Directive <ref href="http://www.legislation.gov.uk/european/directive/1994/0056">94/56/<abbr class="Acronym" title="European Community">EC</abbr></ref> of 21 November 1994 establishing the fundamental principles governing the investigation of civil aviation accidents and incidents and (b) deal with matters arising out of or related to any such obligation.</p></authorialNote></p></blockContainer></conclusions></act></akomaNtoso>