<akomaNtoso xmlns:xsi="http://www.w3.org/2001/XMLSchema-instance" xmlns="http://docs.oasis-open.org/legaldocml/ns/akn/3.0" xsi:schemaLocation="http://docs.oasis-open.org/legaldocml/ns/akn/3.0 http://docs.oasis-open.org/legaldocml/akn-core/v1.0/cos01/part2-specs/schemas/akomantoso30.xsd"><act name="UnitedKingdomStatutoryInstrument"><meta><identification source="#source"><FRBRWork><FRBRthis value="http://www.legislation.gov.uk/id/uksi/1996/379"/><FRBRuri value="http://www.legislation.gov.uk/id/uksi/1996/379"/><FRBRdate date="1996-02-21" name="made"/><FRBRauthor href="http://www.legislation.gov.uk/id/government/uk"/><FRBRcountry value="GB-UKM"/><FRBRsubtype value="regulation"/><FRBRnumber value="379"/><FRBRname value="S.I. 1996/379"/><FRBRprescriptive value="true"/></FRBRWork><FRBRExpression><FRBRthis value="http://www.legislation.gov.uk/uksi/1996/379/made"/><FRBRuri value="http://www.legislation.gov.uk/uksi/1996/379/made"/><FRBRdate date="1996-02-21" name="made"/><FRBRauthor href="#source"/><FRBRlanguage language="eng"/></FRBRExpression><FRBRManifestation><FRBRthis value="http://www.legislation.gov.uk/uksi/1996/379/made/data.akn"/><FRBRuri value="http://www.legislation.gov.uk/uksi/1996/379/made/data.akn"/><FRBRdate date="2021-07-26+01:00" name="transform"/><FRBRauthor href="http://www.legislation.gov.uk"/><FRBRformat value="application/akn+xml"/></FRBRManifestation></identification><classification source="#source"><keyword value="television licences" showAs="Television licences" dictionary="http://www.legislation.gov.uk"/><keyword value="telegraphs" showAs="TELEGRAPHS" dictionary="http://www.legislation.gov.uk"/></classification><lifecycle source="#source"><eventRef date="1996-02-21" type="generation" eId="made-date" source="#source"/><eventRef date="1996-02-23" eId="laid-date-1" source="#source"/><eventRef date="1996-04-01" eId="coming-into-force-date-1" source="#source"/></lifecycle><references source="#source"><TLCOrganization eId="source" href="http://www.legislation.gov.uk/id/publisher/KingsOrQueensPrinterOfActsOfParliament" showAs="Queen's Printer of Acts of Parliament"/><passiveRef href="http://www.legislation.gov.uk/id/uksi/1997/290" showAs="The Wireless Telegraphy (Television Licence Fees) Regulations 1997"/><TLCRole eId="ref-d4e224" href="/ontology/role/uk.Secretary of State for National Heritage" showAs="Secretary of State for National Heritage"/><TLCRole eId="ref-d4e238" href="/ontology/role/uk.Two of the Commissioners of Her Majesty’s Treasury" showAs="Two of the Commissioners of Her Majesty’s Treasury"/><TLCPerson eId="ref-d4e222" href="/ontology/persons/uk.VirginiaBottomley" showAs="Virginia Bottomley"/><TLCPerson eId="ref-d4e234" href="/ontology/persons/uk.SimonBurns" showAs="Simon Burns"/><TLCPerson eId="ref-d4e236" href="/ontology/persons/uk.MichaelBates" showAs="Michael Bates"/><TLCConcept href="/uk/subject/telegraphs" showAs="TELEGRAPHS" eId="d4e73"/></references><notes source="#source"><note class="footnote" eId="f00001"><p><ref href="http://www.legislation.gov.uk/id/ukpga/1949/54">1949 c. 54</ref>; section 2 is amended by paragraph 2 of Part I of Schedule 18 to the Broadcasting Act <ref href="http://www.legislation.gov.uk/id/ukpga/1990/42">1990 (c. 42)</ref>. The said Part I was extended to Guernsey by the Broadcasting Act 1990 (Guernsey) Order 1991 (<abbr class="Acronym" title="Statutory Instrument">S.I.</abbr><ref href="http://www.legislation.gov.uk/id/uksi/1991/191">1991/191</ref>), to Jersey by the Broadcasting Act 1990 (Jersey) Order 1991 (<abbr class="Acronym" title="Statutory Instrument">S.I.</abbr><ref href="http://www.legislation.gov.uk/id/uksi/1991/193">1991/193</ref>) and to the Isle of Man by the Broadcasting Act 1990 (Isle of Man) Order 1991 (<abbr class="Acronym" title="Statutory Instrument">S.I.</abbr><ref href="http://www.legislation.gov.uk/id/uksi/1991/192">1991/192</ref>).</p></note><note class="footnote" eId="f00002"><p><abbr class="Acronym" title="Statutory Instrument">S.I.</abbr><ref href="http://www.legislation.gov.uk/id/uksi/1952/1900">1952/1900</ref>.</p></note><note class="footnote" eId="f00003"><p><abbr class="Acronym" title="Statutory Instrument">S.I.</abbr><ref href="http://www.legislation.gov.uk/id/uksi/1952/1899">1952/1899</ref>.</p></note><note class="footnote" eId="f00004"><p>Post Office Act <ref href="http://www.legislation.gov.uk/id/ukpga/1969/48">1969 (c. 48)</ref>; <abbr class="Acronym" title="Statutory Instrument">S.I.</abbr><ref href="http://www.legislation.gov.uk/id/uksi/1969/1369">1969/1369</ref>, <ref href="http://www.legislation.gov.uk/id/uksi/1969/1371">1371</ref>, <ref href="http://www.legislation.gov.uk/id/uksi/1974/691">1974/691</ref>.</p></note><note class="footnote" eId="f00005"><p><abbr class="Acronym" title="Statutory Instrument">S.I.</abbr><ref href="http://www.legislation.gov.uk/id/uksi/1991/436">1991/436</ref>, amended by <abbr class="Acronym" title="Statutory Instrument">S.I.</abbr><ref href="http://www.legislation.gov.uk/id/uksi/1992/353">1992/353</ref>, <ref href="http://www.legislation.gov.uk/id/uksi/1993/476">1993/476</ref>, <ref href="http://www.legislation.gov.uk/id/uksi/1993/2205">2205</ref>, <ref href="http://www.legislation.gov.uk/id/uksi/1994/595">1994/595</ref>, <ref href="http://www.legislation.gov.uk/id/uksi/1995/655">1995/655</ref>.</p></note><note class="footnote" eId="f00006"><p>£28.50, £86.50, £43.26, £21.62, £22.89 and £22.87 are as substituted by <abbr class="Acronym" title="Statutory Instrument">S.I.</abbr><ref href="http://www.legislation.gov.uk/id/uksi/1995/655">1995/655</ref>.</p></note></notes><proprietary xmlns:ukl="http://www.legislation.gov.uk/namespaces/legislation" xmlns:ukm="http://www.legislation.gov.uk/namespaces/metadata" xmlns:dc="http://purl.org/dc/elements/1.1/" xmlns:dct="http://purl.org/dc/terms/" xmlns:atom="http://www.w3.org/2005/Atom" source="#source"><dc:identifier>http://www.legislation.gov.uk/uksi/1996/379/made</dc:identifier><dc:title>The Wireless Telegraphy (Television Licence Fees) (Amendment) Regulations 1996</dc:title><dc:subject>Television licences</dc:subject><dc:publisher>Queen's Printer of Acts of Parliament</dc:publisher><dc:modified>2016-06-07</dc:modified><dc:subject scheme="SIheading">TELEGRAPHS</dc:subject><dc:description>These Regulations increase the amount of the basic fee for television licences from £28.50 to £30 in the case of monochrome and from £86.50 to £89.50 in the case of colour. In the case of instalment licences—the issue fee for the Standard Instalment Licence is increased from £43.26 to £44.76 with instalments increased from £21.62 to £22.37;the issue fee for the Premium Instalment Licence is increased from £22.89 to £23.64 with instalments increased from £22.87 to £23.62;amendments are made in relation to the Budget Instalment Licence so that provision is made for the payment of one of fourteen specified issue fees and, in one case, four but otherwise five equal instalments thereafter; in each case the total amount payable is £89.50.</dc:description><atom:link rel="self" href="http://www.legislation.gov.uk/uksi/1996/379/made/data.xml" type="application/xml"/><atom:link rel="http://www.legislation.gov.uk/def/navigation/resources" href="http://www.legislation.gov.uk/uksi/1996/379/resources" title="More Resources"/><atom:link rel="http://www.legislation.gov.uk/def/navigation/act" href="http://www.legislation.gov.uk/uksi/1996/379/made" title="whole act"/><atom:link rel="http://www.legislation.gov.uk/def/navigation/introduction" href="http://www.legislation.gov.uk/uksi/1996/379/introduction/made" title="introduction"/><atom:link rel="http://www.legislation.gov.uk/def/navigation/signature" href="http://www.legislation.gov.uk/uksi/1996/379/signature/made" title="signature"/><atom:link rel="http://www.legislation.gov.uk/def/navigation/note" href="http://www.legislation.gov.uk/uksi/1996/379/note/made" title="note"/><atom:link rel="http://www.legislation.gov.uk/def/navigation/body" href="http://www.legislation.gov.uk/uksi/1996/379/body/made" title="body"/><atom:link rel="http://www.legislation.gov.uk/def/navigation/schedules" href="http://www.legislation.gov.uk/uksi/1996/379/schedules/made" title="schedules"/><atom:link rel="alternate" type="application/rdf+xml" href="http://www.legislation.gov.uk/uksi/1996/379/made/data.rdf" title="RDF/XML"/><atom:link rel="alternate" type="application/akn+xml" href="http://www.legislation.gov.uk/uksi/1996/379/made/data.akn" title="AKN"/><atom:link rel="alternate" type="application/xhtml+xml" href="http://www.legislation.gov.uk/uksi/1996/379/made/data.xht" title="HTML snippet"/><atom:link rel="alternate" type="application/pdf" href="http://www.legislation.gov.uk/uksi/1996/379/made/data.pdf" title="PDF"/><atom:link rel="alternate" type="application/akn+xhtml" href="http://www.legislation.gov.uk/uksi/1996/379/made/data.html" title="HTML5 snippet"/><atom:link rel="http://purl.org/dc/terms/tableOfContents" hreflang="en" href="http://www.legislation.gov.uk/uksi/1996/379/contents/made" title="Table of Contents"/><ukm:SecondaryMetadata><ukm:DocumentClassification><ukm:DocumentCategory Value="secondary"/><ukm:DocumentMainType Value="UnitedKingdomStatutoryInstrument"/><ukm:DocumentStatus Value="final"/><ukm:DocumentMinorType Value="regulation"/></ukm:DocumentClassification><ukm:Year Value="1996"/><ukm:Number Value="379"/><ukm:Made Date="1996-02-21"/><ukm:Laid Date="1996-02-23" Class="UnitedKingdomParliament"/><ukm:ComingIntoForce><ukm:DateTime Date="1996-04-01"/></ukm:ComingIntoForce><ukm:ISBN Value="0110541162"/><ukm:UnappliedEffects><ukm:UnappliedEffect EffectId="key-a8f8fd7429947e78ba958a209e20d0b5" AffectedURI="http://www.legislation.gov.uk/id/uksi/1996/379" AffectedClass="UnitedKingdomStatutoryInstrument" AffectingURI="http://www.legislation.gov.uk/id/uksi/1997/290" AffectingClass="UnitedKingdomStatutoryInstrument" URI="http://www.legislation.gov.uk/id/effect/upload-b4yrers3--4016" Row="4021" Type="revoked" RequiresApplied="true" AffectedProvisions="Instrument" Comments="revoked" AffectingYear="1997" AffectingNumber="290" AffectingProvisions="reg.1(2), Sch.1" AffectedYear="1996" AffectedNumber="379" Created="2019-07-11T00:00:00" Modified="2019-07-11T00:00:00"><ukm:AffectedTitle>The Wireless Telegraphy (Television Licence Fees) (Amendment) Regulations 1996</ukm:AffectedTitle><ukm:AffectedProvisions>Instrument</ukm:AffectedProvisions><ukm:AffectingTitle>The Wireless Telegraphy (Television Licence Fees) Regulations 1997</ukm:AffectingTitle><ukm:AffectingProvisions><ukm:Section Ref="regulation-1-2" URI="http://www.legislation.gov.uk/id/uksi/1997/290/regulation/1/2">reg.1(2)</ukm:Section><ukm:Section Ref="schedule-1" URI="http://www.legislation.gov.uk/id/uksi/1997/290/schedule/1">Sch.1</ukm:Section></ukm:AffectingProvisions><ukm:InForceDates><ukm:InForce Applied="false" Prospective="true" Qualification=""/></ukm:InForceDates></ukm:UnappliedEffect></ukm:UnappliedEffects></ukm:SecondaryMetadata><ukm:Statistics><ukm:TotalParagraphs Value="3"/><ukm:BodyParagraphs Value="2"/><ukm:ScheduleParagraphs Value="1"/><ukm:AttachmentParagraphs Value="0"/><ukm:TotalImages Value="0"/></ukm:Statistics></proprietary></meta><preface><p class="number"><docNumber>1996 No. 379</docNumber></p><block name="subject"><concept class="title" refersTo="#d4e73">TELEGRAPHS</concept></block><p class="title"><shortTitle>The Wireless Telegraphy (Television Licence Fees) (Amendment) Regulations 1996</shortTitle></p><p class="MadeDate"><span>Made</span><docDate date="1996-02-21">21st February 1996</docDate></p><p class="LaidDate"><span>Laid before Parliament</span><docDate date="1996-02-23">23rd February 1996</docDate></p><p class="ComingIntoForce"><span>Coming into force</span><docDate date="1996-04-01">1st April 1996</docDate></p></preface><preamble><formula name="EnactingText"><p>The Secretary of State in exercise of the powers conferred by section 2 of the Wireless Telegraphy Act 1949<noteRef href="#f00001" class="footnote" marker="1"/>, as it has effect in the United Kingdom and as extended by the Wireless Telegraphy (Channel Islands) Order 1952<noteRef href="#f00002" class="footnote" marker="2"/> and the Wireless Telegraphy (Isle of Man) Order 1952<noteRef href="#f00003" class="footnote" marker="3"/>, and now vested in her<noteRef href="#f00004" class="footnote" marker="4"/>, hereby, with the consent of the Treasury, makes the following Regulations:</p></formula></preamble><body><hcontainer name="regulation" eId="regulation-1"><num>1</num><heading>Citation, commencement, interpretation and extent</heading><paragraph eId="regulation-1-1"><num>1</num><content><p>These Regulations may be cited as the Wireless Telegraphy (Television Licence Fees) (Amendment) Regulations 1996 and shall come into force on 1st April 1996.</p></content></paragraph><paragraph eId="regulation-1-2"><num>2</num><content><p>In these Regulations “the <abbr title="Wireless Telegraphy (Television Licence Fees) Regulations 1991 (S.I. 1991/436)" xml:lang="">1991 Regulations</abbr>” means the Wireless Telegraphy (Television Licence Fees) Regulations 1991.<noteRef href="#f00004" class="footnote" marker="4"/></p></content></paragraph><paragraph eId="regulation-1-3"><num>3</num><content><p>Except as provided in regulation 2(2) below, these Regulations extend to the United Kingdom, the Channel Islands and the Isle of Man.</p></content></paragraph></hcontainer><hcontainer name="regulation" eId="regulation-2"><num>2</num><heading>Amendment of <abbr title="Wireless Telegraphy (Television Licence Fees) Regulations 1991 (S.I. 1991/436)" xml:lang="">1991 Regulations</abbr></heading><paragraph eId="regulation-2-1"><num>1</num><intro><p>The <abbr title="Wireless Telegraphy (Television Licence Fees) Regulations 1991 (S.I. 1991/436)" xml:lang="">1991 Regulations</abbr> shall be further amended as follows:</p></intro><subparagraph eId="regulation-2-1-a"><num>a</num><intro><p>in Schedule 2—</p></intro><clause eId="regulation-2-1-a-i"><num>i</num><content><p>for “£28.50” in each place where it occurs there shall be substituted “£30.00”;</p></content></clause><clause eId="regulation-2-1-a-ii"><num>ii</num><content><p>for “£86.50” in each place where it occurs there shall be substituted “£89.50”;</p></content></clause></subparagraph><subparagraph eId="regulation-2-1-b"><num>b</num><intro><p>in entry 1 in Schedule 3—</p></intro><clause eId="regulation-2-1-b-i"><num>i</num><content><p>for “£43.26” there shall be substituted “£44.76”;</p></content></clause><clause eId="regulation-2-1-b-ii"><num>ii</num><content><p>for “£21.62” there shall be substituted “£22.37”; and</p></content></clause></subparagraph><subparagraph eId="regulation-2-1-c"><num>c</num><intro><p>in entry 2 in Schedule 3—</p></intro><clause eId="regulation-2-1-c-i"><num>i</num><content><p>for “£22.89” there shall be substituted “£23.64”;</p></content></clause><clause eId="regulation-2-1-c-ii"><num>ii</num><content><p>for “£22.87” there shall be substituted “£23.62.”<noteRef href="#f00005" class="footnote" marker="5"/></p></content></clause></subparagraph></paragraph><paragraph eId="regulation-2-2"><num>2</num><content><p>The <abbr title="Wireless Telegraphy (Television Licence Fees) Regulations 1991 (S.I. 1991/436)" xml:lang="">1991 Regulations</abbr> as they have effect in the United Kingdom, the Bailiwick of Guernsey and the Isle of Man shall be further amended by substituting for entry 3 in Schedule 3<noteRef href="#f00006" class="footnote" marker="6"/> the entry set out in the Schedule to these Regulations.</p></content></paragraph></hcontainer><hcontainer name="signatures"><content><block name="signature"><signature><person refersTo="#ref-d4e222">Virginia Bottomley</person><role refersTo="#ref-d4e224">Secretary of State for National Heritage</role><date date="1996-02-20">20th February 1996</date></signature></block><p>We consent to these Regulations</p><block name="signature"><signature><person refersTo="#ref-d4e234">Simon Burns</person><person refersTo="#ref-d4e236">Michael Bates</person><role refersTo="#ref-d4e238">Two of the Commissioners of Her Majesty’s Treasury</role><date date="1996-02-21">21st February 1996</date></signature></block></content></hcontainer><hcontainer name="schedules" eId="d4e243"><hcontainer name="schedule" eId="schedule"><num>SCHEDULE<authorialNote class="referenceNote" placement="right"><p>Regulation 2(2)</p></authorialNote></num><content><p>Entry to be substituted for entry 3 in Schedule 3 to the <abbr title="Wireless Telegraphy (Television Licence Fees) Regulations 1991 (S.I. 1991/436)" xml:lang="">1991 Regulations</abbr>.</p><p class="BlockAmendment"><mod><quotedStructure class="unknown unknown schedule default" startQuote="“" endQuote="”"><tblock class="tabular"><table><tr><td colspan="1" rowspan="1"><p>3 Budget instalment television licence (including colour)</p></td><td colspan="1" rowspan="1"><p>A licence to instal and use black and white or colour television receivers at the single place specified in the licence or (as the case may be) in the single vehicle or vessel so specified.</p></td><td colspan="1" rowspan="1"><p>an issue fee of £52.25 and thereafter five instalments of £7.45; or</p></td></tr><tr><td colspan="1" rowspan="1"><p/></td><td colspan="1" rowspan="1"><p>an issue fee of £51.00 and thereafter five instalments of £7.70; or</p></td></tr><tr><td colspan="1" rowspan="1"><p/></td><td colspan="1" rowspan="1"><p>an issue fee of £48.85 and thereafter five instalments of £8.13; or</p></td></tr><tr><td colspan="1" rowspan="1"><p/></td><td colspan="1" rowspan="1"><p>an issue fee of £47.70 and thereafter five instalments of £8.36; or</p></td></tr><tr><td colspan="1" rowspan="1"><p/></td><td colspan="1" rowspan="1"><p>an issue fee of £44.75 and thereafter five instalments of £8.95; or</p></td></tr><tr><td colspan="1" rowspan="1"><p/></td><td colspan="1" rowspan="1"><p>an issue fee of £43.75 and thereafter five instalments of £9.15; or</p></td></tr><tr><td colspan="1" rowspan="1"><p/></td><td colspan="1" rowspan="1"><p>an issue fee of £39.80 and thereafter five instalments of £9.94; or</p></td></tr><tr><td colspan="1" rowspan="1"><p/></td><td colspan="1" rowspan="1"><p>an issue fee of £38.95 and thereafter five instalments of £10.11; or</p></td></tr><tr><td colspan="1" rowspan="1"><p/></td><td colspan="1" rowspan="1"><p>an issue fee of £33.60 and thereafter five instalments of £11.18; or</p></td></tr><tr><td colspan="1" rowspan="1"><p/></td><td colspan="1" rowspan="1"><p>an issue fee of £32.95 and thereafter five instalments of £11.31; or</p></td></tr><tr><td colspan="1" rowspan="1"><p/></td><td colspan="1" rowspan="1"><p>an issue fee of £25.60 and thereafter five instalments of £12.78; or</p></td></tr><tr><td colspan="1" rowspan="1"><p/></td><td colspan="1" rowspan="1"><p>an issue fee of £25.25 and thereafter five instalments of £12.85; or</p></td></tr><tr><td colspan="1" rowspan="1"><p/></td><td colspan="1" rowspan="1"><p>an issue fee of £17.90 and thereafter four instalments of £17.90; or</p></td></tr><tr><td colspan="1" rowspan="1"><p/></td><td colspan="1" rowspan="1"><p>an issue fee of £14.95 and thereafter five instalments of £14.91. In each case the first instalment shall be payable within the period of one month beginning immediately after the issue of the licence and the second,, third,, fourth and,, where applicable,, the fifth within the periods of two,, three,, four and five months respectively beginning immediately after that issue.</p></td></tr></table></tblock></quotedStructure></mod></p></content></hcontainer></hcontainer></body><conclusions><blockContainer class="ExplanatoryNotes"><intro><p>(This note is not part of the Regulations)</p></intro><p><authorialNote><p>These Regulations increase the amount of the basic fee for television licences from £28.50 to £30 in the case of monochrome and from £86.50 to £89.50 in the case of colour. In the case of instalment licences—</p><paragraph eId="d4e328"><num>a</num><content><p>the issue fee for the Standard Instalment Licence is increased from £43.26 to £44.76 with instalments increased from £21.62 to £22.37;</p></content></paragraph><paragraph eId="d4e334"><num>b</num><content><p>the issue fee for the Premium Instalment Licence is increased from £22.89 to £23.64 with instalments increased from £22.87 to £23.62;</p></content></paragraph><paragraph eId="d4e340"><num>c</num><content><p>amendments are made in relation to the Budget Instalment Licence so that provision is made for the payment of one of fourteen specified issue fees and, in one case, four but otherwise five equal instalments thereafter; in each case the total amount payable is £89.50.</p></content></paragraph></authorialNote></p></blockContainer></conclusions></act></akomaNtoso>