<akomaNtoso xmlns:xsi="http://www.w3.org/2001/XMLSchema-instance" xmlns="http://docs.oasis-open.org/legaldocml/ns/akn/3.0" xsi:schemaLocation="http://docs.oasis-open.org/legaldocml/ns/akn/3.0 http://docs.oasis-open.org/legaldocml/akn-core/v1.0/cos01/part2-specs/schemas/akomantoso30.xsd"><act name="UnitedKingdomStatutoryInstrument"><meta><identification source="#source"><FRBRWork><FRBRthis value="http://www.legislation.gov.uk/id/uksi/1996/230"/><FRBRuri value="http://www.legislation.gov.uk/id/uksi/1996/230"/><FRBRdate date="1996-02-05" name="made"/><FRBRauthor href="http://www.legislation.gov.uk/id/government/uk"/><FRBRcountry value="GB-UKM"/><FRBRsubtype value="scheme"/><FRBRnumber value="230"/><FRBRname value="S.I. 1996/230"/><FRBRprescriptive value="true"/></FRBRWork><FRBRExpression><FRBRthis value="http://www.legislation.gov.uk/uksi/1996/230/made"/><FRBRuri value="http://www.legislation.gov.uk/uksi/1996/230/made"/><FRBRdate date="1996-02-05" name="made"/><FRBRauthor href="#source"/><FRBRlanguage language="eng"/></FRBRExpression><FRBRManifestation><FRBRthis value="http://www.legislation.gov.uk/uksi/1996/230/made/data.akn"/><FRBRuri value="http://www.legislation.gov.uk/uksi/1996/230/made/data.akn"/><FRBRdate date="2021-07-26+01:00" name="transform"/><FRBRauthor href="http://www.legislation.gov.uk"/><FRBRformat value="application/akn+xml"/></FRBRManifestation></identification><classification source="#source"><keyword value="business awards and grants" showAs="Business awards and grants" dictionary="http://www.legislation.gov.uk"/><keyword value="agriculture;horticulture" showAs="AGRICULTURE;HORTICULTURE" dictionary="http://www.legislation.gov.uk"/></classification><lifecycle source="#source"><eventRef date="1996-02-05" type="generation" eId="made-date" source="#source"/><eventRef date="1996-02-09" eId="laid-date-1" source="#source"/><eventRef date="1996-02-19" eId="coming-into-force-date-1" source="#source"/></lifecycle><references source="#source"><TLCOrganization eId="source" href="http://www.legislation.gov.uk/id/publisher/KingsOrQueensPrinterOfActsOfParliament" showAs="Queen's Printer of Acts of Parliament"/><TLCRole eId="ref-d4e149" href="/ontology/role/uk.Parliamentary Secretary, Ministry of Agriculture, Fisheries and Food" showAs="Parliamentary Secretary, Ministry of Agriculture, Fisheries and Food"/><TLCRole eId="ref-d4e161" href="/ontology/role/uk.Parliamentary Under Secretary of State, Welsh Office" showAs="Parliamentary Under Secretary of State, Welsh Office"/><TLCRole eId="ref-d4e175" href="/ontology/role/uk.Two of the Lords Commissioners of Her Majesty’s Treasury" showAs="Two of the Lords Commissioners of Her Majesty’s Treasury"/><TLCPerson eId="ref-d4e147" href="/ontology/persons/uk.TimBoswell" showAs="Tim Boswell"/><TLCPerson eId="ref-d4e159" href="/ontology/persons/uk.GwilymJones" showAs="Gwilym Jones"/><TLCPerson eId="ref-d4e171" href="/ontology/persons/uk.SimonBurns" showAs="Simon Burns"/><TLCPerson eId="ref-d4e173" href="/ontology/persons/uk.BowenWells" showAs="Bowen Wells"/><TLCConcept href="/uk/subject/agriculture" showAs="AGRICULTURE" eId="d4e56"/><TLCConcept href="/uk/subject/horticulture" showAs="HORTICULTURE" eId="d4e58"/></references><notes source="#source"><note class="footnote" eId="f00001"><p><ref href="http://www.legislation.gov.uk/id/ukpga/1970/40">1970 c. 40</ref>.</p></note><note class="footnote" eId="f00002"><p><abbr class="Acronym" title="Statutory Instrument">S.I.</abbr><ref href="http://www.legislation.gov.uk/id/uksi/1989/128">1989/128</ref>, amended by <abbr class="Acronym" title="Statutory Instrument">S.I.</abbr><ref href="http://www.legislation.gov.uk/id/uksi/1990/1126">1990/1126</ref>, <ref href="http://www.legislation.gov.uk/id/uksi/1991/1338">1991/1338</ref>, <abbr class="Acronym" title="Statutory Instrument">S.I.</abbr><ref href="http://www.legislation.gov.uk/id/uksi/1993/2901">1993/2901</ref>, <abbr class="Acronym" title="Statutory Instrument">S.I.</abbr><ref href="http://www.legislation.gov.uk/id/uksi/1994/1302">1994/1302</ref>, <abbr class="Acronym" title="Statutory Instrument">S.I.</abbr><ref href="http://www.legislation.gov.uk/id/uksi/1994/3002">1994/3002</ref> and <abbr class="Acronym" title="Statutory Instrument">S.I.</abbr><ref href="http://www.legislation.gov.uk/id/uksi/1995/890">1995/890</ref>.</p></note></notes><proprietary xmlns:ukl="http://www.legislation.gov.uk/namespaces/legislation" xmlns:ukm="http://www.legislation.gov.uk/namespaces/metadata" xmlns:dc="http://purl.org/dc/elements/1.1/" xmlns:dct="http://purl.org/dc/terms/" xmlns:atom="http://www.w3.org/2005/Atom" source="#source"><dc:identifier>http://www.legislation.gov.uk/uksi/1996/230/made</dc:identifier><dc:title>The Farm and Conservation Grant (Variation) Scheme 1996</dc:title><dc:subject>Business awards and grants</dc:subject><dc:publisher>Queen's Printer of Acts of Parliament</dc:publisher><dc:modified>2011-07-04</dc:modified><dc:subject scheme="SIheading">AGRICULTURE;HORTICULTURE</dc:subject><dc:description>This Scheme further varies the Farm and Conservation Grant Scheme 1989 by providing that in relation to an agricultural business in Wales a claim for grant must be received on or before 18th February 1998. That closing date does not, however, apply to claims for grant in respect of facilities for the handling, storage and treatment of agricultural effluents and waste and related fixed disposal facilities or in respect of poultry manure stores. Such claims must be received on or before 19th February 1996 (paragraphs 2 to 4).</dc:description><atom:link rel="self" href="http://www.legislation.gov.uk/uksi/1996/230/made/data.xml" type="application/xml"/><atom:link rel="http://www.legislation.gov.uk/def/navigation/resources" href="http://www.legislation.gov.uk/uksi/1996/230/resources" title="More Resources"/><atom:link rel="http://www.legislation.gov.uk/def/navigation/act" href="http://www.legislation.gov.uk/uksi/1996/230/made" title="whole act"/><atom:link rel="http://www.legislation.gov.uk/def/navigation/introduction" href="http://www.legislation.gov.uk/uksi/1996/230/introduction/made" title="introduction"/><atom:link rel="http://www.legislation.gov.uk/def/navigation/signature" href="http://www.legislation.gov.uk/uksi/1996/230/signature/made" title="signature"/><atom:link rel="http://www.legislation.gov.uk/def/navigation/note" href="http://www.legislation.gov.uk/uksi/1996/230/note/made" title="note"/><atom:link rel="http://www.legislation.gov.uk/def/navigation/body" href="http://www.legislation.gov.uk/uksi/1996/230/body/made" title="body"/><atom:link rel="alternate" type="application/rdf+xml" href="http://www.legislation.gov.uk/uksi/1996/230/made/data.rdf" title="RDF/XML"/><atom:link rel="alternate" type="application/akn+xml" href="http://www.legislation.gov.uk/uksi/1996/230/made/data.akn" title="AKN"/><atom:link rel="alternate" type="application/xhtml+xml" href="http://www.legislation.gov.uk/uksi/1996/230/made/data.xht" title="HTML snippet"/><atom:link rel="alternate" type="application/pdf" href="http://www.legislation.gov.uk/uksi/1996/230/made/data.pdf" title="PDF"/><atom:link rel="alternate" type="application/akn+xhtml" href="http://www.legislation.gov.uk/uksi/1996/230/made/data.html" title="HTML5 snippet"/><atom:link rel="http://purl.org/dc/terms/tableOfContents" hreflang="en" href="http://www.legislation.gov.uk/uksi/1996/230/contents/made" title="Table of Contents"/><ukm:SecondaryMetadata><ukm:DocumentClassification><ukm:DocumentCategory Value="secondary"/><ukm:DocumentMainType Value="UnitedKingdomStatutoryInstrument"/><ukm:DocumentStatus Value="final"/><ukm:DocumentMinorType Value="scheme"/></ukm:DocumentClassification><ukm:Year Value="1996"/><ukm:Number Value="230"/><ukm:Made Date="1996-02-05"/><ukm:Laid Date="1996-02-09" Class="UnitedKingdomParliament"/><ukm:ComingIntoForce><ukm:DateTime Date="1996-02-19"/></ukm:ComingIntoForce><ukm:ISBN Value="0110543580"/></ukm:SecondaryMetadata><ukm:Statistics><ukm:TotalParagraphs Value="4"/><ukm:BodyParagraphs Value="4"/><ukm:ScheduleParagraphs Value="0"/><ukm:AttachmentParagraphs Value="0"/><ukm:TotalImages Value="0"/></ukm:Statistics></proprietary></meta><preface><p class="number"><docNumber>1996 No. 230</docNumber></p><block name="subject"><concept class="title" refersTo="#d4e56">AGRICULTURE</concept><concept class="subtitle" refersTo="#d4e58">HORTICULTURE</concept></block><p class="title"><shortTitle>The Farm and Conservation Grant (Variation) Scheme 1996</shortTitle></p><p class="approved">Approved by both Houses of Parliament</p><p class="MadeDate"><span>Made</span><docDate date="1996-02-05">5th February 1996</docDate></p><p class="LaidDate"><span>Laid before Parliament</span><docDate date="1996-02-09">9th February 1996</docDate></p><p class="ComingIntoForce"><span>Coming into force</span><docDate date="1996-02-19">19th February 1996</docDate></p></preface><preamble><formula name="EnactingText"><p>The Minister of Agriculture, Fisheries and Food and the Secretary of State for Wales, acting jointly, in exercise of the powers conferred on them by sections 28 and 29 of the Agriculture Act 1970<noteRef href="#f00001" class="footnote" marker="1"/>, and of all other powers enabling them in that behalf, with the approval of the Treasury, hereby make the following Scheme:</p></formula></preamble><body><section eId="section-1"><num>1</num><heading>Title, commencement and extent</heading><subsection eId="section-1-1"><num>1</num><content><p>This Scheme may be cited as the Farm and Conservation Grant (Variation) Scheme 1996 and shall come into force on 19th February 1996.</p></content></subsection><subsection eId="section-1-2"><num>2</num><content><p>This Scheme shall apply to England and Wales.</p></content></subsection></section><hcontainer name="P1group" eId="d4e106"><heading>Variation of the principal Scheme</heading><section eId="section-2"><num>2</num><content><p>The Farm and Conservation Grant Scheme 1989<noteRef href="#f00002" class="footnote" marker="2"/> shall be further varied in accordance with paragraphs 3 and 4 below.</p></content></section><section eId="section-3"><num>3</num><content><p>In paragraph 7(1) (closing dates for claims and incurring certain expenditure), after the words “subject to”, there shall be inserted the words “paragraphs (1A) and”.</p></content></section><section eId="section-4"><num>4</num><content><p>After paragraph 7(1) there shall be inserted the following sub-paragraphs:—</p><p class="BlockAmendment"><mod><quotedStructure class="unknown unknown unknown default" startQuote="“" endQuote="”"><subsection eId="d4e130"><num>1A</num><content><p>Subject to paragraphs (1B) and (2) below, the appropriate Minister shall not, in relation to an agricultural business in Wales, pay any grant under this Scheme unless the claim for grant is received by him on or before 18th February 1998.</p></content></subsection><subsection eId="d4e136"><num>1B</num><content><p>Sub-paragraph (1A) above shall not apply to a claim for grant made in relation to any work, facility or transaction of a kind specified in paragraph 1(b) or (c) in column 1 of Schedule 1.</p></content></subsection></quotedStructure></mod><inline name="AppendText">.</inline></p></content></section></hcontainer><hcontainer name="signatures"><content><block name="signature"><signature><person refersTo="#ref-d4e147">Tim Boswell</person><role refersTo="#ref-d4e149">Parliamentary Secretary, Ministry of Agriculture, Fisheries and Food</role><date date="1996-01-31">31st January 1996</date></signature></block><p>Signed by authority of the Secretary of State for Wales</p><block name="signature"><signature><person refersTo="#ref-d4e159">Gwilym Jones</person><role refersTo="#ref-d4e161">Parliamentary Under Secretary of State, Welsh Office</role><date date="1996-01-24">24th January 1996</date></signature></block><p>We approve,</p><block name="signature"><signature><person refersTo="#ref-d4e171">Simon Burns</person><person refersTo="#ref-d4e173">Bowen Wells</person><role refersTo="#ref-d4e175">Two of the Lords Commissioners of Her Majesty’s Treasury</role><date date="1996-02-05">5th February 1996</date></signature></block></content></hcontainer></body><conclusions><blockContainer class="ExplanatoryNotes"><intro><p>(This note is not part of the Scheme)</p></intro><p><authorialNote><p>This Scheme further varies the Farm and Conservation Grant Scheme 1989 by providing that in relation to an agricultural business in Wales a claim for grant must be received on or before 18th February 1998. That closing date does not, however, apply to claims for grant in respect of facilities for the handling, storage and treatment of agricultural effluents and waste and related fixed disposal facilities or in respect of poultry manure stores. Such claims must be received on or before 19th February 1996 (paragraphs 2 to 4).</p></authorialNote></p></blockContainer></conclusions></act></akomaNtoso>