<akomaNtoso xmlns:xsi="http://www.w3.org/2001/XMLSchema-instance" xmlns="http://docs.oasis-open.org/legaldocml/ns/akn/3.0" xsi:schemaLocation="http://docs.oasis-open.org/legaldocml/ns/akn/3.0 http://docs.oasis-open.org/legaldocml/akn-core/v1.0/cos01/part2-specs/schemas/akomantoso30.xsd"><act name="UnitedKingdomStatutoryInstrument"><meta><identification source="#source"><FRBRWork><FRBRthis value="http://www.legislation.gov.uk/id/uksi/1996/498"/><FRBRuri value="http://www.legislation.gov.uk/id/uksi/1996/498"/><FRBRdate date="1996-02-29" name="made"/><FRBRauthor href="http://www.legislation.gov.uk/id/government/uk"/><FRBRcountry value="GB-UKM"/><FRBRsubtype value="order"/><FRBRnumber value="498"/><FRBRname value="S.I. 1996/498"/><FRBRprescriptive value="true"/></FRBRWork><FRBRExpression><FRBRthis value="http://www.legislation.gov.uk/uksi/1996/498/made"/><FRBRuri value="http://www.legislation.gov.uk/uksi/1996/498/made"/><FRBRdate date="1996-02-29" name="made"/><FRBRauthor href="#source"/><FRBRlanguage language="eng"/></FRBRExpression><FRBRManifestation><FRBRthis value="http://www.legislation.gov.uk/uksi/1996/498/made/data.akn"/><FRBRuri value="http://www.legislation.gov.uk/uksi/1996/498/made/data.akn"/><FRBRdate date="2021-07-26+01:00" name="transform"/><FRBRauthor href="http://www.legislation.gov.uk"/><FRBRformat value="application/akn+xml"/></FRBRManifestation></identification><classification source="#source"><keyword value="financial service industries" showAs="Financial service industries" dictionary="http://www.legislation.gov.uk"/><keyword value="financial services" showAs="FINANCIAL SERVICES" dictionary="http://www.legislation.gov.uk"/></classification><lifecycle source="#source"><eventRef date="1996-02-29" type="generation" eId="made-date" source="#source"/><eventRef date="1996-03-01" eId="laid-date-1" source="#source"/><eventRef date="1996-03-01" eId="coming-into-force-date-1" source="#source"/></lifecycle><references source="#source"><TLCOrganization eId="source" href="http://www.legislation.gov.uk/id/publisher/KingsOrQueensPrinterOfActsOfParliament" showAs="Queen's Printer of Acts of Parliament"/><passiveRef href="http://www.legislation.gov.uk/id/uksi/1996/1197" showAs="The Financial Services Act 1986 (Gas Industry Exemption) (Amendment) Order 1996"/><passiveRef href="http://www.legislation.gov.uk/id/uksi/1999/2586" showAs="The Financial Services Act 1986 (Gas Industry Exemption) Order 1999"/><TLCRole eId="ref-d4e182" href="/ontology/role/uk.Two of the Lords Commissioners of Her Majesty’s Treasury." showAs="Two of the Lords Commissioners of Her Majesty’s Treasury."/><TLCPerson eId="ref-d4e178" href="/ontology/persons/uk.SimonBurns" showAs="Simon Burns"/><TLCPerson eId="ref-d4e180" href="/ontology/persons/uk.LiamFox" showAs="Liam Fox"/><TLCConcept href="/uk/subject/financial-services" showAs="FINANCIAL SERVICES" eId="d4e92"/></references><notes source="#source"><note class="footnote" eId="f00001"><p><ref href="http://www.legislation.gov.uk/id/ukpga/1995/45">1995 c. 45</ref>.</p></note><note class="footnote" eId="f00002"><p><ref href="http://www.legislation.gov.uk/id/ukpga/1986/44">1986 c. 44</ref>. The Gas Act 1986 has been amended by the Gas Act <ref href="http://www.legislation.gov.uk/id/ukpga/1995/45">1995 (c. 45)</ref>. Section 7 of the Gas Act 1986 is to be substituted by section 5 of the Gas Act 1995.</p></note><note class="footnote" eId="f00003"><p>Section 7A of the Gas Act 1986 is to be inserted by section 6 of the Gas Act 1995.</p></note><note class="footnote" eId="f00004"><p><ref href="http://www.legislation.gov.uk/id/ukpga/1986/60">1986 c. 60</ref>.</p></note><note class="footnote" eId="f00005"><p>The functions of the Secretary of State under section 46 were transferred to the Treasury by <abbr class="Acronym" title="Statutory Instrument">S.I.</abbr><ref href="http://www.legislation.gov.uk/id/uksi/1992/1315">1992/1315</ref>.</p></note><note class="footnote" eId="f00006"><p>Section 205A was inserted by the Companies Act <ref href="http://www.legislation.gov.uk/id/ukpga/1989/40">1989 (c. 40)</ref>.</p></note></notes><proprietary xmlns:ukl="http://www.legislation.gov.uk/namespaces/legislation" xmlns:ukm="http://www.legislation.gov.uk/namespaces/metadata" xmlns:dc="http://purl.org/dc/elements/1.1/" xmlns:dct="http://purl.org/dc/terms/" xmlns:atom="http://www.w3.org/2005/Atom" source="#source"><dc:identifier>http://www.legislation.gov.uk/uksi/1996/498/made</dc:identifier><dc:title>The Financial Services Act 1986 (Gas Industry Exemption) Order 1996</dc:title><dc:subject>Financial service industries</dc:subject><dc:publisher>Queen's Printer of Acts of Parliament</dc:publisher><dc:modified>2011-07-04</dc:modified><dc:subject scheme="SIheading">FINANCIAL SERVICES</dc:subject><atom:link rel="self" href="http://www.legislation.gov.uk/uksi/1996/498/made/data.xml" type="application/xml"/><atom:link rel="http://www.legislation.gov.uk/def/navigation/resources" href="http://www.legislation.gov.uk/uksi/1996/498/resources" title="More Resources"/><atom:link rel="http://www.legislation.gov.uk/def/navigation/act" href="http://www.legislation.gov.uk/uksi/1996/498/made" title="whole act"/><atom:link rel="http://www.legislation.gov.uk/def/navigation/introduction" href="http://www.legislation.gov.uk/uksi/1996/498/introduction/made" title="introduction"/><atom:link rel="http://www.legislation.gov.uk/def/navigation/signature" href="http://www.legislation.gov.uk/uksi/1996/498/signature/made" title="signature"/><atom:link rel="http://www.legislation.gov.uk/def/navigation/body" href="http://www.legislation.gov.uk/uksi/1996/498/body/made" title="body"/><atom:link rel="alternate" type="application/rdf+xml" href="http://www.legislation.gov.uk/uksi/1996/498/made/data.rdf" title="RDF/XML"/><atom:link rel="alternate" type="application/akn+xml" href="http://www.legislation.gov.uk/uksi/1996/498/made/data.akn" title="AKN"/><atom:link rel="alternate" type="application/xhtml+xml" href="http://www.legislation.gov.uk/uksi/1996/498/made/data.xht" title="HTML snippet"/><atom:link rel="alternate" type="application/pdf" href="http://www.legislation.gov.uk/uksi/1996/498/made/data.pdf" title="PDF"/><atom:link rel="alternate" type="application/akn+xhtml" href="http://www.legislation.gov.uk/uksi/1996/498/made/data.html" title="HTML5 snippet"/><atom:link rel="http://purl.org/dc/terms/tableOfContents" hreflang="en" href="http://www.legislation.gov.uk/uksi/1996/498/contents/made" title="Table of Contents"/><ukm:SecondaryMetadata><ukm:DocumentClassification><ukm:DocumentCategory Value="secondary"/><ukm:DocumentMainType Value="UnitedKingdomStatutoryInstrument"/><ukm:DocumentStatus Value="final"/><ukm:DocumentMinorType Value="order"/></ukm:DocumentClassification><ukm:Year Value="1996"/><ukm:Number Value="498"/><ukm:Made Date="1996-02-29"/><ukm:Laid Date="1996-03-01" Class="UnitedKingdomParliament"/><ukm:ComingIntoForce><ukm:DateTime Date="1996-03-01"/></ukm:ComingIntoForce><ukm:ISBN Value="0110545842"/><ukm:UnappliedEffects><ukm:UnappliedEffect EffectId="key-22c6fe840d253cff091625ffb27310d4" AffectedURI="http://www.legislation.gov.uk/id/uksi/1996/498" AffectedClass="UnitedKingdomStatutoryInstrument" AffectingURI="http://www.legislation.gov.uk/id/uksi/1996/1197" AffectingClass="UnitedKingdomStatutoryInstrument" URI="http://www.legislation.gov.uk/id/effect/key-22c6fe840d253cff091625ffb27310d4" Row="4337" Type="amended" RequiresApplied="true" AffectedProvisions="art.1" Comments="art.1 am." AffectingYear="1996" AffectingNumber="1197" AffectingProvisions="art.2" AffectedYear="1996" AffectedNumber="498" Created="2019-05-02T00:00:00" Modified="2019-05-02T00:00:00"><ukm:AffectedTitle>The Financial Services Act 1986 (Gas Industry Exemption) Order 1996</ukm:AffectedTitle><ukm:AffectedProvisions><ukm:Section Ref="article-1" URI="http://www.legislation.gov.uk/id/uksi/1996/498/article/1">art.1</ukm:Section></ukm:AffectedProvisions><ukm:AffectingTitle>The Financial Services Act 1986 (Gas Industry Exemption) (Amendment) Order 1996</ukm:AffectingTitle><ukm:AffectingProvisions><ukm:Section Ref="article-2" URI="http://www.legislation.gov.uk/id/uksi/1996/1197/article/2">art.2</ukm:Section></ukm:AffectingProvisions><ukm:InForceDates><ukm:InForce Applied="false" Prospective="true" Qualification=""/></ukm:InForceDates></ukm:UnappliedEffect><ukm:UnappliedEffect EffectId="key-7c84bec7438f31d25c94f39d195d18cf" AffectedURI="http://www.legislation.gov.uk/id/uksi/1996/498" AffectedClass="UnitedKingdomStatutoryInstrument" AffectingURI="http://www.legislation.gov.uk/id/uksi/1999/2586" AffectingClass="UnitedKingdomStatutoryInstrument" URI="http://www.legislation.gov.uk/id/effect/upload-b1z2e7x3--3675" Row="3680" Type="revoked" RequiresApplied="true" AffectedProvisions="Act" Comments="revoked" AffectingYear="1999" AffectingNumber="2586" AffectingProvisions="art.6" AffectedYear="1996" AffectedNumber="498" Created="2019-03-19T00:00:00" Modified="2019-03-19T00:00:00"><ukm:AffectedTitle>The Financial Services Act 1986 (Gas Industry Exemption) Order 1996</ukm:AffectedTitle><ukm:AffectedProvisions>Act</ukm:AffectedProvisions><ukm:AffectingTitle>The Financial Services Act 1986 (Gas Industry Exemption) Order 1999</ukm:AffectingTitle><ukm:AffectingProvisions><ukm:Section Ref="article-6" URI="http://www.legislation.gov.uk/id/uksi/1999/2586/article/6">art.6</ukm:Section></ukm:AffectingProvisions><ukm:InForceDates><ukm:InForce Applied="false" Prospective="true" Qualification=""/></ukm:InForceDates></ukm:UnappliedEffect><ukm:UnappliedEffect EffectId="key-22c6fe840d253cff091625ffb27310d4" AffectedURI="http://www.legislation.gov.uk/id/uksi/1996/498" AffectedClass="UnitedKingdomStatutoryInstrument" AffectingURI="http://www.legislation.gov.uk/id/uksi/1996/1197" AffectingClass="UnitedKingdomStatutoryInstrument" URI="http://www.legislation.gov.uk/id/effect/upload-b507ayy3--2638" Row="2643" Type="amended" RequiresApplied="true" AffectedProvisions="art.1" Comments="art.1 am." AffectingYear="1996" AffectingNumber="1197" AffectingProvisions="art.2" AffectedYear="1996" AffectedNumber="498" Created="2019-07-11T00:00:00" Modified="2019-07-11T00:00:00"><ukm:AffectedTitle>The Financial Services Act 1986 (Gas Industry Exemption) Order 1996</ukm:AffectedTitle><ukm:AffectedProvisions><ukm:Section Ref="article-1" URI="http://www.legislation.gov.uk/id/uksi/1996/498/article/1">art.1</ukm:Section></ukm:AffectedProvisions><ukm:AffectingTitle>The Financial Services Act 1986 (Gas Industry Exemption) (Amendment) Order 1996</ukm:AffectingTitle><ukm:AffectingProvisions><ukm:Section Ref="article-2" URI="http://www.legislation.gov.uk/id/uksi/1996/1197/article/2">art.2</ukm:Section></ukm:AffectingProvisions><ukm:InForceDates><ukm:InForce Applied="false" Prospective="true" Qualification=""/></ukm:InForceDates></ukm:UnappliedEffect></ukm:UnappliedEffects></ukm:SecondaryMetadata><ukm:Statistics><ukm:TotalParagraphs Value="2"/><ukm:BodyParagraphs Value="2"/><ukm:ScheduleParagraphs Value="0"/><ukm:AttachmentParagraphs Value="0"/><ukm:TotalImages Value="0"/></ukm:Statistics></proprietary></meta><preface><p class="number"><docNumber>1996 No. 498</docNumber></p><block name="subject"><concept class="title" refersTo="#d4e92">FINANCIAL SERVICES</concept></block><p class="title"><shortTitle>The Financial Services Act 1986 (Gas Industry Exemption) Order 1996</shortTitle></p><p class="MadeDate"><span>Made</span><docDate date="1996-02-29">29th February 1996</docDate></p><p class="LaidDate"><span>Laid before Parliament</span><docDate date="1996-03-01">1st March 1996</docDate></p><p class="ComingIntoForce"><span>Coming into force</span><docDate date="1996-03-01">1st March 1996</docDate></p></preface><preamble><p>Whereas it appears to the Treasury that by virtue of paragraph 4 of Schedule 5 to the Gas Act 1995<noteRef href="#f00001" class="footnote" marker="1"/> the Secretary of State must make a scheme providing for the authorisation of British Gas plc under section 7 of the Gas Act 1986<noteRef href="#f00002" class="footnote" marker="2"/> as a public gas supplier to have effect as a licence granted under that section as it is to be substituted, permitting British Gas plc to be a public gas transporter; and</p><p>Whereas it appears to the Treasury that the scheme which must be made by the Secretary of State under paragraph 4 of Schedule 5 to that Act must provide for certain conditions, which have been determined under section 8(2) of the Gas Act 1995 to be standard conditions for the purposes of licences granted under section 7 of the Gas Act 1986 as it is to be substituted, to be incorporated in any licence treated as granted under that section; and</p><p>Whereas it appears to the Treasury that those conditions include a condition that a public gas transporter must prepare a code governing the conveyance and storage of gas and that it appears that British Gas plc has prepared such a code and a code which also governs the buying and selling of gas in its pipeline and in storage; and</p><p>Whereas it appears to the Treasury that British Gas plc has made arrangements (“the arrangements”) to enable or facilitate the buying and selling of gas in its pipeline system and in storage, gas storage capacity and gas transportation capacity; and</p><p>Whereas it appears to the Treasury that by virtue of paragraph 16 of Schedule 5 to the Gas Act 1995 the Secretary of State must make a scheme which provides for the authorisations of certain persons under section 8 of the Gas Act 1986 to have effect as licences granted under section 7A(2) of that Act<noteRef href="#f00003" class="footnote" marker="3"/> permitting them to be gas shippers; and</p><p>Whereas it appears to the Treasury that all the persons who will be buying and selling gas, gas storage capacity and gas transportation capacity through the arrangements will be licensed under section 7A(2) of the Gas Act 1986; and</p><p>Whereas it appears to the Treasury that British Gas plc is likely, when acting in its capacity as a public gas transporter, to engage in activities falling within paragraph 12 or 13 of Schedule 1 to the Financial Services Act 1986<noteRef href="#f00004" class="footnote" marker="4"/> which involve investments within paragraph 8 of that Schedule; and</p><p>Whereas it appears to the Treasury that those activities will be incidental to the principal activities of British Gas plc when acting in its capacity as a public gas transporter and are not intended or likely to facilitate or enable the development of a market in the investments dealt in which subsists wholly or principally for speculative purposes; and</p><p>Whereas it appears to the Treasury likely that those persons who deal in investments with British Gas plc when acting in its capacity as a public gas transporter or who take part in the arrangements will be persons who are sufficiently expert to understand the risks involved;</p><formula name="EnactingText"><p>Now, therefore, the Treasury, in exercise of the powers conferred on them by section 46<noteRef href="#f00005" class="footnote" marker="5"/> and section 205A<noteRef href="#f00006" class="footnote" marker="6"/> of the Financial Services Act 1986, and of all other powers enabling them in that behalf, hereby make the following order:</p></formula></preamble><body><article eId="article-1"><num>1</num><heading>Citation and commencement</heading><content><p>This Order may be cited as the Financial Services (Gas Industry Exemption) Order and shall come into force on 1st March 1996.</p></content></article><article eId="article-2"><num>2</num><heading>Exemption</heading><content><p>British Gas plc shall be an exempted person as respects any activities within paragraph 12 or 13 of Schedule 1 to the Financial Services Act 1986 in which it engages in its capacity as a public gas transporter licensed under section 7 of the Gas Act 1986 which enable or facilitate persons holding licences under section 7A(2) of the Gas Act 1986 to buy or sell investments within paragraph 8 of Schedule 1 to the Financial Services Act 1986.</p></content></article><hcontainer name="signatures"><content><block name="signature"><signature><person refersTo="#ref-d4e178">Simon Burns</person><person refersTo="#ref-d4e180">Liam Fox</person><role refersTo="#ref-d4e182">Two of the Lords Commissioners of Her Majesty’s Treasury.</role><date date="1996-02-29">29th February 1996</date></signature></block></content></hcontainer></body></act></akomaNtoso>