<akomaNtoso xmlns:xsi="http://www.w3.org/2001/XMLSchema-instance" xmlns="http://docs.oasis-open.org/legaldocml/ns/akn/3.0" xsi:schemaLocation="http://docs.oasis-open.org/legaldocml/ns/akn/3.0 http://docs.oasis-open.org/legaldocml/akn-core/v1.0/cos01/part2-specs/schemas/akomantoso30.xsd"><act name="UnitedKingdomStatutoryInstrument"><meta><identification source="#source"><FRBRWork><FRBRthis value="http://www.legislation.gov.uk/id/uksi/1996/408"/><FRBRuri value="http://www.legislation.gov.uk/id/uksi/1996/408"/><FRBRdate date="1996-02-21" name="made"/><FRBRauthor href="http://www.legislation.gov.uk/id/government/uk"/><FRBRcountry value="GB-UKM"/><FRBRsubtype value="order"/><FRBRnumber value="408"/><FRBRname value="S.I. 1996/408"/><FRBRprescriptive value="true"/></FRBRWork><FRBRExpression><FRBRthis value="http://www.legislation.gov.uk/uksi/1996/408/made"/><FRBRuri value="http://www.legislation.gov.uk/uksi/1996/408/made"/><FRBRdate date="1996-02-21" name="made"/><FRBRauthor href="#source"/><FRBRlanguage language="eng"/></FRBRExpression><FRBRManifestation><FRBRthis value="http://www.legislation.gov.uk/uksi/1996/408/made/data.akn"/><FRBRuri value="http://www.legislation.gov.uk/uksi/1996/408/made/data.akn"/><FRBRdate date="2021-07-26+01:00" name="transform"/><FRBRauthor href="http://www.legislation.gov.uk"/><FRBRformat value="application/akn+xml"/></FRBRManifestation></identification><classification source="#source"><keyword value="district councils" showAs="District councils" dictionary="http://www.legislation.gov.uk"/><keyword value="councils" showAs="Councils" dictionary="http://www.legislation.gov.uk"/><keyword value="local government, england and wales" showAs="LOCAL GOVERNMENT, ENGLAND AND WALES" dictionary="http://www.legislation.gov.uk"/></classification><lifecycle source="#source"><eventRef date="1996-02-21" type="generation" eId="made-date" source="#source"/><eventRef date="1996-03-01" eId="laid-date-1" source="#source"/><eventRef date="1996-04-01" eId="coming-into-force-date-1" source="#source"/></lifecycle><references source="#source"><TLCOrganization eId="source" href="http://www.legislation.gov.uk/id/publisher/KingsOrQueensPrinterOfActsOfParliament" showAs="Queen's Printer of Acts of Parliament"/><TLCLocation eId="departmentoftheenvironment" href="/ontology/location/uk.DepartmentoftheEnvironment" showAs="Department of the Environment"/><TLCRole eId="ref-d4e264" href="/ontology/role/uk.Parliamentary Under Secretary of State," showAs="Parliamentary Under Secretary of State,"/><TLCPerson eId="ref-d4e262" href="/ontology/persons/uk.PaulBeresford" showAs="Paul Beresford"/><TLCConcept href="/uk/subject/local-government-england-and-wales" showAs="LOCAL GOVERNMENT, ENGLAND AND WALES" eId="d4e60"/></references><notes source="#source"><note class="footnote" eId="f00001"><p><ref href="http://www.legislation.gov.uk/id/ukpga/1992/19">1992 c. 19</ref>.</p></note><note class="footnote" eId="f00002"><p><abbr class="Acronym" title="Statutory Instrument">S.I.</abbr><ref href="http://www.legislation.gov.uk/id/uksi/1995/600">1995/600</ref>.</p></note><note class="footnote" eId="f00003"><p><abbr class="Acronym" title="Statutory Instrument">S.I.</abbr><ref href="http://www.legislation.gov.uk/id/uksi/1981/1974">1981/1974</ref> as amended by section 33 of the Trade Union Reform and Employment Rights Act <ref href="http://www.legislation.gov.uk/id/ukpga/1993/19">1993 c. 19</ref>.</p></note></notes><proprietary xmlns:ukl="http://www.legislation.gov.uk/namespaces/legislation" xmlns:ukm="http://www.legislation.gov.uk/namespaces/metadata" xmlns:dc="http://purl.org/dc/elements/1.1/" xmlns:dct="http://purl.org/dc/terms/" xmlns:atom="http://www.w3.org/2005/Atom" source="#source"><dc:identifier>http://www.legislation.gov.uk/uksi/1996/408/made</dc:identifier><dc:title>The North Lincolnshire &amp; East Riding of Yorkshire District Councils (Staff Transfer) Order 1996</dc:title><dc:subject>District councils</dc:subject><dc:subject>Councils</dc:subject><dc:publisher>Queen's Printer of Acts of Parliament</dc:publisher><dc:modified>2011-07-04</dc:modified><dc:subject scheme="SIheading">LOCAL GOVERNMENT, ENGLAND AND WALES</dc:subject><dc:description>This Order is supplemental to the Humberside (Structural Change) Order 1995 which alters the structure of local government in the county of Humberside. This Order specifies the staff employed by the Boothferry Borough Council whose employment is to be transferred to the East Riding of Yorkshire District Council and the North Lincolnshire District Council.</dc:description><atom:link rel="self" href="http://www.legislation.gov.uk/uksi/1996/408/made/data.xml" type="application/xml"/><atom:link rel="http://www.legislation.gov.uk/def/navigation/resources" href="http://www.legislation.gov.uk/uksi/1996/408/resources" title="More Resources"/><atom:link rel="http://www.legislation.gov.uk/def/navigation/act" href="http://www.legislation.gov.uk/uksi/1996/408/made" title="whole act"/><atom:link rel="http://www.legislation.gov.uk/def/navigation/introduction" href="http://www.legislation.gov.uk/uksi/1996/408/introduction/made" title="introduction"/><atom:link rel="http://www.legislation.gov.uk/def/navigation/note" href="http://www.legislation.gov.uk/uksi/1996/408/note/made" title="note"/><atom:link rel="http://www.legislation.gov.uk/def/navigation/body" href="http://www.legislation.gov.uk/uksi/1996/408/body/made" title="body"/><atom:link rel="http://www.legislation.gov.uk/def/navigation/schedules" href="http://www.legislation.gov.uk/uksi/1996/408/schedules/made" title="schedules"/><atom:link rel="alternate" type="application/rdf+xml" href="http://www.legislation.gov.uk/uksi/1996/408/made/data.rdf" title="RDF/XML"/><atom:link rel="alternate" type="application/akn+xml" href="http://www.legislation.gov.uk/uksi/1996/408/made/data.akn" title="AKN"/><atom:link rel="alternate" type="application/xhtml+xml" href="http://www.legislation.gov.uk/uksi/1996/408/made/data.xht" title="HTML snippet"/><atom:link rel="alternate" type="application/pdf" href="http://www.legislation.gov.uk/uksi/1996/408/made/data.pdf" title="PDF"/><atom:link rel="alternate" type="application/akn+xhtml" href="http://www.legislation.gov.uk/uksi/1996/408/made/data.html" title="HTML5 snippet"/><atom:link rel="http://purl.org/dc/terms/tableOfContents" hreflang="en" href="http://www.legislation.gov.uk/uksi/1996/408/contents/made" title="Table of Contents"/><ukm:SecondaryMetadata><ukm:DocumentClassification><ukm:DocumentCategory Value="secondary"/><ukm:DocumentMainType Value="UnitedKingdomStatutoryInstrument"/><ukm:DocumentStatus Value="final"/><ukm:DocumentMinorType Value="order"/></ukm:DocumentClassification><ukm:Year Value="1996"/><ukm:Number Value="408"/><ukm:DepartmentCode Value="DOE 0499"/><ukm:Made Date="1996-02-21"/><ukm:Laid Date="1996-03-01" Class="UnitedKingdomParliament"/><ukm:ComingIntoForce><ukm:DateTime Date="1996-04-01"/></ukm:ComingIntoForce><ukm:ISBN Value="0110541324"/></ukm:SecondaryMetadata><ukm:Statistics><ukm:TotalParagraphs Value="3"/><ukm:BodyParagraphs Value="3"/><ukm:ScheduleParagraphs Value="0"/><ukm:AttachmentParagraphs Value="0"/><ukm:TotalImages Value="0"/></ukm:Statistics></proprietary></meta><preface><p class="number"><docNumber>1996 No. 408</docNumber></p><block name="subject"><concept class="title" refersTo="#d4e60">LOCAL GOVERNMENT, ENGLAND AND WALES</concept></block><p class="title"><shortTitle>The North Lincolnshire &amp; East Riding of Yorkshire District Councils (Staff Transfer) Order 1996</shortTitle></p><p class="MadeDate"><span>Made</span><docDate date="1996-02-21">21st February 1996</docDate></p><p class="LaidDate"><span>Laid before Parliament</span><docDate date="1996-03-01">1st March 1996</docDate></p><p class="ComingIntoForce"><span>Coming into force</span><docDate date="1996-04-01">1st April 1996</docDate></p></preface><preamble><formula name="EnactingText"><p>The Secretary of State, in exercise of his powers under section 17(1) and 26(5)(b) of the Local Government Act 1992<noteRef href="#f00001" class="footnote" marker="1"/>, and of all other powers enabling him in that behalf, hereby makes the following Order:—</p></formula></preamble><body><article eId="article-1"><num>1</num><heading>Citation, Commencement and Application</heading><paragraph eId="article-1-1"><num>1</num><content><p>This Order may be cited as the North Lincolnshire and East Riding of Yorkshire District Councils (Staff Transfer) Order 1996 and shall come into force on 1st April 1996.</p></content></paragraph><paragraph eId="article-1-2"><num>2</num><content><p>This Order makes provisions which are consequential or supplementary to the Humberside (Structural Change) Order 1996.<noteRef href="#f00002" class="footnote" marker="2"/></p></content></paragraph></article><article eId="article-2"><num>2</num><heading>Interpretation</heading><content><p>In this Order—</p><blockList class="unordered"><item><p>“contract of employment” means a contract under which a person works for another person whether under a contract of service or apprenticeship or otherwise but does not include a contract for services;</p></item><item><p>“employee” means a person employed under a contract of employment.</p></item></blockList></content></article><article eId="article-3"><num>3</num><heading>Transfer of Staff</heading><paragraph eId="article-3-1"><num>1</num><intro><p>This article shall apply to any employee (a “designated employee”) who—</p></intro><subparagraph eId="article-3-1-a"><num>a</num><content><p>immediately before 1st April 1996 (“the reorganisation date”) was employed by the Boothferry Borough Council;</p></content></subparagraph><subparagraph eId="article-3-1-b"><num>b</num><content><p>whose employment would continue but for the abolition of that council; and</p></content></subparagraph><subparagraph eId="article-3-1-c"><num>c</num><content><p>whose name is mentioned in the Schedule to this Order.</p></content></subparagraph></paragraph><paragraph eId="article-3-2"><num>2</num><intro><p>The contract of employment of a designated employee shall not be terminated on the reorganisation date but shall have effect —</p></intro><subparagraph eId="article-3-2-a"><num>a</num><content><p>in the case of an employee whose name is mentioned in Part I of the Schedule to this Order, as if originally made between that employee and the East Riding of Yorkshire District Council,</p></content></subparagraph><subparagraph eId="article-3-2-b"><num>b</num><content><p>in the case of an employee whose name is mentioned in Part II of that Schedule, as if originally made between that employee and the North Lincolnshire District Council.</p></content></subparagraph></paragraph><paragraph eId="article-3-3"><num>3</num><content><p>This article is without prejudice to any provision of the Transfer of Undertakings (Protection of Employment) Regulations 1981.<noteRef href="#f00003" class="footnote" marker="3"/></p></content></paragraph></article><hcontainer name="schedules" eId="d4e181"><hcontainer name="schedule" eId="schedule"><num>SCHEDULE</num><part eId="schedule-part-I"><num>PART I</num><heading>(Employees transferring to the East Riding of Yorkshire District Council)</heading><content><tblock class="tabular"><table><tr><td colspan="1" rowspan="1"><p>Abbey IA Mr Abdy C Mrs Abdy WM Mr Acaster RC Mr Acaster VC Mr Aconley EA Mrs Allinson J Miss Axup KE Mrs Bailey J Mrs Bailey J Mrs Bailey MW Mr Barclays SC Miss Barker H Miss Barker R Mr Barrowcliffe P Mr Batho A Mrs Batho M Mrs Beal H Mrs Beal RJ Mr Beighton <abbr class="Acronym" title="Residual Expenditure">RE</abbr> Mr Bell E Mrs Blee JP Mr Blee R Mr Blenkhorn W Mr Bligh TM Mrs Boothman <abbr class="Acronym" title="Deductible Amounts">DA</abbr> Mr Braithwaite C Mr Brankin P Mr Brennan AJ Mr Bristow T Mr Broadley AJ Mrs Broadley IL Mr Brooks PA Mrs Broughton G Mr Brownbridge G Mr Bruce PA Mrs Bryars P Mr Burnitt R Mrs Burt S Mrs Buttle J Mr Campbell CE Mr Campbell S Mrs Campbell V Miss Cawthorn C Mr Chopping R Mrs</p></td><td colspan="1" rowspan="1"><p>Clayton D Mrs Colbridge <abbr class="Acronym" title="Deductible Amounts">DA</abbr> Mr Cook I Mr Cooper B Mrs Crampton M Mr Crampton P Mr Crampton S Mrs Creaser B Mrs Creaser D Mr Cundy MT Mr Dales LL Mr Darley RS Mr Davies TH Mr Dawson V Miss Devey SB Mr Dobson HD Mrs Drury F Mr Drury M Mr Drury MJ Mr Dudley <abbr class="Acronym" title="All the unit holders’ Rights">TR</abbr> Mrs Duffin J Mrs Earle SP Mr Eastwood J Mrs Eldin M Mr Ellis SM Mr England LM Mrs Evans PA Mr Exley A Mrs Eyre A Mr Eyre H Mr Fallon PB Mr Fallon S Mrs Feasby GM Mrs Fenton C Miss Fielder M Mrs Fish MJ Mrs Fitch M Mrs Fletcher JJ Mrs Fletcher S Mr Frood B Mrs Frost J Mr Garner CA Miss Garner G Mr Gelder KM Mr Gelder SJ Mr</p></td><td colspan="1" rowspan="1"><p>Gibbins <abbr class="Acronym" title="Surplus Arising">SA</abbr> Miss Gillyon M Miss Goddard J Mr Gormley K Mr Gormley W Mrs Gott J Mr Gould MJ Mr Gowthorpe J Mrs Green C Mr Greenway MA Mr Greenwood R Mr Groves JB Mrs Guest A Mrs Gunn N Mr Halkon D Mr Hall JE Mrs Halliday E Mrs Hamnett CE Mr Hardgrave R Mr Harper MF Ms Henrickson L Mrs Hill K Mr Hinchliffe AG Mr Hinks PW Mr Hodgson E Mrs Holich S Mrs Holmes <abbr class="Acronym" title="New Holding">NH</abbr> Mr Holt PM Mrs Hopley <abbr class="Acronym" title="Deductible Amounts">DA</abbr> Mr Hunter JM Miss Jackson M Mrs Jackson N Mr James T Mr Jefferson AD Mr Johnson JA Mrs Johnson J Miss Johnson MJ Miss Johnstone RA Mr Jones GN Mr Kirby J Mrs Lambert S Mr Leake AG Mr Leighton B Mr Lewis RS Mr Lewis S Mr</p></td></tr></table></tblock><tblock class="tabular"><table><tr><td colspan="1" rowspan="1"><p>Lister J Mrs Longley A Miss Mapplebeck A Miss Marritt P Mrs Martin TM Miss Marwood P Mr Maw CL Mrs Mead CJ Mr Mee-bishop M Mrs Mell SC Mr Mitchell S Mrs Moore JH Mr Morris S Mr Muttock LB Mr Navas SJ Mr Neal RA Mr Nelson L Mr Newman H Mr Nicholls BM Mrs Nicholls S Mrs Nicholson JR Mr Ounsley GI Mr Outhwaite K Mr O'Rourke G Mrs O'Rourke SM Mr Peacock M Mr Pearcy MS Mr Pearson D Mr Pearson J Mr Phillips RC Mr Pierce J Mr Porritt M Mr Poskitt NR Mr Preston B Mr Priestley H Miss Proctor J Mrs Ray N Mrs Redman M Miss Reynolds K Mrs Richardson P Mr</p></td><td colspan="1" rowspan="1"><p>Robbins PA Mrs Roberts <abbr class="Acronym" title="Market Value">MV</abbr> Mr Robinson PE Mr Roffey F Mr Rycroft JA Mrs Sawyer M Mrs Scott S Mrs Semmence KA Miss Sharp P Mr Shaw BA Miss Shaw M Mrs Sherburn NJ Mrs Shuttleworth SK Mr Simpson PJ Mr Smith A Mr Smith B Mr Smith GA Mr Smith JM Mrs Smith J Miss Smith M Mrs Snead SD Miss Sowden A Mr Stafford T Mr Stafford L Mrs Stannard M Mr Steels G Mr Stephens F Mrs Stephenson AE Mrs Stephenson CM Mrs Stevens AN Mr Stevens C Mr Tagg S Miss Tasker JM Mrs Taylor A Mr Taylor M Mr Taylor PK Mrs Taylor V Mrs Teahan JG Mr Teale D Mr Terry P Mr</p></td><td colspan="1" rowspan="1"><p>Thompson G Mrs Thompson M Mr Thornham P Mrs Thornton P Mrs Tolan <abbr class="Acronym" title="Value of Assets">VA</abbr> Mrs Toland G Miss Tomlinson A Mr Torn S J Mrs Vollans ME Mr Walker PR Mr Walker SJ Mrs Walmsley A Mrs Walmsley AB Mr Walsh JT Mr Ward A Mr Ward B Mrs Ward S Mr Watson JM Mrs Waudby DJ Mr Waudby PG Mr Whaley D Mrs Wharam J Mr Wharam KD Miss Wharam NG Mrs Whitehead W Mrs Whiteley P Mr Whitfield G Mr Whitfield J Mrs Whitfield PJ Mr Wilson C Mrs Wilson GJ Mr Wilson G Mr Wilson L Mrs Wilson MH Mrs Wilson S Miss Winter R Mr Woad P Mr Wraith G Mr Wybrant JR Mr Yorke M Mr</p></td></tr></table></tblock></content></part><part eId="schedule-part-II"><num>PART II</num><heading>(Employees transferring to the North Lincolnshire District Council)</heading><content><tblock class="tabular"><table><tr><td colspan="1" rowspan="1"><p>Allsopp HC Mr Amys DJ Mr Anson RL Mr Asher I Mr Atkins JM Mrs Bannister JC Mr Bedwell PA Mr Bennett ME Mr Bidmead L Mrs Boothman F Mrs Briggs P Mr Brown P Mrs Bruce MP Mr Burley MJ Mr Buttle MJ Mr Chopping C Mr Clark J Mr Clark KL Mrs Clipson IP Mr Coggon PB Mr Cooper MG Mr Cooper P Mr Deno PJ Mr Doyle J Mr Drewery MC Mr Ebbatson DP Mr Finch O Mrs</p></td><td colspan="1" rowspan="1"><p>Gardham M Mr Gelder NS Mr Giles S Mr Gilleard C Mrs Glover D Mr Goodway H Mrs Grant MS Mr Gray R Mr Hague S Mr Hall R Mr Hallam D Mrs Hawksworth I Mrs Hubbard EA Mrs Hughes SP Mr Hunt JM Mr Johnson CA Mrs Kelly E Miss Kirby C Mrs Knowles A Mr Knowles F Mr Lampitt J Mr Madge ML Mrs Mallinder K Mrs Matthewman J Mrs Middleton G Mr Morton LM Mrs Muscroft LA Mrs</p></td><td colspan="1" rowspan="1"><p>Naylor K Mr Oliver JW Mr Parkinson N Mrs Pearce A Mr Purshouse J Mrs Randall R Mr Sampson C Miss Scholey D Mrs Shinn S Mrs Silk SP Mr Speck AC Mr Spruce D Mrs Stainton CL Mr Staniforth M Mrs Sykes G Mr Tagg MC Mr Tulley JM Mrs Turner AP Mr Turner J Mrs Walton RI Mr Webster N Mr Whittaker CE Mr Woodcock J Mrs Woodcock MT Mr Yeardley <abbr class="Acronym" title="Compact Disc">CD</abbr> Mrs</p></td></tr></table></tblock></content></part></hcontainer><wrapUp><blockContainer class="signatures"><p>Signed by authority of the Secretary of State</p><block name="signature"><signature><person refersTo="#ref-d4e262">Paul Beresford</person><role refersTo="#ref-d4e264">Parliamentary Under Secretary of State,</role><location refersTo="#departmentoftheenvironment">Department of the Environment</location><date date="1996-02-21">21st February 1996</date></signature></block></blockContainer></wrapUp></hcontainer></body><conclusions><blockContainer class="ExplanatoryNotes"><intro><p>(This note is not part of the Order)</p></intro><p><authorialNote><p>This Order is supplemental to the Humberside (Structural Change) Order 1995 which alters the structure of local government in the county of Humberside. This Order specifies the staff employed by the Boothferry Borough Council whose employment is to be transferred to the East Riding of Yorkshire District Council and the North Lincolnshire District Council.</p></authorialNote></p></blockContainer></conclusions></act></akomaNtoso>