<akomaNtoso xmlns:xsi="http://www.w3.org/2001/XMLSchema-instance" xmlns="http://docs.oasis-open.org/legaldocml/ns/akn/3.0" xsi:schemaLocation="http://docs.oasis-open.org/legaldocml/ns/akn/3.0 http://docs.oasis-open.org/legaldocml/akn-core/v1.0/cos01/part2-specs/schemas/akomantoso30.xsd"><act name="UnitedKingdomStatutoryInstrument"><meta><identification source="#source"><FRBRWork><FRBRthis value="http://www.legislation.gov.uk/id/uksi/1996/582"/><FRBRuri value="http://www.legislation.gov.uk/id/uksi/1996/582"/><FRBRdate date="1996-03-05" name="made"/><FRBRauthor href="http://www.legislation.gov.uk/id/government/uk"/><FRBRcountry value="GB-UKM"/><FRBRsubtype value="regulation"/><FRBRnumber value="582"/><FRBRname value="S.I. 1996/582"/><FRBRprescriptive value="true"/></FRBRWork><FRBRExpression><FRBRthis value="http://www.legislation.gov.uk/uksi/1996/582/made"/><FRBRuri value="http://www.legislation.gov.uk/uksi/1996/582/made"/><FRBRdate date="1996-03-05" name="made"/><FRBRauthor href="#source"/><FRBRlanguage language="eng"/></FRBRExpression><FRBRManifestation><FRBRthis value="http://www.legislation.gov.uk/uksi/1996/582/made/data.akn"/><FRBRuri value="http://www.legislation.gov.uk/uksi/1996/582/made/data.akn"/><FRBRdate date="2021-07-26+01:00" name="transform"/><FRBRauthor href="http://www.legislation.gov.uk"/><FRBRformat value="application/akn+xml"/></FRBRManifestation></identification><classification source="#source"><keyword value="national health service (nhs)" showAs="National Health Service (NHS)" dictionary="http://www.legislation.gov.uk"/><keyword value="national health service, england and wales" showAs="NATIONAL HEALTH SERVICE, ENGLAND AND WALES" dictionary="http://www.legislation.gov.uk"/></classification><lifecycle source="#source"><eventRef date="1996-03-05" type="generation" eId="made-date" source="#source"/><eventRef date="1996-03-06" eId="laid-date-1" source="#source"/><eventRef date="1996-04-01" eId="coming-into-force-date-1" source="#source"/></lifecycle><references source="#source"><TLCOrganization eId="source" href="http://www.legislation.gov.uk/id/publisher/KingsOrQueensPrinterOfActsOfParliament" showAs="Queen's Printer of Acts of Parliament"/><passiveRef href="http://www.legislation.gov.uk/id/uksi/1997/818" showAs="The National Health Service (Optical Charges and Payments) Regulations 1997"/><TLCOrganization eId="ref-d5e354" href="/ontology/organization/uk.Department of Health" showAs="Department of Health"/><TLCRole eId="ref-d5e352" href="/ontology/role/uk.Minister of State" showAs="Minister of State"/><TLCPerson eId="ref-d5e350" href="/ontology/persons/uk.GeraldMallone" showAs="Gerald Mallone"/><TLCConcept href="/uk/subject/national-health-service-england-and-wales" showAs="NATIONAL HEALTH SERVICE, ENGLAND AND WALES" eId="d5e87"/></references><notes source="#source"><note class="footnote" eId="f00001"><p><ref href="http://www.legislation.gov.uk/id/ukpga/1977/49">1977 c. 49</ref>; <em>see</em> section 128(1) as amended by the National Health Service and Community Care Act <ref href="http://www.legislation.gov.uk/id/ukpga/1990/19">1990 (c. 19)</ref> (“the <abbr title="National Health Service and Community Care Act 1990 c. 19" xml:lang="">1990 Act</abbr>”), section 26(2)(g) and (i), for the definitions of “prescribed” and “regulations”. Section 126(4) was amended by the <abbr title="National Health Service and Community Care Act 1990 c. 19" xml:lang="">1990 Act</abbr>, section 65(2). Paragraph 2A of Schedule 12 was inserted by the Health and Social Security Act <ref href="http://www.legislation.gov.uk/id/ukpga/1984/48">1984 (c. 48)</ref>, Schedule 1, Part I, paragraph 3 and amended by the Health and Medicines Act <ref href="http://www.legislation.gov.uk/id/ukpga/1988/49">1988 (c. 49)</ref>, section 13(2) and (3).</p></note><note class="footnote" eId="f00002"><p><ref href="http://www.legislation.gov.uk/id/uksi/1989/396">S.I. 1989/396</ref>, amended by <ref href="http://www.legislation.gov.uk/id/uksi/1990/495">S.I. 1990/495</ref>, <ref href="http://www.legislation.gov.uk/id/uksi/1991/583">1991/583</ref>, <ref href="http://www.legislation.gov.uk/id/uksi/1991/1680">1991/1680</ref>, <ref href="http://www.legislation.gov.uk/id/uksi/1991/2465">1991/2465</ref>, <ref href="http://www.legislation.gov.uk/id/uksi/1992/404">1992/404</ref>, <ref href="http://www.legislation.gov.uk/id/uksi/1993/418">1993/418</ref>, <ref href="http://www.legislation.gov.uk/id/uksi/1994/131">1994/131</ref>, <ref href="http://www.legislation.gov.uk/id/uksi/1994/495">1994/495</ref>, <ref href="http://www.legislation.gov.uk/id/uksi/1994/2619">1994/2619</ref>, <ref href="http://www.legislation.gov.uk/id/uksi/1995/34">1995/34</ref>, <ref href="http://www.legislation.gov.uk/id/uksi/1995/691">1995/691</ref> and <ref href="http://www.legislation.gov.uk/id/uksi/1995/2307">1995/2307</ref>.</p></note><note class="footnote" eId="f00003"><p>Schedule 1 was substituted by regulation 4 of <ref href="http://www.legislation.gov.uk/id/uksi/1992/404">S.I. 1992/404</ref>, and subsequently amended by <ref href="http://www.legislation.gov.uk/id/uksi/1993/418">S.I. 1993/418</ref>, <ref href="http://www.legislation.gov.uk/id/uksi/1994/495">1994/495</ref> and <ref href="http://www.legislation.gov.uk/id/uksi/1995/691">1995/691</ref>.</p></note><note class="footnote" eId="f00004"><p>Schedule 3 was last substituted by <ref href="http://www.legislation.gov.uk/id/uksi/1995/691">S.I. 1995/691</ref>.</p></note></notes><proprietary xmlns:ukl="http://www.legislation.gov.uk/namespaces/legislation" xmlns:ukm="http://www.legislation.gov.uk/namespaces/metadata" xmlns:dc="http://purl.org/dc/elements/1.1/" xmlns:dct="http://purl.org/dc/terms/" xmlns:atom="http://www.w3.org/2005/Atom" source="#source"><dc:identifier>http://www.legislation.gov.uk/uksi/1996/582/made</dc:identifier><dc:title>The National Health Service (Optical Charges and Payments) Amendment Regulations 1996</dc:title><dc:subject>National Health Service (NHS)</dc:subject><dc:publisher>Queen's Printer of Acts of Parliament</dc:publisher><dc:modified>2017-05-04</dc:modified><dc:subject scheme="SIheading">NATIONAL HEALTH SERVICE, ENGLAND AND WALES</dc:subject><dc:description>These Regulations further amend the National Health Service (Optical Charges and Payments) Regulations 1989 (“the principal Regulations”), which provide for payments to be made by means of a voucher system in respect of costs incurred by certain categories of persons in connection with the supply, replacement and repair of optical appliances.</dc:description><atom:link rel="self" href="http://www.legislation.gov.uk/uksi/1996/582/made/data.xml" type="application/xml"/><atom:link rel="http://www.legislation.gov.uk/def/navigation/resources" href="http://www.legislation.gov.uk/uksi/1996/582/resources" title="More Resources"/><atom:link rel="http://www.legislation.gov.uk/def/navigation/act" href="http://www.legislation.gov.uk/uksi/1996/582/made" title="whole act"/><atom:link rel="http://www.legislation.gov.uk/def/navigation/introduction" href="http://www.legislation.gov.uk/uksi/1996/582/introduction/made" title="introduction"/><atom:link rel="http://www.legislation.gov.uk/def/navigation/signature" href="http://www.legislation.gov.uk/uksi/1996/582/signature/made" title="signature"/><atom:link rel="http://www.legislation.gov.uk/def/navigation/note" href="http://www.legislation.gov.uk/uksi/1996/582/note/made" title="note"/><atom:link rel="http://www.legislation.gov.uk/def/navigation/body" href="http://www.legislation.gov.uk/uksi/1996/582/body/made" title="body"/><atom:link rel="http://www.legislation.gov.uk/def/navigation/schedules" href="http://www.legislation.gov.uk/uksi/1996/582/schedules/made" title="schedules"/><atom:link rel="alternate" type="application/rdf+xml" href="http://www.legislation.gov.uk/uksi/1996/582/made/data.rdf" title="RDF/XML"/><atom:link rel="alternate" type="application/akn+xml" href="http://www.legislation.gov.uk/uksi/1996/582/made/data.akn" title="AKN"/><atom:link rel="alternate" type="application/xhtml+xml" href="http://www.legislation.gov.uk/uksi/1996/582/made/data.xht" title="HTML snippet"/><atom:link rel="alternate" type="application/pdf" href="http://www.legislation.gov.uk/uksi/1996/582/made/data.pdf" title="PDF"/><atom:link rel="alternate" type="application/akn+xhtml" href="http://www.legislation.gov.uk/uksi/1996/582/made/data.html" title="HTML5 snippet"/><atom:link rel="http://purl.org/dc/terms/tableOfContents" hreflang="en" href="http://www.legislation.gov.uk/uksi/1996/582/contents/made" title="Table of Contents"/><ukm:SecondaryMetadata><ukm:DocumentClassification><ukm:DocumentCategory Value="secondary"/><ukm:DocumentMainType Value="UnitedKingdomStatutoryInstrument"/><ukm:DocumentStatus Value="final"/><ukm:DocumentMinorType Value="regulation"/></ukm:DocumentClassification><ukm:Year Value="1996"/><ukm:Number Value="582"/><ukm:Made Date="1996-03-05"/><ukm:Laid Date="1996-03-06" Class="UnitedKingdomParliament"/><ukm:ComingIntoForce><ukm:DateTime Date="1996-04-01"/></ukm:ComingIntoForce><ukm:ISBN Value="0110542215"/><ukm:UnappliedEffects><ukm:UnappliedEffect EffectId="key-e8190a35f6b342525e02565d63aa3edd" AffectedURI="http://www.legislation.gov.uk/id/uksi/1996/582" AffectedClass="UnitedKingdomStatutoryInstrument" AffectingURI="http://www.legislation.gov.uk/id/uksi/1997/818" AffectingClass="UnitedKingdomStatutoryInstrument" URI="http://www.legislation.gov.uk/id/effect/key-e8190a35f6b342525e02565d63aa3edd" Row="2080" Type="revoked" RequiresApplied="true" AffectedProvisions="Act" Comments="revoked" AffectingYear="1997" AffectingNumber="818" AffectingProvisions="reg.24, Sch.4" AffectedYear="1996" AffectedNumber="582" Created="2019-05-02T00:00:00" Modified="2019-05-02T00:00:00"><ukm:AffectedTitle>The National Health Service (Optical Charges and Payments) Amendment Regulations 1996</ukm:AffectedTitle><ukm:AffectedProvisions>Act</ukm:AffectedProvisions><ukm:AffectingTitle>The National Health Service (Optical Charges and Payments) Regulations 1997</ukm:AffectingTitle><ukm:AffectingProvisions><ukm:Section Ref="regulation-24" URI="http://www.legislation.gov.uk/id/uksi/1997/818/regulation/24">reg.24</ukm:Section><ukm:Section Ref="schedule-4" URI="http://www.legislation.gov.uk/id/uksi/1997/818/schedule/4">Sch.4</ukm:Section></ukm:AffectingProvisions><ukm:InForceDates><ukm:InForce Applied="false" Prospective="true" Qualification=""/></ukm:InForceDates></ukm:UnappliedEffect><ukm:UnappliedEffect EffectId="key-ed779b6bbf42b96efec5eac4563161a0" AffectedURI="http://www.legislation.gov.uk/id/uksi/1996/582" AffectedClass="UnitedKingdomStatutoryInstrument" AffectingURI="http://www.legislation.gov.uk/id/uksi/1997/818" AffectingClass="UnitedKingdomStatutoryInstrument" URI="http://www.legislation.gov.uk/id/effect/upload-b4yrers3--4096" Row="4101" Type="revoked" RequiresApplied="true" AffectedProvisions="Instrument" Comments="revoked" AffectingYear="1997" AffectingNumber="818" AffectingProvisions="reg.24, Sch.4" AffectedYear="1996" AffectedNumber="582" Created="2019-07-11T00:00:00" Modified="2019-07-11T00:00:00"><ukm:AffectedTitle>The National Health Service (Optical Charges and Payments) Amendment Regulations 1996</ukm:AffectedTitle><ukm:AffectedProvisions>Instrument</ukm:AffectedProvisions><ukm:AffectingTitle>The National Health Service (Optical Charges and Payments) Regulations 1997</ukm:AffectingTitle><ukm:AffectingProvisions><ukm:Section Ref="regulation-24" URI="http://www.legislation.gov.uk/id/uksi/1997/818/regulation/24">reg.24</ukm:Section><ukm:Section Ref="schedule-4" URI="http://www.legislation.gov.uk/id/uksi/1997/818/schedule/4">Sch.4</ukm:Section></ukm:AffectingProvisions><ukm:InForceDates><ukm:InForce Applied="false" Prospective="true" Qualification=""/></ukm:InForceDates></ukm:UnappliedEffect></ukm:UnappliedEffects></ukm:SecondaryMetadata><ukm:Statistics><ukm:TotalParagraphs Value="4"/><ukm:BodyParagraphs Value="4"/><ukm:ScheduleParagraphs Value="0"/><ukm:AttachmentParagraphs Value="0"/><ukm:TotalImages Value="0"/></ukm:Statistics></proprietary></meta><preface><p class="number"><docNumber>1996 No. 582</docNumber></p><block name="subject"><concept class="title" refersTo="#d5e87">NATIONAL HEALTH SERVICE, ENGLAND AND WALES</concept></block><p class="title"><shortTitle>The National Health Service (Optical Charges and Payments) Amendment Regulations 1996</shortTitle></p><p class="MadeDate"><span>Made</span><docDate date="1996-03-05">5th March 1996</docDate></p><p class="LaidDate"><span>Laid before Parliament</span><docDate date="1996-03-06">6th March 1996</docDate></p><p class="ComingIntoForce"><span>Coming into force</span><docDate date="1996-04-01">1st April 1996</docDate></p></preface><preamble><formula name="EnactingText"><p>The Secretary of State for Health, in exercise of powers conferred on him by section 126(4) of, and paragraph 2A of Schedule 12 to, the National Health Service Act 1977<noteRef href="#f00001" class="footnote" marker="1"/> and of all other powers enabling him in that behalf, hereby makes the following Regulations:—</p></formula></preamble><body><hcontainer name="regulation" eId="regulation-1"><num>1</num><heading>Citation, commencement and interpretation</heading><paragraph eId="regulation-1-1"><num>1</num><content><p>These Regulations may be cited as the National Health Service (Optical Charges and Payments) Amendment Regulations 1996 and shall come into force on 1st April 1996.</p></content></paragraph><paragraph eId="regulation-1-2"><num>2</num><content><p>In these Regulations, “the principal Regulations”means the National Health Service (Optical Charges and Payments) Regulations 1989<noteRef href="#f00002" class="footnote" marker="2"/>.</p></content></paragraph></hcontainer><hcontainer name="regulation" eId="regulation-2"><num>2</num><heading>Amendment of regulation 20 of the principal Regulations</heading><intro><p>In regulation 20 of the principal Regulations (redemption value of voucher for replacement or repair)—</p></intro><subparagraph eId="regulation-2-a"><num>a</num><content><p>in paragraph (1)(b), for “£38.60” there is substituted “£39.00”; and</p></content></subparagraph><subparagraph eId="regulation-2-b"><num>b</num><content><p>in paragraph (3), for “£9.90” there is substituted “£10.00”.</p></content></subparagraph></hcontainer><hcontainer name="regulation" eId="regulation-3"><num>3</num><heading>Amendment of Schedules to the principal Regulations</heading><paragraph eId="regulation-3-1"><num>1</num><content><p>In Schedule 1 to the principal Regulations (voucher letter codes and face values — supply and replacement)<noteRef href="#f00003" class="footnote" marker="3"/>, in column 3 (face value of voucher), for each amount specified in column 1 of the table below there is substituted the amount specified in relation to it in column 2 of that table.</p><tblock class="tabular"><heading><strong>TABLE</strong></heading><table><tr><th colspan="1" rowspan="1"><p><em>Column 1</em></p></th><th colspan="1" rowspan="1"><p><em>Column 2</em></p></th></tr><tr><th colspan="1" rowspan="1"><p><em>Old Amount</em></p></th><th colspan="1" rowspan="1"><p><em>New Amount</em></p></th></tr><tr><td colspan="1" rowspan="1"><p>£26.40</p></td><td colspan="1" rowspan="1"><p>£26.70</p></td></tr><tr><td colspan="1" rowspan="1"><p>£40.10</p></td><td colspan="1" rowspan="1"><p>£40.50</p></td></tr><tr><td colspan="1" rowspan="1"><p>£54.70</p></td><td colspan="1" rowspan="1"><p>£55.20</p></td></tr><tr><td colspan="1" rowspan="1"><p>£107.30</p></td><td colspan="1" rowspan="1"><p>£108.40</p></td></tr><tr><td colspan="1" rowspan="1"><p>£45.50</p></td><td colspan="1" rowspan="1"><p>£46.00</p></td></tr><tr><td colspan="1" rowspan="1"><p>£57.90</p></td><td colspan="1" rowspan="1"><p>£58.50</p></td></tr><tr><td colspan="1" rowspan="1"><p>£69.80</p></td><td colspan="1" rowspan="1"><p>£70.50</p></td></tr><tr><td colspan="1" rowspan="1"><p>£118.00 (in both places where it appears)</p></td><td colspan="1" rowspan="1"><p>£119.20</p></td></tr><tr><td colspan="1" rowspan="1"><p>£38.60</p></td><td colspan="1" rowspan="1"><p>£39.00</p></td></tr></table></tblock></content></paragraph><paragraph eId="regulation-3-2"><num>2</num><intro><p>In Schedule 2 to the principal Regulations (prisms, tints, photochromic lenses, small and special glasses and complex appliances)—</p></intro><subparagraph eId="regulation-3-2-a"><num>a</num><content><p>in paragraph 1(1)(a) (prism— single vision lens), for “£5.10”there is substituted “£5.20”;</p></content></subparagraph><subparagraph eId="regulation-3-2-b"><num>b</num><content><p>in paragraph 1(1)(b) (prism— other lens), for “£6.30” there is substituted “£6.40”;</p></content></subparagraph><subparagraph eId="regulation-3-2-c"><num>c</num><content><p>in paragraph 1(1)(c) (single vision tinted lens), for “£2.60” there is substituted “£2.70”;</p></content></subparagraph><subparagraph eId="regulation-3-2-d"><num>d</num><content><p>in paragraph 1(1)(d) (other tinted lens), for “£3.10” there is substituted “£3.20”;</p></content></subparagraph><subparagraph eId="regulation-3-2-e"><num>e</num><intro><p>in paragraph 1(1)(e) (small glasses)—</p></intro><clause eId="regulation-3-2-e-i"><num>i</num><content><p>in sub-head (i), for “£43.50” there is substituted “£43.90”,</p></content></clause><clause eId="regulation-3-2-e-ii"><num>ii</num><content><p>in sub-head (ii), for “£38.60” there is substituted “£39.00”, and</p></content></clause><clause eId="regulation-3-2-e-iii"><num>iii</num><content><p>in sub-head (iii), for “£20.90” there is substituted “£21.10”;</p></content></clause></subparagraph><subparagraph eId="regulation-3-2-f"><num>f</num><content><p>in paragraph 1(1)(f) (photochromic lenses), for “£2.60” there is substituted “£2.70” and for “£3.10” there is substituted “£3.20”;</p></content></subparagraph><subparagraph eId="regulation-3-2-g"><num>g</num><content><p>in paragraph 1(1)(g) (specially manufactured frames), for “£43.50” there is substituted “£43.90”;</p></content></subparagraph><subparagraph eId="regulation-3-2-h"><num>h</num><content><p>in paragraph 2(a) (minimum complex appliance payment— single vision lenses), for “£4.30” there is substituted “£4.40”; and</p></content></subparagraph><subparagraph eId="regulation-3-2-i"><num>i</num><content><p>in paragraph 2(b) (minimum complex appliance payment— other lenses), for “£23.40” there is substituted “£23.60”.</p></content></subparagraph></paragraph><paragraph eId="regulation-3-3"><num>3</num><content><p>For Schedule 3 to the principal Regulations (voucher values — repair)<noteRef href="#f00004" class="footnote" marker="4"/>, there is substituted the Schedule 3 set out in the Schedule to these Regulations.</p></content></paragraph></hcontainer><hcontainer name="regulation" eId="regulation-4"><num>4</num><heading>Application of these Regulations</heading><intro><p>The amendments made by these Regulations apply only in relation to a voucher—</p></intro><subparagraph eId="regulation-4-a"><num>a</num><content><p>accepted or used pursuant to regulation 12 or regulation 18 of the principal Regulations on or after 1st April 1996; or</p></content></subparagraph><subparagraph eId="regulation-4-b"><num>b</num><content><p>provided to a Health Authority pursuant to regulation 14(2)(c) of the principal Regulations in respect of cost incurred on or after that date.</p></content></subparagraph></hcontainer><hcontainer name="signatures"><content><p>Signed by authority of the Secretary of State for Health</p><block name="signature"><signature><person refersTo="#ref-d5e350">Gerald Mallone</person><role refersTo="#ref-d5e352">Minister of State</role><organization refersTo="#ref-d5e354">Department of Health</organization><date date="1996-03-05">5th March 1996</date></signature></block></content></hcontainer><hcontainer name="schedules" eId="d5e359"><hcontainer name="schedule" eId="schedule"><num>SCHEDULE<authorialNote class="referenceNote" placement="right"><p>Regulation 3(3)</p></authorialNote></num><heading>SCHEDULE 3 TO THE PRINCIPAL REGULATIONS AS SUBSTITUTED BY THESE REGULATIONS</heading><content><p class="BlockAmendment"><mod><quotedStructure class="secondary regulation schedule none"><hcontainer name="schedule" eId="d5e370"><num>SCHEDULE 3<authorialNote class="referenceNote" placement="right"><p>Regulations 20(2) and (3)</p></authorialNote></num><heading>VOUCHER VALUES — REPAIR</heading><content><tblock class="tabular"><table><tr><th colspan="1" rowspan="1"><p><em>1. Nature of Repair</em></p></th><th colspan="8" rowspan="1"><p><em>2. Letter Codes— Values</em></p></th></tr><tr><th colspan="1" rowspan="1"><p/></th><th colspan="1" rowspan="1"><p><em>A £</em></p></th><th colspan="1" rowspan="1"><p><em>B £</em></p></th><th colspan="1" rowspan="1"><p><em>C £</em></p></th><th colspan="1" rowspan="1"><p><em>D £</em></p></th><th colspan="1" rowspan="1"><p><em>E £</em></p></th><th colspan="1" rowspan="1"><p><em>F £</em></p></th><th colspan="1" rowspan="1"><p><em>G £</em></p></th><th colspan="1" rowspan="1"><p><em>H &amp; I £</em></p></th></tr><tr><td colspan="1" rowspan="1"><p>Repair or replacement of one lens</p></td><td colspan="1" rowspan="1"><p>8.30</p></td><td colspan="1" rowspan="1"><p>15.30</p></td><td colspan="1" rowspan="1"><p>22.60</p></td><td colspan="1" rowspan="1"><p>49.20</p></td><td colspan="1" rowspan="1"><p>18.00</p></td><td colspan="1" rowspan="1"><p>24.20</p></td><td colspan="1" rowspan="1"><p>30.20</p></td><td colspan="1" rowspan="1"><p>54.50</p></td></tr><tr><td colspan="1" rowspan="1"><p>Repair or replacement of two lenses</p></td><td colspan="1" rowspan="1"><p>16.70</p></td><td colspan="1" rowspan="1"><p>30.50</p></td><td colspan="1" rowspan="1"><p>45.20</p></td><td colspan="1" rowspan="1"><p>98.40</p></td><td colspan="1" rowspan="1"><p>36.00</p></td><td colspan="1" rowspan="1"><p>48.50</p></td><td colspan="1" rowspan="1"><p>60.50</p></td><td colspan="1" rowspan="1"><p>109.20</p></td></tr><tr><td colspan="1" rowspan="1"><p>Repair or replacement of—</p></td></tr><tr><td colspan="1" rowspan="1"><p>the front of a frame</p></td><td colspan="1" rowspan="1"><p>8.60</p></td><td colspan="1" rowspan="1"><p>8.60</p></td><td colspan="1" rowspan="1"><p>8.60</p></td><td colspan="1" rowspan="1"><p>8.60</p></td><td colspan="1" rowspan="1"><p>8.60</p></td><td colspan="1" rowspan="1"><p>8.60</p></td><td colspan="1" rowspan="1"><p>8.60</p></td><td colspan="1" rowspan="1"><p>8.60</p></td></tr><tr><td colspan="1" rowspan="1"><p>a side of a frame</p></td><td colspan="1" rowspan="1"><p>5.10</p></td><td colspan="1" rowspan="1"><p>5.10</p></td><td colspan="1" rowspan="1"><p>5.10</p></td><td colspan="1" rowspan="1"><p>5.10</p></td><td colspan="1" rowspan="1"><p>5.10</p></td><td colspan="1" rowspan="1"><p>5.10</p></td><td colspan="1" rowspan="1"><p>5.10</p></td><td colspan="1" rowspan="1"><p>5.10</p></td></tr><tr><td colspan="1" rowspan="1"><p>the whole frame</p></td><td colspan="1" rowspan="1"><p>10.00</p></td><td colspan="1" rowspan="1"><p>10.00</p></td><td colspan="1" rowspan="1"><p>10.00</p></td><td colspan="1" rowspan="1"><p>10.00</p></td><td colspan="1" rowspan="1"><p>10.00</p></td><td colspan="1" rowspan="1"><p>10.00</p></td><td colspan="1" rowspan="1"><p>10.00</p></td><td colspan="1" rowspan="1"><p>10.00</p></td></tr></table></tblock></content></hcontainer></quotedStructure></mod></p></content></hcontainer></hcontainer></body><conclusions><blockContainer class="ExplanatoryNotes"><intro><p>(This note is not part of the Regulations)</p></intro><p><authorialNote><p>These Regulations further amend the National Health Service (Optical Charges and Payments) Regulations 1989 (“the principal Regulations”), which provide for payments to be made by means of a voucher system in respect of costs incurred by certain categories of persons in connection with the supply, replacement and repair of optical appliances.</p><p>Regulation 2 amends regulation 20 of the principal Regulations (redemption value of voucher for replacement or repair) to increase the value of an optical voucher issued towards the cost of replacing a single contact lens, and to increase the maximum contribution by way of voucher to the cost of repairing a frame.</p><p>Regulation 3(1) amends Schedule 1 to the principal Regulations to increase the value of vouchers issued towards the cost of the supply and replacement of glasses and contact lenses.</p><p>Regulation 3(2) increases the additional values for vouchers for prisms, tints, photochromic lenses and special categories of appliances.</p><p>Regulation 3(3) and the Schedule substitute a new Schedule 3 in the principal Regulations to increase the value of vouchers issued towards the cost of the repair and replacement of optical appliances.</p><p>The rate of increase is, on average, approximately 1%.</p></authorialNote></p></blockContainer></conclusions></act></akomaNtoso>