
<!DOCTYPE html
  PUBLIC "-//W3C//DTD XHTML+RDFa 1.0//EN" "http://www.w3.org/MarkUp/DTD/xhtml-rdfa-1.dtd">
<html xmlns="http://www.w3.org/1999/xhtml" xmlns:dct="http://purl.org/dc/terms/" xml:lang="en">
<head><meta http-equiv="Content-Type" content="text/html; charset=utf-8" /><title>UK Statutory Instrument 1996 No. 114</title><link rel="icon" href="/favicon.ico" /><link rel="stylesheet" href="/styles/screen.css" type="text/css" /><link rel="stylesheet" href="/styles/survey/survey.css" type="text/css" /><!--[if lte IE 6]><link rel="stylesheet" href="/styles/IE/ie6chromeAdditions.css" type="text/css" /><![endif]--><!--[if lte IE 7]><link rel="stylesheet" href="/styles/IE/ie7chromeAdditions.css" type="text/css" /><![endif]--><script type="text/javascript" src="/scripts/jquery-1.6.2.js"></script><script type="text/javascript" src="/scripts/CentralConfig.js"></script><script type="text/javascript" src="/scripts/survey/survey.js"></script><script type="text/javascript" src="/scripts/chrome.js"></script><link rel="apple-touch-icon" href="/images/chrome/apple-touch-icons/apple-touch-icon.png" /><link rel="stylesheet" href="/styles/print.css" type="text/css" media="print" /><script type="text/javascript" src="/scripts/jquery-cookie-directive/jquery.cookie.js"></script><script type="text/javascript" src="/scripts/jquery-cookie-directive/jquery-cookie-functions.js"></script><script type="text/javascript" src="/scripts/cookie-directive.js"></script><!--Google Tag Manager--><script type="text/javascript">
			function addGtm(w, d, s, l, i) {
				// Legislation.gov.uk: Check cookie preferences before running the Google analytics code.
				if (window.legGlobals.cookiePolicy.userSet &amp;&amp; window.legGlobals.cookiePolicy.analytics) {
					w[l] = w[l] || [];
					w[l].push({'gtm.start': new Date().getTime(), event: 'gtm.js'});
					var and = '&amp;';
					and = and.charAt(0);
					var f = d.getElementsByTagName(s)[0], j = d.createElement(s),
							dl = l != 'dataLayer' ? (and + 'l=' + l) : '';
					j.async = true;
					j.src = 'https://www.googletagmanager.com/gtm.js?id=' + i + dl;
					f.parentNode.insertBefore(j, f);
				} else {
					$.removeCookie('_ga', {path: '/'});
					$.removeCookie('_gid', {path: '/'});
					$.removeCookie('_gat_UA-2827241-23', {path: '/'});
					$.removeCookie('_ga', {path: '/', domain: '.legislation.gov.uk'});
					$.removeCookie('_gid', {path: '/', domain: '.legislation.gov.uk'});
					$.removeCookie('_gat_UA-2827241-23', {path: '/', domain: '.legislation.gov.uk'});
				}
			}
			addGtm(window, document, 'script', 'dataLayer', 'GTM-TWB7339');

			$('body').live('cookie.preferences.saved.banner', function () {
				addGtm(window, document, 'script', 'dataLayer', 'GTM-TWB7339');
			});
		</script><!--End Google Tag Manager--></head><body id="doc" xml:lang="en" dir="ltr"><div id="preloadBg"><script type="text/javascript">
						$("body").addClass("js");
					</script></div><ul id="top" class="accessibleLinks"><li><a href="#pageTitle">Skip to main content</a></li><li><a href="#primaryNav">Skip to navigation</a></li></ul><div id="layout1"><div id="header"><h2><a href="/">legislation.gov.uk<span class="english"></span></a></h2><span class="natArch"><a href="http://www.nationalarchives.gov.uk"><span class="backgroundImage"></span><span class="accessibleText">http://www.nationalarchives.gov.uk</span></a></span><ul id="secondaryNav"><li><a class="langaugeSwitch" href="/cy/uksi/1996/114/made/data.akn">Cymraeg</a></li></ul></div><div id="primaryNav"><div class="navLayout"><ul><li class="link1"><a href="/"><span>Home</span></a></li><li class="link2"><a href="/browse"><span>Browse Legislation</span></a></li><li class="link3"><a href="/new"><span>New Legislation</span></a></li><li class="link4"><a href="/changes"><span>Changes To Legislation</span></a></li><li id="quickSearch" class="en"><a href="#contentSearch"><span>Search Legislation</span></a></li></ul></div></div><div id="background"></div><div id="layout2"><form id="contentSearch" method="get" action="/search" class="contentSearch"><h2>Search Legislation</h2><div class="title"><label for="title">Title: <em>(or keywords in the title)</em></label><input type="text" id="title" name="title" /></div><div class="year"><label for="year">Year:</label><input type="text" id="year" name="year" /></div><div class="number"><label for="number">Number:</label><input type="text" id="number" name="number" /></div><div class="type"><label for="type">Type:</label><select name="type" id="type"><option value="primary+secondary" selected="selected">All UK Legislation (excluding originating from the EU)</option><option disabled="disabled">--------------------------------------------</option><option value="all">All Legislation (including originating from the EU)</option><option disabled="disabled">--------------------------------------------</option><option value="primary">All Primary Legislation</option><option value="ukpga">    UK Public General Acts</option><option value="ukla">    UK Local Acts</option><option value="asp">    Acts of the Scottish Parliament</option><option value="asc">    Acts of Senedd Cymru</option><option value="anaw">    Acts of the National Assembly for Wales</option><option value="mwa">    Measures of the National Assembly for Wales</option><option value="ukcm">    Church Measures</option><option value="nia">    Acts of the Northern Ireland Assembly</option><option value="aosp">    Acts of the Old Scottish Parliament</option><option value="aep">    Acts of the English Parliament</option><option value="aip">    Acts of the Old Irish Parliament</option><option value="apgb">    Acts of the Parliament of Great Britain</option><option value="nisi">    Northern Ireland Orders in Council</option><option value="mnia">    Measures of the Northern Ireland Assembly</option><option value="apni">    Acts of the Northern Ireland Parliament</option><option disabled="disabled">--------------------------------------------</option><option value="secondary">All Secondary Legislation</option><option value="uksi">    UK Statutory Instruments</option><option value="wsi">    Wales Statutory Instruments</option><option value="ssi">    Scottish Statutory Instruments</option><option value="nisr">    Northern Ireland Statutory Rules</option><option value="ukci">    Church Instruments</option><option value="ukmd">    UK Ministerial Directions</option><option value="ukmo">    UK Ministerial Orders</option><option value="uksro">    UK Statutory Rules and Orders</option><option value="nisro">    Northern Ireland Statutory Rules and Orders</option><option disabled="disabled">--------------------------------------------</option><option value="eu-origin">All Legislation originating from the EU</option><option value="eur">    Regulations originating from the EU</option><option value="eudn">    Decisions originating from the EU</option><option value="eudr">    Directives originating from the EU</option><option value="eut">    European Union Treaties</option><option disabled="disabled">--------------------------------------------</option><option value="draft">All Draft Legislation</option><option value="ukdsi">    UK Draft Statutory Instruments</option><option value="sdsi">    Scottish Draft Statutory Instruments</option><option value="nidsr">    Northern Ireland Draft Statutory Rules</option><option disabled="disabled">--------------------------------------------</option><option value="ukia">All Impact Assessments</option><option value="ukia">    UK Impact Assessments</option></select></div><div class="submit"><button type="submit" id="contentSearchSubmit" class="userFunctionalElement"><span class="btl"></span><span class="btr"></span>Search<span class="bbl"></span><span class="bbr"></span></button></div><div class="advSearch"><a href="/search">Advanced Search</a></div></form><div id="title"><h1 id="pageTitle">Found References</h1></div><div id="content"><h2 class="intro">UK Statutory Instrument 1996 No. 114</h2><p>This item of legislation isn’t available on this site as it isn’t currently available in a web-publishable format. This could be because the new legislation item hasn’t published yet. However, if you are looking for an older item of legislation that we do not hold but you’d like to see on this site, please let us know via <a href="mailto: legislation@nationalarchives.gov.uk?subject=Legislation%20Enquiry?subject=UK Statutory Instrument 1996 No. 114">legislation@nationalarchives.gov.uk</a>.</p><p>You may be interested to know that S.I. 1996/114 is also referenced by other legislation items such as:</p><ul><li><a href="/id/uksi/2005/886">The Courts Act 2003 (Consequential Provisions) Order 2005</a></li><li><a href="/id/ukdsi/2005/0110722248">Courts Act 2003 (Consequential Provisions) Order 2005</a></li></ul></div></div><div id="footerNav"><ul><li><a href="/help">Help</a></li><li><a href="/aboutus">About Us</a></li><li><a href="/sitemap">Site Map</a></li><li><a href="/accessibility">Accessibility</a></li><li><a href="/contactus">Contact Us</a></li><li><a href="/privacynotice">Privacy Notice</a></li><li><a href="/cookiepolicy" id="cookies-content-link">Cookies</a></li></ul></div><div id="footer"><div><p class="copyrightstatement"><img src="/images/chrome/ogl-symbol.gif" alt="OGL logo" /><span xml:lang="" id="Copyright_Statement">All content is available under the <a href="http://www.nationalarchives.gov.uk/doc/open-government-licence/version/3" target="_blank" rel="license">Open Government Licence v3.0</a> except where <a href="/contributors">otherwise stated</a>. This site additionally contains content derived from EUR-Lex, reused under the terms of the <a href="https://eur-lex.europa.eu/legal-content/EN/TXT/?uri=CELEX%3A32011D0833" target="_blank">Commission Decision 2011/833/EU</a> on the reuse of documents from the EU institutions. For more information see the <a href="https://eur-lex.europa.eu/content/legal-notice/legal-notice.html" target="_blank">EUR-Lex public statement on re-use</a>.</span></p><span class="copyright">© <span rel="dct:rights" resource="http://reference.data.gov.uk/def/copyright/crown-copyright">Crown and database right</span></span></div></div><!--Google Tag Manager NoScript--><div id="google-tag-manager"><script type="text/javascript">
				if (window.legGlobals.cookiePolicy.userSet &amp;&amp; window.legGlobals.cookiePolicy.analytics) {
					var toRemove = document.getElementById('google-tag-manager');
					document.getElementById('google-tag-manager').parentNode.removeChild(toRemove);
				}
			</script><div style="visibility: hidden; height: 0; width: 0; overflow: hidden; position: absolute"><object data="https://www.googletagmanager.com/ns.html?id=GTM-TWB7339" height="0" width="0" type="text/html"></object></div></div><!--End Google Tag Manager NoScript--></div><div id="modalBg" style="width: 1264px; height: 1731px; opacity: 0.8; display: none;"></div><script type="text/javascript">
					$("#statusWarningSubSections").css("display", "none");
					$(".help").css("display", "none");
					$("#searchChanges", "#existingSearch").css({"display": "none"});
				</script><script type="text/javascript" src="/scripts/libs/gsap/TweenMax.min.js"></script><script type="text/javascript" src="/scripts/libs/gsap/ScrollToPlugin.min.js"></script><script type="text/javascript" src="/scripts/libs/scrollmagic/ScrollMagic.min.js"></script><script type="text/javascript" src="/scripts/SidebarScroll.js"></script><script type="text/javascript" src="/scripts/StickyElements.js"></script></body></html>