<akomaNtoso xmlns:xsi="http://www.w3.org/2001/XMLSchema-instance" xmlns="http://docs.oasis-open.org/legaldocml/ns/akn/3.0" xsi:schemaLocation="http://docs.oasis-open.org/legaldocml/ns/akn/3.0 http://docs.oasis-open.org/legaldocml/akn-core/v1.0/cos01/part2-specs/schemas/akomantoso30.xsd"><act name="UnitedKingdomStatutoryInstrument"><meta><identification source="#source"><FRBRWork><FRBRthis value="http://www.legislation.gov.uk/id/uksi/1996/313"/><FRBRuri value="http://www.legislation.gov.uk/id/uksi/1996/313"/><FRBRdate date="1996-02-14" name="made"/><FRBRauthor href="http://www.legislation.gov.uk/id/government/uk"/><FRBRcountry value="GB-UKM"/><FRBRsubtype value="order"/><FRBRnumber value="313"/><FRBRname value="S.I. 1996/313"/><FRBRprescriptive value="true"/></FRBRWork><FRBRExpression><FRBRthis value="http://www.legislation.gov.uk/uksi/1996/313/made"/><FRBRuri value="http://www.legislation.gov.uk/uksi/1996/313/made"/><FRBRdate date="1996-02-14" name="made"/><FRBRauthor href="#source"/><FRBRlanguage language="eng"/></FRBRExpression><FRBRManifestation><FRBRthis value="http://www.legislation.gov.uk/uksi/1996/313/made/data.akn"/><FRBRuri value="http://www.legislation.gov.uk/uksi/1996/313/made/data.akn"/><FRBRdate date="2021-07-26+01:00" name="transform"/><FRBRauthor href="http://www.legislation.gov.uk"/><FRBRformat value="application/akn+xml"/></FRBRManifestation></identification><classification source="#source"><keyword value="civil service" showAs="Civil Service" dictionary="http://www.legislation.gov.uk"/><keyword value="ministers of the crown" showAs="MINISTERS OF THE CROWN" dictionary="http://www.legislation.gov.uk"/></classification><lifecycle source="#source"><eventRef date="1996-02-14" type="generation" eId="made-date" source="#source"/><eventRef date="1996-02-26" eId="laid-date-1" source="#source"/><eventRef date="1996-04-01" eId="coming-into-force-date-1" source="#source"/></lifecycle><references source="#source"><TLCOrganization eId="source" href="http://www.legislation.gov.uk/id/publisher/KingsOrQueensPrinterOfActsOfParliament" showAs="Queen's Printer of Acts of Parliament"/><passiveRef href="http://www.legislation.gov.uk/id/uksi/2003/2922" showAs="The Transfer of Functions (European Parliamentary Pay and Pensions) Order 2003"/><TLCRole eId="ref-d4e172" href="/ontology/role/uk.Clerk of the Privy Council" showAs="Clerk of the Privy Council"/><TLCPerson eId="ref-d4e170" href="/ontology/persons/uk.N.H.Nicholls" showAs="N. H. Nicholls"/><TLCConcept href="/uk/subject/ministers-of-the-crown" showAs="MINISTERS OF THE CROWN" eId="d4e71"/></references><notes source="#source"><note class="footnote" eId="f00001"><p><ref href="http://www.legislation.gov.uk/id/ukpga/1975/26">1975 c. 26</ref>.</p></note><note class="footnote" eId="f00002"><p><ref href="http://www.legislation.gov.uk/id/ukpga/1988/1">1988 c.I</ref>.</p></note></notes><proprietary xmlns:ukl="http://www.legislation.gov.uk/namespaces/legislation" xmlns:ukm="http://www.legislation.gov.uk/namespaces/metadata" xmlns:dc="http://purl.org/dc/elements/1.1/" xmlns:dct="http://purl.org/dc/terms/" xmlns:atom="http://www.w3.org/2005/Atom" source="#source"><dc:identifier>http://www.legislation.gov.uk/uksi/1996/313/made</dc:identifier><dc:title>The Transfer of Functions (Foreign Service Allowance) Order 1996</dc:title><dc:subject>Civil Service</dc:subject><dc:publisher>Queen's Printer of Acts of Parliament</dc:publisher><dc:modified>2011-07-04</dc:modified><dc:subject scheme="SIheading">MINISTERS OF THE CROWN</dc:subject><dc:description>This Order in Council, made under the Ministers of the Crown Act 1975, provides for the Treasury’s function of certifying overseas allowances for Crown servants under section 319 of the Income and Corporation Taxes Act 1988 to be exercisable concurrently with the Ministers listed in article 2(1).</dc:description><atom:link rel="self" href="http://www.legislation.gov.uk/uksi/1996/313/made/data.xml" type="application/xml"/><atom:link rel="http://www.legislation.gov.uk/def/navigation/resources" href="http://www.legislation.gov.uk/uksi/1996/313/resources" title="More Resources"/><atom:link rel="http://www.legislation.gov.uk/def/navigation/act" href="http://www.legislation.gov.uk/uksi/1996/313/made" title="whole act"/><atom:link rel="http://www.legislation.gov.uk/def/navigation/introduction" href="http://www.legislation.gov.uk/uksi/1996/313/introduction/made" title="introduction"/><atom:link rel="http://www.legislation.gov.uk/def/navigation/signature" href="http://www.legislation.gov.uk/uksi/1996/313/signature/made" title="signature"/><atom:link rel="http://www.legislation.gov.uk/def/navigation/note" href="http://www.legislation.gov.uk/uksi/1996/313/note/made" title="note"/><atom:link rel="http://www.legislation.gov.uk/def/navigation/body" href="http://www.legislation.gov.uk/uksi/1996/313/body/made" title="body"/><atom:link rel="alternate" type="application/rdf+xml" href="http://www.legislation.gov.uk/uksi/1996/313/made/data.rdf" title="RDF/XML"/><atom:link rel="alternate" type="application/akn+xml" href="http://www.legislation.gov.uk/uksi/1996/313/made/data.akn" title="AKN"/><atom:link rel="alternate" type="application/xhtml+xml" href="http://www.legislation.gov.uk/uksi/1996/313/made/data.xht" title="HTML snippet"/><atom:link rel="alternate" type="application/pdf" href="http://www.legislation.gov.uk/uksi/1996/313/made/data.pdf" title="PDF"/><atom:link rel="alternate" type="application/akn+xhtml" href="http://www.legislation.gov.uk/uksi/1996/313/made/data.html" title="HTML5 snippet"/><atom:link rel="http://purl.org/dc/terms/tableOfContents" hreflang="en" href="http://www.legislation.gov.uk/uksi/1996/313/contents/made" title="Table of Contents"/><ukm:SecondaryMetadata><ukm:DocumentClassification><ukm:DocumentCategory Value="secondary"/><ukm:DocumentMainType Value="UnitedKingdomStatutoryInstrument"/><ukm:DocumentStatus Value="final"/><ukm:DocumentMinorType Value="order"/></ukm:DocumentClassification><ukm:Year Value="1996"/><ukm:Number Value="313"/><ukm:Made Date="1996-02-14"/><ukm:Laid Date="1996-02-26" Class="UnitedKingdomParliament"/><ukm:ComingIntoForce><ukm:DateTime Date="1996-04-01"/></ukm:ComingIntoForce><ukm:RoyalPresence Date="1996-02-14"/><ukm:ISBN Value="0110540859"/><ukm:UnappliedEffects><ukm:UnappliedEffect EffectId="key-a24bfbfc22edc75275c8823eded02bdc" AffectingClass="UnitedKingdomStatutoryInstrument" AffectedClass="UnitedKingdomStatutoryInstrument" Created="2013-10-13T03:26:31.615+01:00" Modified="2013-10-13T03:26:31.615+01:00" URI="http://www.legislation.gov.uk/id/effect/uksi-2003-2922xls-29" Type="am" RequiresApplied="true" AffectedProvisions="art 2" AffectingYear="2003" AffectingNumber="2922" AffectingProvisions="art 3" AffectedURI="http://www.legislation.gov.uk/id/uksi/1996/313" AffectedYear="1996" AffectedNumber="313" AffectingURI="http://www.legislation.gov.uk/id/uksi/2003/2922"><ukm:AffectedTitle>The Transfer of Functions (Foreign Service Allowance) Order 1996</ukm:AffectedTitle><ukm:AffectedProvisions><ukm:Section Ref="article-2" URI="http://www.legislation.gov.uk/id/uksi/1996/313/article/2">art 2</ukm:Section></ukm:AffectedProvisions><ukm:AffectingTitle>The Transfer of Functions (European Parliamentary Pay and Pensions) Order 2003</ukm:AffectingTitle><ukm:AffectingProvisions><ukm:Section Ref="article-3" URI="http://www.legislation.gov.uk/id/uksi/2003/2922/article/3">art 3</ukm:Section></ukm:AffectingProvisions><ukm:InForceDates><ukm:InForce Prospective="true" Qualification="" Applied="false"/></ukm:InForceDates></ukm:UnappliedEffect></ukm:UnappliedEffects></ukm:SecondaryMetadata><ukm:Statistics><ukm:TotalParagraphs Value="2"/><ukm:BodyParagraphs Value="2"/><ukm:ScheduleParagraphs Value="0"/><ukm:AttachmentParagraphs Value="0"/><ukm:TotalImages Value="0"/></ukm:Statistics></proprietary></meta><preface><p class="number"><docNumber>1996 No. 313</docNumber></p><block name="subject"><concept class="title" refersTo="#d4e71">MINISTERS OF THE CROWN</concept></block><p class="title"><shortTitle>The Transfer of Functions (Foreign Service Allowance) Order 1996</shortTitle></p><p class="MadeDate"><span>Made</span><docDate date="1996-02-14">14th February 1996</docDate></p><p class="LaidDate"><span>Laid before Parliament</span><docDate date="1996-02-26">26th February 1996</docDate></p><p class="ComingIntoForce"><span>Coming into force</span><docDate date="1996-04-01">1st April 1996</docDate></p></preface><preamble><container name="RoyalPresence"><p>At the Court at Buckingham Palace, the 14th day of February 1996</p><p>Present,</p><p>The Queen’s Most Excellent Majesty in Council</p></container><formula name="EnactingText"><p>Her Majesty, in pursuance of section 1 of the Ministers of the Crown Act 1975<noteRef href="#f00001" class="footnote" marker="1"/>, is pleased, by and with the advice of Her Privy Council, to order, and it is hereby ordered, as follows:—</p></formula></preamble><body><article eId="article-1"><num>1</num><heading>Citation and commencement</heading><paragraph eId="article-1-1"><num>1</num><content><p>This Order may be cited as the Transfer of Functions (Foreign Service Allowance) Order 1996.</p></content></paragraph><paragraph eId="article-1-2"><num>2</num><content><p>This Order shall come into force on 1st April 1996.</p></content></paragraph></article><article eId="article-2"><num>2</num><heading>Transfer of functions</heading><paragraph eId="article-2-1"><num>1</num><content><p>The function of the Treasury under section 319 of the Income and Corporation Taxes Act 1988<noteRef href="#f00002" class="footnote" marker="2"/> (Crown servants: foreign service allowance) shall be exercisable concurrently with the Secretary of State, the Lord Chancellor, the Chancellor of the Exchequer, the Minister of Agriculture, Fisheries and Food, the Minister for the Civil Service, the Lord President of the Council, the Lord Privy Seal, the Attorney General and the Lord Advocate.</p></content></paragraph><paragraph eId="article-2-2"><num>2</num><intro><p>Section 319 shall become section 319(1) and—</p></intro><subparagraph eId="article-2-2-a"><num>a</num><content><p>the words “by the Treasury” shall be omitted; and</p></content></subparagraph><subparagraph eId="article-2-2-b"><num>b</num><content><p>at the end there shall be added—</p><p class="BlockAmendment"><mod><quotedStructure class="unknown unknown unknown default" startQuote="“" endQuote="”"><clause eId="d4e159"><num>2</num><content><p>A certificate under subsection (1) shall be given by the Treasury, the Secretary of State, the Lord Chancellor, the Chancellor of the Exchequer, the Minister of Agriculture, Fisheries and Food, the Minister for the Civil Service, the Lord President of the Council, the Lord Privy Seal, the Attorney General or the Lord Advocate.</p></content></clause></quotedStructure></mod><inline name="AppendText">.</inline></p></content></subparagraph></paragraph></article><hcontainer name="signatures"><content><block name="signature"><signature><person refersTo="#ref-d4e170">N. H. Nicholls</person><role refersTo="#ref-d4e172">Clerk of the Privy Council</role></signature></block></content></hcontainer></body><conclusions><blockContainer class="ExplanatoryNotes"><intro><p>(This note is not part of the Order)</p></intro><p><authorialNote><p>This Order in Council, made under the Ministers of the Crown Act 1975, provides for the Treasury’s function of certifying overseas allowances for Crown servants under section 319 of the Income and Corporation Taxes Act 1988 to be exercisable concurrently with the Ministers listed in article 2(1).</p></authorialNote></p></blockContainer></conclusions></act></akomaNtoso>