<akomaNtoso xmlns:xsi="http://www.w3.org/2001/XMLSchema-instance" xmlns="http://docs.oasis-open.org/legaldocml/ns/akn/3.0" xsi:schemaLocation="http://docs.oasis-open.org/legaldocml/ns/akn/3.0 http://docs.oasis-open.org/legaldocml/akn-core/v1.0/cos01/part2-specs/schemas/akomantoso30.xsd"><act name="UnitedKingdomStatutoryInstrument"><meta><identification source="#source"><FRBRWork><FRBRthis value="http://www.legislation.gov.uk/id/uksi/1996/21"/><FRBRuri value="http://www.legislation.gov.uk/id/uksi/1996/21"/><FRBRdate date="1996-01-09" name="made"/><FRBRauthor href="http://www.legislation.gov.uk/id/government/uk"/><FRBRcountry value="GB-UKM"/><FRBRsubtype value="regulation"/><FRBRnumber value="21"/><FRBRname value="S.I. 1996/21"/><FRBRprescriptive value="true"/></FRBRWork><FRBRExpression><FRBRthis value="http://www.legislation.gov.uk/uksi/1996/21/made"/><FRBRuri value="http://www.legislation.gov.uk/uksi/1996/21/made"/><FRBRdate date="1996-01-09" name="made"/><FRBRauthor href="#source"/><FRBRlanguage language="eng"/></FRBRExpression><FRBRManifestation><FRBRthis value="http://www.legislation.gov.uk/uksi/1996/21/made/data.akn"/><FRBRuri value="http://www.legislation.gov.uk/uksi/1996/21/made/data.akn"/><FRBRdate date="2021-07-26+01:00" name="transform"/><FRBRauthor href="http://www.legislation.gov.uk"/><FRBRformat value="application/akn+xml"/></FRBRManifestation></identification><classification source="#source"><keyword value="friendly societies" showAs="Friendly societies" dictionary="http://www.legislation.gov.uk"/><keyword value="business practice and regulation" showAs="Business practice and regulation" dictionary="http://www.legislation.gov.uk"/><keyword value="income" showAs="Income" dictionary="http://www.legislation.gov.uk"/><keyword value="business finance" showAs="Business finance" dictionary="http://www.legislation.gov.uk"/><keyword value="tax" showAs="Tax" dictionary="http://www.legislation.gov.uk"/><keyword value="income tax" showAs="INCOME TAX" dictionary="http://www.legislation.gov.uk"/></classification><lifecycle source="#source"><eventRef date="1996-01-09" type="generation" eId="made-date" source="#source"/><eventRef date="1996-01-09" eId="laid-date-1" source="#source"/><eventRef date="1996-01-30" eId="coming-into-force-date-1" source="#source"/></lifecycle><references source="#source"><TLCOrganization eId="source" href="http://www.legislation.gov.uk/id/publisher/KingsOrQueensPrinterOfActsOfParliament" showAs="Queen's Printer of Acts of Parliament"/><passiveRef href="http://www.legislation.gov.uk/id/uksi/1997/475" showAs="The Friendly Societies (Gilt-edged Securities) (Periodic Accounting for Tax on Interest) (Amendment) Regulations 1997"/><passiveRef href="http://www.legislation.gov.uk/id/uksi/1999/624" showAs="The Friendly Societies (Gilt-edged Securities) (Periodic Accounting for Tax on Interest) Regulations 1999"/><TLCRole eId="ref-d4e1457" href="/ontology/role/uk.Two of the Lords Commissioners of Her Majesty’s Treasury" showAs="Two of the Lords Commissioners of Her Majesty’s Treasury"/><TLCPerson eId="ref-d4e1453" href="/ontology/persons/uk.DerekConway" showAs="Derek Conway"/><TLCPerson eId="ref-d4e1455" href="/ontology/persons/uk.MichaelBates" showAs="Michael Bates"/><TLCConcept href="/uk/subject/income-tax" showAs="INCOME TAX" eId="d4e504"/></references><notes source="#source"><note class="footnote" eId="f00001"><p><ref href="http://www.legislation.gov.uk/id/ukpga/1988/1">1988 c. 1</ref>; section 51B was inserted by section 78(1) of the Finance Act <ref href="http://www.legislation.gov.uk/id/ukpga/1995/4">1995 (c. 4)</ref>. By virtue of powers conferred on the Treasury under section 51B(3)(b) of the Income and Corporation Taxes Act 1988, the operation of Schedule 19AB to that Act was modified in relation to cases where payments of interest on relevant gilt-edged securities are made without deduction of tax to companies carrying on pension business by regulations 4 to 10 of <ref href="http://www.legislation.gov.uk/id/uksi/1995/3223">S.I. 1995/3223</ref>.</p></note><note class="footnote" eId="f00002"><p><ref href="http://www.legislation.gov.uk/id/ukpga/1993/34">1993 c. 34</ref>.</p></note><note class="footnote" eId="f00003"><p>Section 460(1) was amended by paragraph 5 of Schedule 9 to the Finance (<abbr title="Number" xml:lang="">No.</abbr> 2) Act <ref href="http://www.legislation.gov.uk/id/ukpga/1992/48">1992 (c. 48)</ref>.</p></note><note class="footnote" eId="f00004"><p>Section 461B was inserted by paragraph 7 of Schedule 9 to the Finance (<abbr title="Number" xml:lang="">No.</abbr> 2) Act 1992.</p></note><note class="footnote" eId="f00005"><p><ref href="http://www.legislation.gov.uk/id/uksi/1993/3112">S.I. 1993/3112</ref>.</p></note><note class="footnote" eId="f00006"><p><ref href="http://www.legislation.gov.uk/id/uksi/1995/3224">S.I. 1995/3224</ref>.</p></note><note class="footnote" eId="f00007"><p>Section 431B was inserted by paragraph 2 of Schedule 8 to the Finance Act 1995.</p></note><note class="footnote" eId="f00008"><p>Schedule 19AB was inserted by Schedule 8 to the Finance Act <ref href="http://www.legislation.gov.uk/id/ukpga/1991/31">1991 (c. 31)</ref>, and amended by section 103(2)(h) of, and Part III(9) of Schedule 23 to, the Finance Act 1993 and by paragraph 12(1)(b) of Schedule 8 to the Finance Act 1995.</p></note><note class="footnote" eId="f00009"><p><ref href="http://www.legislation.gov.uk/id/ukpga/1988/1">1988 c. 1</ref>.</p></note><note class="footnote" eId="f00010"><p><ref href="http://www.legislation.gov.uk/id/uksi/1995/3223">S.I. 1995/3223</ref>.</p></note><note class="footnote" eId="f00011"><p><ref href="http://www.legislation.gov.uk/id/uksi/1992/1655">S.I. 1992/1655</ref>, amended by <ref href="http://www.legislation.gov.uk/id/uksi/1993/3111">S.I. 1993/3111</ref>.</p></note></notes><proprietary xmlns:ukl="http://www.legislation.gov.uk/namespaces/legislation" xmlns:ukm="http://www.legislation.gov.uk/namespaces/metadata" xmlns:dc="http://purl.org/dc/elements/1.1/" xmlns:dct="http://purl.org/dc/terms/" xmlns:atom="http://www.w3.org/2005/Atom" source="#source"><dc:identifier>http://www.legislation.gov.uk/uksi/1996/21/made</dc:identifier><dc:title>The Friendly Societies (Gilt-edged Securities) (Periodic Accounting for Tax on Interest) Regulations 1996</dc:title><dc:subject>Friendly societies</dc:subject><dc:subject>Business practice and regulation</dc:subject><dc:subject>Income</dc:subject><dc:subject>Business finance</dc:subject><dc:subject>Tax</dc:subject><dc:publisher>Queen's Printer of Acts of Parliament</dc:publisher><dc:modified>2017-05-04</dc:modified><dc:subject scheme="SIheading">INCOME TAX</dc:subject><dc:description>Section 51A(1) of the Income and Corporation Taxes Act 1988 (“the 1988 Act”), inserted by section 77 of the Finance Act 1995 (“the 1995 Act”), provides that, in certain circumstances, interest on gilt-edged securities shall be paid without deduction of income tax and that the interest so paid shall be chargeable under Case III of Schedule D. Section 51B of the 1988 Act, inserted by section 78(1) of the 1995 Act, provides that the Treasury may by regulations provide that persons to whom payments of interest on gilt-edged securities are made without deduction of tax shall make periodic returns to an officer of the Commissioners of Inland Revenue.</dc:description><atom:link rel="self" href="http://www.legislation.gov.uk/uksi/1996/21/made/data.xml" type="application/xml"/><atom:link rel="http://www.legislation.gov.uk/def/navigation/resources" href="http://www.legislation.gov.uk/uksi/1996/21/resources" title="More Resources"/><atom:link rel="http://www.legislation.gov.uk/def/navigation/act" href="http://www.legislation.gov.uk/uksi/1996/21/made" title="whole act"/><atom:link rel="http://www.legislation.gov.uk/def/navigation/introduction" href="http://www.legislation.gov.uk/uksi/1996/21/introduction/made" title="introduction"/><atom:link rel="http://www.legislation.gov.uk/def/navigation/signature" href="http://www.legislation.gov.uk/uksi/1996/21/signature/made" title="signature"/><atom:link rel="http://www.legislation.gov.uk/def/navigation/note" href="http://www.legislation.gov.uk/uksi/1996/21/note/made" title="note"/><atom:link rel="http://www.legislation.gov.uk/def/navigation/body" href="http://www.legislation.gov.uk/uksi/1996/21/body/made" title="body"/><atom:link rel="alternate" type="application/rdf+xml" href="http://www.legislation.gov.uk/uksi/1996/21/made/data.rdf" title="RDF/XML"/><atom:link rel="alternate" type="application/akn+xml" href="http://www.legislation.gov.uk/uksi/1996/21/made/data.akn" title="AKN"/><atom:link rel="alternate" type="application/xhtml+xml" href="http://www.legislation.gov.uk/uksi/1996/21/made/data.xht" title="HTML snippet"/><atom:link rel="alternate" type="application/pdf" href="http://www.legislation.gov.uk/uksi/1996/21/made/data.pdf" title="PDF"/><atom:link rel="alternate" type="application/akn+xhtml" href="http://www.legislation.gov.uk/uksi/1996/21/made/data.html" title="HTML5 snippet"/><atom:link rel="http://purl.org/dc/terms/tableOfContents" hreflang="en" href="http://www.legislation.gov.uk/uksi/1996/21/contents/made" title="Table of Contents"/><ukm:SecondaryMetadata><ukm:DocumentClassification><ukm:DocumentCategory Value="secondary"/><ukm:DocumentMainType Value="UnitedKingdomStatutoryInstrument"/><ukm:DocumentStatus Value="final"/><ukm:DocumentMinorType Value="regulation"/></ukm:DocumentClassification><ukm:Year Value="1996"/><ukm:Number Value="21"/><ukm:Made Date="1996-01-09"/><ukm:Laid Date="1996-01-09" Class="UnitedKingdomParliament"/><ukm:ComingIntoForce><ukm:DateTime Date="1996-01-30"/></ukm:ComingIntoForce><ukm:ISBN Value="0110538927"/><ukm:UnappliedEffects><ukm:UnappliedEffect EffectId="key-4180b3b45278ebf22e4f0b3cbc723c61" AffectedURI="http://www.legislation.gov.uk/id/uksi/1996/21" AffectedClass="UnitedKingdomStatutoryInstrument" AffectingURI="http://www.legislation.gov.uk/id/uksi/1997/475" AffectingClass="UnitedKingdomStatutoryInstrument" URI="http://www.legislation.gov.uk/id/effect/key-4180b3b45278ebf22e4f0b3cbc723c61" Row="3530" Type="revoked" RequiresApplied="true" AffectedProvisions="reg.7(6)(a)" Comments="reg.7(6)(a) rev." AffectingYear="1997" AffectingNumber="475" AffectingProvisions="reg.4(1)" AffectedYear="1996" AffectedNumber="21" Created="2019-05-02T00:00:00" Modified="2019-05-02T00:00:00"><ukm:AffectedTitle>The Friendly Societies (Gilt-edged Securities) (Periodic Accounting for Tax on Interest) Regulations 1996</ukm:AffectedTitle><ukm:AffectedProvisions><ukm:Section Ref="regulation-7-6-a" URI="http://www.legislation.gov.uk/id/uksi/1996/21/regulation/7/6/a" FoundRef="regulation-7">reg.7(6)(a)</ukm:Section></ukm:AffectedProvisions><ukm:AffectingTitle>The Friendly Societies (Gilt-edged Securities) (Periodic Accounting for Tax on Interest) (Amendment) Regulations 1997</ukm:AffectingTitle><ukm:AffectingProvisions><ukm:Section Ref="regulation-4-1" URI="http://www.legislation.gov.uk/id/uksi/1997/475/regulation/4/1">reg.4(1)</ukm:Section></ukm:AffectingProvisions><ukm:InForceDates><ukm:InForce Applied="false" Prospective="true" Qualification=""/></ukm:InForceDates></ukm:UnappliedEffect><ukm:UnappliedEffect EffectId="key-40f057ce16d4b3351810cf4006d58a1e" AffectedURI="http://www.legislation.gov.uk/id/uksi/1996/21" AffectedClass="UnitedKingdomStatutoryInstrument" AffectingURI="http://www.legislation.gov.uk/id/uksi/1997/475" AffectingClass="UnitedKingdomStatutoryInstrument" URI="http://www.legislation.gov.uk/id/effect/key-40f057ce16d4b3351810cf4006d58a1e" Row="3531" Type="amended" RequiresApplied="true" AffectedProvisions="reg.7(8)" Comments="reg.7(8) am." AffectingYear="1997" AffectingNumber="475" AffectingProvisions="reg.4(2)(a)(b) (c)" AffectedYear="1996" AffectedNumber="21" Created="2019-05-02T00:00:00" Modified="2019-05-02T00:00:00"><ukm:AffectedTitle>The Friendly Societies (Gilt-edged Securities) (Periodic Accounting for Tax on Interest) Regulations 1996</ukm:AffectedTitle><ukm:AffectedProvisions><ukm:Section Ref="regulation-7-8" URI="http://www.legislation.gov.uk/id/uksi/1996/21/regulation/7/8" FoundRef="regulation-7">reg.7(8)</ukm:Section></ukm:AffectedProvisions><ukm:AffectingTitle>The Friendly Societies (Gilt-edged Securities) (Periodic Accounting for Tax on Interest) (Amendment) Regulations 1997</ukm:AffectingTitle><ukm:AffectingProvisions><ukm:Section Ref="regulation-4-2-a" URI="http://www.legislation.gov.uk/id/uksi/1997/475/regulation/4/2/a">reg.4(2)(a)</ukm:Section><ukm:Section Ref="regulation-4-2-b" URI="http://www.legislation.gov.uk/id/uksi/1997/475/regulation/4/2/b">reg.4(2)(b)</ukm:Section><ukm:Section Ref="regulation-4-2-c" URI="http://www.legislation.gov.uk/id/uksi/1997/475/regulation/4/2/c">(c)</ukm:Section></ukm:AffectingProvisions><ukm:InForceDates><ukm:InForce Applied="false" Prospective="true" Qualification=""/></ukm:InForceDates></ukm:UnappliedEffect><ukm:UnappliedEffect EffectId="key-3858239ed9167a4452004040df5cb58c" AffectedURI="http://www.legislation.gov.uk/id/uksi/1996/21" AffectedClass="UnitedKingdomStatutoryInstrument" AffectingURI="http://www.legislation.gov.uk/id/uksi/1997/475" AffectingClass="UnitedKingdomStatutoryInstrument" URI="http://www.legislation.gov.uk/id/effect/key-3858239ed9167a4452004040df5cb58c" Row="3532" Type="amended" RequiresApplied="true" AffectedProvisions="reg.7(8) (defn. of tax exempt basic life assurance and general annuity business)" Comments="reg.7(8) (defn. of tax exempt basic life assurance and general annuity business) am." AffectingYear="1997" AffectingNumber="475" AffectingProvisions="reg.4(3)(a)" AffectedYear="1996" AffectedNumber="21" Created="2019-05-02T00:00:00" Modified="2019-05-02T00:00:00"><ukm:AffectedTitle>The Friendly Societies (Gilt-edged Securities) (Periodic Accounting for Tax on Interest) Regulations 1996</ukm:AffectedTitle><ukm:AffectedProvisions><ukm:Section Ref="regulation-7-8" URI="http://www.legislation.gov.uk/id/uksi/1996/21/regulation/7/8" FoundRef="regulation-7">reg.7(8)</ukm:Section> (defn. of tax exem<ukm:Section xmlns:err="http://www.legislation.gov.uk/namespaces/error" Ref="part" URI="http://www.legislation.gov.uk/id/uksi/1996/21/part" err:Ref="Section missing in legislation" Missing="true">pt </ukm:Section>basic life assurance and general annuity busine<ukm:Section xmlns:err="http://www.legislation.gov.uk/namespaces/error" Ref="section" URI="http://www.legislation.gov.uk/id/uksi/1996/21/section" err:Ref="Section missing in legislation" Missing="true">ss)</ukm:Section></ukm:AffectedProvisions><ukm:AffectingTitle>The Friendly Societies (Gilt-edged Securities) (Periodic Accounting for Tax on Interest) (Amendment) Regulations 1997</ukm:AffectingTitle><ukm:AffectingProvisions><ukm:Section Ref="regulation-4-3-a" URI="http://www.legislation.gov.uk/id/uksi/1997/475/regulation/4/3/a">reg.4(3)(a)</ukm:Section></ukm:AffectingProvisions><ukm:InForceDates><ukm:InForce Applied="false" Prospective="true" Qualification=""/></ukm:InForceDates></ukm:UnappliedEffect><ukm:UnappliedEffect EffectId="key-3ec810c714e81d0e2b0aac1aad55394a" AffectedURI="http://www.legislation.gov.uk/id/uksi/1996/21" AffectedClass="UnitedKingdomStatutoryInstrument" AffectingURI="http://www.legislation.gov.uk/id/uksi/1997/475" AffectingClass="UnitedKingdomStatutoryInstrument" URI="http://www.legislation.gov.uk/id/effect/key-3ec810c714e81d0e2b0aac1aad55394a" Row="3533" Type="added" RequiresApplied="true" AffectedProvisions="reg.7(8) (defn. of tax exempt class IV business)" Comments="reg.7(8) (defn. of tax exempt class IV business) added" AffectingYear="1997" AffectingNumber="475" AffectingProvisions="reg.4(3)(b)" AffectedYear="1996" AffectedNumber="21" Created="2019-05-02T00:00:00" Modified="2019-05-02T00:00:00"><ukm:AffectedTitle>The Friendly Societies (Gilt-edged Securities) (Periodic Accounting for Tax on Interest) Regulations 1996</ukm:AffectedTitle><ukm:AffectedProvisions><ukm:Section Ref="regulation-7-8" URI="http://www.legislation.gov.uk/id/uksi/1996/21/regulation/7/8" FoundRef="regulation-7">reg.7(8)</ukm:Section> (defn. of tax exem<ukm:Section xmlns:err="http://www.legislation.gov.uk/namespaces/error" Ref="part-cla" URI="http://www.legislation.gov.uk/id/uksi/1996/21/part/cla" err:Ref="Section missing in legislation" Missing="true">pt cla</ukm:Section><ukm:Section xmlns:err="http://www.legislation.gov.uk/namespaces/error" Ref="part-cla-section-IV" URI="http://www.legislation.gov.uk/id/uksi/1996/21/part/cla/section/IV" err:Ref="Section missing in legislation" Missing="true">ss IV</ukm:Section> busine<ukm:Section xmlns:err="http://www.legislation.gov.uk/namespaces/error" Ref="section" URI="http://www.legislation.gov.uk/id/uksi/1996/21/section" err:Ref="Section missing in legislation" Missing="true">ss)</ukm:Section></ukm:AffectedProvisions><ukm:AffectingTitle>The Friendly Societies (Gilt-edged Securities) (Periodic Accounting for Tax on Interest) (Amendment) Regulations 1997</ukm:AffectingTitle><ukm:AffectingProvisions><ukm:Section Ref="regulation-4-3-b" URI="http://www.legislation.gov.uk/id/uksi/1997/475/regulation/4/3/b">reg.4(3)(b)</ukm:Section></ukm:AffectingProvisions><ukm:InForceDates><ukm:InForce Applied="false" Prospective="true" Qualification=""/></ukm:InForceDates></ukm:UnappliedEffect><ukm:UnappliedEffect EffectId="key-dda50c6057b54e20e9e07e4f6bdb5f4a" AffectedURI="http://www.legislation.gov.uk/id/uksi/1996/21" AffectedClass="UnitedKingdomStatutoryInstrument" AffectingURI="http://www.legislation.gov.uk/id/uksi/1997/475" AffectingClass="UnitedKingdomStatutoryInstrument" URI="http://www.legislation.gov.uk/id/effect/key-dda50c6057b54e20e9e07e4f6bdb5f4a" Row="3534" Type="amended" RequiresApplied="true" AffectedProvisions="reg.7(8) (defn. of long term business)" Comments="reg.7(8) (defn. of long term business) am." AffectingYear="1997" AffectingNumber="475" AffectingProvisions="reg.4(3)(c)" AffectedYear="1996" AffectedNumber="21" Created="2019-05-02T00:00:00" Modified="2019-05-02T00:00:00"><ukm:AffectedTitle>The Friendly Societies (Gilt-edged Securities) (Periodic Accounting for Tax on Interest) Regulations 1996</ukm:AffectedTitle><ukm:AffectedProvisions><ukm:Section Ref="regulation-7-8" URI="http://www.legislation.gov.uk/id/uksi/1996/21/regulation/7/8" FoundRef="regulation-7">reg.7(8)</ukm:Section> (defn. of long term busine<ukm:Section xmlns:err="http://www.legislation.gov.uk/namespaces/error" Ref="section" URI="http://www.legislation.gov.uk/id/uksi/1996/21/section" err:Ref="Section missing in legislation" Missing="true">ss)</ukm:Section></ukm:AffectedProvisions><ukm:AffectingTitle>The Friendly Societies (Gilt-edged Securities) (Periodic Accounting for Tax on Interest) (Amendment) Regulations 1997</ukm:AffectingTitle><ukm:AffectingProvisions><ukm:Section Ref="regulation-4-3-c" URI="http://www.legislation.gov.uk/id/uksi/1997/475/regulation/4/3/c">reg.4(3)(c)</ukm:Section></ukm:AffectingProvisions><ukm:InForceDates><ukm:InForce Applied="false" Prospective="true" Qualification=""/></ukm:InForceDates></ukm:UnappliedEffect><ukm:UnappliedEffect EffectId="key-8eeb50b3be2c126c09688850efbbfb95" AffectedURI="http://www.legislation.gov.uk/id/uksi/1996/21" AffectedClass="UnitedKingdomStatutoryInstrument" AffectingURI="http://www.legislation.gov.uk/id/uksi/1997/475" AffectingClass="UnitedKingdomStatutoryInstrument" URI="http://www.legislation.gov.uk/id/effect/key-8eeb50b3be2c126c09688850efbbfb95" Row="3535" Type="revoked" RequiresApplied="true" AffectedProvisions="reg.7(8) (defn. of life or endowment business)" Comments="reg.7(8) (defn. of life or endowment business) rev." AffectingYear="1997" AffectingNumber="475" AffectingProvisions="reg.4(3)(d)" AffectedYear="1996" AffectedNumber="21" Created="2019-05-02T00:00:00" Modified="2019-05-02T00:00:00"><ukm:AffectedTitle>The Friendly Societies (Gilt-edged Securities) (Periodic Accounting for Tax on Interest) Regulations 1996</ukm:AffectedTitle><ukm:AffectedProvisions><ukm:Section Ref="regulation-7-8" URI="http://www.legislation.gov.uk/id/uksi/1996/21/regulation/7/8" FoundRef="regulation-7">reg.7(8)</ukm:Section> (defn. of life or endowment busine<ukm:Section xmlns:err="http://www.legislation.gov.uk/namespaces/error" Ref="section" URI="http://www.legislation.gov.uk/id/uksi/1996/21/section" err:Ref="Section missing in legislation" Missing="true">ss)</ukm:Section></ukm:AffectedProvisions><ukm:AffectingTitle>The Friendly Societies (Gilt-edged Securities) (Periodic Accounting for Tax on Interest) (Amendment) Regulations 1997</ukm:AffectingTitle><ukm:AffectingProvisions><ukm:Section Ref="regulation-4-3-d" URI="http://www.legislation.gov.uk/id/uksi/1997/475/regulation/4/3/d">reg.4(3)(d)</ukm:Section></ukm:AffectingProvisions><ukm:InForceDates><ukm:InForce Applied="false" Prospective="true" Qualification=""/></ukm:InForceDates></ukm:UnappliedEffect><ukm:UnappliedEffect EffectId="key-3733c922306b864f66d791f8f438eb48" AffectedURI="http://www.legislation.gov.uk/id/uksi/1996/21" AffectedClass="UnitedKingdomStatutoryInstrument" AffectingURI="http://www.legislation.gov.uk/id/uksi/1997/475" AffectingClass="UnitedKingdomStatutoryInstrument" URI="http://www.legislation.gov.uk/id/effect/key-3733c922306b864f66d791f8f438eb48" Row="3536" Type="revoked" RequiresApplied="true" AffectedProvisions="reg.7(9)(a)" Comments="reg.7(9)(a) rev." AffectingYear="1997" AffectingNumber="475" AffectingProvisions="reg.4(4)" AffectedYear="1996" AffectedNumber="21" Created="2019-05-02T00:00:00" Modified="2019-05-02T00:00:00"><ukm:AffectedTitle>The Friendly Societies (Gilt-edged Securities) (Periodic Accounting for Tax on Interest) Regulations 1996</ukm:AffectedTitle><ukm:AffectedProvisions><ukm:Section Ref="regulation-7-9-a" URI="http://www.legislation.gov.uk/id/uksi/1996/21/regulation/7/9/a" FoundRef="regulation-7">reg.7(9)(a)</ukm:Section></ukm:AffectedProvisions><ukm:AffectingTitle>The Friendly Societies (Gilt-edged Securities) (Periodic Accounting for Tax on Interest) (Amendment) Regulations 1997</ukm:AffectingTitle><ukm:AffectingProvisions><ukm:Section Ref="regulation-4-4" URI="http://www.legislation.gov.uk/id/uksi/1997/475/regulation/4/4">reg.4(4)</ukm:Section></ukm:AffectingProvisions><ukm:InForceDates><ukm:InForce Applied="false" Prospective="true" Qualification=""/></ukm:InForceDates></ukm:UnappliedEffect><ukm:UnappliedEffect EffectId="key-a49e1e9aaa5e2180cbad3fcfc5f10ce9" AffectedURI="http://www.legislation.gov.uk/id/uksi/1996/21" AffectedClass="UnitedKingdomStatutoryInstrument" AffectingURI="http://www.legislation.gov.uk/id/uksi/1997/475" AffectingClass="UnitedKingdomStatutoryInstrument" URI="http://www.legislation.gov.uk/id/effect/key-a49e1e9aaa5e2180cbad3fcfc5f10ce9" Row="3537" Type="amended" RequiresApplied="true" AffectedProvisions="reg.7(9)(a)(i)(ii)(b)(i) (ii)(iii)" Comments="reg.7(9)(a)(i)(ii)(b)(i) (ii)(iii) am." AffectingYear="1997" AffectingNumber="475" AffectingProvisions="reg.4(2)(a)(b) (c)" AffectedYear="1996" AffectedNumber="21" Created="2019-05-02T00:00:00" Modified="2019-05-02T00:00:00"><ukm:AffectedTitle>The Friendly Societies (Gilt-edged Securities) (Periodic Accounting for Tax on Interest) Regulations 1996</ukm:AffectedTitle><ukm:AffectedProvisions><ukm:Section Ref="regulation-7-9-a-i" URI="http://www.legislation.gov.uk/id/uksi/1996/21/regulation/7/9/a/i" FoundRef="regulation-7">reg.7(9)(a)(i)</ukm:Section><ukm:Section Ref="regulation-7-9-a-ii" URI="http://www.legislation.gov.uk/id/uksi/1996/21/regulation/7/9/a/ii" FoundRef="regulation-7">(ii)</ukm:Section><ukm:Section Ref="regulation-7-9-b-i" URI="http://www.legislation.gov.uk/id/uksi/1996/21/regulation/7/9/b/i" FoundRef="regulation-7">reg.7(9)(b)(i)</ukm:Section><ukm:Section Ref="regulation-7-9-b-ii" URI="http://www.legislation.gov.uk/id/uksi/1996/21/regulation/7/9/b/ii" FoundRef="regulation-7">(ii)</ukm:Section><ukm:Section Ref="regulation-7-9-b-iii" URI="http://www.legislation.gov.uk/id/uksi/1996/21/regulation/7/9/b/iii" FoundRef="regulation-7">(iii)</ukm:Section></ukm:AffectedProvisions><ukm:AffectingTitle>The Friendly Societies (Gilt-edged Securities) (Periodic Accounting for Tax on Interest) (Amendment) Regulations 1997</ukm:AffectingTitle><ukm:AffectingProvisions><ukm:Section Ref="regulation-4-2-a" URI="http://www.legislation.gov.uk/id/uksi/1997/475/regulation/4/2/a">reg.4(2)(a)</ukm:Section><ukm:Section Ref="regulation-4-2-b" URI="http://www.legislation.gov.uk/id/uksi/1997/475/regulation/4/2/b">reg.4(2)(b)</ukm:Section><ukm:Section Ref="regulation-4-2-c" URI="http://www.legislation.gov.uk/id/uksi/1997/475/regulation/4/2/c">(c)</ukm:Section></ukm:AffectingProvisions><ukm:InForceDates><ukm:InForce Applied="false" Prospective="true" Qualification=""/></ukm:InForceDates></ukm:UnappliedEffect><ukm:UnappliedEffect EffectId="key-aec2c53e5ada877dadb724d182dc4545" AffectedURI="http://www.legislation.gov.uk/id/uksi/1996/21" AffectedClass="UnitedKingdomStatutoryInstrument" AffectingURI="http://www.legislation.gov.uk/id/uksi/1997/475" AffectingClass="UnitedKingdomStatutoryInstrument" URI="http://www.legislation.gov.uk/id/effect/key-aec2c53e5ada877dadb724d182dc4545" Row="3538" Type="amended" RequiresApplied="true" AffectedProvisions="reg.7(9A) (defn. of tax exempt basic life assurance and general annuity business)" Comments="reg.7(9A) (defn. of tax exempt basic life assurance and general annuity business) am." AffectingYear="1997" AffectingNumber="475" AffectingProvisions="reg.4(3)(a)" AffectedYear="1996" AffectedNumber="21" Created="2019-05-02T00:00:00" Modified="2019-05-02T00:00:00"><ukm:AffectedTitle>The Friendly Societies (Gilt-edged Securities) (Periodic Accounting for Tax on Interest) Regulations 1996</ukm:AffectedTitle><ukm:AffectedProvisions><ukm:Section Ref="regulation-7-9A" URI="http://www.legislation.gov.uk/id/uksi/1996/21/regulation/7/9A" FoundRef="regulation-7">reg.7(9A)</ukm:Section> (defn. of tax exem<ukm:Section xmlns:err="http://www.legislation.gov.uk/namespaces/error" Ref="part" URI="http://www.legislation.gov.uk/id/uksi/1996/21/part" err:Ref="Section missing in legislation" Missing="true">pt </ukm:Section>basic life assurance and general annuity busine<ukm:Section xmlns:err="http://www.legislation.gov.uk/namespaces/error" Ref="section" URI="http://www.legislation.gov.uk/id/uksi/1996/21/section" err:Ref="Section missing in legislation" Missing="true">ss)</ukm:Section></ukm:AffectedProvisions><ukm:AffectingTitle>The Friendly Societies (Gilt-edged Securities) (Periodic Accounting for Tax on Interest) (Amendment) Regulations 1997</ukm:AffectingTitle><ukm:AffectingProvisions><ukm:Section Ref="regulation-4-3-a" URI="http://www.legislation.gov.uk/id/uksi/1997/475/regulation/4/3/a">reg.4(3)(a)</ukm:Section></ukm:AffectingProvisions><ukm:InForceDates><ukm:InForce Applied="false" Prospective="true" Qualification=""/></ukm:InForceDates></ukm:UnappliedEffect><ukm:UnappliedEffect EffectId="key-539fb03f14b9f83a7eeccb4e12aeeb81" AffectedURI="http://www.legislation.gov.uk/id/uksi/1996/21" AffectedClass="UnitedKingdomStatutoryInstrument" AffectingURI="http://www.legislation.gov.uk/id/uksi/1997/475" AffectingClass="UnitedKingdomStatutoryInstrument" URI="http://www.legislation.gov.uk/id/effect/key-539fb03f14b9f83a7eeccb4e12aeeb81" Row="3539" Type="added" RequiresApplied="true" AffectedProvisions="reg.7(9A) (defn. of tax exempt class IV business)" Comments="reg.7(9A) (defn. of tax exempt class IV business) added" AffectingYear="1997" AffectingNumber="475" AffectingProvisions="reg.4(3)(b)" AffectedYear="1996" AffectedNumber="21" Created="2019-05-02T00:00:00" Modified="2019-05-02T00:00:00"><ukm:AffectedTitle>The Friendly Societies (Gilt-edged Securities) (Periodic Accounting for Tax on Interest) Regulations 1996</ukm:AffectedTitle><ukm:AffectedProvisions><ukm:Section Ref="regulation-7-9A" URI="http://www.legislation.gov.uk/id/uksi/1996/21/regulation/7/9A" FoundRef="regulation-7">reg.7(9A)</ukm:Section> (defn. of tax exem<ukm:Section xmlns:err="http://www.legislation.gov.uk/namespaces/error" Ref="part-cla" URI="http://www.legislation.gov.uk/id/uksi/1996/21/part/cla" err:Ref="Section missing in legislation" Missing="true">pt cla</ukm:Section><ukm:Section xmlns:err="http://www.legislation.gov.uk/namespaces/error" Ref="part-cla-section-IV" URI="http://www.legislation.gov.uk/id/uksi/1996/21/part/cla/section/IV" err:Ref="Section missing in legislation" Missing="true">ss IV</ukm:Section> busine<ukm:Section xmlns:err="http://www.legislation.gov.uk/namespaces/error" Ref="section" URI="http://www.legislation.gov.uk/id/uksi/1996/21/section" err:Ref="Section missing in legislation" Missing="true">ss)</ukm:Section></ukm:AffectedProvisions><ukm:AffectingTitle>The Friendly Societies (Gilt-edged Securities) (Periodic Accounting for Tax on Interest) (Amendment) Regulations 1997</ukm:AffectingTitle><ukm:AffectingProvisions><ukm:Section Ref="regulation-4-3-b" URI="http://www.legislation.gov.uk/id/uksi/1997/475/regulation/4/3/b">reg.4(3)(b)</ukm:Section></ukm:AffectingProvisions><ukm:InForceDates><ukm:InForce Applied="false" Prospective="true" Qualification=""/></ukm:InForceDates></ukm:UnappliedEffect><ukm:UnappliedEffect EffectId="key-da02d88fc2f2aa6f4df34ceba5dbb44c" AffectedURI="http://www.legislation.gov.uk/id/uksi/1996/21" AffectedClass="UnitedKingdomStatutoryInstrument" AffectingURI="http://www.legislation.gov.uk/id/uksi/1997/475" AffectingClass="UnitedKingdomStatutoryInstrument" URI="http://www.legislation.gov.uk/id/effect/key-da02d88fc2f2aa6f4df34ceba5dbb44c" Row="3540" Type="amended" RequiresApplied="true" AffectedProvisions="reg.7(9A) (defn. of Long term business)" Comments="reg.7(9A) (defn. of Long term business) am." AffectingYear="1997" AffectingNumber="475" AffectingProvisions="reg.4(3)(c)" AffectedYear="1996" AffectedNumber="21" Created="2019-05-02T00:00:00" Modified="2019-05-02T00:00:00"><ukm:AffectedTitle>The Friendly Societies (Gilt-edged Securities) (Periodic Accounting for Tax on Interest) Regulations 1996</ukm:AffectedTitle><ukm:AffectedProvisions><ukm:Section Ref="regulation-7-9A" URI="http://www.legislation.gov.uk/id/uksi/1996/21/regulation/7/9A" FoundRef="regulation-7">reg.7(9A)</ukm:Section> (defn. of Long term busine<ukm:Section xmlns:err="http://www.legislation.gov.uk/namespaces/error" Ref="section" URI="http://www.legislation.gov.uk/id/uksi/1996/21/section" err:Ref="Section missing in legislation" Missing="true">ss)</ukm:Section></ukm:AffectedProvisions><ukm:AffectingTitle>The Friendly Societies (Gilt-edged Securities) (Periodic Accounting for Tax on Interest) (Amendment) Regulations 1997</ukm:AffectingTitle><ukm:AffectingProvisions><ukm:Section Ref="regulation-4-3-c" URI="http://www.legislation.gov.uk/id/uksi/1997/475/regulation/4/3/c">reg.4(3)(c)</ukm:Section></ukm:AffectingProvisions><ukm:InForceDates><ukm:InForce Applied="false" Prospective="true" Qualification=""/></ukm:InForceDates></ukm:UnappliedEffect><ukm:UnappliedEffect EffectId="key-bc740525be2bf9ed0d26b99aff9c3dfa" AffectedURI="http://www.legislation.gov.uk/id/uksi/1996/21" AffectedClass="UnitedKingdomStatutoryInstrument" AffectingURI="http://www.legislation.gov.uk/id/uksi/1997/475" AffectingClass="UnitedKingdomStatutoryInstrument" URI="http://www.legislation.gov.uk/id/effect/key-bc740525be2bf9ed0d26b99aff9c3dfa" Row="3541" Type="revoked" RequiresApplied="true" AffectedProvisions="reg.7(9A) (defn. of life or endowment business)" Comments="reg.7(9A) (defn. of life or endowment business) rev." AffectingYear="1997" AffectingNumber="475" AffectingProvisions="reg.4(3)(d)" AffectedYear="1996" AffectedNumber="21" Created="2019-05-02T00:00:00" Modified="2019-05-02T00:00:00"><ukm:AffectedTitle>The Friendly Societies (Gilt-edged Securities) (Periodic Accounting for Tax on Interest) Regulations 1996</ukm:AffectedTitle><ukm:AffectedProvisions><ukm:Section Ref="regulation-7-9A" URI="http://www.legislation.gov.uk/id/uksi/1996/21/regulation/7/9A" FoundRef="regulation-7">reg.7(9A)</ukm:Section> (defn. of life or endowment busine<ukm:Section xmlns:err="http://www.legislation.gov.uk/namespaces/error" Ref="section" URI="http://www.legislation.gov.uk/id/uksi/1996/21/section" err:Ref="Section missing in legislation" Missing="true">ss)</ukm:Section></ukm:AffectedProvisions><ukm:AffectingTitle>The Friendly Societies (Gilt-edged Securities) (Periodic Accounting for Tax on Interest) (Amendment) Regulations 1997</ukm:AffectingTitle><ukm:AffectingProvisions><ukm:Section Ref="regulation-4-3-d" URI="http://www.legislation.gov.uk/id/uksi/1997/475/regulation/4/3/d">reg.4(3)(d)</ukm:Section></ukm:AffectingProvisions><ukm:InForceDates><ukm:InForce Applied="false" Prospective="true" Qualification=""/></ukm:InForceDates></ukm:UnappliedEffect><ukm:UnappliedEffect EffectId="key-4180b3b45278ebf22e4f0b3cbc723c61" AffectedURI="http://www.legislation.gov.uk/id/uksi/1996/21" AffectedClass="UnitedKingdomStatutoryInstrument" AffectingURI="http://www.legislation.gov.uk/id/uksi/1997/475" AffectingClass="UnitedKingdomStatutoryInstrument" URI="http://www.legislation.gov.uk/id/effect/upload-b4yrers3--3876" Row="3881" Type="revoked" RequiresApplied="true" AffectedProvisions="reg.7(6)(a)" Comments="reg.7(6)(a) rev." AffectingYear="1997" AffectingNumber="475" AffectingProvisions="reg.4(1)" AffectedYear="1996" AffectedNumber="21" Created="2019-07-11T00:00:00" Modified="2019-07-11T00:00:00"><ukm:AffectedTitle>The Friendly Societies (Gilt-edged Securities) (Periodic Accounting for Tax on Interest) Regulations 1996</ukm:AffectedTitle><ukm:AffectedProvisions><ukm:Section Ref="regulation-7-6-a" URI="http://www.legislation.gov.uk/id/uksi/1996/21/regulation/7/6/a" FoundRef="regulation-7">reg.7(6)(a)</ukm:Section></ukm:AffectedProvisions><ukm:AffectingTitle>The Friendly Societies (Gilt-edged Securities) (Periodic Accounting for Tax on Interest) (Amendment) Regulations 1997</ukm:AffectingTitle><ukm:AffectingProvisions><ukm:Section Ref="regulation-4-1" URI="http://www.legislation.gov.uk/id/uksi/1997/475/regulation/4/1">reg.4(1)</ukm:Section></ukm:AffectingProvisions><ukm:InForceDates><ukm:InForce Applied="false" Prospective="true" Qualification=""/></ukm:InForceDates></ukm:UnappliedEffect><ukm:UnappliedEffect EffectId="key-40f057ce16d4b3351810cf4006d58a1e" AffectedURI="http://www.legislation.gov.uk/id/uksi/1996/21" AffectedClass="UnitedKingdomStatutoryInstrument" AffectingURI="http://www.legislation.gov.uk/id/uksi/1997/475" AffectingClass="UnitedKingdomStatutoryInstrument" URI="http://www.legislation.gov.uk/id/effect/upload-b4yrers3--3877" Row="3882" Type="amended" RequiresApplied="true" AffectedProvisions="reg.7(8)" Comments="reg.7(8) am." AffectingYear="1997" AffectingNumber="475" AffectingProvisions="reg.4(2)(a)(b) (c)" AffectedYear="1996" AffectedNumber="21" Created="2019-07-11T00:00:00" Modified="2019-07-11T00:00:00"><ukm:AffectedTitle>The Friendly Societies (Gilt-edged Securities) (Periodic Accounting for Tax on Interest) Regulations 1996</ukm:AffectedTitle><ukm:AffectedProvisions><ukm:Section Ref="regulation-7-8" URI="http://www.legislation.gov.uk/id/uksi/1996/21/regulation/7/8" FoundRef="regulation-7">reg.7(8)</ukm:Section></ukm:AffectedProvisions><ukm:AffectingTitle>The Friendly Societies (Gilt-edged Securities) (Periodic Accounting for Tax on Interest) (Amendment) Regulations 1997</ukm:AffectingTitle><ukm:AffectingProvisions><ukm:Section Ref="regulation-4-2-a" URI="http://www.legislation.gov.uk/id/uksi/1997/475/regulation/4/2/a">reg.4(2)(a)</ukm:Section><ukm:Section Ref="regulation-4-2-b" URI="http://www.legislation.gov.uk/id/uksi/1997/475/regulation/4/2/b">reg.4(2)(b)</ukm:Section><ukm:Section Ref="regulation-4-2-c" URI="http://www.legislation.gov.uk/id/uksi/1997/475/regulation/4/2/c">(c)</ukm:Section></ukm:AffectingProvisions><ukm:InForceDates><ukm:InForce Applied="false" Prospective="true" Qualification=""/></ukm:InForceDates></ukm:UnappliedEffect><ukm:UnappliedEffect EffectId="key-3858239ed9167a4452004040df5cb58c" AffectedURI="http://www.legislation.gov.uk/id/uksi/1996/21" AffectedClass="UnitedKingdomStatutoryInstrument" AffectingURI="http://www.legislation.gov.uk/id/uksi/1997/475" AffectingClass="UnitedKingdomStatutoryInstrument" URI="http://www.legislation.gov.uk/id/effect/upload-b4yrers3--3878" Row="3883" Type="amended" RequiresApplied="true" AffectedProvisions="reg.7(8) (defn. of tax exempt basic life assurance and general annuity business)" Comments="reg.7(8) (defn. of tax exempt basic life assurance and general annuity business) am." AffectingYear="1997" AffectingNumber="475" AffectingProvisions="reg.4(3)(a)" AffectedYear="1996" AffectedNumber="21" Created="2019-07-11T00:00:00" Modified="2019-07-11T00:00:00"><ukm:AffectedTitle>The Friendly Societies (Gilt-edged Securities) (Periodic Accounting for Tax on Interest) Regulations 1996</ukm:AffectedTitle><ukm:AffectedProvisions><ukm:Section Ref="regulation-7-8" URI="http://www.legislation.gov.uk/id/uksi/1996/21/regulation/7/8" FoundRef="regulation-7">reg.7(8)</ukm:Section> (defn. of tax exem<ukm:Section xmlns:err="http://www.legislation.gov.uk/namespaces/error" Ref="part" URI="http://www.legislation.gov.uk/id/uksi/1996/21/part" err:Ref="Section missing in legislation" Missing="true">pt </ukm:Section>basic life assurance and general annuity busine<ukm:Section xmlns:err="http://www.legislation.gov.uk/namespaces/error" Ref="section" URI="http://www.legislation.gov.uk/id/uksi/1996/21/section" err:Ref="Section missing in legislation" Missing="true">ss)</ukm:Section></ukm:AffectedProvisions><ukm:AffectingTitle>The Friendly Societies (Gilt-edged Securities) (Periodic Accounting for Tax on Interest) (Amendment) Regulations 1997</ukm:AffectingTitle><ukm:AffectingProvisions><ukm:Section Ref="regulation-4-3-a" URI="http://www.legislation.gov.uk/id/uksi/1997/475/regulation/4/3/a">reg.4(3)(a)</ukm:Section></ukm:AffectingProvisions><ukm:InForceDates><ukm:InForce Applied="false" Prospective="true" Qualification=""/></ukm:InForceDates></ukm:UnappliedEffect><ukm:UnappliedEffect EffectId="key-3ec810c714e81d0e2b0aac1aad55394a" AffectedURI="http://www.legislation.gov.uk/id/uksi/1996/21" AffectedClass="UnitedKingdomStatutoryInstrument" AffectingURI="http://www.legislation.gov.uk/id/uksi/1997/475" AffectingClass="UnitedKingdomStatutoryInstrument" URI="http://www.legislation.gov.uk/id/effect/upload-b4yrers3--3879" Row="3884" Type="added" RequiresApplied="true" AffectedProvisions="reg.7(8) (defn. of tax exempt class IV business)" Comments="reg.7(8) (defn. of tax exempt class IV business) added" AffectingYear="1997" AffectingNumber="475" AffectingProvisions="reg.4(3)(b)" AffectedYear="1996" AffectedNumber="21" Created="2019-07-11T00:00:00" Modified="2019-07-11T00:00:00"><ukm:AffectedTitle>The Friendly Societies (Gilt-edged Securities) (Periodic Accounting for Tax on Interest) Regulations 1996</ukm:AffectedTitle><ukm:AffectedProvisions><ukm:Section Ref="regulation-7-8" URI="http://www.legislation.gov.uk/id/uksi/1996/21/regulation/7/8" FoundRef="regulation-7">reg.7(8)</ukm:Section> (defn. of tax exem<ukm:Section xmlns:err="http://www.legislation.gov.uk/namespaces/error" Ref="part-cla" URI="http://www.legislation.gov.uk/id/uksi/1996/21/part/cla" err:Ref="Section missing in legislation" Missing="true">pt cla</ukm:Section><ukm:Section xmlns:err="http://www.legislation.gov.uk/namespaces/error" Ref="part-cla-section-IV" URI="http://www.legislation.gov.uk/id/uksi/1996/21/part/cla/section/IV" err:Ref="Section missing in legislation" Missing="true">ss IV</ukm:Section> busine<ukm:Section xmlns:err="http://www.legislation.gov.uk/namespaces/error" Ref="section" URI="http://www.legislation.gov.uk/id/uksi/1996/21/section" err:Ref="Section missing in legislation" Missing="true">ss)</ukm:Section></ukm:AffectedProvisions><ukm:AffectingTitle>The Friendly Societies (Gilt-edged Securities) (Periodic Accounting for Tax on Interest) (Amendment) Regulations 1997</ukm:AffectingTitle><ukm:AffectingProvisions><ukm:Section Ref="regulation-4-3-b" URI="http://www.legislation.gov.uk/id/uksi/1997/475/regulation/4/3/b">reg.4(3)(b)</ukm:Section></ukm:AffectingProvisions><ukm:InForceDates><ukm:InForce Applied="false" Prospective="true" Qualification=""/></ukm:InForceDates></ukm:UnappliedEffect><ukm:UnappliedEffect EffectId="key-dda50c6057b54e20e9e07e4f6bdb5f4a" AffectedURI="http://www.legislation.gov.uk/id/uksi/1996/21" AffectedClass="UnitedKingdomStatutoryInstrument" AffectingURI="http://www.legislation.gov.uk/id/uksi/1997/475" AffectingClass="UnitedKingdomStatutoryInstrument" URI="http://www.legislation.gov.uk/id/effect/upload-b4yrers3--3880" Row="3885" Type="amended" RequiresApplied="true" AffectedProvisions="reg.7(8) (defn. of long term business)" Comments="reg.7(8) (defn. of long term business) am." AffectingYear="1997" AffectingNumber="475" AffectingProvisions="reg.4(3)(c)" AffectedYear="1996" AffectedNumber="21" Created="2019-07-11T00:00:00" Modified="2019-07-11T00:00:00"><ukm:AffectedTitle>The Friendly Societies (Gilt-edged Securities) (Periodic Accounting for Tax on Interest) Regulations 1996</ukm:AffectedTitle><ukm:AffectedProvisions><ukm:Section Ref="regulation-7-8" URI="http://www.legislation.gov.uk/id/uksi/1996/21/regulation/7/8" FoundRef="regulation-7">reg.7(8)</ukm:Section> (defn. of long term busine<ukm:Section xmlns:err="http://www.legislation.gov.uk/namespaces/error" Ref="section" URI="http://www.legislation.gov.uk/id/uksi/1996/21/section" err:Ref="Section missing in legislation" Missing="true">ss)</ukm:Section></ukm:AffectedProvisions><ukm:AffectingTitle>The Friendly Societies (Gilt-edged Securities) (Periodic Accounting for Tax on Interest) (Amendment) Regulations 1997</ukm:AffectingTitle><ukm:AffectingProvisions><ukm:Section Ref="regulation-4-3-c" URI="http://www.legislation.gov.uk/id/uksi/1997/475/regulation/4/3/c">reg.4(3)(c)</ukm:Section></ukm:AffectingProvisions><ukm:InForceDates><ukm:InForce Applied="false" Prospective="true" Qualification=""/></ukm:InForceDates></ukm:UnappliedEffect><ukm:UnappliedEffect EffectId="key-8eeb50b3be2c126c09688850efbbfb95" AffectedURI="http://www.legislation.gov.uk/id/uksi/1996/21" AffectedClass="UnitedKingdomStatutoryInstrument" AffectingURI="http://www.legislation.gov.uk/id/uksi/1997/475" AffectingClass="UnitedKingdomStatutoryInstrument" URI="http://www.legislation.gov.uk/id/effect/upload-b4yrers3--3881" Row="3886" Type="revoked" RequiresApplied="true" AffectedProvisions="reg.7(8) (defn. of life or endowment business)" Comments="reg.7(8) (defn. of life or endowment business) rev." AffectingYear="1997" AffectingNumber="475" AffectingProvisions="reg.4(3)(d)" AffectedYear="1996" AffectedNumber="21" Created="2019-07-11T00:00:00" Modified="2019-07-11T00:00:00"><ukm:AffectedTitle>The Friendly Societies (Gilt-edged Securities) (Periodic Accounting for Tax on Interest) Regulations 1996</ukm:AffectedTitle><ukm:AffectedProvisions><ukm:Section Ref="regulation-7-8" URI="http://www.legislation.gov.uk/id/uksi/1996/21/regulation/7/8" FoundRef="regulation-7">reg.7(8)</ukm:Section> (defn. of life or endowment busine<ukm:Section xmlns:err="http://www.legislation.gov.uk/namespaces/error" Ref="section" URI="http://www.legislation.gov.uk/id/uksi/1996/21/section" err:Ref="Section missing in legislation" Missing="true">ss)</ukm:Section></ukm:AffectedProvisions><ukm:AffectingTitle>The Friendly Societies (Gilt-edged Securities) (Periodic Accounting for Tax on Interest) (Amendment) Regulations 1997</ukm:AffectingTitle><ukm:AffectingProvisions><ukm:Section Ref="regulation-4-3-d" URI="http://www.legislation.gov.uk/id/uksi/1997/475/regulation/4/3/d">reg.4(3)(d)</ukm:Section></ukm:AffectingProvisions><ukm:InForceDates><ukm:InForce Applied="false" Prospective="true" Qualification=""/></ukm:InForceDates></ukm:UnappliedEffect><ukm:UnappliedEffect EffectId="key-3733c922306b864f66d791f8f438eb48" AffectedURI="http://www.legislation.gov.uk/id/uksi/1996/21" AffectedClass="UnitedKingdomStatutoryInstrument" AffectingURI="http://www.legislation.gov.uk/id/uksi/1997/475" AffectingClass="UnitedKingdomStatutoryInstrument" URI="http://www.legislation.gov.uk/id/effect/upload-b4yrers3--3882" Row="3887" Type="revoked" RequiresApplied="true" AffectedProvisions="reg.7(9)(a)" Comments="reg.7(9)(a) rev." AffectingYear="1997" AffectingNumber="475" AffectingProvisions="reg.4(4)" AffectedYear="1996" AffectedNumber="21" Created="2019-07-11T00:00:00" Modified="2019-07-11T00:00:00"><ukm:AffectedTitle>The Friendly Societies (Gilt-edged Securities) (Periodic Accounting for Tax on Interest) Regulations 1996</ukm:AffectedTitle><ukm:AffectedProvisions><ukm:Section Ref="regulation-7-9-a" URI="http://www.legislation.gov.uk/id/uksi/1996/21/regulation/7/9/a" FoundRef="regulation-7">reg.7(9)(a)</ukm:Section></ukm:AffectedProvisions><ukm:AffectingTitle>The Friendly Societies (Gilt-edged Securities) (Periodic Accounting for Tax on Interest) (Amendment) Regulations 1997</ukm:AffectingTitle><ukm:AffectingProvisions><ukm:Section Ref="regulation-4-4" URI="http://www.legislation.gov.uk/id/uksi/1997/475/regulation/4/4">reg.4(4)</ukm:Section></ukm:AffectingProvisions><ukm:InForceDates><ukm:InForce Applied="false" Prospective="true" Qualification=""/></ukm:InForceDates></ukm:UnappliedEffect><ukm:UnappliedEffect EffectId="key-a49e1e9aaa5e2180cbad3fcfc5f10ce9" AffectedURI="http://www.legislation.gov.uk/id/uksi/1996/21" AffectedClass="UnitedKingdomStatutoryInstrument" AffectingURI="http://www.legislation.gov.uk/id/uksi/1997/475" AffectingClass="UnitedKingdomStatutoryInstrument" URI="http://www.legislation.gov.uk/id/effect/upload-b4yrers3--3883" Row="3888" Type="amended" RequiresApplied="true" AffectedProvisions="reg.7(9)(a)(i)(ii)(b)(i) (ii)(iii)" Comments="reg.7(9)(a)(i)(ii)(b)(i) (ii)(iii) am." AffectingYear="1997" AffectingNumber="475" AffectingProvisions="reg.4(2)(a)(b) (c)" AffectedYear="1996" AffectedNumber="21" Created="2019-07-11T00:00:00" Modified="2019-07-11T00:00:00"><ukm:AffectedTitle>The Friendly Societies (Gilt-edged Securities) (Periodic Accounting for Tax on Interest) Regulations 1996</ukm:AffectedTitle><ukm:AffectedProvisions><ukm:Section Ref="regulation-7-9-a-i" URI="http://www.legislation.gov.uk/id/uksi/1996/21/regulation/7/9/a/i" FoundRef="regulation-7">reg.7(9)(a)(i)</ukm:Section><ukm:Section Ref="regulation-7-9-a-ii" URI="http://www.legislation.gov.uk/id/uksi/1996/21/regulation/7/9/a/ii" FoundRef="regulation-7">(ii)</ukm:Section><ukm:Section Ref="regulation-7-9-b-i" URI="http://www.legislation.gov.uk/id/uksi/1996/21/regulation/7/9/b/i" FoundRef="regulation-7">reg.7(9)(b)(i)</ukm:Section><ukm:Section Ref="regulation-7-9-b-ii" URI="http://www.legislation.gov.uk/id/uksi/1996/21/regulation/7/9/b/ii" FoundRef="regulation-7">(ii)</ukm:Section><ukm:Section Ref="regulation-7-9-b-iii" URI="http://www.legislation.gov.uk/id/uksi/1996/21/regulation/7/9/b/iii" FoundRef="regulation-7">(iii)</ukm:Section></ukm:AffectedProvisions><ukm:AffectingTitle>The Friendly Societies (Gilt-edged Securities) (Periodic Accounting for Tax on Interest) (Amendment) Regulations 1997</ukm:AffectingTitle><ukm:AffectingProvisions><ukm:Section Ref="regulation-4-2-a" URI="http://www.legislation.gov.uk/id/uksi/1997/475/regulation/4/2/a">reg.4(2)(a)</ukm:Section><ukm:Section Ref="regulation-4-2-b" URI="http://www.legislation.gov.uk/id/uksi/1997/475/regulation/4/2/b">reg.4(2)(b)</ukm:Section><ukm:Section Ref="regulation-4-2-c" URI="http://www.legislation.gov.uk/id/uksi/1997/475/regulation/4/2/c">(c)</ukm:Section></ukm:AffectingProvisions><ukm:InForceDates><ukm:InForce Applied="false" Prospective="true" Qualification=""/></ukm:InForceDates></ukm:UnappliedEffect><ukm:UnappliedEffect EffectId="key-aec2c53e5ada877dadb724d182dc4545" AffectedURI="http://www.legislation.gov.uk/id/uksi/1996/21" AffectedClass="UnitedKingdomStatutoryInstrument" AffectingURI="http://www.legislation.gov.uk/id/uksi/1997/475" AffectingClass="UnitedKingdomStatutoryInstrument" URI="http://www.legislation.gov.uk/id/effect/upload-b4yrers3--3884" Row="3889" Type="amended" RequiresApplied="true" AffectedProvisions="reg.7(9A) (defn. of tax exempt basic life assurance and general annuity business)" Comments="reg.7(9A) (defn. of tax exempt basic life assurance and general annuity business) am." AffectingYear="1997" AffectingNumber="475" AffectingProvisions="reg.4(3)(a)" AffectedYear="1996" AffectedNumber="21" Created="2019-07-11T00:00:00" Modified="2019-07-11T00:00:00"><ukm:AffectedTitle>The Friendly Societies (Gilt-edged Securities) (Periodic Accounting for Tax on Interest) Regulations 1996</ukm:AffectedTitle><ukm:AffectedProvisions><ukm:Section Ref="regulation-7-9A" URI="http://www.legislation.gov.uk/id/uksi/1996/21/regulation/7/9A" FoundRef="regulation-7">reg.7(9A)</ukm:Section> (defn. of tax exem<ukm:Section xmlns:err="http://www.legislation.gov.uk/namespaces/error" Ref="part" URI="http://www.legislation.gov.uk/id/uksi/1996/21/part" err:Ref="Section missing in legislation" Missing="true">pt </ukm:Section>basic life assurance and general annuity busine<ukm:Section xmlns:err="http://www.legislation.gov.uk/namespaces/error" Ref="section" URI="http://www.legislation.gov.uk/id/uksi/1996/21/section" err:Ref="Section missing in legislation" Missing="true">ss)</ukm:Section></ukm:AffectedProvisions><ukm:AffectingTitle>The Friendly Societies (Gilt-edged Securities) (Periodic Accounting for Tax on Interest) (Amendment) Regulations 1997</ukm:AffectingTitle><ukm:AffectingProvisions><ukm:Section Ref="regulation-4-3-a" URI="http://www.legislation.gov.uk/id/uksi/1997/475/regulation/4/3/a">reg.4(3)(a)</ukm:Section></ukm:AffectingProvisions><ukm:InForceDates><ukm:InForce Applied="false" Prospective="true" Qualification=""/></ukm:InForceDates></ukm:UnappliedEffect><ukm:UnappliedEffect EffectId="key-539fb03f14b9f83a7eeccb4e12aeeb81" AffectedURI="http://www.legislation.gov.uk/id/uksi/1996/21" AffectedClass="UnitedKingdomStatutoryInstrument" AffectingURI="http://www.legislation.gov.uk/id/uksi/1997/475" AffectingClass="UnitedKingdomStatutoryInstrument" URI="http://www.legislation.gov.uk/id/effect/upload-b4yrers3--3885" Row="3890" Type="added" RequiresApplied="true" AffectedProvisions="reg.7(9A) (defn. of tax exempt class IV business)" Comments="reg.7(9A) (defn. of tax exempt class IV business) added" AffectingYear="1997" AffectingNumber="475" AffectingProvisions="reg.4(3)(b)" AffectedYear="1996" AffectedNumber="21" Created="2019-07-11T00:00:00" Modified="2019-07-11T00:00:00"><ukm:AffectedTitle>The Friendly Societies (Gilt-edged Securities) (Periodic Accounting for Tax on Interest) Regulations 1996</ukm:AffectedTitle><ukm:AffectedProvisions><ukm:Section Ref="regulation-7-9A" URI="http://www.legislation.gov.uk/id/uksi/1996/21/regulation/7/9A" FoundRef="regulation-7">reg.7(9A)</ukm:Section> (defn. of tax exem<ukm:Section xmlns:err="http://www.legislation.gov.uk/namespaces/error" Ref="part-cla" URI="http://www.legislation.gov.uk/id/uksi/1996/21/part/cla" err:Ref="Section missing in legislation" Missing="true">pt cla</ukm:Section><ukm:Section xmlns:err="http://www.legislation.gov.uk/namespaces/error" Ref="part-cla-section-IV" URI="http://www.legislation.gov.uk/id/uksi/1996/21/part/cla/section/IV" err:Ref="Section missing in legislation" Missing="true">ss IV</ukm:Section> busine<ukm:Section xmlns:err="http://www.legislation.gov.uk/namespaces/error" Ref="section" URI="http://www.legislation.gov.uk/id/uksi/1996/21/section" err:Ref="Section missing in legislation" Missing="true">ss)</ukm:Section></ukm:AffectedProvisions><ukm:AffectingTitle>The Friendly Societies (Gilt-edged Securities) (Periodic Accounting for Tax on Interest) (Amendment) Regulations 1997</ukm:AffectingTitle><ukm:AffectingProvisions><ukm:Section Ref="regulation-4-3-b" URI="http://www.legislation.gov.uk/id/uksi/1997/475/regulation/4/3/b">reg.4(3)(b)</ukm:Section></ukm:AffectingProvisions><ukm:InForceDates><ukm:InForce Applied="false" Prospective="true" Qualification=""/></ukm:InForceDates></ukm:UnappliedEffect><ukm:UnappliedEffect EffectId="key-da02d88fc2f2aa6f4df34ceba5dbb44c" AffectedURI="http://www.legislation.gov.uk/id/uksi/1996/21" AffectedClass="UnitedKingdomStatutoryInstrument" AffectingURI="http://www.legislation.gov.uk/id/uksi/1997/475" AffectingClass="UnitedKingdomStatutoryInstrument" URI="http://www.legislation.gov.uk/id/effect/upload-b4yrers3--3886" Row="3891" Type="amended" RequiresApplied="true" AffectedProvisions="reg.7(9A) (defn. of Long term business)" Comments="reg.7(9A) (defn. of Long term business) am." AffectingYear="1997" AffectingNumber="475" AffectingProvisions="reg.4(3)(c)" AffectedYear="1996" AffectedNumber="21" Created="2019-07-11T00:00:00" Modified="2019-07-11T00:00:00"><ukm:AffectedTitle>The Friendly Societies (Gilt-edged Securities) (Periodic Accounting for Tax on Interest) Regulations 1996</ukm:AffectedTitle><ukm:AffectedProvisions><ukm:Section Ref="regulation-7-9A" URI="http://www.legislation.gov.uk/id/uksi/1996/21/regulation/7/9A" FoundRef="regulation-7">reg.7(9A)</ukm:Section> (defn. of Long term busine<ukm:Section xmlns:err="http://www.legislation.gov.uk/namespaces/error" Ref="section" URI="http://www.legislation.gov.uk/id/uksi/1996/21/section" err:Ref="Section missing in legislation" Missing="true">ss)</ukm:Section></ukm:AffectedProvisions><ukm:AffectingTitle>The Friendly Societies (Gilt-edged Securities) (Periodic Accounting for Tax on Interest) (Amendment) Regulations 1997</ukm:AffectingTitle><ukm:AffectingProvisions><ukm:Section Ref="regulation-4-3-c" URI="http://www.legislation.gov.uk/id/uksi/1997/475/regulation/4/3/c">reg.4(3)(c)</ukm:Section></ukm:AffectingProvisions><ukm:InForceDates><ukm:InForce Applied="false" Prospective="true" Qualification=""/></ukm:InForceDates></ukm:UnappliedEffect><ukm:UnappliedEffect EffectId="key-bc740525be2bf9ed0d26b99aff9c3dfa" AffectedURI="http://www.legislation.gov.uk/id/uksi/1996/21" AffectedClass="UnitedKingdomStatutoryInstrument" AffectingURI="http://www.legislation.gov.uk/id/uksi/1997/475" AffectingClass="UnitedKingdomStatutoryInstrument" URI="http://www.legislation.gov.uk/id/effect/upload-b4yrers3--3887" Row="3892" Type="revoked" RequiresApplied="true" AffectedProvisions="reg.7(9A) (defn. of life or endowment business)" Comments="reg.7(9A) (defn. of life or endowment business) rev." AffectingYear="1997" AffectingNumber="475" AffectingProvisions="reg.4(3)(d)" AffectedYear="1996" AffectedNumber="21" Created="2019-07-11T00:00:00" Modified="2019-07-11T00:00:00"><ukm:AffectedTitle>The Friendly Societies (Gilt-edged Securities) (Periodic Accounting for Tax on Interest) Regulations 1996</ukm:AffectedTitle><ukm:AffectedProvisions><ukm:Section Ref="regulation-7-9A" URI="http://www.legislation.gov.uk/id/uksi/1996/21/regulation/7/9A" FoundRef="regulation-7">reg.7(9A)</ukm:Section> (defn. of life or endowment busine<ukm:Section xmlns:err="http://www.legislation.gov.uk/namespaces/error" Ref="section" URI="http://www.legislation.gov.uk/id/uksi/1996/21/section" err:Ref="Section missing in legislation" Missing="true">ss)</ukm:Section></ukm:AffectedProvisions><ukm:AffectingTitle>The Friendly Societies (Gilt-edged Securities) (Periodic Accounting for Tax on Interest) (Amendment) Regulations 1997</ukm:AffectingTitle><ukm:AffectingProvisions><ukm:Section Ref="regulation-4-3-d" URI="http://www.legislation.gov.uk/id/uksi/1997/475/regulation/4/3/d">reg.4(3)(d)</ukm:Section></ukm:AffectingProvisions><ukm:InForceDates><ukm:InForce Applied="false" Prospective="true" Qualification=""/></ukm:InForceDates></ukm:UnappliedEffect><ukm:UnappliedEffect EffectId="key-b0ad8919af290f1822c50fea5400a007" AffectedURI="http://www.legislation.gov.uk/id/uksi/1996/21" AffectedClass="UnitedKingdomStatutoryInstrument" AffectingURI="http://www.legislation.gov.uk/id/uksi/1999/624" AffectingClass="UnitedKingdomStatutoryInstrument" URI="http://www.legislation.gov.uk/id/effect/upload-b1z2e7x3--3513" Row="3518" Type="rev.in pt." RequiresApplied="true" AffectedProvisions="Act" Comments="rev.in pt." AffectingYear="1999" AffectingNumber="624" AffectingProvisions="reg.9" AffectedYear="1996" AffectedNumber="21" Created="2019-03-19T00:00:00" Modified="2019-03-19T00:00:00"><ukm:AffectedTitle>The Friendly Societies (Gilt-edged Securities) (Periodic Accounting for Tax on Interest) Regulations 1996</ukm:AffectedTitle><ukm:AffectedProvisions>Act</ukm:AffectedProvisions><ukm:AffectingTitle>The Friendly Societies (Gilt-edged Securities) (Periodic Accounting for Tax on Interest) Regulations 1999</ukm:AffectingTitle><ukm:AffectingProvisions><ukm:Section Ref="regulation-9" URI="http://www.legislation.gov.uk/id/uksi/1999/624/regulation/9">reg.9</ukm:Section></ukm:AffectingProvisions><ukm:InForceDates><ukm:InForce Applied="false" Prospective="true" Qualification=""/></ukm:InForceDates></ukm:UnappliedEffect></ukm:UnappliedEffects></ukm:SecondaryMetadata><ukm:Statistics><ukm:TotalParagraphs Value="11"/><ukm:BodyParagraphs Value="11"/><ukm:ScheduleParagraphs Value="0"/><ukm:AttachmentParagraphs Value="0"/><ukm:TotalImages Value="0"/></ukm:Statistics></proprietary></meta><preface><p class="number"><docNumber>1996 No. 21</docNumber></p><block name="subject"><concept class="title" refersTo="#d4e504">INCOME TAX</concept></block><p class="title"><shortTitle>The Friendly Societies (Gilt-edged Securities) (Periodic Accounting for Tax on Interest) Regulations 1996</shortTitle></p><p class="MadeDate"><span>Made</span><docDate date="1996-01-09">9th January 1996</docDate></p><p class="LaidDate"><span>Laid before the House of Commons</span><docDate date="1996-01-09">9th January 1996</docDate></p><p class="ComingIntoForce"><span>Coming into force</span><docDate date="1996-01-30">30th January 1996</docDate></p></preface><preamble><formula name="EnactingText"><p>The Treasury, in exercise of the powers conferred on them by section 51B(1) to (4) of the Income and Corporation Taxes Act 1988<noteRef href="#f00001" class="footnote" marker="1"/> and section 121 of the Finance Act 1993<noteRef href="#f00002" class="footnote" marker="2"/>, hereby make the following Regulations:</p></formula></preamble><body><hcontainer name="regulation" eId="regulation-1"><num>1</num><heading>Citation and commencement</heading><content><p>These Regulations may be cited as the Friendly Societies (Gilt-edged Securities) (Periodic Accounting for Tax on Interest) Regulations 1996 and shall come into force on 30th January 1996.</p></content></hcontainer><hcontainer name="regulation" eId="regulation-2"><num>2</num><heading>Interpretation</heading><content><p>In these Regulations unless the context otherwise requires—</p><blockList class="unordered"><item><p>“amount of excess gilt interest received”, “amount of manufactured gilt interest paid”, “amount of manufactured gilt interest received” and “amount of real gilt interest received” have the same meanings as in the <abbr title="Gilt-edged Securities (Periodic Accounting for Tax on Interest) Regulations 1995 (S.I. 1995/3224)" xml:lang="">Gilts Regulations</abbr>;</p></item><item><p>“exempt business” means any business of a friendly society the profits arising from which are exempt from income tax and corporation tax under section 460 (1)<noteRef href="#f00003" class="footnote" marker="3"/>, 461 (1) or 461B (1)<noteRef href="#f00004" class="footnote" marker="4"/> of the <abbr title="Income and Corporation Taxes Act 1988 c. 1" xml:lang="">Taxes Act</abbr>, not being a business carried on by a friendly society all of whose profits are so exempt;</p></item><item><p>“the <abbr title="Friendly Societies (Provisional Repayments for Exempt Business) Regulations 1993 (S.I. 1993/3112)" xml:lang="">Friendly Societies Regulations</abbr>” means the Friendly Societies (Provisional Repayments for Exempt Business) Regulations 1993<noteRef href="#f00005" class="footnote" marker="5"/>;</p></item><item><p>“the <abbr title="Gilt-edged Securities (Periodic Accounting for Tax on Interest) Regulations 1995 (S.I. 1995/3224)" xml:lang="">Gilts Regulations</abbr>” means the Gilt-edged Securities (Periodic Accounting for Tax on Interest) Regulations 1995<noteRef href="#f00006" class="footnote" marker="6"/>;</p></item><item><p>“pension business” has the meaning given by section 431B of the <abbr title="Income and Corporation Taxes Act 1988 c. 1" xml:lang="">Taxes Act</abbr><noteRef href="#f00007" class="footnote" marker="7"/>;</p></item><item><p>“relevant gilt-edged securities” has the meaning given by section 51B(5) of the <abbr title="Income and Corporation Taxes Act 1988 c. 1" xml:lang="">Taxes Act</abbr>;</p></item><item><p>“return period” has the same meaning as in the <abbr title="Gilt-edged Securities (Periodic Accounting for Tax on Interest) Regulations 1995 (S.I. 1995/3224)" xml:lang="">Gilts Regulations</abbr>;</p></item><item><p>“Schedule 19AB” means Schedule 19AB to the <abbr title="Income and Corporation Taxes Act 1988 c. 1" xml:lang="">Taxes Act</abbr><noteRef href="#f00008" class="footnote" marker="8"/>;</p></item><item><p>“the <abbr title="Income and Corporation Taxes Act 1988 c. 1" xml:lang="">Taxes Act</abbr>” means the Income and Corporation Taxes Act 1988<noteRef href="#f00009" class="footnote" marker="9"/>.</p></item></blockList></content></hcontainer><hcontainer name="regulation" eId="regulation-3"><num>3</num><heading>Basic rule</heading><paragraph eId="regulation-3-1"><num>1</num><content><p>Where the condition specified in paragraph (3) below is satisfied, then, notwithstanding the provisions of the <abbr title="Gilt-edged Securities (Periodic Accounting for Tax on Interest) Regulations 1995 (S.I. 1995/3224)" xml:lang="">Gilts Regulations</abbr>, a friendly society carrying on both exempt business and business other than exempt business shall not be required to include in its return for any return period the amount of tax on the amount of excess gilt interest received which is referable to the society’s exempt business.</p></content></paragraph><paragraph eId="regulation-3-2"><num>2</num><intro><p>Where paragraph (1) applies, the society is accordingly required to include in its return for the return period only—</p></intro><subparagraph eId="regulation-3-2-a"><num>a</num><content><p>the aggregate of the amount of manufactured gilt interest received and of the amount of real gilt interest received, and</p></content></subparagraph><subparagraph eId="regulation-3-2-b"><num>b</num><content><p>the amount of manufactured gilt interest paid,</p></content></subparagraph><wrapUp><p>which is not included in a claim for a notional repayment made pursuant to sub-paragraph (1) of paragraph 1A of Schedule 19AB (as inserted by regulation 6 of the Insurance Companies (Gilt-edged Securities) (Periodic Accounting for Tax on Interest) Regulations 1995<noteRef href="#f00010" class="footnote" marker="10"/> and referred to in this regulation as “sub-paragraph (1)”).</p></wrapUp></paragraph><paragraph eId="regulation-3-3"><num>3</num><content><p>The condition specified is that the amount of tax referred to in paragraph (1) above is identified in a claim, made by the specified date, for a notional repayment made pursuant to sub-paragraph (1).</p></content></paragraph><paragraph eId="regulation-3-4"><num>4</num><intro><p>In paragraph (3) above “the specified date” means the date—</p></intro><subparagraph eId="regulation-3-4-a"><num>a</num><content><p>14 days after the end of the return period, or</p></content></subparagraph><subparagraph eId="regulation-3-4-b"><num>b</num><content><p>in a case where the return for the return period is made on a date less than 14 days from the end of the return period, that date,</p></content></subparagraph><wrapUp><p>whichever is the earlier.</p></wrapUp></paragraph></hcontainer><hcontainer name="P1group" eId="d4e691"><heading>Modifications of the <abbr title="Friendly Societies (Provisional Repayments for Exempt Business) Regulations 1993 (S.I. 1993/3112)" xml:lang="">Friendly Societies Regulations</abbr></heading><hcontainer name="regulation" eId="regulation-4"><num>4</num><content><p>In relation to cases where payments of interest on relevant gilt-edged securities are made without deduction of tax to friendly societies carrying on exempt business, the <abbr title="Friendly Societies (Provisional Repayments for Exempt Business) Regulations 1993 (S.I. 1993/3112)" xml:lang="">Friendly Societies Regulations</abbr> shall have effect with the modifications specified in regulations 5 to 9.</p></content></hcontainer><hcontainer name="regulation" eId="regulation-5"><num>5</num><paragraph eId="regulation-5-1"><num>1</num><content><p>Paragraphs (2) and (3) below specify modifications of regulation 4.</p></content></paragraph><paragraph eId="regulation-5-2"><num>2</num><content><p>In paragraph (3), for sub-paragraph (a) there shall be substituted—</p><p class="BlockAmendment"><mod><quotedStructure class="unknown unknown unknown default" startQuote="“" endQuote="”"><subparagraph eId="d4e722"><num>a</num><content><p>for the words from the beginning to “a company” there shall be substituted the words “Subject to sub-paragraphs (2A) and (2B) below, for the purposes of this paragraph a “provisional repayment period” of a society”.</p></content></subparagraph></quotedStructure></mod></p></content></paragraph><paragraph eId="regulation-5-3"><num>3</num><content><p>After paragraph (3), the following paragraphs shall be inserted—</p><p class="BlockAmendment"><mod><quotedStructure class="unknown unknown unknown default" startQuote="“" endQuote="”"><paragraph eId="d4e735"><num>3A</num><intro><p>In sub-paragraph (2A)—</p></intro><subparagraph eId="d4e741"><num>a</num><content><p>for the words “Sub-paragraphs (2B) and (2C) below have effect” there shall be substituted the words “Sub-paragraph (2B) below has effect”;</p></content></subparagraph><subparagraph eId="d4e747"><num>b</num><content><p>for the words “companies carrying on pension business” there shall be substituted the words “societies carrying on tax exempt business”.</p></content></subparagraph></paragraph><paragraph eId="d4e753"><num>3B</num><intro><p>In sub-paragraph (2B)—</p></intro><subparagraph eId="d4e759"><num>a</num><content><p>the words “Subject to paragraph (2C) below,” shall be omitted;</p></content></subparagraph><subparagraph eId="d4e765"><num>b</num><content><p>for the words “a company” there shall be substituted the words “a society”;</p></content></subparagraph><subparagraph eId="d4e771"><num>c</num><content><p>for paragraph (a) there shall be substituted—</p><p class="BlockAmendment"><mod><quotedStructure class="unknown unknown unknown default" startQuote="“" endQuote="”"><subparagraph eId="d4e778"><num>a</num><intro><p>shall begin whenever—</p></intro><clause eId="d4e784"><num>i</num><content><p>the society begins, at a time when it is carrying on only tax exempt business, to carry on business other than tax exempt business;</p></content></clause><clause eId="d4e790"><num>ii</num><content><p>the society begins, at a time when it is carrying on only business other than tax exempt business, to carry on tax exempt business;</p></content></clause><clause eId="d4e796"><num>iii</num><content><p>an accounting period of the society begins at a time when the society is carrying on both tax exempt business and business other than tax exempt business; or</p></content></clause><clause eId="d4e802"><num>iv</num><content><p>a provisional repayment period of the society ends, at a time when the society is carrying on both tax exempt business and business other than tax exempt business; and;</p></content></clause></subparagraph></quotedStructure></mod></p></content></subparagraph><subparagraph eId="d4e808"><num>d</num><content><p>in paragraph (b) for the words “the company”(wherever occurring) there shall be substituted the words “the society”.</p></content></subparagraph></paragraph><paragraph eId="d4e814"><num>3C</num><content><p>Sub-paragraph (2C) shall be omitted..</p></content></paragraph></quotedStructure></mod></p></content></paragraph></hcontainer><hcontainer name="regulation" eId="regulation-6"><num>6</num><paragraph eId="regulation-6-1"><num>1</num><content><p>Paragraphs (2) and (3) below specify modifications of regulation 5.</p></content></paragraph><paragraph eId="regulation-6-2"><num>2</num><intro><p>In paragraph (3), for sub-paragraph (a) there shall be substituted—</p></intro><subparagraph eId="regulation-6-2-a"><num>a</num><content><p>for the words from the beginning to “a company” there shall be substituted the words “Subject to sub-paragraphs (2A) and (2B) below, for the purposes of this paragraph a “provisional repayment period” of a society”.</p></content></subparagraph></paragraph><paragraph eId="regulation-6-3"><num>3</num><content><p>After paragraph (3) the following paragraphs shall be inserted—</p><p class="BlockAmendment"><mod><quotedStructure class="unknown unknown unknown default" startQuote="“" endQuote="”"><paragraph eId="d4e849"><num>3A</num><intro><p>In sub-paragraph (2A)—</p></intro><subparagraph eId="d4e855"><num>a</num><content><p>for the words “Sub-paragraphs (2B) and (2C) below have effect” there shall be substituted the words “Sub-paragraph (2B) below has effect”;</p></content></subparagraph><subparagraph eId="d4e861"><num>b</num><content><p>for the words “companies carrying on pension business” there shall be substituted the words “societies carrying on tax exempt business”.</p></content></subparagraph></paragraph><paragraph eId="d4e867"><num>3B</num><intro><p>In sub-paragraph (2B)—</p></intro><subparagraph eId="d4e873"><num>a</num><content><p>the words “Subject to sub-paragraph (2C) below,” shall be omitted;</p></content></subparagraph><subparagraph eId="d4e879"><num>b</num><content><p>for the words “a company” there shall be substituted the words “a society”;</p></content></subparagraph><subparagraph eId="d4e885"><num>c</num><content><p>for paragraph (a) there shall be substituted—</p><p class="BlockAmendment"><mod><quotedStructure class="unknown unknown unknown default" startQuote="“" endQuote="”"><subparagraph eId="d4e892"><num>a</num><intro><p>shall begin whenever—</p></intro><clause eId="d4e898"><num>i</num><content><p>the society begins, at a time when it is carrying on only tax exempt business, to carry on business other than tax exempt business;</p></content></clause><clause eId="d4e904"><num>ii</num><content><p>the society begins, at a time when it is carrying on only business other than tax exempt business, to carry on tax exempt business;</p></content></clause><clause eId="d4e910"><num>iii</num><content><p>an accounting period of the society begins at a time when the society is carrying on both tax exempt business and business other than tax exempt business; or</p></content></clause><clause eId="d4e916"><num>iv</num><content><p>a provisional repayment period of the society ends, at a time when the society is carrying on both tax exempt business and business other than tax exempt business; and;</p></content></clause></subparagraph></quotedStructure></mod></p></content></subparagraph><subparagraph eId="d4e922"><num>d</num><content><p>in paragraph (b) for the words “the company”(wherever occurring) there shall be substituted the words “the society”.</p></content></subparagraph></paragraph><paragraph eId="d4e928"><num>3C</num><content><p>Sub-paragraph (2C) shall be omitted..</p></content></paragraph></quotedStructure></mod></p></content></paragraph></hcontainer><hcontainer name="regulation" eId="regulation-7"><num>7</num><content><p>After regulation 5 there shall be inserted the following regulations—</p><p class="BlockAmendment"><mod><quotedStructure class="secondary regulation main default" startQuote="“" endQuote="”"><hcontainer name="regulation" eId="d4e944"><num>5A</num><heading>Modifications of paragraph 1A of Schedule 19AB in relation to directive societies</heading><paragraph eId="d4e948"><num>1</num><content><p>Paragraphs (2) to (11) below specify modifications of paragraph 1A of Schedule 19AB in relation to exempt business of a directive society.</p></content></paragraph><paragraph eId="d4e954"><num>2</num><intro><p>In sub-paragraph (1)—</p></intro><subparagraph eId="d4e960"><num>a</num><content><p>for the words “An insurance company carrying on pension business” there shall be substituted the words “A friendly society carrying on both tax exempt business and business other than tax exempt business”;</p></content></subparagraph><subparagraph eId="d4e966"><num>b</num><content><p>for the words “its pension business” there shall be substituted the words “its tax exempt business”.</p></content></subparagraph></paragraph><paragraph eId="d4e972"><num>3</num><content><p>For sub-paragraph (2) there shall be substituted the following sub-paragraph—</p><p class="BlockAmendment"><mod><quotedStructure class="unknown unknown unknown default" startQuote="“" endQuote="”"><paragraph eId="d4e979"><num>2</num><content><p>No repayment shall be made to a society in respect of any claim to a notional repayment; but the notional repayment shall be taken to be the amount of tax referred to in regulation 3(1) of the Friendly Societies (Gilt-edged Securities) (Periodic Accounting for Tax on Interest) Regulations 1996..</p></content></paragraph></quotedStructure></mod></p></content></paragraph><paragraph eId="d4e985"><num>4</num><intro><p>In sub-paragraph (3)—</p></intro><subparagraph eId="d4e991"><num>a</num><content><p>the words “Subject to sub-paragraphs (4) and (5) below,” shall be omitted;</p></content></subparagraph><subparagraph eId="d4e997"><num>b</num><content><p>for the words “a company” there shall be substituted the words “a society”;</p></content></subparagraph><subparagraph eId="d4e1003"><num>c</num><content><p>for paragraph (a) there shall be substituted—</p><p class="BlockAmendment"><mod><quotedStructure class="unknown unknown unknown default" startQuote="“" endQuote="”"><subparagraph eId="d4e1010"><num>a</num><intro><p>shall begin whenever—</p></intro><clause eId="d4e1016"><num>i</num><content><p>the society begins, at a time when it is carrying on only tax exempt business, to carry on business other than tax exempt business;</p></content></clause><clause eId="d4e1022"><num>ii</num><content><p>the society begins, at a time when it is carrying on only business other than tax exempt business, to carry on tax exempt business;</p></content></clause><clause eId="d4e1028"><num>iii</num><content><p>an accounting period of the society begins at a time when the society is carrying on both tax exempt business and business other than tax exempt business; or</p></content></clause><clause eId="d4e1034"><num>iv</num><content><p>a provisional repayment period of the society ends, at a time when the society is carrying on both tax exempt business and business other than tax exempt business; and;</p></content></clause></subparagraph></quotedStructure></mod></p></content></subparagraph><subparagraph eId="d4e1040"><num>d</num><content><p>in paragraph (b) for the words “the company”(wherever occurring) there shall be substituted the words “the society”.</p></content></subparagraph></paragraph><paragraph eId="d4e1046"><num>5</num><content><p>Sub-paragraphs (4) and (5) shall be omitted.</p></content></paragraph><paragraph eId="d4e1052"><num>6</num><intro><p>In sub-paragraph (7)—</p></intro><subparagraph eId="d4e1058"><num>a</num><content><p>after the words “section 432A” there shall be inserted the words “, as modified by regulation 7 of the Friendly Societies (Modification of the Corporation Tax Acts) Regulations 1992<noteRef href="#f00011" class="footnote" marker="11"/>,”;</p></content></subparagraph><subparagraph eId="d4e1066"><num>b</num><content><p>for the word “company”(wherever occurring) there shall be substituted the word “society”.</p></content></subparagraph></paragraph><paragraph eId="d4e1072"><num>7</num><content><p>In sub-paragraph (8), in paragraph (a), there shall be inserted after the words “Management Act” the words “, unless the accounting period in question was one for which no notice as mentioned in subsection (1) of the said section 11 was served on the society”.</p></content></paragraph><paragraph eId="d4e1078"><num>8</num><content><p>For sub-paragraph (9) there shall be substituted the following sub-paragraphs—</p><p class="BlockAmendment"><mod><quotedStructure class="unknown unknown unknown default" startQuote="“" endQuote="”"><paragraph eId="d4e1085"><num>9</num><intro><p>In sub-paragraph (1) above “the appropriate portion” means—</p></intro><subparagraph eId="d4e1091"><num>a</num><intro><p>in so far as the payment is referable to business which is tax exempt business by virtue of section 460(1)—</p></intro><clause eId="d4e1097"><num>i</num><content><p>where the payment in question is either an amount of manufactured gilt interest received or an amount of real gilt interest received and is income arising from assets linked to tax exempt basic life assurance and general annuity business, the whole;</p></content></clause><clause eId="d4e1103"><num>ii</num><content><p>where the payment in question is an amount of manufactured gilt interest paid in respect of assets linked to tax exempt basic life assurance and general annuity business, the whole; and</p></content></clause><clause eId="d4e1109"><num>iii</num><content><p>in any other case, the provisional fraction; and</p></content></clause></subparagraph><subparagraph eId="d4e1115"><num>b</num><intro><p>in so far as the payment is referable to business which is tax exempt business by virtue of section 461(1) or 461B(1)—</p></intro><clause eId="d4e1121"><num>i</num><content><p>where the payment in question is either an amount of manufactured gilt interest received or an amount of real gilt interest received and is income arising either from assets linked to long term business other than life or endowment business, or from assets other than those of the society’s long term business fund, the whole;</p></content></clause><clause eId="d4e1127"><num>ii</num><content><p>where the payment in question is an amount of manufactured gilt interest paid in respect of assets linked to long term business other than life or endowment business, or in respect of assets other than those of the society’s long term business fund, the whole; and</p></content></clause><clause eId="d4e1133"><num>iii</num><content><p>in any other case the provisional fraction determined in relation to long term business other than life assurance business.</p></content></clause></subparagraph></paragraph><paragraph eId="d4e1139"><num>9A</num><content><p>In sub-paragraph (9) above—</p><blockList class="unordered"><item><p>“tax exempt basic life assurance and general annuity business” shall be construed in accordance with the definition inserted in section 431(2) by regulation 5(2) of the Friendly Societies (Modification of the Corporation Tax Acts) Regulations 1992;</p></item><item><p>“long term business” shall be construed in accordance with the definition substituted in section 431(2) by regulation 5(4) of those Regulations; and</p></item><item><p>“life or endowment business” has the meaning given by section 466(1)..</p></item></blockList></content></paragraph></quotedStructure></mod></p></content></paragraph><paragraph eId="d4e1158"><num>9</num><intro><p>In sub-paragraph (10)—</p></intro><subparagraph eId="d4e1164"><num>a</num><content><p>after the words “section 432A” there shall be inserted the words “, as modified by regulation 7 of the Friendly Societies (Modification of the Corporation Tax Acts) Regulations 1992,”;</p></content></subparagraph><subparagraph eId="d4e1170"><num>b</num><content><p>for the words “the company’s long term business fund” there shall be substituted the words “the society’s long term business fund”.</p></content></subparagraph></paragraph><paragraph eId="d4e1176"><num>10</num><content><p>In sub-paragraph (13), for the words “the company” there shall be substituted the words “the society”.</p></content></paragraph><paragraph eId="d4e1182"><num>11</num><content><p>In sub-paragraph (15) there shall be added at the end—</p><p>“; and “tax exempt business” means any business of a friendly society the profits arising from which are exempt from income tax and corporation tax under section 460(1), 461(1) or 461B(1)”.</p></content></paragraph></hcontainer><hcontainer name="regulation" eId="d4e1194"><num>5B</num><heading>Modifications of paragraph 1A of Schedule 19AB in relation to non-directive societies</heading><paragraph eId="d4e1198"><num>1</num><content><p>Paragraphs (2) to (10) below specify modifications of paragraph 1A of Schedule 19AB in relation to exempt business of a non-directive society.</p></content></paragraph><paragraph eId="d4e1204"><num>2</num><intro><p>In sub-paragraph (1)—</p></intro><subparagraph eId="d4e1210"><num>a</num><content><p>for the words “An insurance company carrying on pension business” there shall be substituted the words “A friendly society carrying on both tax exempt business and business other than tax exempt business”;</p></content></subparagraph><subparagraph eId="d4e1216"><num>b</num><content><p>for the words “the appropriate portion” there shall be substituted the words “the relevant fraction”;</p></content></subparagraph><subparagraph eId="d4e1222"><num>c</num><content><p>for the words “its pension business” there shall be substituted the words “its tax exempt business”.</p></content></subparagraph></paragraph><paragraph eId="d4e1228"><num>3</num><content><p>For sub-paragraph (2) there shall be substituted the following sub-paragraph—</p><p class="BlockAmendment"><mod><quotedStructure class="unknown unknown unknown default" startQuote="“" endQuote="”"><paragraph eId="d4e1235"><num>2</num><content><p>No repayment shall be made to a society in respect of any claim to a notional repayment; but the notional repayment shall be taken to be the amount of tax referred to in regulation 3(1) of the Friendly Societies (Gilt-edged Securities) (Periodic Accounting for Tax on Interest) Regulations 1996..</p></content></paragraph></quotedStructure></mod></p></content></paragraph><paragraph eId="d4e1241"><num>4</num><intro><p>In sub-paragraph (2)—</p></intro><subparagraph eId="d4e1247"><num>a</num><content><p>the words “Subject to sub-paragraphs (4) and (5) below,” shall be omitted;</p></content></subparagraph><subparagraph eId="d4e1253"><num>b</num><content><p>for the words “a company” there shall be substituted the words “a society”;</p></content></subparagraph><subparagraph eId="d4e1259"><num>c</num><content><p>for paragraph (a) there shall be substituted—</p><p class="BlockAmendment"><mod><quotedStructure class="unknown unknown unknown default" startQuote="“" endQuote="”"><subparagraph eId="d4e1266"><num>a</num><intro><p>shall begin whenever—</p></intro><clause eId="d4e1272"><num>i</num><content><p>the society begins, at a time when it is carrying on only tax exempt business, to carry on business other than tax exempt business;</p></content></clause><clause eId="d4e1278"><num>ii</num><content><p>the society begins, at a time when it is carrying on only business other than tax exempt business, to carry on tax exempt business;</p></content></clause><clause eId="d4e1284"><num>iii</num><content><p>an accounting period of the society begins at a time when the society is carrying on both tax exempt business and business other than tax exempt business; or</p></content></clause><clause eId="d4e1290"><num>iv</num><content><p>a provisional repayment period of the society ends, at a time when the society is carrying on both tax exempt business and business other than tax exempt business; and;</p></content></clause></subparagraph></quotedStructure></mod></p></content></subparagraph><subparagraph eId="d4e1296"><num>d</num><content><p>in paragraph (b) for the words “the company”(wherever occurring) there shall be substituted the words “the society”.</p></content></subparagraph></paragraph><paragraph eId="d4e1302"><num>5</num><content><p>Sub-paragraphs (4) and (5) shall be omitted.</p></content></paragraph><paragraph eId="d4e1308"><num>6</num><content><p>For sub-paragraph (7) there shall be substituted—</p><p class="BlockAmendment"><mod><quotedStructure class="unknown unknown unknown default" startQuote="“" endQuote="”"><paragraph eId="d4e1315"><num>7</num><intro><p>For the purpose of determining the amounts to which a society is entitled by way of notional repayments in the case of any accounting period, “the relevant fraction” in sub-paragraph (1) above means, subject to paragraph (b) of sub-paragraph (8) below, the fraction of which the denominator is the total investment income of the society and the numerator is the investment income of the society which is exempt from income tax and corporation tax under section 460(1), 461(1) or 461B(1) determined—</p></intro><subparagraph eId="d4e1321"><num>a</num><content><p>for the latest preceding accounting period of the society at the end of which the society was required to make a valuation of the liabilities attributable to the whole of its insurance business and for which an inspector is satisfied that the society has supplied him with such information as would enable that fraction for that accounting period to be estimated with reasonable accuracy, and</p></content></subparagraph><subparagraph eId="d4e1327"><num>b</num><content><p>by reference to that information,</p></content></subparagraph><wrapUp><p>and any reference to “the relevant fraction” is a reference to the fraction so determined..</p></wrapUp></paragraph></quotedStructure></mod></p></content></paragraph><paragraph eId="d4e1335"><num>7</num><intro><p>In sub-paragraph (8)—</p></intro><subparagraph eId="d4e1341"><num>a</num><content><p>in paragraph (a), there shall be inserted after the words “Management Act” the words “, unless the accounting period in question was one for which no notice as mentioned in subsection (1) of the said section 11 was served on the society”;</p></content></subparagraph><subparagraph eId="d4e1347"><num>b</num><content><p>in paragraph (b), for the word “provisional” there shall be substituted the word “relevant”.</p></content></subparagraph></paragraph><paragraph eId="d4e1353"><num>8</num><content><p>Sub-paragraphs (9) and (10) shall be omitted.</p></content></paragraph><paragraph eId="d4e1359"><num>9</num><content><p>In sub-paragraph (13), for the words “the company” there shall be substituted the words “the society”.</p></content></paragraph><paragraph eId="d4e1365"><num>10</num><content><p>In sub-paragraph (15) there shall be added at the end—</p><p>“; and “tax exempt business” means any business of a friendly society the profits arising from which are exempt from income tax and corporation tax under section 460(1), 461(1) or 461B(1)”.</p></content></paragraph></hcontainer></quotedStructure></mod></p></content></hcontainer><hcontainer name="regulation" eId="regulation-8"><num>8</num><paragraph eId="regulation-8-1"><num>1</num><content><p>Paragraph (2) below specifies a modification of regulation 6.</p></content></paragraph><paragraph eId="regulation-8-2"><num>2</num><content><p>For paragraph (2) there shall be substituted the following paragraph—</p><p class="BlockAmendment"><mod><quotedStructure class="unknown unknown unknown default" startQuote="“" endQuote="”"><paragraph eId="d4e1391"><num>2</num><content><p>In sub-paragraphs (2), (3), (3A) and (3B), for the word “company”(wherever occurring) there shall be substituted the word “society”..</p></content></paragraph></quotedStructure></mod></p></content></paragraph></hcontainer><hcontainer name="regulation" eId="regulation-9"><num>9</num><paragraph eId="regulation-9-1"><num>1</num><content><p>Paragraphs (2) to (4) below specify modifications of regulation 7.</p></content></paragraph><paragraph eId="regulation-9-2"><num>2</num><content><p>In paragraph (2), in sub-paragraph (b), after the words “the company” there shall be inserted the words “(wherever occurring)”.</p></content></paragraph><paragraph eId="regulation-9-3"><num>3</num><content><p>After paragraph (2) there shall be inserted the following paragraph—</p><p class="BlockAmendment"><mod><quotedStructure class="unknown unknown unknown default" startQuote="“" endQuote="”"><paragraph eId="d4e1420"><num>2A</num><intro><p>In sub-paragraph (1A)—</p></intro><subparagraph eId="d4e1426"><num>a</num><content><p>for the words “the company” there shall be substituted the words “the society”;</p></content></subparagraph><subparagraph eId="d4e1432"><num>b</num><content><p>for the words “pension business” there shall be substituted the words “tax exempt business”;</p></content></subparagraph><subparagraph eId="d4e1438"><num>c</num><content><p>at the end there shall be added “; and in this sub-paragraph “tax exempt business” has the same meaning as it has in paragraph 1A above”..</p></content></subparagraph></paragraph></quotedStructure></mod></p></content></paragraph><paragraph eId="regulation-9-4"><num>4</num><content><p>In paragraph (5), for the words “the company”(wherever occurring) there shall be substituted the words “the society”.</p></content></paragraph></hcontainer></hcontainer><hcontainer name="signatures"><content><block name="signature"><signature><person refersTo="#ref-d4e1453">Derek Conway</person><person refersTo="#ref-d4e1455">Michael Bates</person><role refersTo="#ref-d4e1457">Two of the Lords Commissioners of Her Majesty’s Treasury</role><date date="1996-01-09">9th January 1996</date></signature></block></content></hcontainer></body><conclusions><blockContainer class="ExplanatoryNotes"><intro><p>(This note is not part of the Regulations)</p></intro><p><authorialNote><p>Section 51A(1) of the Income and Corporation Taxes Act 1988 (“the <abbr title="Income and Corporation Taxes Act 1988 c. 1" xml:lang="">1988 Act</abbr>”), inserted by section 77 of the Finance Act 1995 (“the <abbr title="Finance Act 1995 c. 4" xml:lang="">1995 Act</abbr>”), provides that, in certain circumstances, interest on gilt-edged securities shall be paid without deduction of income tax and that the interest so paid shall be chargeable under Case <abbr class="Acronym" title="3">III</abbr> of Schedule D. Section 51B of the <abbr title="Income and Corporation Taxes Act 1988 c. 1" xml:lang="">1988 Act</abbr>, inserted by section 78(1) of the <abbr title="Finance Act 1995 c. 4" xml:lang="">1995 Act</abbr>, provides that the Treasury may by regulations provide that persons to whom payments of interest on gilt-edged securities are made without deduction of tax shall make periodic returns to an officer of the Commissioners of Inland Revenue.</p><p>The powers conferred on the Treasury by section 51B of the <abbr title="Income and Corporation Taxes Act 1988 c. 1" xml:lang="">1988 Act</abbr> were exercised in the Gilt-edged Securities (Periodic Accounting for Tax on Interest) Regulations 1995 (<ref href="http://www.legislation.gov.uk/id/uksi/1995/3224">S.I. 1995/3224</ref>) (“the <abbr title="Gilt-edged Securities (Periodic Accounting for Tax on Interest) Regulations 1995 (S.I. 1995/3224)" xml:lang="">Gilts Regulations</abbr>”) and, in relation to cases where payments of interest on gilt-edged securities are made without deduction of tax to companies carrying on pension business, in the Insurance Companies (Gilt-edged Securities) (Periodic Accounting for Tax on Interest) Regulations 1995 (<ref href="http://www.legislation.gov.uk/id/uksi/1995/3223">S.I. 1995/3223</ref>) (“the Insurance Companies Regulations”).</p><p>The Insurance Companies Regulations provide that, notwithstanding the provisions of the <abbr title="Gilt-edged Securities (Periodic Accounting for Tax on Interest) Regulations 1995 (S.I. 1995/3224)" xml:lang="">Gilts Regulations</abbr>, a company carrying on life assurance business shall not be required to include in its return for any return period the amount of tax on the amount of excess gilt interest received which is referable to the company’s pension business. The Insurance Companies Regulations also make provision modifying the operation of Schedule 19AB to the <abbr title="Income and Corporation Taxes Act 1988 c. 1" xml:lang="">1988 Act</abbr> in relation to cases where payments of interest on relevant gilt-edged securities are made without deduction of tax to companies carrying on pension business.</p><p>Section 121 of the Finance Act 1993 empowers the Treasury to provide by regulations for Schedule 19AB to the <abbr title="Income and Corporation Taxes Act 1988 c. 1" xml:lang="">1988 Act</abbr> to have effect in relation to the tax exempt business of a friendly society as it has effect in relation to the pension business of an insurance company; and the Friendly Societies (Provisional Repayments for Exempt Business) Regulations 1993 (<ref href="http://www.legislation.gov.uk/id/uksi/1993/3112">S.I. 1993/3112</ref>) (“the <abbr title="Friendly Societies (Provisional Repayments for Exempt Business) Regulations 1993 (S.I. 1993/3112)" xml:lang="">Friendly Societies Regulations</abbr>”) provided for Schedule 19AB to the <abbr title="Income and Corporation Taxes Act 1988 c. 1" xml:lang="">1988 Act</abbr> to have such effect (subject to certain modifications and exceptions). These Regulations make further provision in relation to the tax exempt business of friendly societies.</p><p>Regulation 1 provides for citation and commencement, and regulation 2 for interpretation.</p><p>Regulation 3 contains the basic rule that, notwithstanding the provisions of the <abbr title="Gilt-edged Securities (Periodic Accounting for Tax on Interest) Regulations 1995 (S.I. 1995/3224)" xml:lang="">Gilts Regulations</abbr>, a friendly society carrying on both tax exempt business and business other than tax exempt business shall not be required to include in its return for any return period the amount of tax on the amount of excess gilt interest received which is referable to the society’s tax exempt business. The amount of tax must be identified in a claim made by the specified date.</p><p>Regulation 4 provides that the <abbr title="Friendly Societies (Provisional Repayments for Exempt Business) Regulations 1993 (S.I. 1993/3112)" xml:lang="">Friendly Societies Regulations</abbr> shall have effect, in relation to cases where payments of interest on relevant gilt-edged securities are made without deduction of tax to friendly societies carrying on tax exempt business with the modifications specified in regulations 5 to 9; and regulations 5 to 9 make modifications of the <abbr title="Friendly Societies (Provisional Repayments for Exempt Business) Regulations 1993 (S.I. 1993/3112)" xml:lang="">Friendly Societies Regulations</abbr>.</p></authorialNote></p></blockContainer></conclusions></act></akomaNtoso>