<akomaNtoso xmlns:xsi="http://www.w3.org/2001/XMLSchema-instance" xmlns="http://docs.oasis-open.org/legaldocml/ns/akn/3.0" xsi:schemaLocation="http://docs.oasis-open.org/legaldocml/ns/akn/3.0 http://docs.oasis-open.org/legaldocml/akn-core/v1.0/cos01/part2-specs/schemas/akomantoso30.xsd"><act name="UnitedKingdomStatutoryInstrument"><meta><identification source="#source"><FRBRWork><FRBRthis value="http://www.legislation.gov.uk/id/uksi/1996/56"/><FRBRuri value="http://www.legislation.gov.uk/id/uksi/1996/56"/><FRBRdate date="1996-01-12" name="made"/><FRBRauthor href="http://www.legislation.gov.uk/id/government/uk"/><FRBRcountry value="GB-UKM"/><FRBRsubtype value="order"/><FRBRnumber value="56"/><FRBRname value="S.I. 1996/56"/><FRBRprescriptive value="true"/></FRBRWork><FRBRExpression><FRBRthis value="http://www.legislation.gov.uk/uksi/1996/56/made"/><FRBRuri value="http://www.legislation.gov.uk/uksi/1996/56/made"/><FRBRdate date="1996-01-12" name="made"/><FRBRauthor href="#source"/><FRBRlanguage language="eng"/></FRBRExpression><FRBRManifestation><FRBRthis value="http://www.legislation.gov.uk/uksi/1996/56/made/data.akn"/><FRBRuri value="http://www.legislation.gov.uk/uksi/1996/56/made/data.akn"/><FRBRdate date="2021-07-26+01:00" name="transform"/><FRBRauthor href="http://www.legislation.gov.uk"/><FRBRformat value="application/akn+xml"/></FRBRManifestation></identification><classification source="#source"><keyword value="reorganisation" showAs="Reorganisation" dictionary="http://www.legislation.gov.uk"/><keyword value="local government, england and wales;wales" showAs="LOCAL GOVERNMENT, ENGLAND AND WALES;WALES" dictionary="http://www.legislation.gov.uk"/><keyword value="council tax, england and wales;wales" showAs="COUNCIL TAX, ENGLAND AND WALES;WALES" dictionary="http://www.legislation.gov.uk"/></classification><lifecycle source="#source"><eventRef date="1996-01-12" type="generation" eId="made-date" source="#source"/><eventRef date="1996-01-16" eId="laid-date-1" source="#source"/><eventRef date="1996-02-07" eId="coming-into-force-date-1" source="#source"/></lifecycle><references source="#source"><TLCOrganization eId="source" href="http://www.legislation.gov.uk/id/publisher/KingsOrQueensPrinterOfActsOfParliament" showAs="Queen's Printer of Acts of Parliament"/><TLCLocation eId="welshoffice" href="/ontology/location/uk.WelshOffice" showAs="Welsh Office"/><TLCRole eId="ref-d4e192" href="/ontology/role/uk.Parliamentary Under Secretary of State," showAs="Parliamentary Under Secretary of State,"/><TLCConcept href="/uk/subject/local-government-england-and-wales" showAs="LOCAL GOVERNMENT, ENGLAND AND WALES" eId="d4e59"/><TLCConcept href="/uk/subject/council-tax-england-and-wales" showAs="COUNCIL TAX, ENGLAND AND WALES" eId="d4e61"/><TLCConcept href="/uk/subject/wales" showAs="WALES" eId="d4e63"/></references><notes source="#source"><note class="footnote" eId="f00001"><p><ref href="http://www.legislation.gov.uk/id/ukpga/1994/19">1994 c. 19</ref>.</p></note><note class="footnote" eId="f00002"><p><ref href="http://www.legislation.gov.uk/id/ukpga/1992/14">1992 c. 14</ref>.</p></note><note class="footnote" eId="f00003"><p><ref href="http://www.legislation.gov.uk/id/ukpga/1972/70">1972 c. 70</ref>. Section 20 was substituted by section 1 of the Local Government Wales Act 1994.</p></note><note class="footnote" eId="f00004"><p>Subsection 3A of section 32 of the <abbr title="Local Government Finance Act 1992 c. 14" xml:lang="">1992 Act</abbr> was inserted by the Local Government (Wales) Act <ref href="http://www.legislation.gov.uk/id/ukpga/1994/19">1994 (c. 19)</ref>, Schedule 12, paragraph 4(3).</p></note><note class="footnote" eId="f00005"><p>Section 88A of the Local Government Finance Act 1988 was inserted by the <abbr title="Local Government Finance Act 1992 c. 14" xml:lang="">1992 Act</abbr>, Schedule 10, paragraph 18.</p></note></notes><proprietary xmlns:ukl="http://www.legislation.gov.uk/namespaces/legislation" xmlns:ukm="http://www.legislation.gov.uk/namespaces/metadata" xmlns:dc="http://purl.org/dc/elements/1.1/" xmlns:dct="http://purl.org/dc/terms/" xmlns:atom="http://www.w3.org/2005/Atom" source="#source"><dc:identifier>http://www.legislation.gov.uk/uksi/1996/56/made</dc:identifier><dc:title>The Local Government Reorganisation (Wales) (Council Tax Reduction Scheme) Order 1996</dc:title><dc:subject>Reorganisation</dc:subject><dc:publisher>Queen's Printer of Acts of Parliament</dc:publisher><dc:modified>2015-03-10</dc:modified><dc:subject scheme="SIheading">LOCAL GOVERNMENT, ENGLAND AND WALES;WALES</dc:subject><dc:subject scheme="SIheading">COUNCIL TAX, ENGLAND AND WALES;WALES</dc:subject><dc:description>This Order relates to Wales. The Local Government (Wales) Act 1994 makes provision for local government reorganisation in Wales. The new authorities’ first year (“the first year”) will begin on 1st April 1996. This Order makes supplementary provision relating to council tax reduction and council tax grant.</dc:description><atom:link rel="self" href="http://www.legislation.gov.uk/uksi/1996/56/made/data.xml" type="application/xml"/><atom:link rel="http://www.legislation.gov.uk/def/navigation/resources" href="http://www.legislation.gov.uk/uksi/1996/56/resources" title="More Resources"/><atom:link rel="http://www.legislation.gov.uk/def/navigation/act" href="http://www.legislation.gov.uk/uksi/1996/56/made" title="whole act"/><atom:link rel="http://www.legislation.gov.uk/def/navigation/introduction" href="http://www.legislation.gov.uk/uksi/1996/56/introduction/made" title="introduction"/><atom:link rel="http://www.legislation.gov.uk/def/navigation/signature" href="http://www.legislation.gov.uk/uksi/1996/56/signature/made" title="signature"/><atom:link rel="http://www.legislation.gov.uk/def/navigation/note" href="http://www.legislation.gov.uk/uksi/1996/56/note/made" title="note"/><atom:link rel="http://www.legislation.gov.uk/def/navigation/body" href="http://www.legislation.gov.uk/uksi/1996/56/body/made" title="body"/><atom:link rel="alternate" type="application/rdf+xml" href="http://www.legislation.gov.uk/uksi/1996/56/made/data.rdf" title="RDF/XML"/><atom:link rel="alternate" type="application/akn+xml" href="http://www.legislation.gov.uk/uksi/1996/56/made/data.akn" title="AKN"/><atom:link rel="alternate" type="application/xhtml+xml" href="http://www.legislation.gov.uk/uksi/1996/56/made/data.xht" title="HTML snippet"/><atom:link rel="alternate" type="application/pdf" href="http://www.legislation.gov.uk/uksi/1996/56/made/data.pdf" title="PDF"/><atom:link rel="alternate" type="application/akn+xhtml" href="http://www.legislation.gov.uk/uksi/1996/56/made/data.html" title="HTML5 snippet"/><atom:link rel="http://purl.org/dc/terms/tableOfContents" hreflang="en" href="http://www.legislation.gov.uk/uksi/1996/56/contents/made" title="Table of Contents"/><ukm:SecondaryMetadata><ukm:DocumentClassification><ukm:DocumentCategory Value="secondary"/><ukm:DocumentMainType Value="UnitedKingdomStatutoryInstrument"/><ukm:DocumentStatus Value="final"/><ukm:DocumentMinorType Value="order"/></ukm:DocumentClassification><ukm:Year Value="1996"/><ukm:Number Value="56"/><ukm:Made Date="1996-01-12"/><ukm:Laid Date="1996-01-16" Class="UnitedKingdomParliament"/><ukm:ComingIntoForce><ukm:DateTime Date="1996-02-07"/></ukm:ComingIntoForce><ukm:ISBN Value="0110539567"/></ukm:SecondaryMetadata><ukm:Statistics><ukm:TotalParagraphs Value="2"/><ukm:BodyParagraphs Value="2"/><ukm:ScheduleParagraphs Value="0"/><ukm:AttachmentParagraphs Value="0"/><ukm:TotalImages Value="0"/></ukm:Statistics></proprietary></meta><preface><p class="number"><docNumber>1996 No. 56</docNumber></p><block name="subject"><concept class="title" refersTo="#d4e59">LOCAL GOVERNMENT, ENGLAND AND WALES</concept><concept class="title" refersTo="#d4e61">COUNCIL TAX, ENGLAND AND WALES</concept><concept class="subtitle" refersTo="#d4e63">WALES</concept></block><p class="title"><shortTitle>The Local Government Reorganisation (Wales) (Council Tax Reduction Scheme) Order 1996</shortTitle></p><p class="MadeDate"><span>Made</span><docDate date="1996-01-12">12th January 1996</docDate></p><p class="LaidDate"><span>Laid before Parliament</span><docDate date="1996-01-16">16th January 1996</docDate></p><p class="ComingIntoForce"><span>Coming into force</span><docDate date="1996-02-07">7th February 1996</docDate></p></preface><preamble><formula name="EnactingText"><p>The Secretary of State for Wales, in exercise of the powers conferred on him by section 54(1) and (2) of the Local Government (Wales) Act 1994<noteRef href="#f00001" class="footnote" marker="1"/> and of all other powers enabling him in that behalf, hereby makes the following Order:</p></formula></preamble><body><article eId="article-1"><num>1</num><heading>Citation, commencement and interpretation</heading><paragraph eId="article-1-1"><num>1</num><content><p>This Order may be cited as the Local Government Reorganisation (Wales) (Council Tax Reduction Scheme) Order 1996 and shall come into force on 7th February 1996.</p></content></paragraph><paragraph eId="article-1-2"><num>2</num><content><p>In this Order—</p><blockList class="unordered"><item><p>“the <abbr title="Local Government Finance Act 1992 c. 14" xml:lang="">1992 Act</abbr>” means the Local Government Finance Act 1992<noteRef href="#f00002" class="footnote" marker="2"/>;</p></item><item><p>“section 13 regulations” means regulations under section 13 of the <abbr title="Local Government Finance Act 1992 c. 14" xml:lang="">1992 Act</abbr>;</p></item><item><p>“dwelling” has the meaning given by section 3 of the <abbr title="Local Government Finance Act 1992 c. 14" xml:lang="">1992 Act</abbr>;</p></item><item><p>“relevant dwelling” means a dwelling in Wales; and</p></item><item><p>“the relevant year” means the financial year beginning on 1st April 1996.</p></item></blockList></content></paragraph></article><article eId="article-2"><num>2</num><heading>Amendments to the Local Government Finance Act 1992</heading><paragraph eId="article-2-1"><num>1</num><content><p>Insofar as the Secretary of State’s power to make section 13 regulations is exercisable as regards any case where a person is liable to pay an amount to a billing authority in respect of council tax for the relevant year in respect of a relevant dwelling, section 13(5) of the <abbr title="Local Government Finance Act 1992 c. 14" xml:lang="">1992 Act</abbr> shall be read as if after paragraph (d) there were inserted the following—</p><p class="BlockAmendment"><mod><quotedStructure class="unknown unknown unknown default" startQuote="“" endQuote="”"><subparagraph eId="d4e158"><num>e</num><content><p>the location of the dwelling concerned in a new principal area established by section 20 of the Local Government Act 1972 (new principal local government areas in Wales).</p></content></subparagraph></quotedStructure></mod><inline name="AppendText"><noteRef href="#f00003" class="footnote" marker="3"/></inline></p></content></paragraph><paragraph eId="article-2-2"><num>2</num><content><p>Subsection (3A) of section 32 of the <abbr title="Local Government Finance Act 1992 c. 14" xml:lang="">1992 Act</abbr><noteRef href="#f00004" class="footnote" marker="4"/> shall be amended by the substitution, for the words “or non-domestic rates”, of the words “non-domestic rates or the grant paid to them under section 88A of the Local Government Finance Act 1988”.<noteRef href="#f00005" class="footnote" marker="5"/></p></content></paragraph><paragraph eId="article-2-3"><num>3</num><content><p>Nothing in this article shall affect the operation of the <abbr title="Local Government Finance Act 1992 c. 14" xml:lang="">1992 Act</abbr> in relation to any financial year beginning before 1st April 1996.</p></content></paragraph></article><hcontainer name="signatures"><content><p>Signed by authority of the Secretary of State for Wales</p><block name="signature"><signature><role refersTo="#ref-d4e192">Parliamentary Under Secretary of State,</role><location refersTo="#welshoffice">Welsh Office</location><date date="1996-01-12">12th January 1996</date></signature></block></content></hcontainer></body><conclusions><blockContainer class="ExplanatoryNotes"><intro><p>(This note is not part of the Order)</p></intro><p><authorialNote><p>This Order relates to Wales. The Local Government (Wales) Act 1994 makes provision for local government reorganisation in Wales. The new authorities’ first year (“the first year”) will begin on 1st April 1996. This Order makes supplementary provision relating to council tax reduction and council tax grant.</p><p>Article 2 modifies, in relation to the first year, section 13 of the Local Government Finance Act 1992 (“the <abbr title="Local Government Finance Act 1992 c. 14" xml:lang="">1992 Act</abbr>”) which empowers the Secretary of State to make regulations for council tax reduction. Article 2 also amends section 32 of the <abbr title="Local Government Finance Act 1992 c. 14" xml:lang="">1992 Act</abbr> so that council tax grant is not counted as income for the purpose of an authority’s budget requirement calculation.</p></authorialNote></p></blockContainer></conclusions></act></akomaNtoso>