<akomaNtoso xmlns:xsi="http://www.w3.org/2001/XMLSchema-instance" xmlns="http://docs.oasis-open.org/legaldocml/ns/akn/3.0" xsi:schemaLocation="http://docs.oasis-open.org/legaldocml/ns/akn/3.0 http://docs.oasis-open.org/legaldocml/akn-core/v1.0/cos01/part2-specs/schemas/akomantoso30.xsd"><act name="UnitedKingdomStatutoryInstrument"><meta><identification source="#source"><FRBRWork><FRBRthis value="http://www.legislation.gov.uk/id/uksi/1996/252"/><FRBRuri value="http://www.legislation.gov.uk/id/uksi/1996/252"/><FRBRdate date="1996-02-07" name="made"/><FRBRauthor href="http://www.legislation.gov.uk/id/government/uk"/><FRBRcountry value="GB-UKM"/><FRBRsubtype value="order"/><FRBRnumber value="252"/><FRBRname value="S.I. 1996/252"/><FRBRprescriptive value="true"/></FRBRWork><FRBRExpression><FRBRthis value="http://www.legislation.gov.uk/uksi/1996/252/made"/><FRBRuri value="http://www.legislation.gov.uk/uksi/1996/252/made"/><FRBRdate date="1996-02-07" name="made"/><FRBRauthor href="#source"/><FRBRlanguage language="eng"/></FRBRExpression><FRBRManifestation><FRBRthis value="http://www.legislation.gov.uk/uksi/1996/252/made/data.akn"/><FRBRuri value="http://www.legislation.gov.uk/uksi/1996/252/made/data.akn"/><FRBRdate date="2021-07-26+01:00" name="transform"/><FRBRauthor href="http://www.legislation.gov.uk"/><FRBRformat value="application/akn+xml"/></FRBRManifestation></identification><classification source="#source"><keyword value="planning appeals" showAs="Planning appeals" dictionary="http://www.legislation.gov.uk"/><keyword value="gas" showAs="GAS" dictionary="http://www.legislation.gov.uk"/></classification><lifecycle source="#source"><eventRef date="1996-02-07" type="generation" eId="made-date" source="#source"/><eventRef date="1996-02-08" eId="laid-date-1" source="#source"/><eventRef date="1996-03-01" eId="coming-into-force-date-1" source="#source"/></lifecycle><references source="#source"><TLCOrganization eId="source" href="http://www.legislation.gov.uk/id/publisher/KingsOrQueensPrinterOfActsOfParliament" showAs="Queen's Printer of Acts of Parliament"/><passiveRef href="http://www.legislation.gov.uk/id/ssi/2015/181" showAs="The Town and Country Planning (Hazardous Substances) (Scotland) Regulations 2015"/><passiveRef href="http://www.legislation.gov.uk/id/wsi/2010/271" showAs="The Non-Domestic Rating (Demand Notices) (Wales) (Amendment) Regulations 2010"/><TLCLocation eId="departmentoftradeandindustry" href="/ontology/location/uk.DepartmentofTradeandIndustry" showAs="Department of Trade and Industry"/><TLCRole eId="ref-d4e134" href="/ontology/role/uk.Minister for Industry and Energy," showAs="Minister for Industry and Energy,"/><TLCPerson eId="ref-d4e132" href="/ontology/persons/uk.TimEggar," showAs="Tim Eggar,"/><TLCConcept href="/uk/subject/gas" showAs="GAS" eId="d4e90"/></references><notes source="#source"><note class="footnote" eId="f00001"><p><ref href="http://www.legislation.gov.uk/id/ukpga/1995/45">1995 c. 45</ref>.</p></note><note class="footnote" eId="f00002"><p>These Regulations were amended by paragraph 19 of Schedule 6 to the Gas Act <ref href="http://www.legislation.gov.uk/id/ukpga/1972/60">1972 (c. 60)</ref> and paragraph 34 of Schedule 8 to the Gas Act <ref href="http://www.legislation.gov.uk/id/ukpga/1986/44">1986 (c. 44)</ref>; by virtue of section 49 of the Gas Act 1986 and <abbr class="Acronym" title="Statutory Instrument">S.I.</abbr><ref href="http://www.legislation.gov.uk/id/uksi/1986/1317">1986/1317</ref> the successor company is British Gas plc.</p></note><note class="footnote" eId="f00003"><p>Relevant amending instrument is <abbr class="Acronym" title="Statutory Instrument">S.I.</abbr><ref href="http://www.legislation.gov.uk/id/uksi/1986/1356">1986/1356</ref>.</p></note><note class="footnote" eId="f00004"><p>Relevant amending instrument is <abbr class="Acronym" title="Statutory Instrument">S.I.</abbr><ref href="http://www.legislation.gov.uk/id/uksi/1986/1356">1986/1356</ref>.</p></note><note class="footnote" eId="f00005"><p>Subject to amendments not relevant to these Regulations.</p></note><note class="footnote" eId="f00007"><p>Relevant amending instrument is <abbr class="Acronym" title="Statutory Instrument">S.I.</abbr><ref href="http://www.legislation.gov.uk/id/uksi/1986/1356">1986/1356</ref>.</p></note><note class="footnote" eId="f00008"><p>Relevant amending instrument is <abbr class="Acronym" title="Statutory Instrument">S.I.</abbr><ref href="http://www.legislation.gov.uk/id/uksi/1990/1981">1990/1981</ref>.</p></note><note class="footnote" eId="f00009"><p>Relevant amending instrument is <abbr class="Acronym" title="Statutory Instrument">S.I.</abbr><ref href="http://www.legislation.gov.uk/id/uksi/1990/526">1990/526</ref>.</p></note><note class="footnote" eId="f00010"><p>Subject to amendments not relevant to these Regulations.</p></note><note class="footnote" eId="f00011"><p>Relevant amending instruments are <abbr class="Acronym" title="Statutory Instrument">S.I.</abbr><ref href="http://www.legislation.gov.uk/id/uksi/1993/1036">1993/1036</ref> and <ref href="http://www.legislation.gov.uk/id/uksi/1994/3294">1994/3294</ref>.</p></note></notes><proprietary xmlns:ukl="http://www.legislation.gov.uk/namespaces/legislation" xmlns:ukm="http://www.legislation.gov.uk/namespaces/metadata" xmlns:dc="http://purl.org/dc/elements/1.1/" xmlns:dct="http://purl.org/dc/terms/" xmlns:atom="http://www.w3.org/2005/Atom" source="#source"><dc:identifier>http://www.legislation.gov.uk/uksi/1996/252/made</dc:identifier><dc:title>The Gas Act 1995 (Consequential Modifications of Subordinate Legislation) Order 1996</dc:title><dc:subject>Planning appeals</dc:subject><dc:publisher>Queen's Printer of Acts of Parliament</dc:publisher><dc:modified>2011-07-04</dc:modified><dc:subject scheme="SIheading">GAS</dc:subject><dc:description>This Order makes modifications to subordinate legislation in consequence of the enactment of the Gas Act 1995. Article 2 amends the subordinate legislation in the manner set out in the Schedule, generally so as to substitute references to a public gas transporter within the meaning of Part I of the Gas Act 1986 for references (directly or indirectly) to a public gas supplier or British Gas plc.</dc:description><atom:link rel="self" href="http://www.legislation.gov.uk/uksi/1996/252/made/data.xml" type="application/xml"/><atom:link rel="http://www.legislation.gov.uk/def/navigation/resources" href="http://www.legislation.gov.uk/uksi/1996/252/resources" title="More Resources"/><atom:link rel="http://www.legislation.gov.uk/def/navigation/act" href="http://www.legislation.gov.uk/uksi/1996/252/made" title="whole act"/><atom:link rel="http://www.legislation.gov.uk/def/navigation/introduction" href="http://www.legislation.gov.uk/uksi/1996/252/introduction/made" title="introduction"/><atom:link rel="http://www.legislation.gov.uk/def/navigation/signature" href="http://www.legislation.gov.uk/uksi/1996/252/signature/made" title="signature"/><atom:link rel="http://www.legislation.gov.uk/def/navigation/note" href="http://www.legislation.gov.uk/uksi/1996/252/note/made" title="note"/><atom:link rel="http://www.legislation.gov.uk/def/navigation/body" href="http://www.legislation.gov.uk/uksi/1996/252/body/made" title="body"/><atom:link rel="http://www.legislation.gov.uk/def/navigation/schedules" href="http://www.legislation.gov.uk/uksi/1996/252/schedules/made" title="schedules"/><atom:link rel="alternate" type="application/rdf+xml" href="http://www.legislation.gov.uk/uksi/1996/252/made/data.rdf" title="RDF/XML"/><atom:link rel="alternate" type="application/akn+xml" href="http://www.legislation.gov.uk/uksi/1996/252/made/data.akn" title="AKN"/><atom:link rel="alternate" type="application/xhtml+xml" href="http://www.legislation.gov.uk/uksi/1996/252/made/data.xht" title="HTML snippet"/><atom:link rel="alternate" type="application/pdf" href="http://www.legislation.gov.uk/uksi/1996/252/made/data.pdf" title="PDF"/><atom:link rel="alternate" type="application/akn+xhtml" href="http://www.legislation.gov.uk/uksi/1996/252/made/data.html" title="HTML5 snippet"/><atom:link rel="http://purl.org/dc/terms/tableOfContents" hreflang="en" href="http://www.legislation.gov.uk/uksi/1996/252/contents/made" title="Table of Contents"/><ukm:SecondaryMetadata><ukm:DocumentClassification><ukm:DocumentCategory Value="secondary"/><ukm:DocumentMainType Value="UnitedKingdomStatutoryInstrument"/><ukm:DocumentStatus Value="final"/><ukm:DocumentMinorType Value="order"/></ukm:DocumentClassification><ukm:Year Value="1996"/><ukm:Number Value="252"/><ukm:Made Date="1996-02-07"/><ukm:Laid Date="1996-02-08" Class="UnitedKingdomParliament"/><ukm:ComingIntoForce><ukm:DateTime Date="1996-03-01"/></ukm:ComingIntoForce><ukm:ISBN Value="0110541170"/><ukm:UnappliedEffects><ukm:UnappliedEffect EffectId="key-bc2994f34c0124e7d67fababc8a74604" Modified="2015-07-08T10:38:32Z" Created="2015-07-08T10:38:32Z" AffectedClass="UnitedKingdomStatutoryInstrument" AffectingClass="ScottishStatutoryInstrument" URI="http://www.legislation.gov.uk/id/effect/ssi-2015-181-utot6bl1-49" Row="49" Type="entry revoked" RequiresApplied="true" AffectedProvisions="Sch." AffectingEffectsExtent="S" AffectingYear="2015" AffectingNumber="181" AffectingProvisions="Sch. 9" AffectedURI="http://www.legislation.gov.uk/id/uksi/1996/252" AffectedYear="1996" AffectedNumber="252" AffectingURI="http://www.legislation.gov.uk/id/ssi/2015/181"><ukm:AffectedTitle>The Gas Act 1995 (Consequential Modifications of Subordinate Legislation) Order 1996</ukm:AffectedTitle><ukm:AffectedProvisions><ukm:Section Ref="schedule" URI="http://www.legislation.gov.uk/id/uksi/1996/252/schedule">Sch.</ukm:Section></ukm:AffectedProvisions><ukm:AffectingTitle>The Town and Country Planning (Hazardous Substances) (Scotland) Regulations 2015</ukm:AffectingTitle><ukm:AffectingProvisions><ukm:Section Ref="schedule-9" URI="http://www.legislation.gov.uk/id/ssi/2015/181/schedule/9">Sch. 9</ukm:Section></ukm:AffectingProvisions><ukm:CommencementAuthority><ukm:Section Ref="regulation-1" URI="http://www.legislation.gov.uk/id/ssi/2015/181/regulation/1">reg. 1</ukm:Section></ukm:CommencementAuthority><ukm:InForceDates><ukm:InForce Applied="false" Date="2015-06-01" Qualification="wholly in force"/></ukm:InForceDates></ukm:UnappliedEffect><ukm:UnappliedEffect EffectId="key-b90eb4e8440815885236b8a79747295b" AffectingClass="WelshStatutoryInstrument" URI="http://www.legislation.gov.uk/id/effect/wsi-2010-271xls-5" Type="rev in pt (W)" RequiresApplied="true" AffectedProvisions="sch 2" AffectingYear="2010" AffectingNumber="271" AffectingProvisions="regs 2, 3" AffectedURI="http://www.legislation.gov.uk/id/uksi/1996/252" AffectedYear="1996" AffectedNumber="252" AffectingURI="http://www.legislation.gov.uk/id/wsi/2010/271" Created="2013-10-13T00:00:39.314+01:00" Modified="2013-10-13T00:00:39.314+01:00" AffectedClass="UnitedKingdomStatutoryInstrument"><ukm:AffectedTitle>The Gas Act 1995 (Consequential Modifications of Subordinate Legislation) Order 1996</ukm:AffectedTitle><ukm:AffectedProvisions><ukm:Section xmlns:err="http://www.legislation.gov.uk/namespaces/error" Ref="schedule-2" URI="http://www.legislation.gov.uk/id/uksi/1996/252/schedule/2" err:Ref="Section missing in legislation" Missing="true">sch 2</ukm:Section></ukm:AffectedProvisions><ukm:AffectingTitle>The Non-Domestic Rating (Demand Notices) (Wales) (Amendment) Regulations 2010</ukm:AffectingTitle><ukm:AffectingTitle xml:lang="cy">Rheoliadau Ardrethu Annomestig (Hysbysiadau Galw am Dalu) (Cymru) (Diwygio) 2010</ukm:AffectingTitle><ukm:AffectingProvisions><ukm:Section Ref="regulation-2" URI="http://www.legislation.gov.uk/id/wsi/2010/271/regulation/2">regs 2</ukm:Section><ukm:Section Ref="regulation-3" URI="http://www.legislation.gov.uk/id/wsi/2010/271/regulation/3">3</ukm:Section></ukm:AffectingProvisions></ukm:UnappliedEffect></ukm:UnappliedEffects></ukm:SecondaryMetadata><ukm:Statistics><ukm:TotalParagraphs Value="2"/><ukm:BodyParagraphs Value="2"/><ukm:ScheduleParagraphs Value="0"/><ukm:AttachmentParagraphs Value="0"/><ukm:TotalImages Value="0"/></ukm:Statistics></proprietary></meta><preface><p class="number"><docNumber>1996 No. 252</docNumber></p><block name="subject"><concept class="title" refersTo="#d4e90">GAS</concept></block><p class="title"><shortTitle>The Gas Act 1995 (Consequential Modifications of Subordinate Legislation) Order 1996</shortTitle></p><p class="MadeDate"><span>Made</span><docDate date="1996-02-07">7th February 1996</docDate></p><p class="LaidDate"><span>Laid before Parliament</span><docDate date="1996-02-08">8th February 1996</docDate></p><p class="ComingIntoForce"><span>Coming into force</span><docDate date="1996-03-01">1st March 1996</docDate></p></preface><preamble><formula name="EnactingText"><p>The Secretary of State, in exercise of the powers conferred upon him by section 16(3) of the Gas Act 1995<noteRef href="#f00001" class="footnote" marker="1"/> and of all other powers enabling him in that behalf, hereby makes the following Order:—</p></formula></preamble><body><article eId="article-1"><num>1</num><content><p>This Order may be cited as the Gas Act 1995 (Consequential Modifications of Subordinate Legislation) Order 1996 and shall come into force on 1st March 1996.</p></content></article><article eId="article-2"><num>2</num><content><p>The subordinate legislation specified in columns 1 and 2 of the Schedule hereto is hereby modified to the extent specified in column 3 of the Schedule.</p></content></article><hcontainer name="signatures"><content><block name="signature"><signature><person refersTo="#ref-d4e132">Tim Eggar,</person><role refersTo="#ref-d4e134">Minister for Industry and Energy,</role><location refersTo="#departmentoftradeandindustry">Department of Trade and Industry</location><date date="1996-02-07">7th February 1996</date></signature></block></content></hcontainer><hcontainer name="schedules" eId="d4e142"><hcontainer name="schedule" eId="schedule"><num>SCHEDULE<authorialNote class="referenceNote" placement="right"><p>Article 2</p></authorialNote></num><heading>MODIFIED SUBORDINATE LEGISLATION</heading><content><tblock class="tabular"><table><tr><th colspan="1" rowspan="1"><p>Column 1</p></th><th colspan="1" rowspan="1"><p>Column 2</p></th><th colspan="1" rowspan="1"><p>Column 3</p></th></tr><tr><th colspan="1" rowspan="1"><p>Subordinate legislation modified</p></th><th colspan="1" rowspan="1"><p>Number</p></th><th colspan="1" rowspan="1"><p>Extent of modification</p></th></tr><tr><td colspan="1" rowspan="1"><p>The Civil Defence (Gas Undertakers) Regulations 1954.</p></td><td colspan="1" rowspan="1"><p><noteRef href="#f00002" class="footnote" marker="2"/><abbr class="Acronym" title="Statutory Instrument">S.I.</abbr><ref href="http://www.legislation.gov.uk/id/uksi/1954/269">1954/269</ref>.</p></td><td colspan="1" rowspan="1"><p>References to the successor company shall have effect as if there were substituted references to any person who is the holder of a licence granted under the Gas Act 1986.</p></td></tr><tr><td colspan="1" rowspan="1"><p>The Gas (Underground Storage) (Inquiries Procedure) Rules 1966.</p></td><td colspan="1" rowspan="1"><p><noteRef href="#f00002" class="footnote" marker="2"/><abbr class="Acronym" title="Statutory Instrument">S.I.</abbr><ref href="http://www.legislation.gov.uk/id/uksi/1966/1375">1966/1375</ref>.</p></td><td colspan="1" rowspan="1"><p>References to the successor company shall have effect as if there were substituted references to any person who is a public gas transporter within Part I of the Gas Act 1986.</p></td></tr><tr><td colspan="1" rowspan="1"><p>The Material Development Regulations 1967.</p></td><td colspan="1" rowspan="1"><p><noteRef href="#f00002" class="footnote" marker="2"/><abbr class="Acronym" title="Statutory Instrument">S.I.</abbr><ref href="http://www.legislation.gov.uk/id/uksi/1967/494">1967/494</ref>.</p></td><td colspan="1" rowspan="1"><p>In paragraph 11 of Part I of the Schedule references to the successor company shall have effect as if there were substituted references to any person who is a public gas transporter within the meaning of Part I of the Gas Act 1986; in the definition of “gas undertaking”, for the words “means an undertaking for the supply of gas” there shall be substituted the words “means the undertaking of a public gas transporter”.</p></td></tr><tr><td colspan="1" rowspan="1"><p>The Gas (Underground Storage) (Certificates) (England and Wales) Regulations 1967.</p></td><td colspan="1" rowspan="1"><p><noteRef href="#f00002" class="footnote" marker="2"/><abbr class="Acronym" title="Statutory Instrument">S.I.</abbr><ref href="http://www.legislation.gov.uk/id/uksi/1967/1167">1967/1167</ref>.</p></td><td colspan="1" rowspan="1"><p>References to the successor company shall have effect as if there were substituted references to any person who is a public gas transporter within Part I of the Gas Act 1986.</p></td></tr><tr><td colspan="1" rowspan="1"><p>The Gas (Underground Storage) (Certificates) (Scotland) Regulations 1968.</p></td><td colspan="1" rowspan="1"><p><noteRef href="#f00002" class="footnote" marker="2"/><abbr class="Acronym" title="Statutory Instrument">S.I.</abbr><ref href="http://www.legislation.gov.uk/id/uksi/1968/1082">1968/1082</ref>.</p></td><td colspan="1" rowspan="1"><p>References to the successor company shall have effect as if there were substituted references to any person who is a public gas transporter within Part I of the Gas Act 1986.</p></td></tr><tr><td colspan="1" rowspan="1"><p>The Forestry (Exceptions from Restriction of Felling) Regulations 1979.</p></td><td colspan="1" rowspan="1"><p><noteRef href="#f00003" class="footnote" marker="3"/><abbr class="Acronym" title="Statutory Instrument">S.I.</abbr><ref href="http://www.legislation.gov.uk/id/uksi/1979/792">1979/792</ref>.</p></td><td colspan="1" rowspan="1"><p>In regulation 3, in the definition of “statutory undertakers”, for the words “public gas suppliers” there shall be substituted the words “public gas transporters”.</p></td></tr><tr><td colspan="1" rowspan="1"><p>The Town and Country Planning Appeals (Determination by Appointed Person) (Inquiries Procedure) (Scotland) Rules 1980.</p></td><td colspan="1" rowspan="1"><p><noteRef href="#f00003" class="footnote" marker="3"/><abbr class="Acronym" title="Statutory Instrument">S.I.</abbr><ref href="http://www.legislation.gov.uk/id/uksi/1980/1677">1980/1677</ref>.</p></td><td colspan="1" rowspan="1"><p>In rule 3(1), in the definition of “statutory undertakers”, for the words “public gas suppliers” there shall be substituted the words “public gas transporters”.</p></td></tr><tr><td colspan="1" rowspan="1"><p>The Town and Country Planning (Determination of appeals by appointed persons) (Prescribed Classes) Regulations 1981.</p></td><td colspan="1" rowspan="1"><p><noteRef href="#f00004" class="footnote" marker="4"/><abbr class="Acronym" title="Statutory Instrument">S.I.</abbr><ref href="http://www.legislation.gov.uk/id/uksi/1981/804">1981/804</ref>.</p></td><td colspan="1" rowspan="1"><p>In regulation 2, in the definition of “statutory undertakers”, for the words “public gas suppliers” there shall be substituted the words “public gas transporters”.</p></td></tr><tr><td colspan="1" rowspan="1"><p>The Gas Safety (Rights of Entry) Regulations 1983.</p></td><td colspan="1" rowspan="1"><p><noteRef href="#f00005" class="footnote" marker="5"/><abbr class="Acronym" title="Statutory Instrument">S.I.</abbr><ref href="http://www.legislation.gov.uk/id/uksi/1983/1575">1983/1575</ref>.</p></td><td colspan="1" rowspan="1"><blockList class="unordered"><item><p>In regulation 2—</p><blockList class="ordered"><item><num>i</num><p>in paragraph (a), after the words “gas fitting, or”, there shall be inserted the words “any part of the gas system on the premises, that is to say,” and after the words “used for the” there shall be inserted the words “conveyance or”; and</p></item><item><num>ii</num><p>in paragraph (c), for the words from “gas supply system” to the end there shall be substituted the words “gas system on the premises, or disconnect the premises or, if the premises are not connected, to signify the refusal of the relevant authority to convey gas or, as the case may be, allow gas to be conveyed to the premises”.</p></item></blockList></item><item><p>In regulation 4—</p><blockList class="ordered"><item><num>i</num><p>in paragraph (1), for the words “part of the gas supply system” there shall be substituted the words “any part of the gas system”, for the words “has cut off the supply to the premises” there shall be substituted the words “has disconnected the premises”, and for the words “give or, as the case may be, allow such a supply” there shall be substituted the words “convey gas or, as the case may be, allow gas to be conveyed to the premises”;</p></item><item><num>ii</num><p>in paragraph (2), for the word “supplied” there shall be substituted the word “conveyed”.</p></item></blockList></item><item><p>In regulation 6(3)—</p><blockList class="ordered"><item><num>i</num><p>after the words “the supplier to withhold supply” there shall be inserted the words “or the right of the public gas transporter to refuse to convey gas to the premises”;</p></item><item><num>ii</num><p>in sub-paragraph (a), for the words “part of the gas supply system” there shall be substituted the words “any part of the gas system”;</p></item><item><num>iii</num><p>for sub-paragraph (b) there shall be substituted the following sub-paragraph—</p><p class="BlockAmendment"><mod><quotedStructure class="unknown unknown unknown default" startQuote="“" endQuote="”"><subparagraph eId="d4e322"><num>b</num><content><p>where the premises have been disconnected under these Regulations, they shall either remain disconnected or shall or may be reconnected; or</p></content></subparagraph></quotedStructure></mod></p></item><item><num>iv</num><p>in sub-paragraph (c), for the words “give or, as the case may be, allow such a supply” there shall be substituted the words “convey gas or, as the case may be, allow gas to be conveyed”, and for the words “the supplier either shall not give a supply of gas or shall or may cause gas to be supplied to the premises,” there shall be substituted the words “that refusal shall, may or shall not be withdrawn”.</p></item></blockList></item><item><p>In regulation 7—</p><blockList class="ordered"><item><num>i</num><p>in paragraph (a), for the words “part of a gas supply system” there shall be substituted the words “any part of a gas system”;</p></item><item><num>ii</num><p>in paragraph (b), for the words “restore the supply of gas to any premises where it has been cut off” there shall be substituted the words “reconnect any premises which have been disconnected”, and for the words “has been so cut off” there shall be substituted the words “has been so disconnected”;</p></item><item><num>iii</num><p>in paragraph (c), for the word “supplied” there shall be substituted the word “conveyed”, and for the words “give or, as the case may be, allow a supply” there shall be substituted the words “convey gas or, as the case may be, allow gas to be conveyed”.</p></item></blockList></item></blockList></td></tr><tr><td colspan="1" rowspan="1"><p>The Town and Country Planning (Control of Advertisements) (Scotland) Regulations 1984.</p></td><td colspan="1" rowspan="1"><p><noteRef href="#f00007" class="footnote" marker="7"/><abbr class="Acronym" title="Statutory Instrument">S.I.</abbr><ref href="http://www.legislation.gov.uk/id/uksi/1984/467">1984/467</ref>.</p></td><td colspan="1" rowspan="1"><p>In regulation 2(1), in the definition of “statutory undertakers” and “statutory undertaking”, for the words “public gas supplier” there shall be substituted the words “public gas transporter”.</p></td></tr><tr><td colspan="1" rowspan="1"><p>The Cycle Tracks Regulations 1984.</p></td><td colspan="1" rowspan="1"><p><noteRef href="#f00007" class="footnote" marker="7"/><abbr class="Acronym" title="Statutory Instrument">S.I.</abbr><ref href="http://www.legislation.gov.uk/id/uksi/1984/1431">1984/1431</ref>.</p></td><td colspan="1" rowspan="1"><p>In regulation 2(1), in the definition of “statutory undertakers”, for the words “public gas suppliers” there shall be substituted the words “public gas transporters”.</p></td></tr><tr><td colspan="1" rowspan="1"><p>The Road Vehicles (Construction and Use) Regulations 1986.</p></td><td colspan="1" rowspan="1"><p><noteRef href="#f00008" class="footnote" marker="8"/><abbr class="Acronym" title="Statutory Instrument">S.I.</abbr><ref href="http://www.legislation.gov.uk/id/uksi/1986/1078">1986/1078</ref>.</p></td><td colspan="1" rowspan="1"><p>In the definition of “public works vehicle”, in column 2 of the Table in regulation 3(2), for the words “a public gas supplier within the meaning of the Gas Act 1986” there shall be substituted the words “a public gas transporter within the meaning of Part I of the Gas Act 1986”.</p></td></tr><tr><td colspan="1" rowspan="1"><p>The Restrictive Trade Practices (Gas Supply and Connected Activities) Order 1986.</p></td><td colspan="1" rowspan="1"><p><abbr class="Acronym" title="Statutory Instrument">S.I.</abbr><ref href="http://www.legislation.gov.uk/id/uksi/1986/1810">1986/1810</ref>.</p></td><td colspan="1" rowspan="1"><p>In articles 5(a), 6(1)(a), 7(1)(a) and 8(1)(a), for the words “an authorisation granted under section 7 of the 1986 Act” there shall be substituted the words “a licence granted under section 7A(1) of the 1986 Act”.</p></td></tr><tr><td colspan="1" rowspan="1"><p>The Town and Country Planning (Determination of Appeals by Appointed Persons) (Prescribed Classes) (Scotland) Regulations 1987.</p></td><td colspan="1" rowspan="1"><p><noteRef href="#f00009" class="footnote" marker="9"/><abbr class="Acronym" title="Statutory Instrument">S.I.</abbr><ref href="http://www.legislation.gov.uk/id/uksi/1987/1531">1987/1531</ref>.</p></td><td colspan="1" rowspan="1"><p>In regulation 2(1), in the definition of “statutory undertakers”, for the words “public gas suppliers” there shall be substituted the words “public gas transporters”.</p></td></tr><tr><td colspan="1" rowspan="1"><p>The Electricity Supply Regulations 1988.</p></td><td colspan="1" rowspan="1"><p><noteRef href="#f00010" class="footnote" marker="10"/><abbr class="Acronym" title="Statutory Instrument">S.I.</abbr><ref href="http://www.legislation.gov.uk/id/uksi/1988/1057">1988/1057</ref>.</p></td><td colspan="1" rowspan="1"><p>In Schedule 4, Part IV, paragraph 4(a)(i), for the words “public gas supplier” there shall be substituted the words “public gas transporter”.</p></td></tr><tr><td colspan="1" rowspan="1"><p>The Town and Country Planning (General Permitted Development) (Scotland) Order 1992.</p></td><td colspan="1" rowspan="1"><p><noteRef href="#f00011" class="footnote" marker="11"/><abbr class="Acronym" title="Statutory Instrument">S.I.</abbr><ref href="http://www.legislation.gov.uk/id/uksi/1992/223">1992/223</ref>.</p></td><td colspan="1" rowspan="1"><blockList class="unordered"><item><p>In article 2(1), in the definition of “statutory undertaker”, for the words “public gas suppliers” there shall be substituted the words “public gas transporters”.</p></item><item><p>In article 3(5)(b), for the words “public gas supplier” there shall be substituted the words “public gas transporter”.</p></item><item><p>In Schedule 1, Part 13, for the words “Gas suppliers” in the heading relating to Class 39 there shall be substituted the words “Public gas transporters”, and in Class 39, paragraphs (1) and (3), for the words “public gas supplier” in each place where they occur there shall be substituted the words “public gas transporter”.</p></item></blockList></td></tr><tr><td colspan="1" rowspan="1"><p>The Planning (Hazardous Substances) Regulations 1992.</p></td><td colspan="1" rowspan="1"><p><noteRef href="#f00010" class="footnote" marker="10"/><abbr class="Acronym" title="Statutory Instrument">S.I.</abbr><ref href="http://www.legislation.gov.uk/id/uksi/1992/656">1992/656</ref>.</p></td><td colspan="1" rowspan="1"><blockList class="unordered"><item><p>In regulation 4(7)(b), for the words “public gas supplier” there shall be substituted the words “public gas transporter”, for the word “supply” there shall be substituted the word “convey”, and for the word “supplier” there shall be substituted the word “transporter”.</p></item><item><p>In regulation 10(1)(f), for the words “public gas supplier” there shall be substituted the words “public gas transporter”.</p></item></blockList></td></tr><tr><td colspan="1" rowspan="1"><p>The Town and Country Planning (Control of Advertisements) Regulations 1992.</p></td><td colspan="1" rowspan="1"><p><noteRef href="#f00010" class="footnote" marker="10"/><abbr class="Acronym" title="Statutory Instrument">S.I.</abbr><ref href="http://www.legislation.gov.uk/id/uksi/1992/666">1992/666</ref>.</p></td><td colspan="1" rowspan="1"><p>In regulation 2(1), in the definition of “statutory undertaker”, for the words “public gas supplier” there shall be substituted the words “public gas transporter”.</p></td></tr><tr><td colspan="1" rowspan="1"><p>The Transport and Works (Applications and Objections Procedure) Rules 1992.</p></td><td colspan="1" rowspan="1"><p><noteRef href="#f00010" class="footnote" marker="10"/><abbr class="Acronym" title="Statutory Instrument">S.I.</abbr><ref href="http://www.legislation.gov.uk/id/uksi/1992/2902">1992/2902</ref>.</p></td><td colspan="1" rowspan="1"><blockList class="unordered"><item><p>In rule 2(1), in the definition of “statutory undertaker”, the words “gas or” in paragraph (a) and the word “and” at the end of paragraph (e) shall be omitted and there shall be inserted the word “and” at the end of paragraph (f) and the following new paragraph (g)—</p><p class="BlockAmendment"><mod><quotedStructure class="secondary rule main default" startQuote="“" endQuote="”"><p>a public gas transporter within the meaning of Part I of the Gas Act 1986</p></quotedStructure></mod><inline name="AppendText">.</inline></p></item></blockList></td></tr><tr><td colspan="1" rowspan="1"><p>The Rail Crossing Extinguishment and Diversion Orders Regulations 1993.</p></td><td colspan="1" rowspan="1"><p><noteRef href="#f00010" class="footnote" marker="10"/><abbr class="Acronym" title="Statutory Instrument">S.I.</abbr><ref href="http://www.legislation.gov.uk/id/uksi/1993/9">1993/9</ref>.</p></td><td colspan="1" rowspan="1"><p>In Schedule 1, Form 1, paragraph 2(a), and Form 2, paragraph 3(a), for the words “Public gas supplier” there shall be substituted the words “Public gas transporter”.</p></td></tr><tr><td colspan="1" rowspan="1"><p>The Town and Country Planning (Hazardous Substances) (Scotland) Regulations 1993.</p></td><td colspan="1" rowspan="1"><p><noteRef href="#f00010" class="footnote" marker="10"/><abbr class="Acronym" title="Statutory Instrument">S.I.</abbr><ref href="http://www.legislation.gov.uk/id/uksi/1993/323">1993/323</ref>.</p></td><td colspan="1" rowspan="1"><blockList class="unordered"><item><p>In regulation 4(7)(b), for the words “public gas supplier” there shall be substituted the words “public gas transporter”, for the word “supply” there shall be substituted the word “convey”, and for the word “supplier” there shall be substituted the word “transporter”.</p></item><item><p>In regulation 11(1)(g), for the words “public gas supplier” there shall be substituted the words “public gas transporter”.</p></item></blockList></td></tr><tr><td colspan="1" rowspan="1"><p>The Gas Safety (Installation and Use) Regulations 1994.</p></td><td colspan="1" rowspan="1"><p><abbr class="Acronym" title="Statutory Instrument">S.I.</abbr><ref href="http://www.legislation.gov.uk/id/uksi/1994/1886">1994/1886</ref>.</p></td><td colspan="1" rowspan="1"><blockList class="unordered"><item><p>In regulation 2(1), for the definition of “public gas supplier” there shall be substituted the following definition—</p><p class="BlockAmendment"><mod><quotedStructure class="secondary regulation main default" startQuote="“" endQuote="”"><p>“public gas transporter” has the same meaning as in section 48 of the Gas Act 1986;</p></quotedStructure></mod><inline name="AppendText">.</inline></p></item><item><p>In regulation 36(7), for the words “supplied by a public gas supplier” there shall be substituted the words “conveyed to premises by a public gas transporter”.</p></item></blockList></td></tr><tr><td colspan="1" rowspan="1"><p>The Town and Country Planning (General Permitted Development) Order 1995.</p></td><td colspan="1" rowspan="1"><p><abbr class="Acronym" title="Statutory Instrument">S.I.</abbr><ref href="http://www.legislation.gov.uk/id/uksi/1995/418">1995/418</ref>.</p></td><td colspan="1" rowspan="1"><blockList class="unordered"><item><p>In article 1(2), in the definition of “statutory undertaker”, for the words “public gas supplier” there shall be substituted the words “public gas transporter”.</p></item><item><p>In article 3(8), for the words “public gas supplier” there shall be substituted the words “public gas transporter”.</p></item><item><p>In Schedule 2, Part 17, for the words “Gas suppliers” in the heading relating to Class F there shall be substituted the words “Public gas transporters”, and in Class F and condition F.2(a), for the words “public gas supplier”, in each place where they occur, there shall be substituted the words “public gas transporter”.</p></item></blockList></td></tr></table></tblock></content></hcontainer></hcontainer></body><conclusions><blockContainer class="ExplanatoryNotes"><intro><p>(This note is not part of the Order)</p></intro><p><authorialNote><p>This Order makes modifications to subordinate legislation in consequence of the enactment of the Gas Act 1995. Article 2 amends the subordinate legislation in the manner set out in the Schedule, generally so as to substitute references to a public gas transporter within the meaning of Part I of the Gas Act 1986 for references (directly or indirectly) to a public gas supplier or British Gas plc.</p></authorialNote></p></blockContainer></conclusions></act></akomaNtoso>