<akomaNtoso xmlns:xsi="http://www.w3.org/2001/XMLSchema-instance" xmlns="http://docs.oasis-open.org/legaldocml/ns/akn/3.0" xsi:schemaLocation="http://docs.oasis-open.org/legaldocml/ns/akn/3.0 http://docs.oasis-open.org/legaldocml/akn-core/v1.0/cos01/part2-specs/schemas/akomantoso30.xsd"><act name="UnitedKingdomStatutoryInstrument"><meta><identification source="#source"><FRBRWork><FRBRthis value="http://www.legislation.gov.uk/id/uksi/1996/262"/><FRBRuri value="http://www.legislation.gov.uk/id/uksi/1996/262"/><FRBRdate date="1996-02-08" name="made"/><FRBRauthor href="http://www.legislation.gov.uk/id/government/uk"/><FRBRcountry value="GB-UKM"/><FRBRsubtype value="regulation"/><FRBRnumber value="262"/><FRBRname value="S.I. 1996/262"/><FRBRprescriptive value="true"/></FRBRWork><FRBRExpression><FRBRthis value="http://www.legislation.gov.uk/uksi/1996/262/made"/><FRBRuri value="http://www.legislation.gov.uk/uksi/1996/262/made"/><FRBRdate date="1996-02-08" name="made"/><FRBRauthor href="#source"/><FRBRlanguage language="eng"/></FRBRExpression><FRBRManifestation><FRBRthis value="http://www.legislation.gov.uk/uksi/1996/262/made/data.akn"/><FRBRuri value="http://www.legislation.gov.uk/uksi/1996/262/made/data.akn"/><FRBRdate date="2021-07-26+01:00" name="transform"/><FRBRauthor href="http://www.legislation.gov.uk"/><FRBRformat value="application/akn+xml"/></FRBRManifestation></identification><classification source="#source"><keyword value="local government" showAs="Local Government" dictionary="http://www.legislation.gov.uk"/><keyword value="partnership" showAs="PARTNERSHIP" dictionary="http://www.legislation.gov.uk"/></classification><lifecycle source="#source"><eventRef date="1996-02-08" type="generation" eId="made-date" source="#source"/><eventRef date="1996-03-15" eId="coming-into-force-date-1" source="#source"/></lifecycle><references source="#source"><TLCOrganization eId="source" href="http://www.legislation.gov.uk/id/publisher/KingsOrQueensPrinterOfActsOfParliament" showAs="Queen's Printer of Acts of Parliament"/><passiveRef href="http://www.legislation.gov.uk/id/uksi/2000/2711" showAs="The Partnerships (Unrestricted Size) No. 15 Regulations 2000"/><TLCOrganization eId="ref-d4e128" href="/ontology/organization/uk.Department of Trade and Industry" showAs="Department of Trade and Industry"/><TLCRole eId="ref-d4e126" href="/ontology/role/uk.Parliamentary Under Secretary of State for Company Affairs," showAs="Parliamentary Under Secretary of State for Company Affairs,"/><TLCPerson eId="ref-d4e124" href="/ontology/persons/uk.PhillipOppenheim" showAs="Phillip Oppenheim"/><TLCConcept href="/uk/subject/partnership" showAs="PARTNERSHIP" eId="d4e70"/></references><notes source="#source"><note class="footnote" eId="f00001"><p><ref href="http://www.legislation.gov.uk/id/ukpga/1985/6">1985 c. 6</ref>; section 716(2)(d) was inserted by the Companies Act <ref href="http://www.legislation.gov.uk/id/ukpga/1989/40">1989 (c. 40)</ref>, section 145 and Schedule 19, paragraph 15(2); section 744 contains a definition of “prescribed” relevant to the exercise of the power conferred by section 716(2)(d).</p></note><note class="footnote" eId="f00002"><p><abbr class="Acronym" title="Statutory Instrument">S.I.</abbr><ref href="http://www.legislation.gov.uk/id/uksi/1970/835">1970/835</ref>.</p></note></notes><proprietary xmlns:ukl="http://www.legislation.gov.uk/namespaces/legislation" xmlns:ukm="http://www.legislation.gov.uk/namespaces/metadata" xmlns:dc="http://purl.org/dc/elements/1.1/" xmlns:dct="http://purl.org/dc/terms/" xmlns:atom="http://www.w3.org/2005/Atom" source="#source"><dc:identifier>http://www.legislation.gov.uk/uksi/1996/262/made</dc:identifier><dc:title>The Partnerships (Unrestricted Size) No. 11 Regulations 1996</dc:title><dc:subject>Local Government</dc:subject><dc:publisher>Queen's Printer of Acts of Parliament</dc:publisher><dc:modified>2011-07-04</dc:modified><dc:subject scheme="SIheading">PARTNERSHIP</dc:subject><dc:description>Section 716 of the Companies Act 1985 prohibits the formation of partnerships of more than 20 persons. These Regulations exempt from that prohibition partnerships formed for the purpose of carrying on practice as actuaries and consisting of persons at least three-quarters of whom are Fellows of the Institute of Actuaries or Fellows of the Faculty of Actuaries. They replace, and revoke, earlier Regulations (S.I. 1970/835) which provided for an exemption in relation to partnerships consisting of persons all of whom were Fellows of either the Institute of Actuaries or Faculty of Actuaries.</dc:description><atom:link rel="self" href="http://www.legislation.gov.uk/uksi/1996/262/made/data.xml" type="application/xml"/><atom:link rel="http://www.legislation.gov.uk/def/navigation/resources" href="http://www.legislation.gov.uk/uksi/1996/262/resources" title="More Resources"/><atom:link rel="http://www.legislation.gov.uk/def/navigation/act" href="http://www.legislation.gov.uk/uksi/1996/262/made" title="whole act"/><atom:link rel="http://www.legislation.gov.uk/def/navigation/introduction" href="http://www.legislation.gov.uk/uksi/1996/262/introduction/made" title="introduction"/><atom:link rel="http://www.legislation.gov.uk/def/navigation/signature" href="http://www.legislation.gov.uk/uksi/1996/262/signature/made" title="signature"/><atom:link rel="http://www.legislation.gov.uk/def/navigation/note" href="http://www.legislation.gov.uk/uksi/1996/262/note/made" title="note"/><atom:link rel="http://www.legislation.gov.uk/def/navigation/body" href="http://www.legislation.gov.uk/uksi/1996/262/body/made" title="body"/><atom:link rel="alternate" type="application/rdf+xml" href="http://www.legislation.gov.uk/uksi/1996/262/made/data.rdf" title="RDF/XML"/><atom:link rel="alternate" type="application/akn+xml" href="http://www.legislation.gov.uk/uksi/1996/262/made/data.akn" title="AKN"/><atom:link rel="alternate" type="application/xhtml+xml" href="http://www.legislation.gov.uk/uksi/1996/262/made/data.xht" title="HTML snippet"/><atom:link rel="alternate" type="application/pdf" href="http://www.legislation.gov.uk/uksi/1996/262/made/data.pdf" title="PDF"/><atom:link rel="alternate" type="application/akn+xhtml" href="http://www.legislation.gov.uk/uksi/1996/262/made/data.html" title="HTML5 snippet"/><atom:link rel="http://purl.org/dc/terms/tableOfContents" hreflang="en" href="http://www.legislation.gov.uk/uksi/1996/262/contents/made" title="Table of Contents"/><ukm:SecondaryMetadata><ukm:DocumentClassification><ukm:DocumentCategory Value="secondary"/><ukm:DocumentMainType Value="UnitedKingdomStatutoryInstrument"/><ukm:DocumentStatus Value="final"/><ukm:DocumentMinorType Value="regulation"/></ukm:DocumentClassification><ukm:Year Value="1996"/><ukm:Number Value="262"/><ukm:Made Date="1996-02-08"/><ukm:ComingIntoForce><ukm:DateTime Date="1996-03-15"/></ukm:ComingIntoForce><ukm:ISBN Value="0110540360"/><ukm:UnappliedEffects><ukm:UnappliedEffect EffectId="key-4f8a8f0b7ecaf51e4404fa8bdf5b11fd" AffectedURI="http://www.legislation.gov.uk/id/uksi/1996/262" AffectedClass="UnitedKingdomStatutoryInstrument" AffectingURI="http://www.legislation.gov.uk/id/uksi/2000/2711" AffectingClass="UnitedKingdomStatutoryInstrument" URI="http://www.legislation.gov.uk/id/effect/upload-9mivznu3--3533" Row="3538" Type="revoked" RequiresApplied="true" AffectedProvisions="Act" Comments="rev." AffectingYear="2000" AffectingNumber="2711" AffectingProvisions="reg 3" AffectedYear="1996" AffectedNumber="262" Created="2019-02-12T00:00:00Z" Modified="2019-02-12T00:00:00Z"><ukm:AffectedTitle>The Partnerships (Unrestricted Size) No. 11 Regulations 1996</ukm:AffectedTitle><ukm:AffectedProvisions>Act</ukm:AffectedProvisions><ukm:AffectingTitle>The Partnerships (Unrestricted Size) No. 15 Regulations 2000</ukm:AffectingTitle><ukm:AffectingProvisions><ukm:Section Ref="regulation-3" URI="http://www.legislation.gov.uk/id/uksi/2000/2711/regulation/3">reg 3</ukm:Section></ukm:AffectingProvisions><ukm:InForceDates><ukm:InForce Applied="false" Prospective="true" Qualification=""/></ukm:InForceDates><ukm:AffectedTitle>Partnership (Unrestricted Size) No.11 Regs</ukm:AffectedTitle></ukm:UnappliedEffect></ukm:UnappliedEffects></ukm:SecondaryMetadata><ukm:Statistics><ukm:TotalParagraphs Value="3"/><ukm:BodyParagraphs Value="3"/><ukm:ScheduleParagraphs Value="0"/><ukm:AttachmentParagraphs Value="0"/><ukm:TotalImages Value="0"/></ukm:Statistics></proprietary></meta><preface><p class="number"><docNumber>1996 No. 262</docNumber></p><block name="subject"><concept class="title" refersTo="#d4e70">PARTNERSHIP</concept></block><p class="title"><shortTitle>The Partnerships (Unrestricted Size) <abbr title="Number" xml:lang="">No.</abbr> 11 Regulations 1996</shortTitle></p><p class="MadeDate"><span>Made</span><docDate date="1996-02-08">8th February 1996</docDate></p><p class="ComingIntoForce"><span>Coming into force</span><docDate date="1996-03-15">15th March 1996</docDate></p></preface><preamble><formula name="EnactingText"><p>The Secretary of State, in exercise of the power conferred on him by sections 716(2)(d) and 744 of the Companies Act 1985<noteRef href="#f00001" class="footnote" marker="1"/>, hereby makes the following Regulations:</p></formula></preamble><body><hcontainer name="regulation" eId="regulation-1"><num>1</num><content><p>These Regulations may be cited as the Partnerships (Unrestricted Size) <abbr title="Number" xml:lang="">No.</abbr> 11 Regulations 1996 and shall come into force on 15th March 1996.</p></content></hcontainer><hcontainer name="regulation" eId="regulation-2"><num>2</num><content><p>Section 716(1) of the Companies Act 1985 does not prohibit the formation for the purpose of carrying on practice as actuaries of a partnership consisting of persons not less than three-quarters of the total number of whom are either Fellows of the Institute of Actuaries or Fellows of the Faculty of Actuaries.</p></content></hcontainer><hcontainer name="regulation" eId="regulation-3"><num>3</num><content><p>The Partnerships (Unrestricted Size) <abbr title="Number" xml:lang="">No.</abbr> 2 Regulations 1970<noteRef href="#f00002" class="footnote" marker="2"/> are hereby revoked.</p></content></hcontainer><hcontainer name="signatures"><content><block name="signature"><signature><person refersTo="#ref-d4e124">Phillip Oppenheim</person><role refersTo="#ref-d4e126">Parliamentary Under Secretary of State for Company Affairs,</role><organization refersTo="#ref-d4e128">Department of Trade and Industry</organization><date date="1996-02-08">8th February 1996</date></signature></block></content></hcontainer></body><conclusions><blockContainer class="ExplanatoryNotes"><intro><p>(This note is not part of the Regulations)</p></intro><p><authorialNote><p>Section 716 of the Companies Act 1985 prohibits the formation of partnerships of more than 20 persons. These Regulations exempt from that prohibition partnerships formed for the purpose of carrying on practice as actuaries and consisting of persons at least three-quarters of whom are Fellows of the Institute of Actuaries or Fellows of the Faculty of Actuaries. They replace, and revoke, earlier Regulations (<abbr class="Acronym" title="Statutory Instrument">S.I.</abbr><ref href="http://www.legislation.gov.uk/id/uksi/1970/835">1970/835</ref>) which provided for an exemption in relation to partnerships consisting of persons all of whom were Fellows of either the Institute of Actuaries or Faculty of Actuaries.</p></authorialNote></p></blockContainer></conclusions></act></akomaNtoso>