<akomaNtoso xmlns:xsi="http://www.w3.org/2001/XMLSchema-instance" xmlns="http://docs.oasis-open.org/legaldocml/ns/akn/3.0" xsi:schemaLocation="http://docs.oasis-open.org/legaldocml/ns/akn/3.0 http://docs.oasis-open.org/legaldocml/akn-core/v1.0/cos01/part2-specs/schemas/akomantoso30.xsd"><act name="UnitedKingdomStatutoryInstrument"><meta><identification source="#source"><FRBRWork><FRBRthis value="http://www.legislation.gov.uk/id/uksi/1996/73"/><FRBRuri value="http://www.legislation.gov.uk/id/uksi/1996/73"/><FRBRdate date="1996-01-12" name="made"/><FRBRauthor href="http://www.legislation.gov.uk/id/government/uk"/><FRBRcountry value="GB-UKM"/><FRBRsubtype value="scheme"/><FRBRnumber value="73"/><FRBRname value="S.I. 1996/73"/><FRBRprescriptive value="true"/></FRBRWork><FRBRExpression><FRBRthis value="http://www.legislation.gov.uk/uksi/1996/73/made"/><FRBRuri value="http://www.legislation.gov.uk/uksi/1996/73/made"/><FRBRdate date="1996-01-12" name="made"/><FRBRauthor href="#source"/><FRBRlanguage language="eng"/></FRBRExpression><FRBRManifestation><FRBRthis value="http://www.legislation.gov.uk/uksi/1996/73/made/data.akn"/><FRBRuri value="http://www.legislation.gov.uk/uksi/1996/73/made/data.akn"/><FRBRdate date="2021-07-26+01:00" name="transform"/><FRBRauthor href="http://www.legislation.gov.uk"/><FRBRformat value="application/akn+xml"/></FRBRManifestation></identification><classification source="#source"><keyword value="road building" showAs="Road building" dictionary="http://www.legislation.gov.uk"/><keyword value="highways, england and wales" showAs="HIGHWAYS, ENGLAND AND WALES" dictionary="http://www.legislation.gov.uk"/></classification><lifecycle source="#source"><eventRef date="1996-01-12" type="generation" eId="made-date" source="#source"/></lifecycle><references source="#source"><TLCOrganization eId="source" href="http://www.legislation.gov.uk/id/publisher/KingsOrQueensPrinterOfActsOfParliament" showAs="Queen's Printer of Acts of Parliament"/><TLCRole eId="ref-d4e97" href="/ontology/role/uk.Regional Director Government Office for the North East" showAs="Regional Director Government Office for the North East"/><TLCRole eId="ref-d4e176" href="/ontology/role/uk.Chairman of the Strategic Policy Committee" showAs="Chairman of the Strategic Policy Committee"/><TLCRole eId="ref-d4e182" href="/ontology/role/uk.Chief Legal Officer" showAs="Chief Legal Officer"/><TLCPerson eId="ref-d4e95" href="/ontology/persons/uk.PamelaDenham" showAs="Pamela Denham"/><TLCPerson eId="ref-d4e174" href="/ontology/persons/uk.JohnTrickett" showAs="John Trickett"/><TLCPerson eId="ref-d4e180" href="/ontology/persons/uk.PaulRogerson" showAs="Paul Rogerson"/><TLCConcept href="/uk/subject/highways-england-and-wales" showAs="HIGHWAYS, ENGLAND AND WALES" eId="d4e52"/></references><notes source="#source"><note class="footnote" eId="f00001"><p><ref href="http://www.legislation.gov.uk/id/ukpga/1980/66">1980 c. 66</ref>.</p></note><note class="footnote" eId="f00002"><p><abbr class="Acronym" title="Statutory Instrument">S.I.</abbr><ref href="http://www.legislation.gov.uk/id/uksi/1981/238">1981/238</ref>.</p></note></notes><proprietary xmlns:ukl="http://www.legislation.gov.uk/namespaces/legislation" xmlns:ukm="http://www.legislation.gov.uk/namespaces/metadata" xmlns:dc="http://purl.org/dc/elements/1.1/" xmlns:dct="http://purl.org/dc/terms/" xmlns:atom="http://www.w3.org/2005/Atom" source="#source"><dc:identifier>http://www.legislation.gov.uk/uksi/1996/73/made</dc:identifier><dc:title>The Leeds City Council (Hunslet Viaduct) Scheme 1992 Confirmation Instrument 1996</dc:title><dc:subject>Road building</dc:subject><dc:publisher>Queen's Printer of Acts of Parliament</dc:publisher><dc:modified>2011-07-04</dc:modified><dc:subject scheme="SIheading">HIGHWAYS, ENGLAND AND WALES</dc:subject><atom:link rel="self" href="http://www.legislation.gov.uk/uksi/1996/73/made/data.xml" type="application/xml"/><atom:link rel="http://www.legislation.gov.uk/def/navigation/resources" href="http://www.legislation.gov.uk/uksi/1996/73/resources" title="More Resources"/><atom:link rel="http://www.legislation.gov.uk/def/navigation/act" href="http://www.legislation.gov.uk/uksi/1996/73/made" title="whole act"/><atom:link rel="http://www.legislation.gov.uk/def/navigation/introduction" href="http://www.legislation.gov.uk/uksi/1996/73/introduction/made" title="introduction"/><atom:link rel="http://www.legislation.gov.uk/def/navigation/signature" href="http://www.legislation.gov.uk/uksi/1996/73/signature/made" title="signature"/><atom:link rel="http://www.legislation.gov.uk/def/navigation/body" href="http://www.legislation.gov.uk/uksi/1996/73/body/made" title="body"/><atom:link rel="http://www.legislation.gov.uk/def/navigation/schedules" href="http://www.legislation.gov.uk/uksi/1996/73/schedules/made" title="schedules"/><atom:link rel="alternate" type="application/rdf+xml" href="http://www.legislation.gov.uk/uksi/1996/73/made/data.rdf" title="RDF/XML"/><atom:link rel="alternate" type="application/akn+xml" href="http://www.legislation.gov.uk/uksi/1996/73/made/data.akn" title="AKN"/><atom:link rel="alternate" type="application/xhtml+xml" href="http://www.legislation.gov.uk/uksi/1996/73/made/data.xht" title="HTML snippet"/><atom:link rel="alternate" type="application/pdf" href="http://www.legislation.gov.uk/uksi/1996/73/made/data.pdf" title="PDF"/><atom:link rel="alternate" type="application/akn+xhtml" href="http://www.legislation.gov.uk/uksi/1996/73/made/data.html" title="HTML5 snippet"/><atom:link rel="http://purl.org/dc/terms/tableOfContents" hreflang="en" href="http://www.legislation.gov.uk/uksi/1996/73/contents/made" title="Table of Contents"/><ukm:SecondaryMetadata><ukm:DocumentClassification><ukm:DocumentCategory Value="secondary"/><ukm:DocumentMainType Value="UnitedKingdomStatutoryInstrument"/><ukm:DocumentStatus Value="final"/><ukm:DocumentMinorType Value="scheme"/></ukm:DocumentClassification><ukm:Year Value="1996"/><ukm:Number Value="73"/><ukm:DepartmentCode Value="DOT0940"/><ukm:Made Date="1996-01-12"/><ukm:ISBN Value="0110538978"/></ukm:SecondaryMetadata><ukm:Statistics><ukm:TotalParagraphs Value="12"/><ukm:BodyParagraphs Value="3"/><ukm:ScheduleParagraphs Value="9"/><ukm:AttachmentParagraphs Value="0"/><ukm:TotalImages Value="1"/></ukm:Statistics></proprietary></meta><preface><p class="number"><docNumber>1996 No. 73</docNumber></p><block name="subject"><concept class="title" refersTo="#d4e52">HIGHWAYS, ENGLAND AND WALES</concept></block><p class="title"><shortTitle>The Leeds City Council (Hunslet Viaduct) Scheme 1992 Confirmation Instrument 1996</shortTitle></p><p class="MadeDate"><span>Made</span><docDate date="1996-01-12">12th January 1996</docDate></p></preface><preamble><formula name="EnactingText"><p>The Secretary of State for Transport makes this Instrument in exercise of powers conferred by section 106(3) of the Highways Act 1980<noteRef href="#f00001" class="footnote" marker="1"/> and now vested in him<noteRef href="#f00002" class="footnote" marker="2"/> and of all other powers enabling him in that behalf:</p></formula></preamble><body><section eId="section-1"><num>1</num><content><p>This Instrument may be cited as “The Leeds City Council (Hunslett Viaduct) Scheme 1992 Confirmation Instrument 1996” and shall come into force on the date on which notice that it has been confirmed is first published in accordance with paragraph 1 of Schedule 2 to the Highways Act 1980.</p></content></section><section eId="section-2"><num>2</num><content><p>The Leeds City Council (Hunslet Viaduct) Scheme 1992 (“the Scheme”) is hereby confirmed with modifications.</p></content></section><section eId="section-3"><num>3</num><content><p>The Scheme as confirmed is set out in the Schedule hereto and copies of the Scheme with its accompanying plans as modified are deposited at the offices of the Department of Transport and at the offices of the Leeds City Council, Legal Services, Room 213, Civic Hall, Leeds LS1 1UR and at the offices of the City Engineer, Leeds City Council, 2nd Floor, Dudley House, 122 Albion Street, Leeds LS2 8JX.</p></content></section><hcontainer name="signatures"><content><p>Signed by authority of the Secretary of State for Transport</p><block name="signature"><signature><person refersTo="#ref-d4e95">Pamela Denham</person><role refersTo="#ref-d4e97">Regional Director Government Office for the North East</role><date date="1996-01-22">22nd January 1996</date></signature></block></content></hcontainer><hcontainer name="schedules" eId="d4e102"><hcontainer name="schedule" eId="schedule-1"><num>THE SCHEDULE TO THE SCHEME</num><heading>PLANS AND SPECIFICATIONS OF HUNSLET VIADUCT</heading><hcontainer name="wrapper" eId="d4e110"><content><p>The location and general design of the bridge are shown on the plan numbered SE/5/6/A490/7, marked “The Leeds City Council (Hunslet Viaduct) Scheme 1992” sealed with the Common Seal of the Council and deposited at the offices of the Leeds City Council, Chief Legal Officer, Room 213, Civic Hall, Leeds LS1 1UR, and of the Secretary of State for Transport, Government Office for the North East, Local Authority Orders, Wellbar House, Gallowgate, Newcastle upon Tyne, NE1 4TD.</p></content></hcontainer><paragraph eId="d4e113"><heading>Points of Commencement and Termination</heading><content><p>From a point on the northern bank of the River Aire, 69 metres south west of the junction of South Accommodation Road with Bridgewater Road and 18 metres south east (downstream) of the south west corner of the existing South Accommodation Road Bridge).</p></content></paragraph><paragraph eId="d4e119"><heading>Span</heading><content><p>A single span over the river varying between 42.1 metres upstream and 37.5 metres downstream.</p></content></paragraph><paragraph eId="d4e125"><heading>Headway</heading><content><p>A minimum headway of 5.400 metres above normal water level of 22.50 metres (AoD) Newlyn over the navigable waterway.</p></content></paragraph><paragraph eId="d4e131"><heading>Waterway</heading><content><p>The waterway is unaltered and is 33.8 metres upstream and 30.5 metres downstream.</p></content></paragraph><paragraph eId="d4e137"><heading>Dimensions</heading><content><p>The existing bridge of overall width 17.68 metres providing a carriageway 10.16 metres wide and footways of 2.54 metres at each side, is being replaced. Vehicular traffic and some pedestrians will be served by the new viaduct downstream of the existing bridge. The viaduct tapers at the river crossing and is skewed. Its width measured along the line of piers on the south bank is 44.2 metres; and along the north bank abutment, its width is 33.7 metres. It supports tow 7.30 metre carriageways, merging slip roads of a maximum width of 7.00 metres, a footway of 3.00 metres and reserves. (Pedestrians and cyclists will be able to use a second new bridge on the site of the existing one.)</p></content></paragraph></hcontainer><hcontainer name="schedule" eId="schedule-n2"><num>THE SCHEDULE</num><heading>THE LEEDS CITY COUNCIL (HUNSLETT VIADUCT) SCHEME 1992</heading><hcontainer name="wrapper" eId="d4e150"><content><p>THE LEEDS CITY COUNCIL (hereinafter referred to as “the Council”) make this Scheme in exercise of their powers under Section 106(3) of the Highways Act 1980 and of all other enabling powers:</p></content></hcontainer><paragraph eId="schedule-n2-paragraph-1"><num>1</num><content><p>The Council are authorised to construct over the navigable waters of the River Aire the bridge specified in the Schedule to this Scheme as part of the highway which they are proposing to construct between Bridgewater Road and Atkinson Street in the City of Leeds.</p></content></paragraph><paragraph eId="schedule-n2-paragraph-2"><num>2</num><content><p>This Scheme may be cited as “The Leeds City Council (Hunslet Viaduct) Scheme 1992”.</p><blockContainer class="figure"><p><img alt="Image_r00000" src="http://www.legislation.gov.uk/uksi/1996/73/images/uksi_19960073_en_001" width="1117" height="785"/></p></blockContainer></content></paragraph></hcontainer><wrapUp><blockContainer class="signatures"><p>THE COMMON SEAL of the LEEDS CITY COUNCIL was hereunto affixed this Twenty-sixth day of November 1992 in the presence of:</p><block name="signature"><signature><person refersTo="#ref-d4e174">John Trickett</person><role refersTo="#ref-d4e176">Chairman of the Strategic Policy Committee</role></signature></block><block name="signature"><signature><person refersTo="#ref-d4e180">Paul Rogerson</person><role refersTo="#ref-d4e182">Chief Legal Officer</role></signature></block></blockContainer></wrapUp></hcontainer></body></act></akomaNtoso>