<akomaNtoso xmlns:xsi="http://www.w3.org/2001/XMLSchema-instance" xmlns="http://docs.oasis-open.org/legaldocml/ns/akn/3.0" xsi:schemaLocation="http://docs.oasis-open.org/legaldocml/ns/akn/3.0 http://docs.oasis-open.org/legaldocml/akn-core/v1.0/cos01/part2-specs/schemas/akomantoso30.xsd"><act name="UnitedKingdomStatutoryInstrument"><meta><identification source="#source"><FRBRWork><FRBRthis value="http://www.legislation.gov.uk/id/uksi/1996/342"/><FRBRuri value="http://www.legislation.gov.uk/id/uksi/1996/342"/><FRBRdate date="1996-02-19" name="made"/><FRBRauthor href="http://www.legislation.gov.uk/id/government/uk"/><FRBRcountry value="GB-UKM"/><FRBRsubtype value="order"/><FRBRnumber value="342"/><FRBRname value="S.I. 1996/342"/><FRBRprescriptive value="true"/></FRBRWork><FRBRExpression><FRBRthis value="http://www.legislation.gov.uk/uksi/1996/342/made"/><FRBRuri value="http://www.legislation.gov.uk/uksi/1996/342/made"/><FRBRdate date="1996-02-19" name="made"/><FRBRauthor href="#source"/><FRBRlanguage language="eng"/></FRBRExpression><FRBRManifestation><FRBRthis value="http://www.legislation.gov.uk/uksi/1996/342/made/data.akn"/><FRBRuri value="http://www.legislation.gov.uk/uksi/1996/342/made/data.akn"/><FRBRdate date="2021-07-26+01:00" name="transform"/><FRBRauthor href="http://www.legislation.gov.uk"/><FRBRformat value="application/akn+xml"/></FRBRManifestation></identification><classification source="#source"><keyword value="roads and highways" showAs="Roads and highways" dictionary="http://www.legislation.gov.uk"/><keyword value="district councils" showAs="District councils" dictionary="http://www.legislation.gov.uk"/><keyword value="road and pathway maintenance" showAs="Road and pathway maintenance" dictionary="http://www.legislation.gov.uk"/><keyword value="borough councils" showAs="Borough councils" dictionary="http://www.legislation.gov.uk"/><keyword value="public bodies" showAs="Public bodies" dictionary="http://www.legislation.gov.uk"/><keyword value="local government, england and wales" showAs="LOCAL GOVERNMENT, ENGLAND AND WALES" dictionary="http://www.legislation.gov.uk"/></classification><lifecycle source="#source"><eventRef date="1996-02-19" type="generation" eId="made-date" source="#source"/><eventRef date="1996-02-22" eId="laid-date-1" source="#source"/><eventRef date="1996-03-14" eId="coming-into-force-date-1" source="#source"/></lifecycle><references source="#source"><TLCOrganization eId="source" href="http://www.legislation.gov.uk/id/publisher/KingsOrQueensPrinterOfActsOfParliament" showAs="Queen's Printer of Acts of Parliament"/><passiveRef href="http://www.legislation.gov.uk/id/uksi/1997/849" showAs="The Local Authorities (Goods and Services) (Public Bodies) (Trunk Roads) (Amendment) Order 1997"/><TLCLocation eId="departmentoftransport" href="/ontology/location/uk.DepartmentofTransport" showAs="Department of Transport"/><TLCLocation eId="welshoffice" href="/ontology/location/uk.WelshOffice" showAs="Welsh Office"/><TLCRole eId="ref-d4e459" href="/ontology/role/uk.Minister of State," showAs="Minister of State,"/><TLCRole eId="ref-d4e474" href="/ontology/role/uk.Parliamentary Under Secretary of State," showAs="Parliamentary Under Secretary of State,"/><TLCPerson eId="ref-d4e457" href="/ontology/persons/uk.JohnWatts" showAs="John Watts"/><TLCPerson eId="ref-d4e472" href="/ontology/persons/uk.GwilymJones" showAs="Gwilym Jones"/><TLCConcept href="/uk/subject/local-government-england-and-wales" showAs="LOCAL GOVERNMENT, ENGLAND AND WALES" eId="d4e121"/></references><notes source="#source"><note class="footnote" eId="f00001"><p><ref href="http://www.legislation.gov.uk/id/ukpga/1970/39">1970 c. 39</ref>. The power conferred on the Minister of Housing and Local Government is exercisable by the Secretary of State: paragraphs 2(1) and 5(2) of <abbr class="Acronym" title="Statutory Instrument">S.I.</abbr><ref href="http://www.legislation.gov.uk/id/uksi/1970/1681">1970/1681</ref>.</p></note><note class="footnote" eId="f00002"><p><ref href="http://www.legislation.gov.uk/id/ukpga/1980/66">1980 c. 66</ref>.</p></note></notes><proprietary xmlns:ukl="http://www.legislation.gov.uk/namespaces/legislation" xmlns:ukm="http://www.legislation.gov.uk/namespaces/metadata" xmlns:dc="http://purl.org/dc/elements/1.1/" xmlns:dct="http://purl.org/dc/terms/" xmlns:atom="http://www.w3.org/2005/Atom" source="#source"><dc:identifier>http://www.legislation.gov.uk/uksi/1996/342/made</dc:identifier><dc:title>The Local Authorities (Goods and Services) (Public Bodies) (Trunk Roads) Order 1996</dc:title><dc:subject>Roads and highways</dc:subject><dc:subject>District councils</dc:subject><dc:subject>Road and pathway maintenance</dc:subject><dc:subject>Borough councils</dc:subject><dc:subject>Public bodies</dc:subject><dc:publisher>Queen's Printer of Acts of Parliament</dc:publisher><dc:modified>2015-03-10</dc:modified><dc:subject scheme="SIheading">LOCAL GOVERNMENT, ENGLAND AND WALES</dc:subject><dc:description>Article 3 of this Order designates the Secretary of State for Transport, the Secretary of State for Wales and a DBFO contractor under the Local Authorities (Goods and Services) Act 1970.</dc:description><atom:link rel="self" href="http://www.legislation.gov.uk/uksi/1996/342/made/data.xml" type="application/xml"/><atom:link rel="http://www.legislation.gov.uk/def/navigation/resources" href="http://www.legislation.gov.uk/uksi/1996/342/resources" title="More Resources"/><atom:link rel="http://www.legislation.gov.uk/def/navigation/act" href="http://www.legislation.gov.uk/uksi/1996/342/made" title="whole act"/><atom:link rel="http://www.legislation.gov.uk/def/navigation/introduction" href="http://www.legislation.gov.uk/uksi/1996/342/introduction/made" title="introduction"/><atom:link rel="http://www.legislation.gov.uk/def/navigation/signature" href="http://www.legislation.gov.uk/uksi/1996/342/signature/made" title="signature"/><atom:link rel="http://www.legislation.gov.uk/def/navigation/note" href="http://www.legislation.gov.uk/uksi/1996/342/note/made" title="note"/><atom:link rel="http://www.legislation.gov.uk/def/navigation/body" href="http://www.legislation.gov.uk/uksi/1996/342/body/made" title="body"/><atom:link rel="alternate" type="application/rdf+xml" href="http://www.legislation.gov.uk/uksi/1996/342/made/data.rdf" title="RDF/XML"/><atom:link rel="alternate" type="application/akn+xml" href="http://www.legislation.gov.uk/uksi/1996/342/made/data.akn" title="AKN"/><atom:link rel="alternate" type="application/xhtml+xml" href="http://www.legislation.gov.uk/uksi/1996/342/made/data.xht" title="HTML snippet"/><atom:link rel="alternate" type="application/pdf" href="http://www.legislation.gov.uk/uksi/1996/342/made/data.pdf" title="PDF"/><atom:link rel="alternate" type="application/akn+xhtml" href="http://www.legislation.gov.uk/uksi/1996/342/made/data.html" title="HTML5 snippet"/><atom:link rel="http://purl.org/dc/terms/tableOfContents" hreflang="en" href="http://www.legislation.gov.uk/uksi/1996/342/contents/made" title="Table of Contents"/><ukm:SecondaryMetadata><ukm:DocumentClassification><ukm:DocumentCategory Value="secondary"/><ukm:DocumentMainType Value="UnitedKingdomStatutoryInstrument"/><ukm:DocumentStatus Value="final"/><ukm:DocumentMinorType Value="order"/></ukm:DocumentClassification><ukm:Year Value="1996"/><ukm:Number Value="342"/><ukm:DepartmentCode Value="DOT 10356"/><ukm:Made Date="1996-02-19"/><ukm:Laid Date="1996-02-22" Class="UnitedKingdomParliament"/><ukm:ComingIntoForce><ukm:DateTime Date="1996-03-14"/></ukm:ComingIntoForce><ukm:ISBN Value="0110541057"/><ukm:UnappliedEffects><ukm:UnappliedEffect EffectId="key-7ec3cbf5b122752b8f9e8853cfa5eee1" AffectedURI="http://www.legislation.gov.uk/id/uksi/1996/342" AffectedClass="UnitedKingdomStatutoryInstrument" AffectingURI="http://www.legislation.gov.uk/id/uksi/1997/849" AffectingClass="UnitedKingdomStatutoryInstrument" URI="http://www.legislation.gov.uk/id/effect/upload-b4yrers3--4012" Row="4017" Type="amended" RequiresApplied="true" AffectedProvisions="art.2 (defn. of DBFO contrInstrumentor)" Comments="art.2 (defn. of DBFO contractor) am." AffectingYear="1997" AffectingNumber="849" AffectingProvisions="art.2(2)" AffectedYear="1996" AffectedNumber="342" Created="2019-07-11T00:00:00" Modified="2019-07-11T00:00:00"><ukm:AffectedTitle>The Local Authorities (Goods and Services) (Public Bodies) (Trunk Roads) Order 1996</ukm:AffectedTitle><ukm:AffectedProvisions><ukm:Section Ref="article-2" URI="http://www.legislation.gov.uk/id/uksi/1996/342/article/2">art.2</ukm:Section> (defn. of DBFO contrInstrumentor)</ukm:AffectedProvisions><ukm:AffectingTitle>The Local Authorities (Goods and Services) (Public Bodies) (Trunk Roads) (Amendment) Order 1997</ukm:AffectingTitle><ukm:AffectingProvisions><ukm:Section Ref="article-2-2" URI="http://www.legislation.gov.uk/id/uksi/1997/849/article/2/2">art.2(2)</ukm:Section></ukm:AffectingProvisions><ukm:InForceDates><ukm:InForce Applied="false" Prospective="true" Qualification=""/></ukm:InForceDates></ukm:UnappliedEffect><ukm:UnappliedEffect EffectId="key-f7fc1812101c6f3b7867b093f41175b7" AffectedURI="http://www.legislation.gov.uk/id/uksi/1996/342" AffectedClass="UnitedKingdomStatutoryInstrument" AffectingURI="http://www.legislation.gov.uk/id/uksi/1997/849" AffectingClass="UnitedKingdomStatutoryInstrument" URI="http://www.legislation.gov.uk/id/effect/upload-b4yrers3--4013" Row="4018" Type="amended" RequiresApplied="true" AffectedProvisions="art.5(c)" Comments="art.5(c) am." AffectingYear="1997" AffectingNumber="849" AffectingProvisions="art.2(3)" AffectedYear="1996" AffectedNumber="342" Created="2019-07-11T00:00:00" Modified="2019-07-11T00:00:00"><ukm:AffectedTitle>The Local Authorities (Goods and Services) (Public Bodies) (Trunk Roads) Order 1996</ukm:AffectedTitle><ukm:AffectedProvisions><ukm:Section Ref="article-5-c" URI="http://www.legislation.gov.uk/id/uksi/1996/342/article/5/c">art.5(c)</ukm:Section></ukm:AffectedProvisions><ukm:AffectingTitle>The Local Authorities (Goods and Services) (Public Bodies) (Trunk Roads) (Amendment) Order 1997</ukm:AffectingTitle><ukm:AffectingProvisions><ukm:Section Ref="article-2-3" URI="http://www.legislation.gov.uk/id/uksi/1997/849/article/2/3">art.2(3)</ukm:Section></ukm:AffectingProvisions><ukm:InForceDates><ukm:InForce Applied="false" Prospective="true" Qualification=""/></ukm:InForceDates></ukm:UnappliedEffect><ukm:UnappliedEffect EffectId="key-0573eb4b704269354f35f0ec0fe91ef6" AffectedURI="http://www.legislation.gov.uk/id/uksi/1996/342" AffectedClass="UnitedKingdomStatutoryInstrument" AffectingURI="http://www.legislation.gov.uk/id/uksi/1997/849" AffectingClass="UnitedKingdomStatutoryInstrument" URI="http://www.legislation.gov.uk/id/effect/key-0573eb4b704269354f35f0ec0fe91ef6" Row="3763" Type="amended" RequiresApplied="true" AffectedProvisions="art.2 (defn. of DBFO contractor)" Comments="art.2 (defn. of DBFO contractor) am." AffectingYear="1997" AffectingNumber="849" AffectingProvisions="art.2(2)" AffectedYear="1996" AffectedNumber="342" Created="2019-05-02T00:00:00" Modified="2019-05-02T00:00:00"><ukm:AffectedTitle>The Local Authorities (Goods and Services) (Public Bodies) (Trunk Roads) Order 1996</ukm:AffectedTitle><ukm:AffectedProvisions><ukm:Section Ref="article-2" URI="http://www.legislation.gov.uk/id/uksi/1996/342/article/2">art.2</ukm:Section> (defn. of DBFO contractor)</ukm:AffectedProvisions><ukm:AffectingTitle>The Local Authorities (Goods and Services) (Public Bodies) (Trunk Roads) (Amendment) Order 1997</ukm:AffectingTitle><ukm:AffectingProvisions><ukm:Section Ref="article-2-2" URI="http://www.legislation.gov.uk/id/uksi/1997/849/article/2/2">art.2(2)</ukm:Section></ukm:AffectingProvisions><ukm:InForceDates><ukm:InForce Applied="false" Prospective="true" Qualification=""/></ukm:InForceDates></ukm:UnappliedEffect><ukm:UnappliedEffect EffectId="key-f7fc1812101c6f3b7867b093f41175b7" AffectedURI="http://www.legislation.gov.uk/id/uksi/1996/342" AffectedClass="UnitedKingdomStatutoryInstrument" AffectingURI="http://www.legislation.gov.uk/id/uksi/1997/849" AffectingClass="UnitedKingdomStatutoryInstrument" URI="http://www.legislation.gov.uk/id/effect/key-f7fc1812101c6f3b7867b093f41175b7" Row="3764" Type="amended" RequiresApplied="true" AffectedProvisions="art.5(c)" Comments="art.5(c) am." AffectingYear="1997" AffectingNumber="849" AffectingProvisions="art.2(3)" AffectedYear="1996" AffectedNumber="342" Created="2019-05-02T00:00:00" Modified="2019-05-02T00:00:00"><ukm:AffectedTitle>The Local Authorities (Goods and Services) (Public Bodies) (Trunk Roads) Order 1996</ukm:AffectedTitle><ukm:AffectedProvisions><ukm:Section Ref="article-5-c" URI="http://www.legislation.gov.uk/id/uksi/1996/342/article/5/c">art.5(c)</ukm:Section></ukm:AffectedProvisions><ukm:AffectingTitle>The Local Authorities (Goods and Services) (Public Bodies) (Trunk Roads) (Amendment) Order 1997</ukm:AffectingTitle><ukm:AffectingProvisions><ukm:Section Ref="article-2-3" URI="http://www.legislation.gov.uk/id/uksi/1997/849/article/2/3">art.2(3)</ukm:Section></ukm:AffectingProvisions><ukm:InForceDates><ukm:InForce Applied="false" Prospective="true" Qualification=""/></ukm:InForceDates></ukm:UnappliedEffect></ukm:UnappliedEffects></ukm:SecondaryMetadata><ukm:Statistics><ukm:TotalParagraphs Value="7"/><ukm:BodyParagraphs Value="7"/><ukm:ScheduleParagraphs Value="0"/><ukm:AttachmentParagraphs Value="0"/><ukm:TotalImages Value="0"/></ukm:Statistics></proprietary></meta><preface><p class="number"><docNumber>1996 No. 342</docNumber></p><block name="subject"><concept class="title" refersTo="#d4e121">LOCAL GOVERNMENT, ENGLAND AND WALES</concept></block><p class="title"><shortTitle>The Local Authorities (Goods and Services) (Public Bodies) (Trunk Roads) Order 1996</shortTitle></p><p class="MadeDate"><span>Made</span><docDate date="1996-02-19">19th February 1996</docDate></p><p class="LaidDate"><span>Laid before Parliament</span><docDate date="1996-02-22">22nd February 1996</docDate></p><p class="ComingIntoForce"><span>Coming into force</span><docDate date="1996-03-14">14th March 1996</docDate></p></preface><preamble><formula name="EnactingText"><p>The Secretary of State for Transport and the Secretary of State for Wales, acting jointly in relation to England and Wales, in exercise of the powers conferred by section 1(5) and (6) of the Local Authorities (Goods and Services) Act 1970<noteRef href="#f00001" class="footnote" marker="1"/>, hereby make the following Order:</p></formula></preamble><body><article eId="article-1"><num>1</num><heading>Citation and commencement</heading><content><p>This Order may be cited as the Local Authorities (Goods and Services) (Public Bodies) (Trunk Roads) Order 1996 and shall come into force on 14th March 1996.</p></content></article><article eId="article-2"><num>2</num><heading>Interpretation</heading><content><p>In this Order, unless the context otherwise requires:</p><blockList class="unordered"><item><p>“the <abbr title="Highways Act 1980 c. 66" xml:lang="">1980 Act</abbr>” means the Highways Act 1980<noteRef href="#f00002" class="footnote" marker="2"/>;</p></item><item><p>“<abbr title="local highway authority" xml:lang="">DBFO</abbr> contractor” means a person who has entered into a <abbr title="local highway authority" xml:lang="">DBFO</abbr> contract with the Secretary of State for Transport or with the Secretary of State for Wales;</p></item><item><p>“<abbr title="local highway authority" xml:lang="">DBFO</abbr> contract” means a contract between the Secretary of State for Transport or the Secretary of State for Wales and another person pursuant to which such other person undertakes responsibility for the design, building, financing and operation of a trunk road for an agreed period;</p></item><item><p>“trunk road” has the meaning given in section 329(1) of the <abbr title="Highways Act 1980 c. 66" xml:lang="">1980 Act</abbr>;</p></item><item><p>“trunk road connected land” means any land which does not form part of a trunk road but which has been acquired by the Secretary of State for Transport or the Secretary of State for Wales in connection with a trunk road under section 239(2) or (4) or section 246 of the <abbr title="Highways Act 1980 c. 66" xml:lang="">1980 Act</abbr>;</p></item><item><p>“unitary county council” means a county council which is the sole principal council for its local government area;</p></item><item><p>“unitary district” means a district (other than a metropolitan district) where the district council is the sole principal council for that local government area;</p></item><item><p>“unitary district council” means a district council (other than a metropolitan district council) which is the sole principal council for its local government area.</p></item></blockList></content></article><article eId="article-3"><num>3</num><heading>Designation of public bodies</heading><content><p>A person specified, or of a description specified, below, appearing to the Secretary of State for Transport and the Secretary of State for Wales to be exercising functions of a public nature, shall be a public body for the purposes of the Local Authorities (Good and Services) Act 1970 in its application to England and Wales—</p><blockList class="unordered"><item><p>the Secretary of State for Transport,</p></item><item><p>the Secretary of State for Wales,</p></item><item><p>a <abbr title="local highway authority" xml:lang="">DBFO</abbr> contractor.</p></item></blockList></content></article><article eId="article-4"><num>4</num><heading>Restrictions on agreements which may be entered into by a <abbr title="local highway authority" xml:lang="">DBFO</abbr> contractor</heading><content><p>A <abbr title="local highway authority" xml:lang="">DBFO</abbr> contractor may only enter into an agreement with a local authority by virtue of this Order if it is a local highway authority (<abbr title="local highway authority" xml:lang="">DBFO</abbr>) agreement within the meaning of article 5 below.</p></content></article><article eId="article-5"><num>5</num><heading>Local highway authority (<abbr title="local highway authority" xml:lang="">DBFO</abbr>) agreement</heading><intro><p>An agreement is a local highway authority (<abbr title="local highway authority" xml:lang="">DBFO</abbr>) agreement if it is an agreement to which each of the following subparagraphs of this article applies:</p></intro><subparagraph eId="article-5-a"><num>a</num><intro><p>it is an agreement between a <abbr title="local highway authority" xml:lang="">DBFO</abbr> contractor and a local authority, which is a county council, a county borough council, a unitary district council, a metropolitan district council, or a London borough council, with respect to a trunk road or trunk road connected land which is the subject of a <abbr title="local highway authority" xml:lang="">DBFO</abbr> contract, where:</p></intro><clause eId="article-5-a-i"><num>i</num><content><p>such road or land is inside the local authority’s area; or</p></content></clause><clause eId="article-5-a-ii"><num>ii</num><content><p>if such road or land is outside the local authority’s area but within a London borough, a unitary district or a non-metropolitan county in England, the council of that borough, district or county has consented to the agreement between the local authority and the <abbr title="local highway authority" xml:lang="">DBFO</abbr> contractor; or</p></content></clause><clause eId="article-5-a-iii"><num>iii</num><content><p>if such road or land is outside the local authority’s area, but within a metropolitan district, or, within a county or county borough in Wales, the authority has consulted the council of that district, county or county borough prior to entering into the agreement with the <abbr title="local highway authority" xml:lang="">DBFO</abbr> contractor;</p></content></clause></subparagraph><subparagraph eId="article-5-b"><num>b</num><intro><p>it is an agreement for:</p></intro><clause eId="article-5-b-i"><num>i</num><content><p>the provision by the local authority for the <abbr title="local highway authority" xml:lang="">DBFO</abbr> contractor of any administrative, professional or technical services;</p></content></clause><clause eId="article-5-b-ii"><num>ii</num><content><p>the use by the <abbr title="local highway authority" xml:lang="">DBFO</abbr> contractor of any vehicle, plant or apparatus belonging to the local authority and the placing at the disposal of that contractor of the services of any person employed in connection with the vehicle or other property in question; or</p></content></clause><clause eId="article-5-b-iii"><num>iii</num><content><p>the carrying out by the local authority of works of maintenance in connection with land or buildings for the maintenance of which the <abbr title="local highway authority" xml:lang="">DBFO</abbr> contractor is responsible;</p></content></clause></subparagraph><subparagraph eId="article-5-c"><num>c</num><intro><p>it is an agreement made by acceptance of the local authority’s offer to carry out the obligations under the agreement where:</p></intro><clause eId="article-5-c-i"><num>i</num><content><p>the local authority made the offer in response to an invitation by the <abbr title="local highway authority" xml:lang="">DBFO</abbr> contractor to submit offers; and</p></content></clause><clause eId="article-5-c-ii"><num>ii</num><content><p>the invitation was made to other persons who were willing to carry out work of the kind concerned, including at least one person who was not a local authority; and</p></content></clause></subparagraph><subparagraph eId="article-5-d"><num>d</num><content><p>it is an agreement which will determine no later than on a date which is five years after the date which it was entered into by the parties.</p></content></subparagraph></article><article eId="article-6"><num>6</num><heading>Restrictions on agreements which may be entered into by the Secretary of State for Transport and the Secretary of State for Wales</heading><content><p>The Secretary of State for Transport and the Secretary of State for Wales may only enter into an agreement with a local authority by virtue of this Order if it is a local highway authority (minister) agreement within the meaning of article 7 below.</p></content></article><article eId="article-7"><num>7</num><heading>Local highway authority (minister) agreement</heading><intro><p>An agreement is a local highway authority (minister) agreement if it is an agreement to which each of the following subparagraphs of this article applies:</p></intro><subparagraph eId="article-7-a"><num>a</num><intro><p>it is an agreement between the Secretary of State and a local authority, which is a county council, a county borough council, a unitary district council, a metropolitan district council or a London borough council, with respect to a trunk road or trunk road connected land which has been or is the subject of a <abbr title="local highway authority" xml:lang="">DBFO</abbr> contract, where:</p></intro><clause eId="article-7-a-i"><num>i</num><content><p>such road or land is inside the local authority’s area; or</p></content></clause><clause eId="article-7-a-ii"><num>ii</num><content><p>if such road or land is outside the local authority’s area but within a London borough, a unitary district or a non-metropolitan county in England, the council of that borough, district or county has consented to the agreement between the local authority and the Secretary of State; or</p></content></clause><clause eId="article-7-a-iii"><num>iii</num><content><p>if such road or land is outside the local authority’s area, but within a metropolitan district, or, within a county or county borough in Wales, the authority has consulted the council of that district, county or county borough prior to entering into the agreement with the Secretary of State;</p></content></clause></subparagraph><subparagraph eId="article-7-b"><num>b</num><intro><p>it is an agreement for:</p></intro><clause eId="article-7-b-i"><num>i</num><content><p>the provision by the local authority for the Secretary of State of any administrative, professional or technical services;</p></content></clause><clause eId="article-7-b-ii"><num>ii</num><content><p>the use by the Secretary of State of any vehicle, plant or apparatus belonging to the local authority and the placing at the disposal of the Secretary of State of the services of any person employed in connection with the vehicle or other property in question; or</p></content></clause><clause eId="article-7-b-iii"><num>iii</num><content><p>the carrying out by the local authority of works of maintenance in connection with land or buildings for the maintenance of which the Secretary of State is responsible; and</p></content></clause></subparagraph><subparagraph eId="article-7-c"><num>c</num><content><p>the agreement does not provide for the delegation of any of the Secretary of State’s functions referred to in section 6(1) of the <abbr title="Highways Act 1980 c. 66" xml:lang="">1980 Act</abbr>.</p></content></subparagraph></article><hcontainer name="signatures"><content><p>Signed by authority of the Secretary of State for Transport</p><block name="signature"><signature><person refersTo="#ref-d4e457">John Watts</person><role refersTo="#ref-d4e459">Minister of State,</role><location refersTo="#departmentoftransport">Department of Transport</location><date date="1996-02-15">15th February 1996</date></signature></block><p>Signed by authority of the Secretary of State for Wales</p><block name="signature"><signature><person refersTo="#ref-d4e472">Gwilym Jones</person><role refersTo="#ref-d4e474">Parliamentary Under Secretary of State,</role><location refersTo="#welshoffice">Welsh Office</location><date date="1996-02-19">19th February 1996</date></signature></block></content></hcontainer></body><conclusions><blockContainer class="ExplanatoryNotes"><intro><p>(This note is not part of the Order)</p></intro><p><authorialNote><p>Article 3 of this Order designates the Secretary of State for Transport, the Secretary of State for Wales and a <abbr title="local highway authority" xml:lang="">DBFO</abbr> contractor under the Local Authorities (Goods and Services) Act 1970.</p><p>The effect of the designation is to allow local highway authorities to provide certain services in connection with trunk roads and trunk road connected land to—</p><paragraph eId="d4e496"><num>a</num><content><p><abbr title="local highway authority" xml:lang="">DBFO</abbr> contractors (providing the conditions in articles 4 and 5 are fulfilled);</p></content></paragraph><paragraph eId="d4e504"><num>b</num><content><p>the Secretary of State for Transport (providing the conditions in articles 6 and 7 are fulfilled); and</p></content></paragraph><paragraph eId="d4e510"><num>c</num><content><p>the Secretary of State for Wales (providing the conditions in articles 6 and 7 are fulfilled).</p></content></paragraph></authorialNote></p></blockContainer></conclusions></act></akomaNtoso>