<akomaNtoso xmlns:xsi="http://www.w3.org/2001/XMLSchema-instance" xmlns="http://docs.oasis-open.org/legaldocml/ns/akn/3.0" xsi:schemaLocation="http://docs.oasis-open.org/legaldocml/ns/akn/3.0 http://docs.oasis-open.org/legaldocml/akn-core/v1.0/cos01/part2-specs/schemas/akomantoso30.xsd"><act name="UnitedKingdomStatutoryInstrument"><meta><identification source="#source"><FRBRWork><FRBRthis value="http://www.legislation.gov.uk/id/uksi/1996/282"/><FRBRuri value="http://www.legislation.gov.uk/id/uksi/1996/282"/><FRBRdate date="1996-02-14" name="made"/><FRBRauthor href="http://www.legislation.gov.uk/id/government/uk"/><FRBRcountry value="GB-UKM"/><FRBRsubtype value="order"/><FRBRnumber value="282"/><FRBRname value="S.I. 1996/282"/><FRBRprescriptive value="true"/></FRBRWork><FRBRExpression><FRBRthis value="http://www.legislation.gov.uk/uksi/1996/282/made"/><FRBRuri value="http://www.legislation.gov.uk/uksi/1996/282/made"/><FRBRdate date="1996-02-14" name="made"/><FRBRauthor href="#source"/><FRBRlanguage language="eng"/></FRBRExpression><FRBRManifestation><FRBRthis value="http://www.legislation.gov.uk/uksi/1996/282/made/data.akn"/><FRBRuri value="http://www.legislation.gov.uk/uksi/1996/282/made/data.akn"/><FRBRdate date="2021-07-26+01:00" name="transform"/><FRBRauthor href="http://www.legislation.gov.uk"/><FRBRformat value="application/akn+xml"/></FRBRManifestation></identification><classification source="#source"><keyword value="legislation" showAs="Legislation" dictionary="http://www.legislation.gov.uk"/><keyword value="pollution" showAs="Pollution" dictionary="http://www.legislation.gov.uk"/><keyword value="marine pollution" showAs="MARINE POLLUTION" dictionary="http://www.legislation.gov.uk"/></classification><lifecycle source="#source"><eventRef date="1996-02-14" type="generation" eId="made-date" source="#source"/><eventRef date="1996-02-28" eId="coming-into-force-date-1" source="#source"/></lifecycle><references source="#source"><TLCOrganization eId="source" href="http://www.legislation.gov.uk/id/publisher/KingsOrQueensPrinterOfActsOfParliament" showAs="Queen's Printer of Acts of Parliament"/><passiveRef href="http://www.legislation.gov.uk/id/ukpga/2009/23" showAs="Marine and Coastal Access Act 2009"/><passiveRef href="http://www.legislation.gov.uk/id/uksi/2015/664" showAs="The Legal Aid, Sentencing and Punishment of Offenders Act 2012 (Fines on Summary Conviction) Regulations 2015"/><TLCRole eId="ref-d4e306" href="/ontology/role/uk.Clerk of the Privy Council" showAs="Clerk of the Privy Council"/><TLCPerson eId="ref-d4e304" href="/ontology/persons/uk.N.H.Nicholls" showAs="N. H. Nicholls"/><TLCConcept href="/uk/subject/marine-pollution" showAs="MARINE POLLUTION" eId="d4e135"/></references><notes source="#source"><note class="footnote" eId="f00001"><p><ref href="http://www.legislation.gov.uk/id/ukpga/1995/21">1995 c. 21</ref>.</p></note><note class="footnote" eId="f00002"><p><abbr title="Command Paper" xml:lang="">Cmnd.</abbr> 8941.</p></note><note class="footnote" eId="f00003"><p><ref href="http://www.legislation.gov.uk/id/ukpga/1964/29">1964 c. 29</ref>.</p></note><note class="footnote" eId="f00004"><p><ref href="http://www.legislation.gov.uk/id/ukpga/1946/36">1946 c. 36</ref>.</p></note></notes><proprietary xmlns:ukl="http://www.legislation.gov.uk/namespaces/legislation" xmlns:ukm="http://www.legislation.gov.uk/namespaces/metadata" xmlns:dc="http://purl.org/dc/elements/1.1/" xmlns:dct="http://purl.org/dc/terms/" xmlns:atom="http://www.w3.org/2005/Atom" source="#source"><dc:identifier>http://www.legislation.gov.uk/uksi/1996/282/made</dc:identifier><dc:title>The Merchant Shipping (Prevention of Pollution) (Law of the Sea Convention) Order 1996</dc:title><dc:subject>Legislation</dc:subject><dc:subject>Pollution</dc:subject><dc:publisher>Queen's Printer of Acts of Parliament</dc:publisher><dc:modified>2011-07-04</dc:modified><dc:subject scheme="SIheading">MARINE POLLUTION</dc:subject><dc:description>This Order enables regulations to be made implementing provisions in the United Nations Convention on the Law of the Sea 1982 (Cmnd. 8941) relating to pollution of the sea by ships. It enables regulations to be made relating to the protection and preservation of the marine environment from pollution from ships caused beyond the territorial sea of the United Kingdom. Such regulations could, for example, extend the effect of regulations which apply to ships in the territorial sea of the United Kingdom to ships in other waters within which the United Kingdom may exercise jurisdiction over pollution from ships. Regulations may also be made to specify the extent of the United Kingdom’s jurisdiction in this regard.</dc:description><atom:link rel="self" href="http://www.legislation.gov.uk/uksi/1996/282/made/data.xml" type="application/xml"/><atom:link rel="http://www.legislation.gov.uk/def/navigation/resources" href="http://www.legislation.gov.uk/uksi/1996/282/resources" title="More Resources"/><atom:link rel="http://www.legislation.gov.uk/def/navigation/act" href="http://www.legislation.gov.uk/uksi/1996/282/made" title="whole act"/><atom:link rel="http://www.legislation.gov.uk/def/navigation/introduction" href="http://www.legislation.gov.uk/uksi/1996/282/introduction/made" title="introduction"/><atom:link rel="http://www.legislation.gov.uk/def/navigation/signature" href="http://www.legislation.gov.uk/uksi/1996/282/signature/made" title="signature"/><atom:link rel="http://www.legislation.gov.uk/def/navigation/note" href="http://www.legislation.gov.uk/uksi/1996/282/note/made" title="note"/><atom:link rel="http://www.legislation.gov.uk/def/navigation/body" href="http://www.legislation.gov.uk/uksi/1996/282/body/made" title="body"/><atom:link rel="alternate" type="application/rdf+xml" href="http://www.legislation.gov.uk/uksi/1996/282/made/data.rdf" title="RDF/XML"/><atom:link rel="alternate" type="application/akn+xml" href="http://www.legislation.gov.uk/uksi/1996/282/made/data.akn" title="AKN"/><atom:link rel="alternate" type="application/xhtml+xml" href="http://www.legislation.gov.uk/uksi/1996/282/made/data.xht" title="HTML snippet"/><atom:link rel="alternate" type="application/pdf" href="http://www.legislation.gov.uk/uksi/1996/282/made/data.pdf" title="PDF"/><atom:link rel="alternate" type="application/akn+xhtml" href="http://www.legislation.gov.uk/uksi/1996/282/made/data.html" title="HTML5 snippet"/><atom:link rel="http://purl.org/dc/terms/tableOfContents" hreflang="en" href="http://www.legislation.gov.uk/uksi/1996/282/contents/made" title="Table of Contents"/><ukm:SecondaryMetadata><ukm:DocumentClassification><ukm:DocumentCategory Value="secondary"/><ukm:DocumentMainType Value="UnitedKingdomStatutoryInstrument"/><ukm:DocumentStatus Value="final"/><ukm:DocumentMinorType Value="order"/></ukm:DocumentClassification><ukm:Year Value="1996"/><ukm:Number Value="282"/><ukm:Made Date="1996-02-14"/><ukm:ComingIntoForce><ukm:DateTime Date="1996-02-28"/></ukm:ComingIntoForce><ukm:RoyalPresence Date="1996-02-14"/><ukm:ISBN Value="0110540816"/><ukm:UnappliedEffects><ukm:UnappliedEffect EffectId="key-8c41d2d558607b8887e4ef027fa09189" Modified="2015-03-13T12:16:09Z" AffectedClass="UnitedKingdomStatutoryInstrument" AffectingClass="UnitedKingdomPublicGeneralAct" AffectedURI="http://www.legislation.gov.uk/id/uksi/1996/282" AffectingURI="http://www.legislation.gov.uk/id/ukpga/2009/23" URI="http://www.legislation.gov.uk/id/effect/key-8c41d2d558607b8887e4ef027fa09189" Row="310" Type="words substituted" RequiresApplied="true" AffectedProvisions="art. 2(2)(g)" AffectingEffectsExtent="Same as affected" AffectingYear="2009" AffectingNumber="23" AffectingProvisions="Sch. 4 para. 3(2)" AffectedYear="1996" AffectedNumber="282"><ukm:AffectedTitle>The Merchant Shipping (Prevention of Pollution) (Law of the Sea Convention) Order 1996</ukm:AffectedTitle><ukm:AffectedProvisions><ukm:Section Ref="article-2-2-g" URI="http://www.legislation.gov.uk/id/uksi/1996/282/article/2/2/g">art. 2(2)(g)</ukm:Section></ukm:AffectedProvisions><ukm:AffectingTitle>Marine and Coastal Access Act 2009</ukm:AffectingTitle><ukm:AffectingProvisions><ukm:Section Ref="schedule-4" URI="http://www.legislation.gov.uk/id/ukpga/2009/23/schedule/4">Sch. 4 </ukm:Section><ukm:Section Ref="schedule-4-paragraph-3-2" URI="http://www.legislation.gov.uk/id/ukpga/2009/23/schedule/4/paragraph/3/2">para. 3(2)</ukm:Section></ukm:AffectingProvisions><ukm:Savings><ukm:Section Ref="schedule-4" URI="http://www.legislation.gov.uk/id/ukpga/2009/23/schedule/4">Sch. 4 </ukm:Section><ukm:Section Ref="schedule-4-paragraph-3-4" URI="http://www.legislation.gov.uk/id/ukpga/2009/23/schedule/4/paragraph/3/4">para. 3(4)</ukm:Section></ukm:Savings><ukm:CommencementAuthority><ukm:Section Ref="section-324-3" URI="http://www.legislation.gov.uk/id/ukpga/2009/23/section/324/3">s. 324(3)</ukm:Section></ukm:CommencementAuthority><ukm:InForceDates><ukm:InForce Applied="false" Prospective="true" Qualification=""/><ukm:InForce CommencingURI="http://www.legislation.gov.uk/id/uksi/2013/3055" CommencingClass="UnitedKingdomStatutoryInstrument" Date="2014-03-31" Qualification="wholly in force" CommencingYear="2013" CommencingNumber="3055"><ukm:CommencingProvisions><ukm:Section Ref="article-2" URI="http://www.legislation.gov.uk/id/uksi/2013/3055/article/2">art. 2</ukm:Section></ukm:CommencingProvisions></ukm:InForce></ukm:InForceDates></ukm:UnappliedEffect><ukm:UnappliedEffect EffectId="key-31a24c922882f912a98d98b6304c72c3" AffectingClass="UnitedKingdomPublicGeneralAct" AffectedClass="UnitedKingdomStatutoryInstrument" AffectedURI="http://www.legislation.gov.uk/id/uksi/1996/282" AffectingURI="http://www.legislation.gov.uk/id/ukpga/2009/23" Modified="2015-03-13T12:16:09Z" URI="http://www.legislation.gov.uk/id/effect/key-31a24c922882f912a98d98b6304c72c3" Row="311" Type="inserted" RequiresApplied="true" AffectedProvisions="art. 2(2)(h)" AffectingEffectsExtent="Same as affected" AffectingYear="2009" AffectingNumber="23" AffectingProvisions="Sch. 4 para. 3(3)" AffectedYear="1996" AffectedNumber="282"><ukm:AffectedTitle>The Merchant Shipping (Prevention of Pollution) (Law of the Sea Convention) Order 1996</ukm:AffectedTitle><ukm:AffectedProvisions><ukm:Section Ref="article-2-2-h" URI="http://www.legislation.gov.uk/id/uksi/1996/282/article/2/2/h" FoundRef="article-2">art. 2(2)(h)</ukm:Section></ukm:AffectedProvisions><ukm:AffectingTitle>Marine and Coastal Access Act 2009</ukm:AffectingTitle><ukm:AffectingProvisions><ukm:Section Ref="schedule-4" URI="http://www.legislation.gov.uk/id/ukpga/2009/23/schedule/4">Sch. 4 </ukm:Section><ukm:Section Ref="schedule-4-paragraph-3-3" URI="http://www.legislation.gov.uk/id/ukpga/2009/23/schedule/4/paragraph/3/3">para. 3(3)</ukm:Section></ukm:AffectingProvisions><ukm:Savings><ukm:Section Ref="schedule-4" URI="http://www.legislation.gov.uk/id/ukpga/2009/23/schedule/4">Sch. 4 </ukm:Section><ukm:Section Ref="schedule-4-paragraph-3-4" URI="http://www.legislation.gov.uk/id/ukpga/2009/23/schedule/4/paragraph/3/4">para. 3(4)</ukm:Section></ukm:Savings><ukm:CommencementAuthority><ukm:Section Ref="section-324-3" URI="http://www.legislation.gov.uk/id/ukpga/2009/23/section/324/3">s. 324(3)</ukm:Section></ukm:CommencementAuthority><ukm:InForceDates><ukm:InForce Applied="false" Prospective="true" Qualification=""/><ukm:InForce CommencingURI="http://www.legislation.gov.uk/id/uksi/2013/3055" CommencingClass="UnitedKingdomStatutoryInstrument" Date="2014-03-31" Qualification="wholly in force" CommencingYear="2013" CommencingNumber="3055"><ukm:CommencingProvisions><ukm:Section Ref="article-2" URI="http://www.legislation.gov.uk/id/uksi/2013/3055/article/2">art. 2</ukm:Section></ukm:CommencingProvisions></ukm:InForce></ukm:InForceDates></ukm:UnappliedEffect><ukm:UnappliedEffect EffectId="key-92be652fef541a5a6f89cc8917fe8e92" Created="2015-07-07T15:41:44Z" URI="http://www.legislation.gov.uk/id/effect/uksi-2015-664-us7xg171-317" Row="317" Type="words substituted" RequiresApplied="true" AffectedProvisions="art. 3" AffectingEffectsExtent="E+W" AffectingYear="2015" AffectingNumber="664" AffectingProvisions="Sch. 4 para. 54" AffectedURI="http://www.legislation.gov.uk/id/uksi/1996/282" AffectedYear="1996" AffectedNumber="282" AffectingURI="http://www.legislation.gov.uk/id/uksi/2015/664" AffectedClass="UnitedKingdomStatutoryInstrument" AffectingClass="UnitedKingdomStatutoryInstrument" Modified="2015-07-07T15:41:44Z"><ukm:AffectedTitle>The Merchant Shipping (Prevention of Pollution) (Law of the Sea Convention) Order 1996</ukm:AffectedTitle><ukm:AffectedProvisions><ukm:Section Ref="article-3" URI="http://www.legislation.gov.uk/id/uksi/1996/282/article/3">art. 3</ukm:Section></ukm:AffectedProvisions><ukm:AffectingTitle>The Legal Aid, Sentencing and Punishment of Offenders Act 2012 (Fines on Summary Conviction) Regulations 2015</ukm:AffectingTitle><ukm:AffectingProvisions><ukm:Section Ref="schedule-4" URI="http://www.legislation.gov.uk/id/uksi/2015/664/schedule/4">Sch. 4 </ukm:Section><ukm:Section Ref="schedule-4-paragraph-54" URI="http://www.legislation.gov.uk/id/uksi/2015/664/schedule/4/paragraph/54">para. 54</ukm:Section></ukm:AffectingProvisions><ukm:Savings><ukm:Section Ref="regulation-5-1" URI="http://www.legislation.gov.uk/id/uksi/2015/664/regulation/5/1">reg. 5(1)</ukm:Section></ukm:Savings><ukm:CommencementAuthority><ukm:Section Ref="regulation-1-1" URI="http://www.legislation.gov.uk/id/uksi/2015/664/regulation/1/1">reg. 1(1)</ukm:Section></ukm:CommencementAuthority><ukm:InForceDates><ukm:InForce Applied="false" Date="2015-03-12" Qualification="wholly in force"/></ukm:InForceDates></ukm:UnappliedEffect></ukm:UnappliedEffects></ukm:SecondaryMetadata><ukm:Statistics><ukm:TotalParagraphs Value="3"/><ukm:BodyParagraphs Value="3"/><ukm:ScheduleParagraphs Value="0"/><ukm:AttachmentParagraphs Value="0"/><ukm:TotalImages Value="0"/></ukm:Statistics></proprietary></meta><preface><p class="number"><docNumber>1996 No. 282</docNumber></p><block name="subject"><concept class="title" refersTo="#d4e135">MARINE POLLUTION</concept></block><p class="title"><shortTitle>The Merchant Shipping (Prevention of Pollution) (Law of the Sea Convention) Order 1996</shortTitle></p><p class="MadeDate"><span>Made</span><docDate date="1996-02-14">14th February 1996</docDate></p><p class="ComingIntoForce"><span>Coming into force</span><docDate date="1996-02-28">28th February 1996</docDate></p></preface><preamble><container name="RoyalPresence"><p>At the Court at Buckingham Palace, the 14th day of February 1996</p><p>Present,</p><p>The Queen’s Most Excellent Majesty in Council</p></container><p>Whereas a draft of this Order has been laid before Parliament and has been approved by a resolution of each House of Parliament in accordance with section 129(3) of the Merchant Shipping Act 1995<noteRef href="#f00001" class="footnote" marker="1"/> :</p><formula name="EnactingText"><p>Now, therefore, Her Majesty, in exercise of the powers conferred upon Her by section 129(1) and (2) of the said Act and of all other powers enabling Her in that behalf, is pleased, by and with the advice of Her Privy Council, to order, and it is hereby ordered, as follows:–</p></formula></preamble><body><article eId="article-1"><num>1</num><content><p>This Order may be cited as the Merchant Shipping (Prevention of Pollution) (Law of the Sea Convention) Order 1996 and shall come into force on the fourteenth day after the day on which it is made.</p></content></article><article eId="article-2"><num>2</num><paragraph eId="article-2-1"><num>1</num><content><p>The Secretary of State may make regulations for the purpose of giving effect to the United Nations Convention on the Law of the Sea 1982 (“the Convention”)<noteRef href="#f00002" class="footnote" marker="2"/>, so far as it relates to the protection and preservation of the marine environment from pollution by matter from ships, and in particular to the following articles in Part XII of the Convention, namely articles 211, 218, 220 and 223 to 233.</p></content></paragraph><paragraph eId="article-2-2"><num>2</num><intro><p>Such regulations may in particular include provision–</p></intro><subparagraph eId="article-2-2-a"><num>a</num><content><p>with respect to the approval of documents and the carrying out of surveys and inspections, and for the issue, duration and recognition of certificates;</p></content></subparagraph><subparagraph eId="article-2-2-b"><num>b</num><content><p>with respect to the application of the regulations to the Crown and the extra-territorial operation of the regulations;</p></content></subparagraph><subparagraph eId="article-2-2-c"><num>c</num><content><p>that specified contraventions of the regulations shall be offences punishable on summary conviction by a fine not exceeding the statutory maximum and on conviction on indictment by a fine;</p></content></subparagraph><subparagraph eId="article-2-2-d"><num>d</num><content><p>that specified contraventions of the regulations shall be offences punishable only on summary conviction by a maximum fine not exceeding level 5 on the standard scale or such less amount as is prescribed by the regulations;</p></content></subparagraph><subparagraph eId="article-2-2-e"><num>e</num><content><p>for detaining any ship in respect of which such a contravention is suspected to have occurred and, in relation to such a ship, for applying section 284 of the Merchant Shipping Act 1995 (which relates to the detention of a ship) with such modifications, if any, as are prescribed by the regulations;</p></content></subparagraph><subparagraph eId="article-2-2-f"><num>f</num><intro><p>in connection with offences created by the regulations, corresponding to any provision made in connection with offences under section 131 of the Merchant Shipping Act 1995 by–</p></intro><clause eId="article-2-2-f-i"><num>i</num><content><p>section 143 (6) of that Act, and</p></content></clause><clause eId="article-2-2-f-ii"><num>ii</num><content><p>sections 144 and 146 of that Act;</p></content></clause><wrapUp><p>and the regulations may do so whether by applying (or making provision for the application of) any of those provisions, subject to such modifications as may be specified, or otherwise;</p></wrapUp></subparagraph><subparagraph eId="article-2-2-g"><num>g</num><content><p>specifying areas of sea above any of the areas for the time being designated under section 1(7) of the Continental Shelf Act 1964<noteRef href="#f00003" class="footnote" marker="3"/> as waters within which the jurisdiction and rights of the United Kingdom are exercisable in accordance with Part XII of the Convention for the protection and preservation of the marine environment.</p></content></subparagraph></paragraph><paragraph eId="article-2-3"><num>3</num><intro><p>Such regulations may–</p></intro><subparagraph eId="article-2-3-a"><num>a</num><content><p>make different provision for different circumstances;</p></content></subparagraph><subparagraph eId="article-2-3-b"><num>b</num><content><p>make provision in terms of any document which the Secretary of State or any person considers relevant from time to time;</p></content></subparagraph><subparagraph eId="article-2-3-c"><num>c</num><content><p>provide for exemptions from any provisions of the regulations;</p></content></subparagraph><subparagraph eId="article-2-3-d"><num>d</num><content><p>provide for the delegation of functions exercisable by virtue of the regulations;</p></content></subparagraph><subparagraph eId="article-2-3-e"><num>e</num><content><p>include such incidental, supplemental and transitional provisions as appear to the Secretary of State to be expedient for the purposes of the regulations.</p></content></subparagraph></paragraph><paragraph eId="article-2-4"><num>4</num><content><p>The Statutory Instruments Act 1946<noteRef href="#f00004" class="footnote" marker="4"/> shall apply to regulations made under this Order, and shall so apply as if such regulations were a statutory instrument subject to annulment in pursuance of a resolution of either House of Parliament.</p></content></paragraph></article><article eId="article-3"><num>3</num><content><p>Subsection (3) of section 131 of the Merchant Shipping Act 1995 (which provides that a person guilty of an offence under that section shall be liable on summary conviction to a fine not exceeding £50,000 or on conviction on indictment to a fine) shall apply in respect of such contravention of the regulations made under this Order as may be specified in those regulations as it applies in respect of an offence under the said section 131.</p></content></article><hcontainer name="signatures"><content><block name="signature"><signature><person refersTo="#ref-d4e304">N. H. Nicholls</person><role refersTo="#ref-d4e306">Clerk of the Privy Council</role></signature></block></content></hcontainer></body><conclusions><blockContainer class="ExplanatoryNotes"><intro><p>(This note is not part of the Order)</p></intro><p><authorialNote><p>This Order enables regulations to be made implementing provisions in the United Nations Convention on the Law of the Sea 1982 (<abbr title="Command Paper" xml:lang="">Cmnd.</abbr> 8941) relating to pollution of the sea by ships. It enables regulations to be made relating to the protection and preservation of the marine environment from pollution from ships caused beyond the territorial sea of the United Kingdom. Such regulations could, for example, extend the effect of regulations which apply to ships in the territorial sea of the United Kingdom to ships in other waters within which the United Kingdom may exercise jurisdiction over pollution from ships. Regulations may also be made to specify the extent of the United Kingdom’s jurisdiction in this regard.</p></authorialNote></p></blockContainer></conclusions></act></akomaNtoso>