<akomaNtoso xmlns:xsi="http://www.w3.org/2001/XMLSchema-instance" xmlns="http://docs.oasis-open.org/legaldocml/ns/akn/3.0" xsi:schemaLocation="http://docs.oasis-open.org/legaldocml/ns/akn/3.0 http://docs.oasis-open.org/legaldocml/akn-core/v1.0/cos01/part2-specs/schemas/akomantoso30.xsd"><act name="UnitedKingdomStatutoryInstrument"><meta><identification source="#source"><FRBRWork><FRBRthis value="http://www.legislation.gov.uk/id/uksi/1996/258"/><FRBRuri value="http://www.legislation.gov.uk/id/uksi/1996/258"/><FRBRdate date="1996-01-29" name="made"/><FRBRauthor href="http://www.legislation.gov.uk/id/government/uk"/><FRBRcountry value="GB-UKM"/><FRBRsubtype value="order"/><FRBRnumber value="258"/><FRBRname value="S.I. 1996/258"/><FRBRprescriptive value="true"/></FRBRWork><FRBRExpression><FRBRthis value="http://www.legislation.gov.uk/uksi/1996/258/made"/><FRBRuri value="http://www.legislation.gov.uk/uksi/1996/258/made"/><FRBRdate date="1996-01-29" name="made"/><FRBRauthor href="#source"/><FRBRlanguage language="eng"/></FRBRExpression><FRBRManifestation><FRBRthis value="http://www.legislation.gov.uk/uksi/1996/258/made/data.akn"/><FRBRuri value="http://www.legislation.gov.uk/uksi/1996/258/made/data.akn"/><FRBRdate date="2021-07-26+01:00" name="transform"/><FRBRauthor href="http://www.legislation.gov.uk"/><FRBRformat value="application/akn+xml"/></FRBRManifestation></identification><classification source="#source"><keyword value="national health service (nhs)" showAs="National Health Service (NHS)" dictionary="http://www.legislation.gov.uk"/><keyword value="nhs management" showAs="NHS management" dictionary="http://www.legislation.gov.uk"/><keyword value="directors" showAs="Directors" dictionary="http://www.legislation.gov.uk"/><keyword value="care" showAs="Care" dictionary="http://www.legislation.gov.uk"/><keyword value="health care services and specialisms" showAs="Health care services and specialisms" dictionary="http://www.legislation.gov.uk"/><keyword value="national health service, england and wales" showAs="NATIONAL HEALTH SERVICE, ENGLAND AND WALES" dictionary="http://www.legislation.gov.uk"/></classification><lifecycle source="#source"><eventRef date="1996-01-29" type="generation" eId="made-date" source="#source"/><eventRef date="1996-04-01" eId="coming-into-force-date-1" source="#source"/></lifecycle><references source="#source"><TLCOrganization eId="source" href="http://www.legislation.gov.uk/id/publisher/KingsOrQueensPrinterOfActsOfParliament" showAs="Queen's Printer of Acts of Parliament"/><passiveRef href="http://www.legislation.gov.uk/id/uksi/1997/1225" showAs="The Glan Hafren National Health Service Trust (Establishment) Amendment Order 1997"/><passiveRef href="http://www.legislation.gov.uk/id/uksi/1999/1120" showAs="The National Health Service Trusts (Wales) (Dissolution) Order 1999"/><TLCRole eId="ref-d4e272" href="/ontology/role/uk.Secretary of State for Wales" showAs="Secretary of State for Wales"/><TLCPerson eId="ref-d4e270" href="/ontology/persons/uk.WilliamHague" showAs="William Hague"/><TLCConcept href="/uk/subject/national-health-service-england-and-wales" showAs="NATIONAL HEALTH SERVICE, ENGLAND AND WALES" eId="d4e105"/></references><notes source="#source"><note class="footnote" eId="f00001"><p><ref href="http://www.legislation.gov.uk/id/ukpga/1990/19">1990 c. 19</ref>; paragraph 1 of Schedule 2 is cited for the definition of “an order”.</p></note><note class="footnote" eId="f00002"><p><ref href="http://www.legislation.gov.uk/id/ukpga/1977/49">1977 c. 49</ref>; section 5(1) was amended by, and section 5(1A) and (1B) were inserted by the Health and Medicines Act <ref href="http://www.legislation.gov.uk/id/ukpga/1988/49">1988 (c. 49)</ref>, section 10(1); Schedule 1 was amended by the Education Act <ref href="http://www.legislation.gov.uk/id/ukpga/1980/20">1980 (c. 20)</ref>, Schedule 1 of the Health and Medicines Act <ref href="http://www.legislation.gov.uk/id/ukpga/1988/49">1988 (c. 49)</ref>, Schedule 2, paragraph 7.</p></note></notes><proprietary xmlns:ukl="http://www.legislation.gov.uk/namespaces/legislation" xmlns:ukm="http://www.legislation.gov.uk/namespaces/metadata" xmlns:dc="http://purl.org/dc/elements/1.1/" xmlns:dct="http://purl.org/dc/terms/" xmlns:atom="http://www.w3.org/2005/Atom" source="#source"><dc:identifier>http://www.legislation.gov.uk/uksi/1996/258/made</dc:identifier><dc:title>The Glan Hafren National Health Service Trust (Establishment) Order 1996</dc:title><dc:subject>National Health Service (NHS)</dc:subject><dc:subject>NHS management</dc:subject><dc:subject>Directors</dc:subject><dc:subject>Care</dc:subject><dc:subject>Health care services and specialisms</dc:subject><dc:publisher>Queen's Printer of Acts of Parliament</dc:publisher><dc:modified>2016-04-25</dc:modified><dc:subject scheme="SIheading">NATIONAL HEALTH SERVICE, ENGLAND AND WALES</dc:subject><dc:description>This Order establishes the Glan Hafren National Health Service Trust, an NHS trust provided for in section 5 of the National Health Service and Community Care Act 1990. It also provides for the functions of the trust (article 3). It specifies the operational date and the accounting date of the trust (article 5). It specifies the value of assets in access of which the Secretary of State is to consider the disposal of the asset (article 6).</dc:description><atom:link rel="self" href="http://www.legislation.gov.uk/uksi/1996/258/made/data.xml" type="application/xml"/><atom:link rel="http://www.legislation.gov.uk/def/navigation/resources" href="http://www.legislation.gov.uk/uksi/1996/258/resources" title="More Resources"/><atom:link rel="http://www.legislation.gov.uk/def/navigation/act" href="http://www.legislation.gov.uk/uksi/1996/258/made" title="whole act"/><atom:link rel="http://www.legislation.gov.uk/def/navigation/introduction" href="http://www.legislation.gov.uk/uksi/1996/258/introduction/made" title="introduction"/><atom:link rel="http://www.legislation.gov.uk/def/navigation/signature" href="http://www.legislation.gov.uk/uksi/1996/258/signature/made" title="signature"/><atom:link rel="http://www.legislation.gov.uk/def/navigation/note" href="http://www.legislation.gov.uk/uksi/1996/258/note/made" title="note"/><atom:link rel="http://www.legislation.gov.uk/def/navigation/body" href="http://www.legislation.gov.uk/uksi/1996/258/body/made" title="body"/><atom:link rel="alternate" type="application/rdf+xml" href="http://www.legislation.gov.uk/uksi/1996/258/made/data.rdf" title="RDF/XML"/><atom:link rel="alternate" type="application/akn+xml" href="http://www.legislation.gov.uk/uksi/1996/258/made/data.akn" title="AKN"/><atom:link rel="alternate" type="application/xhtml+xml" href="http://www.legislation.gov.uk/uksi/1996/258/made/data.xht" title="HTML snippet"/><atom:link rel="alternate" type="application/pdf" href="http://www.legislation.gov.uk/uksi/1996/258/made/data.pdf" title="PDF"/><atom:link rel="alternate" type="application/akn+xhtml" href="http://www.legislation.gov.uk/uksi/1996/258/made/data.html" title="HTML5 snippet"/><atom:link rel="http://purl.org/dc/terms/tableOfContents" hreflang="en" href="http://www.legislation.gov.uk/uksi/1996/258/contents/made" title="Table of Contents"/><ukm:SecondaryMetadata><ukm:DocumentClassification><ukm:DocumentCategory Value="secondary"/><ukm:DocumentMainType Value="UnitedKingdomStatutoryInstrument"/><ukm:DocumentStatus Value="final"/><ukm:DocumentMinorType Value="order"/></ukm:DocumentClassification><ukm:Year Value="1996"/><ukm:Number Value="258"/><ukm:Made Date="1996-01-29"/><ukm:ComingIntoForce><ukm:DateTime Date="1996-04-01"/></ukm:ComingIntoForce><ukm:ISBN Value="0110540344"/><ukm:UnappliedEffects><ukm:UnappliedEffect EffectId="key-4e1c089d49d73bc3a8aa1eebd3b36737" AffectedURI="http://www.legislation.gov.uk/id/uksi/1996/258" AffectedClass="UnitedKingdomStatutoryInstrument" AffectingURI="http://www.legislation.gov.uk/id/uksi/1997/1225" AffectingClass="UnitedKingdomStatutoryInstrument" URI="http://www.legislation.gov.uk/id/effect/key-4e1c089d49d73bc3a8aa1eebd3b36737" Row="2140" Type="substituted" RequiresApplied="true" AffectedProvisions="art.3" Comments="art.3 subst." AffectingYear="1997" AffectingNumber="1225" AffectingProvisions="art.2" AffectedYear="1996" AffectedNumber="258" Created="2019-05-02T00:00:00" Modified="2019-05-02T00:00:00"><ukm:AffectedTitle>The Glan Hafren National Health Service Trust (Establishment) Order 1996</ukm:AffectedTitle><ukm:AffectedProvisions><ukm:Section Ref="article-3" URI="http://www.legislation.gov.uk/id/uksi/1996/258/article/3">art.3</ukm:Section></ukm:AffectedProvisions><ukm:AffectingTitle>The Glan Hafren National Health Service Trust (Establishment) Amendment Order 1997</ukm:AffectingTitle><ukm:AffectingProvisions><ukm:Section Ref="article-2" URI="http://www.legislation.gov.uk/id/uksi/1997/1225/article/2">art.2</ukm:Section></ukm:AffectingProvisions><ukm:InForceDates><ukm:InForce Applied="false" Prospective="true" Qualification=""/></ukm:InForceDates></ukm:UnappliedEffect><ukm:UnappliedEffect EffectId="key-4e1c089d49d73bc3a8aa1eebd3b36737" AffectedURI="http://www.legislation.gov.uk/id/uksi/1996/258" AffectedClass="UnitedKingdomStatutoryInstrument" AffectingURI="http://www.legislation.gov.uk/id/uksi/1997/1225" AffectingClass="UnitedKingdomStatutoryInstrument" URI="http://www.legislation.gov.uk/id/effect/upload-b4yrers3--4009" Row="4014" Type="substituted" RequiresApplied="true" AffectedProvisions="art.3" Comments="art.3 subst." AffectingYear="1997" AffectingNumber="1225" AffectingProvisions="art.2" AffectedYear="1996" AffectedNumber="258" Created="2019-07-11T00:00:00" Modified="2019-07-11T00:00:00"><ukm:AffectedTitle>The Glan Hafren National Health Service Trust (Establishment) Order 1996</ukm:AffectedTitle><ukm:AffectedProvisions><ukm:Section Ref="article-3" URI="http://www.legislation.gov.uk/id/uksi/1996/258/article/3">art.3</ukm:Section></ukm:AffectedProvisions><ukm:AffectingTitle>The Glan Hafren National Health Service Trust (Establishment) Amendment Order 1997</ukm:AffectingTitle><ukm:AffectingProvisions><ukm:Section Ref="article-2" URI="http://www.legislation.gov.uk/id/uksi/1997/1225/article/2">art.2</ukm:Section></ukm:AffectingProvisions><ukm:InForceDates><ukm:InForce Applied="false" Prospective="true" Qualification=""/></ukm:InForceDates></ukm:UnappliedEffect><ukm:UnappliedEffect EffectId="key-2a952770fc36e8f4f9396033152115c7" AffectedURI="http://www.legislation.gov.uk/id/uksi/1996/258" AffectedClass="UnitedKingdomStatutoryInstrument" AffectingURI="http://www.legislation.gov.uk/id/uksi/1999/1120" AffectingClass="UnitedKingdomStatutoryInstrument" URI="http://www.legislation.gov.uk/id/effect/upload-b1z2e7x3--3662" Row="3667" Type="revoked" RequiresApplied="true" AffectedProvisions="Act" Comments="revoked" AffectingYear="1999" AffectingNumber="1120" AffectingProvisions="art.2, Sch.2" AffectedYear="1996" AffectedNumber="258" Created="2019-03-19T00:00:00" Modified="2019-03-19T00:00:00"><ukm:AffectedTitle>The Glan Hafren National Health Service Trust (Establishment) Order 1996</ukm:AffectedTitle><ukm:AffectedProvisions>Act</ukm:AffectedProvisions><ukm:AffectingTitle>The National Health Service Trusts (Wales) (Dissolution) Order 1999</ukm:AffectingTitle><ukm:AffectingProvisions><ukm:Section Ref="article-2" URI="http://www.legislation.gov.uk/id/uksi/1999/1120/article/2">art.2</ukm:Section><ukm:Section Ref="schedule-2" URI="http://www.legislation.gov.uk/id/uksi/1999/1120/schedule/2">Sch.2</ukm:Section></ukm:AffectingProvisions><ukm:InForceDates><ukm:InForce Applied="false" Prospective="true" Qualification=""/></ukm:InForceDates></ukm:UnappliedEffect></ukm:UnappliedEffects></ukm:SecondaryMetadata><ukm:Statistics><ukm:TotalParagraphs Value="6"/><ukm:BodyParagraphs Value="6"/><ukm:ScheduleParagraphs Value="0"/><ukm:AttachmentParagraphs Value="0"/><ukm:TotalImages Value="0"/></ukm:Statistics></proprietary></meta><preface><p class="number"><docNumber>1996 No. 258</docNumber></p><block name="subject"><concept class="title" refersTo="#d4e105">NATIONAL HEALTH SERVICE, ENGLAND AND WALES</concept></block><p class="title"><shortTitle>The Glan Hafren National Health Service Trust (Establishment) Order 1996</shortTitle></p><p class="MadeDate"><span>Made</span><docDate date="1996-01-29">29th January 1996</docDate></p><p class="ComingIntoForce"><span>Coming into force</span><docDate date="1996-04-01">1st April 1996</docDate></p></preface><preamble><formula name="EnactingText"><p>The Secretary of State for Wales, in exercise of the powers conferred on him by section 5(1) of and paragraphs 1, 3, 4, 5 and 6(2)(d) of Schedule 2, to the National Health Service and Community Care Act 1990<noteRef href="#f00001" class="footnote" marker="1"/> and of all other powers enabling him in that behalf, having consulted the persons or bodies referred to in section 5(3) of that Act and being of the opinion that a hospital for which the trust established by the Order is to assume responsibility has a significant teaching and research commitment, hereby makes the following Order:</p></formula></preamble><body><article eId="article-1"><num>1</num><heading>Citation, commencement and interpretation</heading><paragraph eId="article-1-1"><num>1</num><content><p>This Order may be cited as the Glan Hafren National Health Service Trust (Establishment) Order 1996 and shall come into force on 1st April 1996.</p></content></paragraph><paragraph eId="article-1-2"><num>2</num><content><p>In this Order unless the context otherwise requires—</p><blockList class="unordered"><item><p>“<abbr title="National Health Service and Community Care Act 1990 c. 19" xml:lang="">the Act</abbr>” means the National Health Service and Community Care Act 1990;</p></item><item><p>“community health services” means any services which the Secretary of State may provide under section 3(1)(d) or (e) of, or Schedule 1 to, the National Health Service Act 1977 and any service which he has a duty to provide under section 5(1) or (1A) of that Act<noteRef href="#f00002" class="footnote" marker="2"/>;</p></item><item><p>“operational date” has the meaning assigned to it in paragraph 3(1)(e) of Schedule 2 to <abbr title="National Health Service and Community Care Act 1990 c. 19" xml:lang="">the Act</abbr>;</p></item><item><p>“the trust” means the Glan Hafren National Health Service Trust established by article 2 of this Order.</p></item></blockList></content></paragraph></article><article eId="article-2"><num>2</num><heading>Establishment of the trust</heading><content><p>There is hereby established an <abbr class="Acronym" title="National Health Service">NHS</abbr> trust which shall be called the Glan Hafren National Health Service Trust.</p></content></article><article eId="article-3"><num>3</num><heading>Nature and functions of the trust</heading><paragraph eId="article-3-1"><num>1</num><content><p>The trust is established for the purpose specified in section 5(1)(a) of <abbr title="National Health Service and Community Care Act 1990 c. 19" xml:lang="">the Act</abbr>.</p></content></paragraph><paragraph eId="article-3-2"><num>2</num><intro><p>The trust’s functions (which include functions which the Secretary of State considers appropriate in relation to the provision of services by the trust for one or more health authorities) shall be—</p></intro><subparagraph eId="article-3-2-a"><num>a</num><content><p>to own and manage hospital accommodation and services provided at Royal Gwent Hospital, Cardiff Road, Newport, Gwent NP9 2UB and associated hospitals (including the management of its teaching and research facilities);</p></content></subparagraph><subparagraph eId="article-3-2-b"><num>b</num><content><p>to manage community health services provided from Royal Gwent Hospital, Cardiff Road, Newport, Gwent NP9 2UB and to own the associated premises.</p></content></subparagraph></paragraph></article><article eId="article-4"><num>4</num><heading>Directors of the trust</heading><paragraph eId="article-4-1"><num>1</num><content><p>The trust shall have, in addition to the chairman, 5 non-executive directors and 5 executive directors.</p></content></paragraph><paragraph eId="article-4-2"><num>2</num><content><p>There shall be included among the non-executive directors a person appointed from the University of Wales.</p></content></paragraph></article><article eId="article-5"><num>5</num><heading>Operational date and accounting date of the trust</heading><paragraph eId="article-5-1"><num>1</num><content><p>The operational date of the trust shall be 1st April 1996.</p></content></paragraph><paragraph eId="article-5-2"><num>2</num><content><p>The accounting date of the trust shall be 31st March.</p></content></paragraph></article><article eId="article-6"><num>6</num><heading>Restriction on disposal of assets</heading><content><p>The sum specified for the purposes of paragraph 6(2)(d) of Schedule 2 to <abbr title="National Health Service and Community Care Act 1990 c. 19" xml:lang="">the Act</abbr> (maximum value of freely disposable assets) in relation to the trust shall be £1,000,000.</p></content></article><hcontainer name="signatures"><content><block name="signature"><signature><person refersTo="#ref-d4e270">William Hague</person><role refersTo="#ref-d4e272">Secretary of State for Wales</role><date date="1996-01-29">29th January 1996</date></signature></block></content></hcontainer></body><conclusions><blockContainer class="ExplanatoryNotes"><intro><p>(This note is not part of the Order)</p></intro><p><authorialNote><p>This Order establishes the Glan Hafren National Health Service Trust, an <abbr class="Acronym" title="National Health Service">NHS</abbr> trust provided for in section 5 of the National Health Service and Community Care Act 1990. It also provides for the functions of the trust (article 3). It specifies the operational date and the accounting date of the trust (article 5). It specifies the value of assets in access of which the Secretary of State is to consider the disposal of the asset (article 6).</p></authorialNote></p></blockContainer></conclusions></act></akomaNtoso>