<akomaNtoso xmlns:xsi="http://www.w3.org/2001/XMLSchema-instance" xmlns="http://docs.oasis-open.org/legaldocml/ns/akn/3.0" xsi:schemaLocation="http://docs.oasis-open.org/legaldocml/ns/akn/3.0 http://docs.oasis-open.org/legaldocml/akn-core/v1.0/cos01/part2-specs/schemas/akomantoso30.xsd"><act name="UnitedKingdomStatutoryInstrument"><meta><identification source="#source"><FRBRWork><FRBRthis value="http://www.legislation.gov.uk/id/uksi/1996/53"/><FRBRuri value="http://www.legislation.gov.uk/id/uksi/1996/53"/><FRBRdate date="1996-01-08" name="made"/><FRBRauthor href="http://www.legislation.gov.uk/id/government/uk"/><FRBRcountry value="GB-UKM"/><FRBRsubtype value="scheme"/><FRBRnumber value="53"/><FRBRname value="S.I. 1996/53"/><FRBRprescriptive value="true"/></FRBRWork><FRBRExpression><FRBRthis value="http://www.legislation.gov.uk/uksi/1996/53/made"/><FRBRuri value="http://www.legislation.gov.uk/uksi/1996/53/made"/><FRBRdate date="1996-01-08" name="made"/><FRBRauthor href="#source"/><FRBRlanguage language="eng"/></FRBRExpression><FRBRManifestation><FRBRthis value="http://www.legislation.gov.uk/uksi/1996/53/made/data.akn"/><FRBRuri value="http://www.legislation.gov.uk/uksi/1996/53/made/data.akn"/><FRBRdate date="2021-07-26+01:00" name="transform"/><FRBRauthor href="http://www.legislation.gov.uk"/><FRBRformat value="application/akn+xml"/></FRBRManifestation></identification><classification source="#source"><keyword value="county councils" showAs="County councils" dictionary="http://www.legislation.gov.uk"/><keyword value="roads and highways" showAs="Roads and highways" dictionary="http://www.legislation.gov.uk"/><keyword value="highways, england and wales" showAs="HIGHWAYS, ENGLAND AND WALES" dictionary="http://www.legislation.gov.uk"/></classification><lifecycle source="#source"><eventRef date="1996-01-08" type="generation" eId="made-date" source="#source"/></lifecycle><references source="#source"><TLCOrganization eId="source" href="http://www.legislation.gov.uk/id/publisher/KingsOrQueensPrinterOfActsOfParliament" showAs="Queen's Printer of Acts of Parliament"/><TLCRole eId="ref-d4e105" href="/ontology/role/uk.Regional Director, Government Office for the North East" showAs="Regional Director, Government Office for the North East"/><TLCPerson eId="ref-d4e103" href="/ontology/persons/uk.PamelaDenham" showAs="Pamela Denham"/><TLCConcept href="/uk/subject/highways-england-and-wales" showAs="HIGHWAYS, ENGLAND AND WALES" eId="d4e54"/></references><notes source="#source"><note class="footnote" eId="f00001"><p><ref href="http://www.legislation.gov.uk/id/ukpga/1980/66">1980. c.66</ref>.</p></note><note class="footnote" eId="f00002"><p><abbr class="Acronym" title="Statutory Instrument">S.I.</abbr><ref href="http://www.legislation.gov.uk/id/uksi/1981/238">1981/238</ref>.</p></note></notes><proprietary xmlns:ukl="http://www.legislation.gov.uk/namespaces/legislation" xmlns:ukm="http://www.legislation.gov.uk/namespaces/metadata" xmlns:dc="http://purl.org/dc/elements/1.1/" xmlns:dct="http://purl.org/dc/terms/" xmlns:atom="http://www.w3.org/2005/Atom" source="#source"><dc:identifier>http://www.legislation.gov.uk/uksi/1996/53/made</dc:identifier><dc:title>The Kent County Council (Wainscott Northern Bypass) Motorway Scheme 1992 Confirmation Instrument 1996</dc:title><dc:subject>County councils</dc:subject><dc:subject>Roads and highways</dc:subject><dc:publisher>Queen's Printer of Acts of Parliament</dc:publisher><dc:modified>2011-07-04</dc:modified><dc:subject scheme="SIheading">HIGHWAYS, ENGLAND AND WALES</dc:subject><atom:link rel="self" href="http://www.legislation.gov.uk/uksi/1996/53/made/data.xml" type="application/xml"/><atom:link rel="http://www.legislation.gov.uk/def/navigation/resources" href="http://www.legislation.gov.uk/uksi/1996/53/resources" title="More Resources"/><atom:link rel="http://www.legislation.gov.uk/def/navigation/act" href="http://www.legislation.gov.uk/uksi/1996/53/made" title="whole act"/><atom:link rel="http://www.legislation.gov.uk/def/navigation/introduction" href="http://www.legislation.gov.uk/uksi/1996/53/introduction/made" title="introduction"/><atom:link rel="http://www.legislation.gov.uk/def/navigation/signature" href="http://www.legislation.gov.uk/uksi/1996/53/signature/made" title="signature"/><atom:link rel="http://www.legislation.gov.uk/def/navigation/body" href="http://www.legislation.gov.uk/uksi/1996/53/body/made" title="body"/><atom:link rel="http://www.legislation.gov.uk/def/navigation/schedules" href="http://www.legislation.gov.uk/uksi/1996/53/schedules/made" title="schedules"/><atom:link rel="alternate" type="application/rdf+xml" href="http://www.legislation.gov.uk/uksi/1996/53/made/data.rdf" title="RDF/XML"/><atom:link rel="alternate" type="application/akn+xml" href="http://www.legislation.gov.uk/uksi/1996/53/made/data.akn" title="AKN"/><atom:link rel="alternate" type="application/xhtml+xml" href="http://www.legislation.gov.uk/uksi/1996/53/made/data.xht" title="HTML snippet"/><atom:link rel="alternate" type="application/pdf" href="http://www.legislation.gov.uk/uksi/1996/53/made/data.pdf" title="PDF"/><atom:link rel="alternate" type="application/akn+xhtml" href="http://www.legislation.gov.uk/uksi/1996/53/made/data.html" title="HTML5 snippet"/><atom:link rel="http://purl.org/dc/terms/tableOfContents" hreflang="en" href="http://www.legislation.gov.uk/uksi/1996/53/contents/made" title="Table of Contents"/><ukm:SecondaryMetadata><ukm:DocumentClassification><ukm:DocumentCategory Value="secondary"/><ukm:DocumentMainType Value="UnitedKingdomStatutoryInstrument"/><ukm:DocumentStatus Value="final"/><ukm:DocumentMinorType Value="scheme"/></ukm:DocumentClassification><ukm:Year Value="1996"/><ukm:Number Value="53"/><ukm:DepartmentCode Value="DOT 0027"/><ukm:Made Date="1996-01-08"/><ukm:ISBN Value="0110538862"/></ukm:SecondaryMetadata><ukm:Statistics><ukm:TotalParagraphs Value="17"/><ukm:BodyParagraphs Value="4"/><ukm:ScheduleParagraphs Value="13"/><ukm:AttachmentParagraphs Value="0"/><ukm:TotalImages Value="2"/></ukm:Statistics></proprietary></meta><preface><p class="number"><docNumber>1996 No. 53</docNumber></p><block name="subject"><concept class="title" refersTo="#d4e54">HIGHWAYS, ENGLAND AND WALES</concept></block><p class="title"><shortTitle>The Kent County Council (Wainscott Northern Bypass) Motorway Scheme 1992 Confirmation Instrument 1996</shortTitle></p><p class="MadeDate"><span>Made</span><docDate date="1996-01-08">8th January 1996</docDate></p></preface><preamble><formula name="EnactingText"><p>The Secretary of State for Transport makes this Instrument in exercise of powers conferred by sections 16 and 17 of the Highways Act 1980<noteRef href="#f00001" class="footnote" marker="1"/>, and now vested in him<noteRef href="#f00002" class="footnote" marker="2"/>, and of all other powers enabling him in that behalf:—</p></formula></preamble><body><section eId="section-1"><num>1</num><content><p>The Kent County Council (Wainscott Northern Bypass) Motorway Scheme 1992 is hereby confirmed without modifications.</p></content></section><section eId="section-2"><num>2</num><content><p>The said Scheme as confirmed (hereinafter referred to as “the Scheme”) is set out in the Schedule hereto and copies of the Scheme with its accompanying plan are deposited at the offices of the Department of Transport, 76 Marsham Street, London SW1 3PY and at the offices of the Kent County Council, Director of Legal Services, County Hall, Maidstone, Kent ME14 1XQ.</p></content></section><section eId="section-3"><num>3</num><content><p>The Scheme will come into force on the date on which Notice that it has been confirmed is first published in accordance with paragraph 1 of Schedule 2 to the Highways Act 1980.</p></content></section><section eId="section-4"><num>4</num><content><p>This Instrument may be cited as the Kent County Council (Wainscott Northern Bypass) Motorway Scheme 1992 Confirmation Instrument 1996.</p></content></section><hcontainer name="signatures"><content><p>Signed by authority of the Secretary of State for Transport</p><block name="signature"><signature><person refersTo="#ref-d4e103">Pamela Denham</person><role refersTo="#ref-d4e105">Regional Director, Government Office for the North East</role><date date="1996-01-08">8th January 1996</date></signature></block></content></hcontainer><hcontainer name="schedules" eId="d4e110"><hcontainer name="schedule" eId="schedule"><num>THE SCHEDULE</num><heading>ROUTES OF THE CONNECTING ROADS AT THE JUNCTION OF THE M2 MOTORWAY WITH THE PROPOSED WAINSCOTT NORTHERN BYPASS.</heading><paragraph eId="schedule-paragraph-1"><num>1</num><content><p>A route to connect the southbound carriageway of the Wainscott Northern Bypass with the eastbound carriageway of the M2 Motorway and which has been given the reference number 1 on the deposited plan.</p></content></paragraph><paragraph eId="schedule-paragraph-2"><num>2</num><content><p>A route to connect the westbound carriageway of the M2 Motorway with the northbound carriageway of the Wainscott Northern Bypass and which has been given the reference number 2 on the deposited plan.</p></content></paragraph><hcontainer name="wrapper" eId="d4e130"><content><p>THE COMMON SEAL OF THE KENT COUNTY COUNCIL was hereunto affixed in the presence of:—</p></content></hcontainer><hcontainer name="wrapper" eId="d4e133"><content><p><em>D. P. Clepham</em></p></content></hcontainer><hcontainer name="wrapper" eId="d4e137"><content><p>Authorised Signatory County Solicitor</p></content></hcontainer></hcontainer><hcontainer name="schedule" eId="schedule-n2"><num>THE SCHEDULE</num><heading>THE HIGHWAYS ACT 1980 THE KENT COUNTY COUNCIL (WAINSCOTT NORTHERN BYPASS) MOTORWAY SCHEME 1992</heading><hcontainer name="wrapper" eId="d4e147"><content><p>The Kent County Council make this Scheme in exercise of their powers under Sections 16 and 17 of the Highways Act 1980 and of all other enabling powers:—</p></content></hcontainer><paragraph eId="schedule-n2-paragraph-1"><num>1</num><intro><p>The Council are authorised to provide, for the use of traffic of Classes I and <abbr class="Acronym" title="2">II</abbr> of the classes set out in Schedule 4 to the said Act, as amended:</p></intro><paragraph eId="schedule-n2-paragraph-1-a"><num>a</num><content><p>special roads along the routes described in the Schedule to this Scheme, for the purpose of connecting the M2 Motorway with other highways, at the places stated in the Schedule (these special roads being in this Scheme referred to as “the Connecting Roads”).</p></content></paragraph></paragraph><paragraph eId="schedule-n2-paragraph-2"><num>2</num><content><p>The centre lines of the special roads are indicated by heavy black lines on the deposited plan.</p></content></paragraph><paragraph eId="schedule-n2-paragraph-3"><num>3</num><content><p>In this Scheme:—</p><blockList class="unordered"><item><p>“the Council” means The Kent County Council;</p></item><item><p>“the deposited plan” means the plan numbered 7741/101, marked “The Kent County Council (Wainscott Northern Bypass) Motorway Scheme 1992”, sealed with the Common Seal of the Council, and deposited at the offices of the Council at County Hall, Maidstone, Kent. A certified copy is also deposited at the offices of the Secretary of State for Transport;</p></item><item><p>“the special roads” means the special roads which the Council are authorised by this Scheme to provide;</p></item><item><p>“the Motorway” has the meaning given in Article 1 of this Scheme.</p></item></blockList></content></paragraph><paragraph eId="schedule-n2-paragraph-4"><num>4</num><content><p>This Scheme may be cited as The Kent County Council (Wainscott Northern Bypass) Motorway Scheme 1992.</p></content></paragraph><hcontainer name="wrapper" eId="d4e200"><content><p>GIVEN under the Common Seal of the Council this 17th day of July One thousand nine hundred and ninety two.</p></content></hcontainer><hcontainer name="wrapper" eId="d4e203"><content><blockContainer class="figure"><p><img alt="Image_r00000" src="http://www.legislation.gov.uk/uksi/1996/53/images/uksi_19960053_en_001" width="844" height="596"/></p></blockContainer></content></hcontainer><hcontainer name="wrapper" eId="d4e206"><content><blockContainer class="figure"><p><img alt="Image_r00001" src="http://www.legislation.gov.uk/uksi/1996/53/images/uksi_19960053_en_002" width="595" height="840"/></p></blockContainer></content></hcontainer></hcontainer></hcontainer></body></act></akomaNtoso>